video_id,comment_id,text,label,notes,pred_label,pred_class,score_no_toxico,score_toxico,score_confianza,error_type
bHtI3lCm8wU,Ugyo2SIqcbN4BVBUwj14AaABAg,"DONAL TRUMP  ADMITE QUE EL SOCIALISMO SI FUNCIONA
Gusanos revuélquense de rabia, de dolor, de ardor, cuidado que se les salga la diarrea…",1,,1,tóxico,0.001975975465029478,0.9980241060256958,0.9980241060256958,correcto
bHtI3lCm8wU,Ugzcq91BXAbOHtepZfB4AaABAg,"ULTIMO MINUTO…   TERRORISMO DE NOTICIAS FALSAS  CONTRA CUBA
LAS  REDES SOCIALES   ESTAN LLENOS DE VIDEOS FALSOS  CONTRA CUBA Y OTROS PAISES  QUE NO SE ARRODILLAN NI SE SOMETEN A  EEUU.
No te dejes meter los dedos a la boca por los mentirosos, asquerosos  y delincuentes yanquis que quieren ahora apoderarse de Cuba;  que no te vengan con cuentos…

Acabamos de DERROTARLOS  a los  “Terroristas” financiados y armados por EEUU  el pasado 26 de Febrero 2026, cuando en una lancha con 10  tripulantes pretendían ingresar armas y explosivos a la Isla.
Los yanquis quieren vivir  cómodamente como reyes, bombardeando, robando, matando, mintiendo y convertirse en dueños absolutos del petróleo y tener el monopolio de todo el comercio mundial.

Haber por que no hablan los yanquis como la tienen sufriendo a su colonia Puerto Rico:
El Cantante  de Puerto Rico  “ Bud Bunny” no pudo contener sus  LAGRIMAS  en una entrevista , al expresar su lamento e indignación por la situación política y social que se vive en Puerto Rico ,  la situación allí es un desastre, al punto  que   muchos  comercios cierran temprano por que se fue la Luz….
FUENTE :  YOU TUBE  03/09/2024   Varios videos
Donald Trump señaló que la red eléctrica y toda la infraestructura de Puerto Rico ya era un desastre antes del paso del huracán María  del 2017.
FUENTE :  BBC   12/10/2017",1,,1,tóxico,0.0014003509422764182,0.9985997080802917,0.9985997080802917,correcto
bHtI3lCm8wU,UgzSx6ONLrXC6AUoaZZ4AaABAg,Castro destruyó Cuba y sin embargo todavía hay algunos que lo idolatran,0,,0,no_tóxico,0.9954845905303955,0.004515465348958969,0.9954845905303955,correcto
bHtI3lCm8wU,UgwwLlFdUqIuCKOmrbF4AaABAg,En México van para allá aquí en México hay mucho fanatizado de morena q desean verse como Cuba,0,,1,tóxico,0.3394506275653839,0.6605494022369385,0.6605494022369385,FP
bHtI3lCm8wU,Ugx8pZDGR6vQLOsbxhl4AaABAg,Bueno Fidel castro hizo x cuba el régimen de Batista fue atroz y burdel de Estados Unidos,0,,1,tóxico,0.012223471887409687,0.987776517868042,0.987776517868042,FP
bHtI3lCm8wU,UgwE0mMVPxEQbbSbkeh4AaABAg,Mejor explicado imposible,0,,0,no_tóxico,0.997343122959137,0.0026569385081529617,0.997343122959137,correcto
bHtI3lCm8wU,UgwquXEwWS6iQaKbvQ94AaABAg,"Legó un país en ruinas y sin libertades para las nuevas generaciones de cubanos, por eso le detestan y a la gente joven le asquea todo lo que tiene que ver con él. Dejó un país en ruinas y a las familias cubanas pulverizadas por todo el mundo. Llevó a la ruina a Cuba, que hoy está peor que Haití",0,,1,tóxico,0.06788308918476105,0.9321169853210449,0.9321169853210449,FP
bHtI3lCm8wU,UgwSe8WLVTpO7JFuOL14AaABAg,Y si Cuba ya había entrado en un proceso autodestructivo... ¿Para qué lo bloquearon? ¡¡¡No renuncien al pensamiento crítico!!!,0,,0,no_tóxico,0.9992805123329163,0.0007194883655756712,0.9992805123329163,correcto
bHtI3lCm8wU,UgxgwjYjPm09Eo_Ye5F4AaABAg,Fue EU quien llevó ala pobreza cuba todo por política y sus canciones que impuso nadien puede Aser negocios con cuba pxq estado unidos pone sanciones como con Venezuela,0,,0,no_tóxico,0.9915675520896912,0.008432403206825256,0.9915675520896912,correcto
bHtI3lCm8wU,UgzemH-_IG9dGxXP7TR4AaABAg,"Cuba es hoy el prostíbulo mas grande de América Latina, con su turismo sexual tan reconocido, está llena de jineteras y pingueros a toda hora y todo lugar. Hoy es un inmenso paraíso sexual del castrismo",0,,1,tóxico,0.0027800521347671747,0.9972199201583862,0.9972199201583862,FP
bHtI3lCm8wU,Ugw6E0QVCGe5blD8WLN4AaABAg,"*CRISTO SI, CASTRO NO*",0,,0,no_tóxico,0.998457670211792,0.0015423798467963934,0.998457670211792,correcto
bHtI3lCm8wU,UgyYH-QIozIR_Pu0qqJ4AaABAg,Todo tiene más de una explicación. No es nada más ver la situación actual,0,,0,no_tóxico,0.9993682503700256,0.0006318249506875873,0.9993682503700256,correcto
bHtI3lCm8wU,Ugx73TTPoZsv4v-i8Ah4AaABAg,Y así va a pasar en México si sigue el gobierno de cuarta,0,,1,tóxico,0.4086882770061493,0.5913116931915283,0.5913116931915283,FP
bHtI3lCm8wU,UgzsgDLrA2dypPK808J4AaABAg,"Que porquería de canal, cuánta ignorancia y desinformación",1,,0,no_tóxico,0.990382730960846,0.009617316536605358,0.990382730960846,FN
bHtI3lCm8wU,UgxC3OCc0GKmevwZCrl4AaABAg,"La ignorancia llevada al paroxismo, el que hizo este video infame debería leer y estudiar así puede entender el mundo. Fidel no destruyó al país lo hizo y hace el bloqueo ilegal desde hace 65 años.  IGNORANTE.",0,,0,no_tóxico,0.9799380898475647,0.020061872899532318,0.9799380898475647,correcto
bHtI3lCm8wU,UgzdsEM0brdi1jYaZkZ4AaABAg,También ganó la derecha en Costa Rica. La libertad y democracia avanza en las Américas.,0,,0,no_tóxico,0.9995119571685791,0.00048807228449732065,0.9995119571685791,correcto
bHtI3lCm8wU,UgzZFDpPvoojTKJ6P1x4AaABAg,"Bloqueo estadounidense  asfixia al pueblo Cubano  al dia de hoy trupm mandato #2 aranceles al que suministre petroleo  ,fue FIDEL.",0,,0,no_tóxico,0.9987117052078247,0.001288259052671492,0.9987117052078247,correcto
bHtI3lCm8wU,UgxaXdB5t8vieNkgWBB4AaABAg,Fidel se aferró a un ideal. Si no próspero debió cambiar el rumbo. Pero porque tiene que pagar el pueblo cubano una mala edición.de su gobernante.,0,,0,no_tóxico,0.9984563589096069,0.0015436139656230807,0.9984563589096069,correcto
bHtI3lCm8wU,Ugy0oouRocWy-ByahN94AaABAg,"A estados unidos no le conviene económias comunistas, estados unidos no los deja evolucionar.",0,,0,no_tóxico,0.9988262057304382,0.0011737719178199768,0.9988262057304382,correcto
bHtI3lCm8wU,UgzmQEwWXIesSyj8jvp4AaABAg,Los 60 años de blokeo es el unico culpable,0,,1,tóxico,0.18034502863883972,0.8196550011634827,0.8196550011634827,FP
bHtI3lCm8wU,Ugw-Zs1KfVnXFmo6BcJ4AaABAg,El Comunismo es un tipo de Delincuencia disfrazado de política. Es el diablo disfrazado de político. Lo dice y avala la historia....😑,0,,1,tóxico,0.014219864271581173,0.9857800602912903,0.9857800602912903,FP
bHtI3lCm8wU,UgwCJpZt8w-l8yE9I6N4AaABAg,Cuba estaba mal y quedo peor.,0,,0,no_tóxico,0.9990123510360718,0.0009876027470454574,0.9990123510360718,correcto
bHtI3lCm8wU,UgyEcBnnQApVlTKyJG54AaABAg,Es el criminal  bloqueo economico y financiero yanqui  el origen del sufrimiento de las familias cubanas sometidas al hambre. Solo un imbecil puede obviar esta realidad,1,,1,tóxico,0.018108777701854706,0.9818912148475647,0.9818912148475647,correcto
bHtI3lCm8wU,Ugy7PaQzjY8_G2fECxF4AaABAg,Fidel es una rata q no extrañamos,1,,1,tóxico,0.09591631591320038,0.9040836691856384,0.9040836691856384,correcto
bHtI3lCm8wU,UgzaeMzT2InNaUo9UjZ4AaABAg,"Entonces EEUU, si es el Salvador del mundo?",0,,0,no_tóxico,0.9331912994384766,0.06680867820978165,0.9331912994384766,correcto
bHtI3lCm8wU,UgzaeMzT2InNaUo9UjZ4AaABAg.ARXEaWKjU73ARe-KaeY22v,Revisa el largo historial que tiene estados unidos interviniendo en otros países y te darás cuenta que no es un héroe,0,,0,no_tóxico,0.9985829591751099,0.0014171097427606583,0.9985829591751099,correcto
bHtI3lCm8wU,UgyZ96Pn1uT9GppU9LN4AaABAg,Ese es el rostro del comunismo socialismo y junto a la dictadura tadura solo queda ruinas. Desolación. Miseria. Hambre. Traiccion. Vigilancia.agresion al pueblo. Chivaterias unos a otros. Terrorismo por el govierno. Torturas a dicidentes.presos políticos. Fucilamientos injustos hasta altos militares para echarles la culpa de la cupula y sus crimenes de ellos a alguien q no asepta sus caprichos. Los castros dictadores y capitalistas a la ves. Solo ellos y el pueblo con el socialismo total. El hambre y la miseria indigencial,0,,1,tóxico,0.04617239534854889,0.9538276791572571,0.9538276791572571,FP
bHtI3lCm8wU,UgwL7gUe1TOFjBcZlwl4AaABAg,Apenas empieza la pulverización de las tiranías comunistas castrochavistas en América con la caída del tirano Maduro. Lo demás será solo un efecto dominó de eso.,0,,0,no_tóxico,0.9907808899879456,0.009219091385602951,0.9907808899879456,correcto
bHtI3lCm8wU,UgxXSLOjR1keDX2MIwR4AaABAg,Y el bloqueo económico y mercantil de EUA tendrá alho que ver???,0,,0,no_tóxico,0.9979447722434998,0.0020551825873553753,0.9979447722434998,correcto
bHtI3lCm8wU,UgxXSLOjR1keDX2MIwR4AaABAg.ARWvWef0SGhARqK1QTMn01,Jaja excusa perfecta para seguir con ese régimen dale q si ellos tiene la culpa xd no los q gobiernan cuba,0,,0,no_tóxico,0.9991576671600342,0.0008423404651694,0.9991576671600342,correcto
bHtI3lCm8wU,UgzvMlniZDpBUWMQUw94AaABAg,esta gente no debe morir en su cama,1,,1,tóxico,0.08020878583192825,0.9197912216186523,0.9197912216186523,correcto
bHtI3lCm8wU,Ugy5zVgsJPI_ZUWPGm54AaABAg,"Demonios en un ser humano,son estás gentes ,no hay adjetivos calificativo para estás gentes, puro mierda",1,,1,tóxico,0.008352009579539299,0.9916479587554932,0.9916479587554932,correcto
bHtI3lCm8wU,Ugz0VQAIgykQx8RMCcl4AaABAg,Y como no se dieron de cuenta estaban ciegos surdos mudos o que con esa cara de asqueroso😂 que tenia ese viejo y pensaron que les iban a dar una vida de lujos nada mas el lenguaje corporal lo dice todo los cubanos hicieron su propia tumba,1,,1,tóxico,0.003995867446064949,0.9960041642189026,0.9960041642189026,correcto
bHtI3lCm8wU,UgymNz4dNEt_XE8fmSp4AaABAg,"Bajo el yugo del tirano Fidel Castro y el castrocomunismo, junto a la escasez de comida, transporte y electricidad, el otro problema que más ha afectado a los cubanos es el de la vivienda. La construcción de viviendas es uno de los mayores fracasos de la tiranía castrista. Hoy el déficit habitacional de los cubanos es mucho mayor que el de antes de 1959, no solo por la falta de construcción de vivienda desde los años ochenta, sino porque las que existen carecen de mantenimiento y cada vez hay más derrumbes en Cuba. Hay personas viviendo en casas de cartón, y la mayoría de las familias viven hacinadas porque no hay adónde irse a vivir cuando contraes matrimonio y formas tu propia familia. De hecho, la otrora elegante y cada vez más floreciente Habana, una de las capitales más hermosas de América antes de 1959, parece una ciudad bombardeada (excepto en las zonas turísticas). Solo se han construido hoteles (principalmente de lujo) para el turismo extranjero, muchos de ellos de lujo cuyas habitaciones nunca han sido ocupadas pues el turismo que va a Cuba es barato, principalmente buscando sexo fácil en el turismo sexual castrista. La carencia de materiales de construcción (pese a que Cuba siempre tuvo una industria de materiales de construcción) a partir de los años ochenta obedece a que la tiranía castrista los ha destinado a construir hoteles para el turismo internacional y han sido acaparados por el consorcio militar GAESA, además de las demencias belicosas del difunto tirano Fidel Castro, que los ha destinado para construir lo que llamó eufemísticamente “túneles populares” para su supuesta posible guerras contra EEUU (todo un gigantesco despilfarro de materiales de construcción) o a construir en otros países hospitales y hasta aeropuertos (como el de Granada en tiempos de Bishop) para satisfacer sus obsesiones ególatras de ser visto como un mesías internacional del tercer mundo, patología esa de la que siempre padeció.",0,,0,no_tóxico,0.9978888630867004,0.002111174166202545,0.9978888630867004,correcto
bHtI3lCm8wU,UgxGT-85CLfbxXm1rrV4AaABAg,"¿Por qué nunca hablan de los multimillonarios recursos que l tirano Fidel Castro recibió durante tres décadas de la URSS y con los cuales cualquier país se hubiera desarrollado de no haber sido despilfarrados por él en promover terrorismo y subversión, en participar en guerras en África y en hacer construcciones civiles en otros países, todo por su obsesión megalomaníaca de vender una imagen de mesías tercermundista, mientras Cuba se caía a pedazos",0,,1,tóxico,0.0024191467091441154,0.997580885887146,0.997580885887146,FP
bHtI3lCm8wU,UgzYad1aE2UnqOgQlRp4AaABAg,Fidel Castro dio el ejemplo para que también acabarán con Venezuela y ahora con Colombia. Que dolor,0,,0,no_tóxico,0.9977957010269165,0.002204293617978692,0.9977957010269165,correcto
bHtI3lCm8wU,Ugzs6S1QrbPbiuzoNfR4AaABAg,"Los wokillos rojizurdetes procastristas extranjeros nunca se han ido a vivir a Cuba, ellos adoran mercenaria-miente a la tiranía Castrista y al tirano Fidel Castro, pero a control remoto desde el capitalismo, no les importa el pueblo cubano y su carencia de libertades sometido al yugo castrista, lo que les importa es satisfacer su psicopático sentimiento antinorteamericano que tanto el tirano Fidel Castro promovió entre bobalicones fanáticos (de otros países, porque entre los cubanos tuvo el efecto contrario, ahora adoran mas a los EEUU que antes de 1959), lo suyo no es solidaridad con los cubanos de a pie, es odio enfermizo hacia los EEUU. El comunismo es una ideología basada en el odio.",0,,1,tóxico,0.0012879744172096252,0.9987120628356934,0.9987120628356934,FP
bHtI3lCm8wU,Ugyh_xSmqfiG1AJIbHl4AaABAg,"El tirano Fidel Castro despilrfarró en tratar de vender su imagen mesiánica, los multimillonarios recursos que por tres décadas recibió de la exURSS, además de administrar mal la economía de Cuba, y he ahí las consecuencias. El resto de su destrucción es el resultado de la manera totalitaria y voluntarista, sin rendir cuentas a nadie y sin permitir objeciones, con la que dirigió a Cuba.",0,,1,tóxico,0.11302272230386734,0.8869772553443909,0.8869772553443909,FP
bHtI3lCm8wU,Ugw2h6amSZm0B9Nn96V4AaABAg,Yo lo unico que veo es que si no le comes a la potencia la misma potencia te vuelve mierda,0,,1,tóxico,0.2834899425506592,0.7165100574493408,0.7165100574493408,FP
bHtI3lCm8wU,UgxFQ7GKLFxarNIziq94AaABAg,"Cuba después de 1959 tuvo un mediocre embargo (no bloqueo, ojalá lo hubiera sido desde un inicio) pero no olvidemos que tuvo durante tres décadas un multimillonario subsidio de la exURSS (y un comercio en condiciones ventajosas con Europa del este) que nunca tuvo Batista. Con Batista la economía crecía aceleradamente pero no parasitando de otros países como hizo el tirano Fidel Castro, sino atrayendo inversiones de muchos países y especialmente de los EEUU debido a las garantías para invertir que había en Cuba para los inversionistas nacionales y extranjeros (no se les robaba las empresas y propiedades ajenas como hizo Castro), y Batista supo aprovechar cada dólar que entró en hacer enormes obras de infraestructura como la Plaza Cívica (que Castro renombró como ""de la revolución"") y todos los edificios que le rodean, o el Banco Nacional de Cuba (que luego Castro convirtiera en el Hospital Ameijeiras) o el Puente de Bacunayagua, o el túnel de La Habana y la autopista Monumental que conecta a La Habana con Matanzas, o la Ciudad Deportiva con su hermoso Coliseo (tan usado por la tiranía castrista), la Vía Blanca, etc etc etc. El tirano Fidel Castro no hizo ninguna gran obra para el pueblo de Cuba, solo hizo el ""pedraplén"" (luego carretera) que unió a Cuba con algunos cayos, robando espacios al mar y alterando así toda la ecología de la región, y no era para el pueblo de Cuba sino para el turismo de ricos. Por demás, con Batista la moneda cubana tuvo su mayor valor frente al dólar, algo que refleja la fortaleza de la economía bajo su gobierno. Mientras, Fidel Castro despilfarró el multimillonario subsidio de la URSS en vender su imagen promoviendo terrorismo en Latam y participando en guerras en África, por lo cual ahora Cuba tiene la mas alta deuda externa de su historia (recordemos el juicio en Londres) por lo cual ni sus aliados ya quieren prestarle, tiene que regalar pedazos de la isla a unos y a otros para pagar.",0,,0,no_tóxico,0.9992594122886658,0.0007405256619676948,0.9992594122886658,correcto
bHtI3lCm8wU,UgyKNSqhY_sDb_OpLiN4AaABAg,En resumen se necesita muchos BUKELE Y MUCHOS GENERAL FRANCO PARA EXTERMINAR EL CÁNCER DEL COMUNISMO,1,,0,no_tóxico,0.9964585900306702,0.003541358979418874,0.9964585900306702,FN
bHtI3lCm8wU,UgxaNfGYqQcLiaHVKUp4AaABAg,"No fue solo la economía, destruyó a toda Cuba como NACIÓN.",0,,0,no_tóxico,0.9928126931190491,0.007187279406934977,0.9928126931190491,correcto
bHtI3lCm8wU,Ugxp76Hiy7t6JK5c4kB4AaABAg,México siguiendo sus pasos,0,,0,no_tóxico,0.9966325163841248,0.003367479657754302,0.9966325163841248,correcto
bHtI3lCm8wU,UgzjF62dN_RoHBmrg8B4AaABAg,"El tirano Fidel Castro al estatizar la economía robando las empresas a sus dueños, destruyó el tejido productivo de Cuba, y nunca supo administrarlas luego, hasta sectores tan básicos como los agropecuarios y de la pesca, que debían dar de comer al pueblo, fueron destruidos y por eso la hambruna generalizad de hoy",0,,0,no_tóxico,0.9194477200508118,0.08055222779512405,0.9194477200508118,correcto
bHtI3lCm8wU,Ugz11luV4irFOvvC7hd4AaABAg,Los cubanos pensaron que si el trabajo se convertía en un derecho vivirían del estado sin trabajar y ahora sus descendientes de mueren de hambre,0,,1,tóxico,0.003969312645494938,0.9960306286811829,0.9960306286811829,FP
bHtI3lCm8wU,UgzVXA7HX052UNjaK9h4AaABAg,MIren el espejo que nos espera sí queda elegido el candidato comunista Iván Cepeda.,0,,0,no_tóxico,0.9993669390678406,0.0006330952746793628,0.9993669390678406,correcto
bHtI3lCm8wU,UgwF5XQYV3dYEAvyh1B4AaABAg,Aaa no fue el enbargo entonses fui.yo,0,,0,no_tóxico,0.9986718893051147,0.0013281615683808923,0.9986718893051147,correcto
bHtI3lCm8wU,UgxrDod9ZXF_d53gkZl4AaABAg,"Hay países en los que hay ricos, clase media y pobres. El comunismo ha logrado algo que ninguna otra ideología logró; la igualdad. Consiguió que ya no hubieran ni ricos ni clase media. Ahora todos pobres. La igualdad como meta. La pobreza como resultado. No es una opinión. Es un hecho.",0,,0,no_tóxico,0.9994240999221802,0.0005758936167694628,0.9994240999221802,correcto
bHtI3lCm8wU,UgwngkTh2S70NWpbx0F4AaABAg,"En la carretera a Cayo Coco todavía se puede ver la pancarta con la orden de Fidel Castro que dio inicio a una de las mayores catástrofes ecológicas en Cuba. El tirano Fidel Castro dijo: “Aquí hay que tirar piedras sin mirar para alante”, fue lo que dispuso el dictador en los umbrales de la década de los 80 cuando aún no se escuchaba hablar de inversión extranjera ni se avizoraba la crisis económica de los años 90, como consecuencia de la caída del comunismo en Europa del Este. En aquel entonces, con los parasitarios recursos de los soviéticos a su disposición, el antojo del caudillo totalitario fue construir improvisadamente un pedraplén sobre el mar que uniera Turiguanó, en Ciego de Ávila, con los cayos Coco y Guillermo, a más de 60 kilómetros de tierra firme. Ocuparía y contaminaría miles de kilómetros cuadrados de humedales. Desaparecería y pondría en riesgo cientos de animales y plantas endémicos, más los sitios de reproducción de muchas especies migratorias, pero se haría su voluntad “al precio que fuera necesario”. En 1983, sin estudios previos sobre el impacto ambiental que tendría la construcción del vial, comenzó el vertimiento al mar de toneladas de piedras y áridos extraídos tanto de canteras de tierra firme como de los propios cayos. Siguieron destruyendo los cayos, los llenaron de carreteras, hasta llegaron a exportar miles de flamencos de los cayos para zoológicos de todo el mundo y para compradores privados. Le prometió a los obreros avileños que eso era para su disfrute, pero fue otra de sus muchas mentiras al pueblo, solo se ha usado para turismo internacional al cual el pueblo no tiene acceso y de hecho, ni pasar a esos cayos se le permite a los cubanos. Por cierto, el tirano Fidel Castro tenía su más querida propiedad en Matanzas, en un islote conocido como Cayo Piedra, a donde solía viajar acompañado de su familia. Disfrutaba a bordo de su yate personal, el Aquarama, gustaba pescar langostas (según el propio García Márquez que tan “amigo” suyo era), un producto que en la mesa de los cubanos nunca se ve, solo se vende en los restaurantes al turismo internacional. La libre venta de langosta dentro de Cuba ha estado prohibida por la tiranía castrista, igual que la de carne de res.",0,,0,no_tóxico,0.9927964806556702,0.007203541696071625,0.9927964806556702,correcto
bHtI3lCm8wU,UgzXSgUOaIcQsENBSLZ4AaABAg,"Venezuela le ha regalado 80 mil millones de dólares a Cuba, 😮los venezolanos pasando trabajo en otros países , que desgracia",0,,0,no_tóxico,0.9988530874252319,0.0011468660086393356,0.9988530874252319,correcto
bHtI3lCm8wU,UgzqXVXQyJ3_04covGh4AaABAg,"Eso del socialismo y comunismo  me suena  familiar en estos tiempos , lo que hacen es destruir los países y las vidas  ,llegan como salvadores y ,terminan siendo peores",0,,1,tóxico,0.08965570479631424,0.9103443026542664,0.9103443026542664,FP
bHtI3lCm8wU,UgxE-LA1Zm00rWMbz-p4AaABAg,que se jodan,1,,1,tóxico,0.04993845149874687,0.9500615000724792,0.9500615000724792,correcto
bHtI3lCm8wU,UgwF99YjRtaOOrOmuyJ4AaABAg,Me suena como lo que estoy a ocurriendo actualmente en México,0,,0,no_tóxico,0.9987492561340332,0.00125077401753515,0.9987492561340332,correcto
bHtI3lCm8wU,UgwF99YjRtaOOrOmuyJ4AaABAg.AQPB9_ajA8oAQWVmWzLLan,No hay nacionalizaciones pero si demagogia nacionalista y populismo,0,,0,no_tóxico,0.9990966320037842,0.0009033607202582061,0.9990966320037842,correcto
bHtI3lCm8wU,UgwF99YjRtaOOrOmuyJ4AaABAg.AQPB9_ajA8oAR8SAvxg5VO,"si, pero espero que paren a morena por que para aya vamos.",0,,0,no_tóxico,0.6999925971031189,0.30000731348991394,0.6999925971031189,correcto
bHtI3lCm8wU,UgwF99YjRtaOOrOmuyJ4AaABAg.AQPB9_ajA8oARLFdpoVd0e,@MUNDOCINEREVIEWtienen 7 años diciendo eso y nada más no pasa jajajaja. No le crean todo lo que les dice Loret de Mola.,0,,0,no_tóxico,0.9993744492530823,0.0006256140768527985,0.9993744492530823,correcto
bHtI3lCm8wU,UgwF99YjRtaOOrOmuyJ4AaABAg.AQPB9_ajA8oARhjdsfR6ZF,"​@ryansmith3987Eso decía el Pueblo Venezolano en la época de Chávez que no ""había dictadura""
Lo que hizo Morena con el INE es una prueba de que están metiendo mano de manera gradúal. Que no haya oposición en el congreso ya es una mala señal",0,,0,no_tóxico,0.9994851350784302,0.0005148621276021004,0.9994851350784302,correcto
bHtI3lCm8wU,UgzD8Spg5--LMyyqJhd4AaABAg,Por ese camino va Mexico con Claudia Cobrador 😢😢😢,0,,0,no_tóxico,0.9986504912376404,0.0013494978193193674,0.9986504912376404,correcto
bHtI3lCm8wU,Ugwf3tMXajqLxzqX0EJ4AaABAg,"Cuba es una inspiración del camino que no debe seguirse en Latinoamérica, para no terminar arruinada, destruida y sin libertades ciudadanas. Por eso Honduras y Bolivia mandaron al castrochavismo al basurero y seguro pronto también Chile. Que bueno que Cuba deja la enseñanza de cómo los pueblos pueden terminar bajo el yugo opresor de una tiranía comunista y un cacique megalómano al frente.",0,,1,tóxico,0.4639457166194916,0.536054253578186,0.536054253578186,FP
bHtI3lCm8wU,UgxUxQzWrsMLj4aVknd4AaABAg,"Antes Cuba exportaba azúcar, hoy escasea este producto por culpa del comunismo",0,,0,no_tóxico,0.9992484450340271,0.0007515702745877206,0.9992484450340271,correcto
bHtI3lCm8wU,UgyA3P-1FwSp11pJr-94AaABAg,"El socialismo y comunismo deben de prohibirse, tantos ejemplos que han existido y todos han fracasado",0,,0,no_tóxico,0.7776738405227661,0.22232617437839508,0.7776738405227661,correcto
bHtI3lCm8wU,Ugzb9THugSYyFwqBeZ14AaABAg,Mentiras chupa medias de ee uu,1,,1,tóxico,0.0012731840834021568,0.9987267851829529,0.9987267851829529,correcto
bHtI3lCm8wU,UgwtcHylmD-hKjclQMt4AaABAg,"La economía de cuba no la acabo Fidel , la economía de cuba fue destruida por el bloqueo gringo, no engañe a la gente no sea mentiroso. Batista era un perro dictador al que se debía derrocar.",1,,0,no_tóxico,0.8957992196083069,0.1042008176445961,0.8957992196083069,FN
bHtI3lCm8wU,UgwtcHylmD-hKjclQMt4AaABAg.AQHbFWxZvrHAQuCoKinW-i,Pendejazo nivel dios,1,,1,tóxico,0.013604176230728626,0.9863958358764648,0.9863958358764648,correcto
bHtI3lCm8wU,UgzDjn9T2ZWGOwV9Ag14AaABAg,Escuchen pejezombies en México,1,,1,tóxico,0.1761157512664795,0.8238842487335205,0.8238842487335205,correcto
bHtI3lCm8wU,UgzUHw2LXHXnsbuz9p54AaABAg,"Lo malo de los comunistas es q cuamdo llegan al poder,se convierten en lo q mas sodiaban... corruptos. Y diictadores....😂😂",0,,1,tóxico,0.003165341215208173,0.9968346953392029,0.9968346953392029,FP
bHtI3lCm8wU,Ugzi4w5oMx9cAB2cl6R4AaABAg,"Las declaraciones de la viceministra de Salud Pública, Carilda Peña García, asegurando que el sistema sanitario cubano es “mejor que el de muchos países”, desataron una ola de indignación entre los cubanos dentro y fuera de la isla, justo cuando la crisis epidemiológica por dengue y chikungunya atraviesa uno de sus momentos más duros y ya va dejando un saldo devastador de 33 fallecidos, 21 de ellos menores de edad, según datos oficiales divulgados el lunes 1 de diciembre del 2025. La afirmación de la viceministra, realizada en una intervención televisiva en Canal Caribe, cayó como un golpe para miles de familias que llevan semanas denunciando hospitales desbordados, demoras en la atención, falta de medicamentos y un deterioro visible en las condiciones higiénico-sanitarias del país.",0,,0,no_tóxico,0.9990586638450623,0.0009413204970769584,0.9990586638450623,correcto
bHtI3lCm8wU,Ugwx1ly1InDehjySRTt4AaABAg,10k yei,0,,0,no_tóxico,0.9968690276145935,0.0031310177873820066,0.9968690276145935,correcto
bHtI3lCm8wU,UgzPiv7TZA2T0y2gNVp4AaABAg,"Nada molesta mas a los esbirros castristas extranjeros que enfrentarse a la realidad que Cuba con Batista estuvo en su mejor momento económico, y tratan de insistir en que si el pueblo apoyó al tirano Fidel Castro fue por motivos económicos lo cual es falso, fue por motivos exclusivamente políticos. Las cifras económicas de los organismos internacionales de aquella época y que el peso cubano llegara a valer mas que el dólar, les desbarata sus argumentos. Y hasta a mentiras, moralismos hipócritas y exageraciones tratan de recurrir para intentar fundamentar sus argumentos. Pero 66 años de miseria y destrucción castrista les explotan en la cara.",0,,1,tóxico,0.0041858237236738205,0.9958141446113586,0.9958141446113586,FP
bHtI3lCm8wU,UgwE3uB3cFHGDT1EuoN4AaABAg,"EEUU nunca mantuvo a Cuba, solo tuvo tratados comerciales con los gobiernos anterior a 1959. Después de 1959, Cuba fue parásita de la URSS, cosa que nunca lo había sido con ningún país antes de 1959. Luego ha sido parásita de Venzuela y ahora pretende serlo de México con su presidenta comunista. La tiranía castrista convirtió a Cuba en una limosnera internacional con fama de mala pagadora de sus deudas, cosa que nunca pasó antes de 1959.",0,,1,tóxico,0.13569487631320953,0.8643050789833069,0.8643050789833069,FP
bHtI3lCm8wU,UgyDZBjXgjB0uc6DNht4AaABAg,"Nótese la manipulación del lenguaje: ""con USA son relaciones comerciales, con la URSS es dependencia""  Cuba es el claro ejemplo de depender económicamente exclusivamente de USA.",0,,0,no_tóxico,0.9993743300437927,0.0006257053464651108,0.9993743300437927,correcto
bHtI3lCm8wU,UgxzxEVmjWzK9OcC1lN4AaABAg,"Nada molesta mas a los esbirros castristas extranjeros que enfrentarse a la realidad que Cuba con Batista estuvo en su mejor momento económico, y tratan de insistir en que si el pueblo apoyó al tirano Fidel Castro fue por motivos económicos lo cual es falso, fue por motivos exclusivamente políticos. Las cifras económicas de los organismos internacionales de aquella época y que el peso cubano llegara a valer mas que el dólar, les desbarata sus argumentos. Y hasta a mentiras, moralismos hipócritas y exageraciones tratan de recurrir para intentar fundamentar sus argumentos. Pero 66 años de miseria y destrucción castrista les explotan en la cara.",0,,1,tóxico,0.0041858237236738205,0.9958141446113586,0.9958141446113586,FP
bHtI3lCm8wU,UgyRLXVXlVDfsTJBoSt4AaABAg,"Ya la narcomafia que gobierna Cuba se sabe en su final asi que sus pataleos serán cada vez mayores para tratar de sobrevivir, los viejos discursos y clichés castristas del pasado saben que no les funcionan y que el odio y hastío que siente la mayoría del pueblo hacia ellos es enorme, por eso casi todos ya han preparado su plan B para su visa postiranía. La espantosa crisis epidemiológica solo se ha convertido en su Chernobil.",0,,1,tóxico,0.0023583928123116493,0.9976416826248169,0.9976416826248169,FP
bHtI3lCm8wU,UgzODST19te4Ca4kmox4AaABAg,"Básicamente lo que escuché en el video fue “Bésale los pies a Estados Unidos, o vas a terminar como Cuba” me encanta como de un canal a otro se omiten detalles, Batista tuvo apoyo militar de Estados Unidos, y Fidel Castro de LatinoAmerica principalmente en México, querían control total de la isla cuando llegó Fidel Castro inclusive también le dieron apoyo, pero como no se alineaba a ejes Capitalistas y estaba tan cerca de ellos como lo es latinoamerica, no podía permitir ver influencias Comunistas en Cuba. Me encanta como dices “los bloqueos económicos, no tiene nada que ver” cuando estadísticamente han matado a más 35 millones de personas a lo largo de los años en diferentes continentes.",0,,1,tóxico,0.1942627876996994,0.8057372570037842,0.8057372570037842,FP
bHtI3lCm8wU,UgwFHnyZAJq7tyHSoql4AaABAg,Para q cuba sea libre el gobierno de cuba debe desaparecer por completo y sacar toda dictadura q hay hoy en día…..el pueblo de cuba o sea las personas q viven hay como lo han echo siempre luchar por ser libre cuando el pueblo de cuba se unan por completo q dejen él miedo q le tienen al gobierno créanme q el gobierno de cuba van a coger miedo por q un pueblo unido jamás será vencido y si lo hacen todos juntos como lo han echo por décadas no hay nada ni nadie q los detengan a todos ustedes..el gobierno les teme a todos ustedes por q ellos saben q ustedes son muchos más poderosos  cuando están unidos un pueblo unido jamás serán vencidos y eso es lo q el gobierno tienen miedo….Tener a su población en contra de ellos….es por eso q el gobierno infunden miedo entre ustedes o tratan de infundir ese miedo…los arrestos las desaparecen los matan a escondidas y hacen q se desaparezcan y eso es lo q ellos quieren q ustedes cojan miedo para q el pueblo de cuba cojan miedo y no hagan protestas en contra de su gobierno….ya es hora q ustedes los cubanos cojan ese control como pueblos q son y sigan luchando en contra de la dictadura falsas q el Fidel castro hizo junto con su hermano Raúl …….PUEBLO DE CUBA NO SE RINDAN SIGAN LUCHANDO PARA LA LIBERTAD Y SU LIBRE EXPRESIÓN USTEDES LOS CUBANOS TIENEN MUCHO Q OFRECER COMO SERES HUMANOS SON TAN HUMILDES Q TIENEN UN GRAN CORAZÓN Q USTEDES NO NECESITAN A UN GOBIERNO LLENO DE MACHISMO Y DE COBARDÍA Y DE ABUSOS…..YO SOY DE PUERTO RICO Y NUNCA ME HA GUSTADO COMO EL PUERCO DE FIDEL CASTRO JUNTO CON SU MALDITO GOBIERNO HAN ABUSADO DEL PUEBLO SU PUEBLO….EN MI ISLA PUERTO RICO NOSOTROS LOS PUERTORRIQUEÑOS TENEMOS EL PODER DE SACAR AL GOBERNADOR Q NO HAGA BIEN SU TRABAJO O LA GOBERNADORA Q ESTE EN EL PODER Y SI NO CUMPLEN CON SUS PROMESAS Y VEMOS Q NO ESTÁN CUMPLIENDO CON LO Q PROMETIERON Y ESTÁN LLEVANDO AL PUEBLO DE PUERTORRIQUEÑO POR UN CAMINOS Q NO SON BUENO PARA NOSOTROS LOS PUERTORRIQUEÑO TENEMOS EL PODER DE SACARLOS DEL GOBIERNO NO IMPORTA SI ES UN HOMBRE Q ESTE EN EL PODER O UNA MUJER….NOSOTROS SOMOS LOS Q MANDAMOS Y NO EL GOBIERNO. RESPETAMOS A NUESTROS LÍDERES DE NUESTRA ISLA….PERO SI NO HACEN BIEN LAS COSAS PUES LO SACAMOS Y DEJAMOS Q EL OTRO PARTIDO SEA QUIEN NOS GUÍE …pero SOMOS MUY UNIDOS EN TODO SOY PUERTORRIQUEÑO PERO ME SIENTO CUBANO Y NO ME GUSTA  LOS ABUSOS DE PODERES ESTOY EN CONTRA DEL MACHISMO..Y LA LIBRE EXPRESIÓN ES LO MEJOR YA Q NO NOS PUEDEN CLAUSURA NUESTRAS VOCES Q VIVAN TODOS LOS CUBANOS ARIBA CUBA,0,,0,no_tóxico,0.930766224861145,0.06923374533653259,0.930766224861145,correcto
bHtI3lCm8wU,UgzX7DTb1phBeSnJpRh4AaABAg,ni satanas lo quiso en el infierno dictador que se esta pudriendo,1,,1,tóxico,0.002522295108065009,0.9974777102470398,0.9974777102470398,correcto
bHtI3lCm8wU,UgwWKcHi3__cyAdbuWl4AaABAg,"Por otra parte si quitarán a ese gobierno, los cubanos ya están acostumbrados a vivir en la mediocridad, a vivir de las limosnas del estado y las ayudas del exterior, salvo honrosas excepciónes",0,,0,no_tóxico,0.9984563589096069,0.0015436838148161769,0.9984563589096069,correcto
bHtI3lCm8wU,Ugxl1TLwFvSGTS_h4eZ4AaABAg,"La revolución cubana es un gran negocio, a todo el mundo le piden prestado y nunca pagan",0,,1,tóxico,0.0971100926399231,0.9028899669647217,0.9028899669647217,FP
bHtI3lCm8wU,Ugx5yZ9Bx5ZDcb1BmNF4AaABAg,Cuba crecía económicamente gracias a la mafia italiana!!,0,,1,tóxico,0.17125490307807922,0.8287451267242432,0.8287451267242432,FP
bHtI3lCm8wU,Ugz2KB5CB60cha87ss94AaABAg,A Cuba la arruinó el bloqueo de EEUU. Nadie puede hacer negocios con la isla. Y así intervinieron en Chile y mantienen arrodillan al resto de suramérica,0,,0,no_tóxico,0.9959371089935303,0.00406284537166357,0.9959371089935303,correcto
bHtI3lCm8wU,UgxCiTYsYM5D7_EjG-J4AaABAg,Siguen habiendo idiotas que siguen creyendo al final van a terminar matandose unos a otros para sobrevivir como no pagan a nadie terminaran fugandose las cabezas,0,,1,tóxico,0.004305430222302675,0.9956945180892944,0.9956945180892944,FP
bHtI3lCm8wU,UgwOoL9XFmXLAwlZwh14AaABAg,"Lo,es,SER, Estupido queriendo Presumir de,lo, que CARECE: Inteligencia!... Ojalá se, este,ROSTIZSNDO,en,el, Infierno, mugres Castro!...",0,,1,tóxico,0.031424347311258316,0.968575656414032,0.968575656414032,FP
bHtI3lCm8wU,UgyoPZaQcDjXh6PWqrl4AaABAg,"Todo ese sofrimiento es absolutamente inútil, así como el de los venezuelanos y de cualquiera país comunista. Solamente un puñado de bandidos se benfician. Pero, al mismo tiempo, tienen los aplausos de todos dos IDIOTAS ÚTELES del mundo!!",0,,1,tóxico,0.0024143033660948277,0.997585654258728,0.997585654258728,FP
bHtI3lCm8wU,UgyoPZaQcDjXh6PWqrl4AaABAg.AQ3vLcB-k9jAQ3ydu_gDX4,Algo me dice que los que quieren socialista solo quieren poder fácilmente robando del resto... Me cuesta creer que alguien siga creyendo en eso hoy en día,0,,0,no_tóxico,0.9996258020401001,0.0003741818945854902,0.9996258020401001,correcto
bHtI3lCm8wU,UgyoPZaQcDjXh6PWqrl4AaABAg.AQ3vLcB-k9jAQ44pH98Hnp,"​@sergioespinozacabello9995 En mi país, Brasil, los izquierdistas son los peores corruptos y son asociados al narco - son una confraría de bandidos que se indentifican mutualmente se auto proclamando ""defensores del pueblo humilde"". Pero hay también muchos IDIOTAS UTELES que, por definición, apoiam alegremente al que les destroem...",0,,1,tóxico,0.003433452220633626,0.9965665340423584,0.9965665340423584,FP
bHtI3lCm8wU,Ugxrh0S0jnqvZ3dv-L94AaABAg,"La gente en Cuba ahora lo que comenta es que crecimos adoctrinados en la idea de que los EEUU invadirían a Cuba porque así nos lo hizo creer el tirano Fidel Castro, y al final fueron los cubanos los que terminaron invadiendo a los EEUU, así que de tanto esperar el supuesto enemigo, los cubanos fueron a buscarlo y a vivir con él. Gracias, EEUU.",0,,0,no_tóxico,0.9979562759399414,0.002043750835582614,0.9979562759399414,correcto
bHtI3lCm8wU,UgwqJrg5Cv6AzfGAU4x4AaABAg,"Si algún día Cuba logra la libertad y una democracia entrará el dinero 🤑 a raudales.
Mis mejores deseos para los Cubanos 🙏",0,,0,no_tóxico,0.9976809024810791,0.0023190833162516356,0.9976809024810791,correcto
bHtI3lCm8wU,UgzZm11K0iZqz7ClGft4AaABAg,"La Habana y Miami ahora son conocidas por los cubanos como ""las dos orillas"". Los cubanos dentro de Cuba imitan todo lo que les llega de Miami, en Cuba ha ocurrido una miamización de los cubanos. Somos el mismo pueblo dividido por una tiranía comunista.",0,,0,no_tóxico,0.9991905093193054,0.0008094643126241863,0.9991905093193054,correcto
bHtI3lCm8wU,UgxXlpjThChmA8GBq-94AaABAg,NO SE PARECE A NADA CON EL SALVADOR,0,,0,no_tóxico,0.964682400226593,0.035317618399858475,0.964682400226593,correcto
bHtI3lCm8wU,Ugz90fM43BceQ4u5JTF4AaABAg,"Los cubanos después de su independencia de España, no han conocido gobierno peor que la tiranía castrista bajo el yugo del tirano Fidel Castro. Nunca tuvieron menos libertades en toda su historia. Los salvadores de Cuba serán los propios cubanos cuando se liberen de la tiranía castrista. La URSS apoyó a Cuba convirtiéndola en su satélite, solo por intereses geopolíticos, eso le permitió al tirano Fidel Castro vivir de parásito de ella (como lo hizo luego con Venezuela) durante medio siglo, millonarios recursos esos que ningún gobernante de Cuba recibió de gobierno extranjero alguno antes de 1959, y que además, fueron despilfarrados por el tirano Fidel Castro en promover guerrillas y terrorismo en América Latina, guerras en África y en hacer millonarias donaciones a terceros países del tercer mundo para que tratar de que le vieran como un mesías internacional, a costa del hambre, la miseria y la destrucción de Cuba, cuyo pueblo nunca le importó mas que para darle migajas. El resultado: destruyó a Cuba como nación, no solo su economía, pulverizó a las familias cubanas, Cuba se están cayendo en pedazos y además, le quitó las libertades al pueblo, creando el aparato represivo mas grande que gobierno de Cuba alguna vez tuviera. Ahora los cubanos adoran mas a los EEUU como nunca antes de 1959, ven a EEUU como su salvación.",0,,1,tóxico,0.004372709896415472,0.9956272840499878,0.9956272840499878,FP
bHtI3lCm8wU,UgzLm7vSaD1OZldQjbV4AaABAg,"Así le va a pasar a México, con esta izquierda rapaz de morena, el dictador cubano ya está como todo buen parásito aprovechando de los miserables políticos de morena para que le dén petróleo 😂",1,,1,tóxico,0.0015051141381263733,0.9984948635101318,0.9984948635101318,correcto
bHtI3lCm8wU,UgzgQQvnsf3RQCcZq-14AaABAg,"Se necesita la ayuda de los EEUU como en el pasado para liberar a Cuba del yugo castrocomunista, igual que a fines del siglo 19 se necesitó (y fue solicitada por los líderes mambises vivos entonces) la ayuda de los EEUU para liberarse del yugo de la tiranía colonial española, EEUU siempre ha socorrido a Cuba cuando se les ha necesitado, esperemos que ahora lo hagan de nuevo. Bienvenido el Comando Sur de nuevo a las aguas del Caribe. Que los marines lleven armas para el desarmado pueblo cubano. Hay que aprovechar que ahora la mayoría de los cubanos quieren liberarse de la tiranía castrista.",0,,0,no_tóxico,0.9955354928970337,0.004464474506676197,0.9955354928970337,correcto
bHtI3lCm8wU,UgzP5uzDRSr6T8cHmYl4AaABAg,Y del embargo no hablas? Qué vergüenza,0,,0,no_tóxico,0.9972934126853943,0.002706577768549323,0.9972934126853943,correcto
bHtI3lCm8wU,UgzcDOhpAE5DRheu9oN4AaABAg,"Lo nunca visto en Cuba antes de 1959 (vaya potencia médica que se inventó la propaganda castrista hace años): Dengue, Oropouche y chikungunya: una crisis epidemiológica tiene en vilo a Cuba. La crisis epidemiológica que vive Cuba se agrava con el aumento de casos de dengue, chikungunya y fiebre de Oropouche en varias provincias y con la población pediátrica en riesgo, mientras se multiplican las denuncias sobre el deterioro de los hospitales y la falta de respuesta efectiva de las autoridades sanitarias. Para el fin de los meses de verano, la gente en Cuba, sobre todo al occidente de la isla, se preguntaba qué enfermedad “rara” que los tenía encamados, con dolores e inflamación en el cuerpo, fiebres de hasta 40 grados, vómitos, diarreas, cefaleas, e incluso manchas en la piel. En Matanzas, epicentro del desastre, familias enteras reportaron contagios, que luego se extendieron a cada barrio, más tarde a toda la provincia, hasta abarcar casi el país entero. Nadie sabía exactamente de qué se trataba, y apenas había reactivos en los laboratorios municipales que, en el inicio del brote, confirmaran lo que hoy se sabe: Cuba atraviesa una crisis epidemiológica combinada, con la presencia, a la vez, de dengue, Oropouche y chikungunya, que hasta ahora las autoridades habían pretendido soslayar y esconder. La crisis epidemiológica que vive Cuba se agrava con el aumento de casos de dengue, chikungunya y fiebre de Oropouche en varias provincias y con la población pediátrica en riesgo, mientras se multiplican las denuncias sobre el deterioro de los hospitales y la falta de respuesta efectiva de las autoridades sanitarias. No solo es la crisis lógica que están viviendo los cubanos ahora y que está sepultando a tanta gente en Cuba y tiene desesperados a los familiares en Cuba, sino las pésimas condiciones sanitarias de los hospitales y clínicas en Cuba, sin medicamentos y sin higiene mínima. Los enormes basureros que proliferan por toda la ciudad generan peste y enfermedades, como la actual epidemia de arbovirosis. ¿ES ESTE EL PAÍS QUE EN OTROS TIEMPOS LA TIRANÍA CASTRISTA Y SUS ESBIRROS EXTRANJEROS TRATARON DE VENDER PROPAGANDÍSTICAMENTE COMO ""POTENCIA MÉDICA""?",0,,0,no_tóxico,0.9986504912376404,0.0013495814055204391,0.9986504912376404,correcto
bHtI3lCm8wU,UgyRFg-gH8g8tRZezv54AaABAg,Y AMERICA LATINA KIERE APLICAR ESTA FORMA DE GOBIERNO .,0,,0,no_tóxico,0.997611403465271,0.002388599794358015,0.997611403465271,correcto
bHtI3lCm8wU,UgyZyMnf3Dp4IuvfTWl4AaABAg,"Che loco,también lo hizo en Haití,el salvador Nicaragua México,etc,etc.?",0,,1,tóxico,0.04425232112407684,0.955747663974762,0.955747663974762,FP
bHtI3lCm8wU,UgzCd80v5WTzz-_03jp4AaABAg,Buenos días yo digo q ese mal parió debe estar ardiendo en el infierno.los gobiernos democráticos deberían actuar sin restricciones con ese tipo de gent,1,,1,tóxico,0.0031339821871370077,0.9968660473823547,0.9968660473823547,correcto
bHtI3lCm8wU,UgzoY7eKdCWw--4edwd4AaABAg,endemoniado comunista ya has de estar hirviendo en el infierno.👹👹🤨  ..,1,,1,tóxico,0.0017476000357419252,0.9982523322105408,0.9982523322105408,correcto
bHtI3lCm8wU,UgxOcagMvvxPuK1_Ipx4AaABAg,Cuba es una monarquía castrista,0,,1,tóxico,0.037209540605545044,0.9627904295921326,0.9627904295921326,FP
2I6B6QSY7AA,UgzBfNsq_OwmAgn6rxV4AaABAg,"Hacer campaña para luego hacer trampa porque tienen el consejo supremo electoral tomado terminan ganando 
Que le pasa Sr no se da cuenta del nuevo estilo México es la nueva Venezuela por culpa de gente con este tipo la reflexión es lo que Ud debiera estar haciendo y no metiendo a México en más desastre … por gente como Ud",0,,0,no_tóxico,0.775435745716095,0.2245643138885498,0.775435745716095,correcto
2I6B6QSY7AA,UgxnkSlAT9UOUOIe_3N4AaABAg,"porque le dice presidente no entiendo, si es tremendo ladron de elecciones",0,,1,tóxico,0.03408083692193031,0.9659191370010376,0.9659191370010376,FP
2I6B6QSY7AA,UgwVFkQ5XUp7pf19aNt4AaABAg,Cómo me dan risa estos comunistas aunque intenten tapar el sol con un dedo no podrán,0,,1,tóxico,0.004858185071498156,0.995141863822937,0.995141863822937,FP
2I6B6QSY7AA,Ugx_TCuoExJPrDLcPoV4AaABAg,"Lo bueno de esa entrevista es que se vé claramente el apabullante idealismo de Ruzzarin hacia Maduro y la tremenda vanidad que tiene. Ambas cosas igual de cegadoras. Le hace preguntas a Maduro que cualquiera puede ver que están muy por encima de su nivel (ha leído pocos libros y poques libres), lo cual demuestra igualmente lo cegadora que es la vanidad de Ruzzarín.",0,,0,no_tóxico,0.998977541923523,0.0010225051082670689,0.998977541923523,correcto
2I6B6QSY7AA,UgxcTHCzJzt-T-zok6p4AaABAg,Dieguiyo andapa  sha pendej,1,,0,no_tóxico,0.9964635968208313,0.0035363901406526566,0.9964635968208313,FN
2I6B6QSY7AA,Ugyc6FWpQHAbaYQrJnN4AaABAg,Eres un descarado es insoportable escucharte mentir de tantas formas y datelas de sabio eres una vergüenza,0,,1,tóxico,0.42943140864372253,0.5705686211585999,0.5705686211585999,FP
2I6B6QSY7AA,UgzUQNunNXrOi4tjfkd4AaABAg,Eres un descarado sin vergüenza,1,,1,tóxico,0.041661810129880905,0.9583381414413452,0.9583381414413452,correcto
2I6B6QSY7AA,Ugz9fw9mABBte20Tu314AaABAg,Este es un comunista no asumido como están los mexicanos de su presidenta Claudia Shem  …,0,,1,tóxico,0.007230651564896107,0.9927693605422974,0.9927693605422974,FP
2I6B6QSY7AA,UgyGor66isDzl-FfoFJ4AaABAg,Este periodista mexicano es afin al chavismo eso ya no esconde seguro le habran pagado para que hable bien del narco y asesino de Maduro eso ya no lo esconde se nota a leguas 😂,0,,1,tóxico,0.02882101573050022,0.9711790084838867,0.9711790084838867,FP
2I6B6QSY7AA,UgzDExBzPLztzHQrGJF4AaABAg,Explícamelo a mas de 8000000 de venezolanos que  tuvieron que salir del gran gobernante maduro  o cuanto de dieron $,0,,0,no_tóxico,0.9993307590484619,0.0006692346651107073,0.9993307590484619,correcto
2I6B6QSY7AA,Ugy8IHx9Kok_3M0d7Wl4AaABAg,Diego ve a visitar a narcolas a EEUU 😂😂😂😂 habla de EEUU porque sino hablas de EEUU no comes y nadie mira tu contenido que patético,0,,1,tóxico,0.02783413603901863,0.9721658229827881,0.9721658229827881,FP
2I6B6QSY7AA,UgxrWVTmLnxAWMhnIWt4AaABAg,"Que banal que haces ver el tema, demasiado hipocrita Zurdarin. 

Ni por el co#o te acercaste a los hospitales, carceles, ni conoces un 1% de la historia de Venezuela.
Aprende que la opinion publica no son ni las RRSS ni lo que ves en la calle, para eso estan los votos.",1,,0,no_tóxico,0.7679147124290466,0.23208525776863098,0.7679147124290466,FN
2I6B6QSY7AA,UgwZUDvy3IaOh-5L6Ox4AaABAg,Jajaja pinche chairo donde está tu opinión ahora?,0,,1,tóxico,0.0022192925680428743,0.9977807402610779,0.9977807402610779,FP
2I6B6QSY7AA,Ugx0pu9Zn4r6p5M8EEZ4AaABAg,"No... ven y te explico: lo que ocurria co Nicolaz Maduro es que ellos hicieron tal cual lo que explica rebelion en la Granja de George Owell... en venezuela el no necesita salir a buscar votos, porque ellos desde hace tiempo atras se robaron las elecciones,  porque ellos son los mismos del CNE encargados de dar los votos en las elecciones, y ellos son los mismo que compraron al CNE. Compraron a los guardias, compraron hasta el papa, ellos no son de izquierda Diego ellos tienen solo el monologo, son super capitalistas... EN VENEZUELA NO HAY DEMOCRACIAS.... bueno nadie puede llevarle la contraria al chavismo o madurismo que es la misma mierda, si tu le llevas la contraria ellos te meten preso, o te asesinan, o algo te hacen.... por que crees tu que asesinaron a canserbero? porque el si les decia las cosas de frente sin miedo, donde esta canserbero? donde estan todos aquellos que tenian opiniones distintas, el chavismos los encerros y otros los asesinaron... solo por pensar diferente solo por opinas a favor de la Justicia. Hoy EEUU le estas haciendo al chavismo lo mismo que el chavismo le hicieron al pueblo venezolano durante 26 años de una revolucion fracasada... llena de muertes, de injusticia, de desapareciones... niños presos, mujeres golpeadas y presas por defender a sus hijos... EEUU nunca hizo bloqueos.... como explicas entonces la calidad de vida y carros y todo tipo de lujos que se dan aun ls chavista... aun todo esto no ha caido... en resumen... TU FUISTE A VENEZUELA a conocer a un tipo mil veces mas peligroso que Noriega y Osama Bin laden... Y donde esta hoy ese man al que visitaste esta preso, por narcotraficante, por terrorista, por asesino, etc etc etc etc etc",0,,1,tóxico,0.0016014095162972808,0.9983986020088196,0.9983986020088196,FP
2I6B6QSY7AA,UgzTNrVkZxutZrM4zn54AaABAg,Seguro se llevo un buen billete por tratar de hacernos pensar que maduro es bueno,0,,0,no_tóxico,0.997739315032959,0.002260632114484906,0.997739315032959,correcto
2I6B6QSY7AA,Ugy51CJ9pOGWvf_qx8V4AaABAg,"este man cree que la gente es boba. Que por qué es filósofo y sabe usar táctica socrática, sofismas y acomodar todos esos recursos a su favor para hacer parecer que tiene la razón entonces es el dueño de la verdad. Acá en colombia uno de los terroristas más sanguinarios era filósofo. Tiene razón en muchas cosas, pero querer menternos estos cuentos es triste porque la gente inteligente lo desenmascara fácilmente. Esto solo se lo creen los adoctrinados",0,,1,tóxico,0.0038575618527829647,0.9961424469947815,0.9961424469947815,FP
2I6B6QSY7AA,Ugxq69NWP7Puznz0jmt4AaABAg,"Como que este tipo aún no esta preso, es un blanqueador de un genocida.",0,,1,tóxico,0.012307293713092804,0.987692654132843,0.987692654132843,FP
2I6B6QSY7AA,UgwEgpCysYDF-hryR-p4AaABAg,"La verdad que tú no vives en Venezuela y tus apreciaciones son muy superficiales. Hitler movía masas ,el de Corea del Norte también es un dictador y lo besan y abrazan",0,,0,no_tóxico,0.9986492991447449,0.0013507013209164143,0.9986492991447449,correcto
2I6B6QSY7AA,Ugy5wj_duJtafdVnvTh4AaABAg,Sos un enfermo que apoyo a un genocida,0,,1,tóxico,0.0034360098652541637,0.9965639710426331,0.9965639710426331,FP
2I6B6QSY7AA,UgxRD1jJd8XLeqZJqkp4AaABAg,¡¡¡BASURA!!!,1,,0,no_tóxico,0.9963017702102661,0.0036982200108468533,0.9963017702102661,FN
2I6B6QSY7AA,UgwEKx7txkOV-GafytN4AaABAg,Que si vas a ir a Estados Unidos a la visita conyugal???.....😂😂😂😂,0,,0,no_tóxico,0.9985550045967102,0.0014450158923864365,0.9985550045967102,correcto
2I6B6QSY7AA,UgyUO5b5dUKDJ1LKATF4AaABAg,LA IZQUIERDA SIMPRE ME SEGUIRA SORPRENDIENDO,0,,0,no_tóxico,0.9989833235740662,0.0010167011059820652,0.9989833235740662,correcto
2I6B6QSY7AA,Ugwa6iC_uRywLQ1DynF4AaABAg,Maldito Bendido...,1,,0,no_tóxico,0.9878920316696167,0.01210795808583498,0.9878920316696167,FN
2I6B6QSY7AA,UgyZRBaVIr52u2wI-XV4AaABAg,Payaso ellos te muestran lo que quieren que veas y lo que tú quieres ver ya que eres un propagandista comunista.,1,,0,no_tóxico,0.9586098790168762,0.04139009118080139,0.9586098790168762,FN
2I6B6QSY7AA,UgxECdNgy09id-7u86F4AaABAg,Eres un culon eso es lo raro jajajajaj pos no,1,,1,tóxico,0.00500103086233139,0.9949989318847656,0.9949989318847656,correcto
2I6B6QSY7AA,UgxiVOxJSlNez2QOEtl4AaABAg,Otro enchufado que tiene que aguantar Venezuela! Es obvio que te pagaron por ir allá y decir cosas bonitas de un dictador.,0,,0,no_tóxico,0.9467518925666809,0.05324816703796387,0.9467518925666809,correcto
2I6B6QSY7AA,UgwcAbtcMkfTcrYdnFl4AaABAg,"Y en este momento tu deberías de estar haciéndole compañía en su celda, por hacerle propaganda a su gobierno criminal.",0,,1,tóxico,0.43784183263778687,0.5621581077575684,0.5621581077575684,FP
2I6B6QSY7AA,Ugzw5bbUlJlC6Uezw5p4AaABAg,este video envejecio tan mal  😅😅porque la enorme mayoria del pueblo Venezolano se alegraron con la caida de Maduro ante los Yankis 😅😅,0,,1,tóxico,0.45404568314552307,0.5459543466567993,0.5459543466567993,FP
2I6B6QSY7AA,Ugx9mVlUmdtciYCiont4AaABAg,Buscando votos para hacer el teatro obviamente … es una dictadura que el quiere disfrazar de democracia.,0,,0,no_tóxico,0.998795747756958,0.0012041968293488026,0.998795747756958,correcto
2I6B6QSY7AA,Ugx6FVDk37BJcueS4n14AaABAg,"Ruzarin estas de la vrg wey, no mms q apoyas a este monstruo",0,,0,no_tóxico,0.9992969036102295,0.0007030371343716979,0.9992969036102295,correcto
2I6B6QSY7AA,Ugyjklpl-cWE-Lo9xed4AaABAg,Yo admiraba a este tipo,0,,0,no_tóxico,0.9989481568336487,0.0010518397903069854,0.9989481568336487,correcto
2I6B6QSY7AA,Ugw7gnBAF_QHwBAbhsV4AaABAg,Este payaso le ha hecho un daño irreparable a la filosofía como disciplina,1,,1,tóxico,0.020764196291565895,0.979235827922821,0.979235827922821,correcto
2I6B6QSY7AA,Ugwt_Wq1wFIrQADh6jB4AaABAg,"Es enserio 😢 me caías bien ruzzarin esto es penoso, ya me parecía raro tú campaña de apoyo a china",0,,0,no_tóxico,0.9766255617141724,0.023374490439891815,0.9766255617141724,correcto
2I6B6QSY7AA,Ugzu50v5vZGArz3G6QV4AaABAg,😏😏😏😏😏Qué placer que el dictador ya esté EN LA CÁRCEL🎉🎉🎉,0,,0,no_tóxico,0.7480827569961548,0.2519172132015228,0.7480827569961548,correcto
2I6B6QSY7AA,UgyWyrlUko8NpLap7jR4AaABAg,"Y este incompetente sigue defendiendo lo indefendible, das un asco Ruzzarin",1,,1,tóxico,0.0738535225391388,0.9261465072631836,0.9261465072631836,correcto
2I6B6QSY7AA,Ugx-gvPaq5eSatE6KE14AaABAg,"No mames Diego tú no vives en Venezuela, no sabes cómo está verdaderamente la situación , parece que no estás enterado que si bien se permita que exista la oposición en Venezuela realmente eso es entre comillas porque la gente es reprendida ante cualquier indicio de oposición contra el gobierno , es una pantalla nada más para el resto del mundo para que gente como tú que le gusta defender dictadores piense que todo está bien con Venezuela",0,,1,tóxico,0.121885284781456,0.8781147003173828,0.8781147003173828,FP
2I6B6QSY7AA,Ugx_MzVHmM5jxaEq7g94AaABAg,"Mira este 🤡 jajajaja se la voló! Vaya manera de querer cambiar la narrativa con el hecho q Maduro saludó a gente en la calle dejó de ser socialista y dictador jajaja no bueno, el genio de los tontos sin oresentar datos y solo dejarse llevar por su paseo. Vaya Ruzzarin resultaste ser demasiado idiota ó será q fuiste demasiado vendido al regimen?",1,,1,tóxico,0.003168827388435602,0.9968311190605164,0.9968311190605164,correcto
2I6B6QSY7AA,UgwOCqwfTdmrNIdJMrR4AaABAg,Un asno eres 🫏,1,,1,tóxico,0.07251032441854477,0.927489697933197,0.927489697933197,correcto
2I6B6QSY7AA,UgzXfhXbMhRhGvQX4pp4AaABAg,tonto con ganas...,1,,0,no_tóxico,0.9990787506103516,0.000921262486372143,0.9990787506103516,FN
2I6B6QSY7AA,Ugxxlzc5GqjSCjTyGF14AaABAg,"Asi como el le dijo una vez al super genius del masterd muñoz, sabes que lo estas haciendo a dia de hoy sera considerado un crimen a futuro? Todos esperamos con los paises capitalistas de derecha se prohiba la ideologia de izquierda, comunismo, socialismo etc. Ya han asesinado a cientos de millones de personas y que los que predican, promueven o prefesan estas ideas en internet terminen presos.",0,,1,tóxico,0.10809370875358582,0.8919063210487366,0.8919063210487366,FP
2I6B6QSY7AA,UgzjLtpVADNq4vjJ5YJ4AaABAg,😂 este tipo está en pañales!! Cuántos lingotes de oro te dieron para decir esto y armar esta propaganda a favor de maduro después de esa entrevista?,0,,0,no_tóxico,0.5580732226371765,0.44192686676979065,0.5580732226371765,correcto
2I6B6QSY7AA,UgxtUIU3vYng-8Vd_x14AaABAg,"Es curioso que las personas que visitan Venezuela, no notan lo que los medios les dicen, y aún más raro que los venezolanos que viven en Venezuela, narran problemáticas que existen en toda Latinoamérica.",0,,0,no_tóxico,0.9996694326400757,0.0003305993741378188,0.9996694326400757,correcto
2I6B6QSY7AA,UgwjfFpkKg0ez5RGAS94AaABAg,"Maduro es el villano en un mundo donde le entregan Nobel de la Paz a una mujer que pide guerra, y que le entregan otro premio de la paz a un anaranjado que explota a personas de manera extrajudicial y encarcela a decenas de miles por ser migrantes. Además de financiar guerras",0,,1,tóxico,0.008935699239373207,0.9910643100738525,0.9910643100738525,FP
2I6B6QSY7AA,UgwNk4NK1VtKj_0iTE14AaABAg,"Un propagandista que celebró que en mi país se torturara y se desapareciera gente.
Prohibido olvidar.",0,,0,no_tóxico,0.9971228241920471,0.002877187682315707,0.9971228241920471,correcto
2I6B6QSY7AA,Ugx8TE7F9FdT7c0sg4J4AaABAg,Tu marido lleva una semana preso.,0,,0,no_tóxico,0.9398316144943237,0.06016837805509567,0.9398316144943237,correcto
2I6B6QSY7AA,Ugzo60vfWRBlvFYUxDx4AaABAg,"Seguramente este wey trae en ese podcast alguna prenda hecha en ""El país de las garras imperialistas"" y se va de vacaciones a un país no socialista ni comunista.",0,,0,no_tóxico,0.9984034895896912,0.0015965758357197046,0.9984034895896912,correcto
2I6B6QSY7AA,UgyobzX9cKDpcy2EcA94AaABAg,Eres una mamada ruzzarin 😂,1,,1,tóxico,0.0017028107540681958,0.9982971549034119,0.9982971549034119,correcto
2I6B6QSY7AA,UgyPgPN6F6aZJ9Oqfh14AaABAg,"Admiro mucho la capacidad que tiene diego de leer tanto,informarse tanto, estudiar tanto de filosofía, ciencias políticas y geopolitica actual e histórica, además de tener una capacidad para tener un criterio con muchos fundamentos, y además de todo tener miles de documentos que respalden la información que es real, pero aun así, seas tan pobre como para vender tus principios y decir: ese hombre que a duras penas seguia vivo, por que si no tuviera sus guardias cubanos respaldando su seguridad, el pueblo que dirigio a su punto mas bajo, lo dejaria mas abajo de el piso desde hace muuuucho tiempo, no es un mal hombre. Y solo decirlo por encajar en tu ideal político de comunismo y saber vagamente de una filosofía tan compleja de llevar a cabo correctamente sin que la corrupción la convierta en miseria. Me entristece Diego, pero demostraste con pruebas, que no eres más que un hombre pobre que solo sabe venderse para ganarse la vida. A pesar de eso te respeto, por que te has ganado ese derecho, sabes que el consumismo es el cáncer y se debe aspirar a un sistema no dependiente del capital humano. Pero negar que el no es un dictador que sumió a una nación tan prospera como mi nación, y obligó a millones de sus habitantes a irse y dejarnos sin nuestra familia y amigos, a un lugar donde tuvimos que pasar hambre y estar en la intemperie en algunos casos, y quienes se revelaron y tuvieron la mala suerte se ser tomados por su ejército, fueron llevados a cárceles qué si las comparamos con lo que sea que creas que es una cárcel, aquello que creas parezca un hotel 5 estrellas, sin mencionar el hambre y miseria pasadas por aun más millones de personas que actualmente siguen en mi país, solo terminaré diciendo que si tienes un verdadero amor por la verdad, si puedes verla, dila, y no te la pases por el arco del triunfo para solo quedar bien con alguien o algo

Puto el que lo lea",0,,1,tóxico,0.023378364741802216,0.976621687412262,0.976621687412262,FP
2I6B6QSY7AA,UgyyAvjxMrrSL80PfVB4AaABAg,"Esto lo hizo AMLO por 30 años en México y no veo ningún video de Diego !! 
Mmmm con razón , no es mexicano !! 🤔💪🤓🇲🇽",0,,0,no_tóxico,0.9927453398704529,0.007254613563418388,0.9927453398704529,correcto
2I6B6QSY7AA,UgzvRMGo1dGaREMErft4AaABAg,Ey se llevaron a tu marido payaso zurdo,1,,1,tóxico,0.00909376796334982,0.9909062385559082,0.9909062385559082,correcto
2I6B6QSY7AA,Ugz4bkDp3UI7-_-jNuV4AaABAg,Ojalá tu amiguito cante para quee hagas compañía después de que te pago rata asquerosa,1,,1,tóxico,0.0022071965504437685,0.9977928400039673,0.9977928400039673,correcto
2I6B6QSY7AA,UgxoghXANNkp8uQuIl94AaABAg,TA preso tu amiguito,0,,0,no_tóxico,0.9782707095146179,0.021729212254285812,0.9782707095146179,correcto
2I6B6QSY7AA,UgztlyS1h7j2vjCBecF4AaABAg,Nawebona de mamaguevo,1,,0,no_tóxico,0.9949770569801331,0.005022867117077112,0.9949770569801331,FN
2I6B6QSY7AA,UgwlMdga-jGC3_yWY754AaABAg,"Y yo conocí a la persona más jala bolas del mundo, y ese eres tú 😮❤❤",0,,0,no_tóxico,0.9119346737861633,0.08806531131267548,0.9119346737861633,correcto
2I6B6QSY7AA,UgyiwaL-Pj6x-D6X7QZ4AaABAg,Saludos desde Zinacantepec Edo de México Diego gracias por tu información que Dios te bendiga siempre by,0,,0,no_tóxico,0.9988270401954651,0.0011729246471077204,0.9988270401954651,correcto
2I6B6QSY7AA,Ugzm05-0hIVXMGhc8FF4AaABAg,"Excelente Diego, pero la OPOSICION VIOLENTA ni con manzanitas.",0,,0,no_tóxico,0.9991483688354492,0.0008516345405951142,0.9991483688354492,correcto
2I6B6QSY7AA,UgxlBuXXdeXNz2f8Gd14AaABAg,lambebotas jaja,1,,0,no_tóxico,0.9982738494873047,0.0017261278117075562,0.9982738494873047,FN
2I6B6QSY7AA,UgzGcLGJpYAJidZEW1t4AaABAg,grande Ruzzarin!,0,,0,no_tóxico,0.9900690913200378,0.009930836968123913,0.9900690913200378,correcto
2I6B6QSY7AA,UgyjNiUc0z1rFnL6cIV4AaABAg,Tienes todo razon Maduro no es UN dictador.,0,,0,no_tóxico,0.9904980063438416,0.009501918219029903,0.9904980063438416,correcto
2I6B6QSY7AA,UgyjNiUc0z1rFnL6cIV4AaABAg.ARho6gQf08xARiQwll5yjw,Exacto YA NO ES JAJAJAJAJA VIVA VENEZUELA ❤ 🇻🇪🇻🇪🇻🇪🇻🇪,0,,1,tóxico,0.49574822187423706,0.5042517185211182,0.5042517185211182,FP
2I6B6QSY7AA,UgyjNiUc0z1rFnL6cIV4AaABAg.ARho6gQf08xARzN-qZBoVK,En efecto ya no lo es,0,,0,no_tóxico,0.9520812630653381,0.047918710857629776,0.9520812630653381,correcto
2I6B6QSY7AA,Ugyo2DPO4xkStLepOpZ4AaABAg,Calla huevonazo!,1,,1,tóxico,0.37196460366249084,0.6280353665351868,0.6280353665351868,correcto
2I6B6QSY7AA,UgwFO-kq2wnVVKObZJV4AaABAg,"bastardo comprado, espero te vaya igual que tu ídolo",1,,1,tóxico,0.02939513325691223,0.9706048965454102,0.9706048965454102,correcto
2I6B6QSY7AA,UgwUlbkLEs1i4yhe3sd4AaABAg,"Gobiernos que no se alineen a los deseos de la élite sionista y que no sean entreguistas, les acusarán de “dictador, narco gobierno, comunista, etc”. 
La élite sionista es la que prepara el reino del anticristo y por lo visto Gaza será su sede de imperio terrenal.",0,,1,tóxico,0.008832255378365517,0.9911676645278931,0.9911676645278931,FP
2I6B6QSY7AA,Ugy8HIuphYb1tj5-q-t4AaABAg,"Salgan mas,viajen mas",0,,0,no_tóxico,0.9674562215805054,0.03254380449652672,0.9674562215805054,correcto
2I6B6QSY7AA,UgzUxoZejOgxdL-Lc6p4AaABAg,"Maduro: 2026 Sorprendeme.jpg

2026: Ta Bien!

Xd",0,,0,no_tóxico,0.9986947178840637,0.00130525603890419,0.9986947178840637,correcto
2I6B6QSY7AA,UgzGQFd5PXu9O8sd4hR4AaABAg,"No conoces historia? Hubo elecciones en la Alemania Nazi, también las ha tenido Cuba, también las hizo Stalin y Musolini. Los regímenes autoritarios hacen elecciones amañadas para fingir legitimidad. Ya que estuvistes en Venezuela, comenta quienes son los rectores del CNE todos abiertamente del partido de gobierno igual que los jueces. Que persiguen e inhabilitan políticos de oposición. Y que impidieron la inscripción a venezolanos en el extranjero para poder votar, negandoles su derecho. También diles cuál es el periodismo o prensa crítica que queda dentro de Venezuela. En fin un sistema autoritario de manual de partido único.",0,,0,no_tóxico,0.9989603757858276,0.0010396512225270271,0.9989603757858276,correcto
2I6B6QSY7AA,Ugxpz69l2ueD-p__PTN4AaABAg,"Tu idolo cayo, no cabe duda que leer no siempre hace mejor a una persona tu defensa de gente que silencio permanentemente a cualquier otro por una ideología política hace lo que eres una basura",1,,0,no_tóxico,0.7490360736846924,0.2509639263153076,0.7490360736846924,FN
2I6B6QSY7AA,UgzzBVwTgfopUBO64nl4AaABAg,"El criterio de este influencer, parece el pensamiento de un niño de 5 años que le dicen que si no se duerme temprano, el coco se lo va a comer, y él se lo cree. 
¿Ya salió a pedirle disculpas al pueblo Venezolano y aceptar que Maduro era un dictador en toda regla?",0,,0,no_tóxico,0.9294554591178894,0.07054457068443298,0.9294554591178894,correcto
2I6B6QSY7AA,Ugy3l92GLLkHZsE4oih4AaABAg,"Creo que defiendes algo que es muy distinto, quieres hacer creer algo que no es",0,,0,no_tóxico,0.9993901252746582,0.0006098923622630537,0.9993901252746582,correcto
2I6B6QSY7AA,Ugyu__PFua_BqdBvxcV4AaABAg,Expropiaron empresas eso es más que socialismo,0,,0,no_tóxico,0.7926276922225952,0.2073722779750824,0.7926276922225952,correcto
2I6B6QSY7AA,Ugz-G9YnHBI3Tp4SnKR4AaABAg,Porque es un espectáculo,0,,0,no_tóxico,0.9734916687011719,0.026508266106247902,0.9734916687011719,correcto
2I6B6QSY7AA,UgymJs18jjIN4HodV0F4AaABAg,Supongo que diego es tan egocentrico que no borrara esto 😂😂😂,0,,0,no_tóxico,0.9987465143203735,0.0012534178094938397,0.9987465143203735,correcto
2I6B6QSY7AA,UgwFzwmRG3q3gHeLnfx4AaABAg,dale basura pagada,1,,1,tóxico,0.053343579173088074,0.946656346321106,0.946656346321106,correcto
2I6B6QSY7AA,UgySlrRFIOXV-WPRIIF4AaABAg,Que feo ser tan pendejo y tan seguro de si mismo,1,,1,tóxico,0.06876646727323532,0.9312335848808289,0.9312335848808289,correcto
2I6B6QSY7AA,UgyXT9xVpZwVohPJJ3d4AaABAg,"Jajaja como te sientes ahora cerdo hipócrita, disfruta de tu iPhone con tu Starbucks y tu McDonald’s",1,,1,tóxico,0.004322385415434837,0.995677649974823,0.995677649974823,correcto
2I6B6QSY7AA,Ugxl4r2cW7WAtClH6kF4AaABAg,Están igual de pndejos los dos...,1,,0,no_tóxico,0.9993672966957092,0.000632763491012156,0.9993672966957092,FN
2I6B6QSY7AA,Ugx3XlwDW5F0517WSQp4AaABAg,Su próximo video “Un pintor austriaco incomprendido”😢,0,,0,no_tóxico,0.9987939596176147,0.0012059990549460053,0.9987939596176147,correcto
2I6B6QSY7AA,UgxY-IxL1dfl2WRIzuB4AaABAg,Tratar de blanquear una dictadura conozco a varios venezolanos y la historia es muy distinta. Me da asco escuchar esto no pensaba que eras así. En fin al final solo resultaste ser propaganda. 🎉 Felicidades,0,,1,tóxico,0.09161330759525299,0.9083867073059082,0.9083867073059082,FP
2I6B6QSY7AA,Ugym9vmUgSO9mr0b5C14AaABAg,"Hola Dieguito 😂😂😂😂😂 Madurito me dijo que Venezuela no era socialista 🤡🤡🤡🤡 ya tenemos el recordatorio, la presidenta de México también es un títere del narco, te falta calle pero en tu país Dieguito ☺️☺️☺️☺️ conoce tus raíces y no hables de lo que no sabes irresponsable.",0,,0,no_tóxico,0.9858552813529968,0.01414467766880989,0.9858552813529968,correcto
2I6B6QSY7AA,UgxrnEtkocsRI13cXWV4AaABAg,"Esperemos no les roben los recursos o ya está pasando, mientras se habla del tema",0,,0,no_tóxico,0.9991347193717957,0.0008653021650388837,0.9991347193717957,correcto
2I6B6QSY7AA,Ugzhg5Sd_Xa2NOovh7p4AaABAg,"Solo vine a dejar el dislike y a burlarme de que al fin el asqueroso de maduro este tras las rejas
Saludos dieguito, has de andar triste",1,,0,no_tóxico,0.8123048543930054,0.18769514560699463,0.8123048543930054,FN
2I6B6QSY7AA,UgwV8M5fIt6ZZCgkqzF4AaABAg,Todos los dictadores tienen fanáticos y defensores.,0,,0,no_tóxico,0.999426007270813,0.0005739751504734159,0.999426007270813,correcto
2I6B6QSY7AA,UgwwCAxLLHiQFZS64Al4AaABAg,Recibió dinero de la narco dictadura,0,,1,tóxico,0.21482622623443604,0.785173773765564,0.785173773765564,FP
2I6B6QSY7AA,UgyzBnaq171BSTQPvyx4AaABAg,"El error de Venezuela fue que los que querian un país libre del chavismo, tocaron la puerta de los yankis .",0,,1,tóxico,0.0656500980257988,0.9343498349189758,0.9343498349189758,FP
2I6B6QSY7AA,UgxrNBczh9KIzuT-i6h4AaABAg,"No mamar, el PRI hacia procesos electorales con solo 1 candidato.",0,,0,no_tóxico,0.9972612857818604,0.0027386746369302273,0.9972612857818604,correcto
2I6B6QSY7AA,UgwRc4kzfGMyTKukgRx4AaABAg,¿Que se siente sentarse al lado de un narcoterrorista y blanquéale su imagen?,0,,0,no_tóxico,0.9856481552124023,0.014351862482726574,0.9856481552124023,correcto
2I6B6QSY7AA,UgwyVtsG8NRArPiY7Bx4AaABAg,"Apoyalo se empático xon él y vete a NY que te encierren , jajajaja",0,,0,no_tóxico,0.9886676669120789,0.011332357302308083,0.9886676669120789,correcto
2I6B6QSY7AA,UgxxwWw2qqbo8zLb4Np4AaABAg,"Que bien, me alegro que todo tus seguidores hayan hecho el deber social de condenarte por blanquear una dictadura de una manera tan intelectualmente deshonesta. Demagogo",0,,0,no_tóxico,0.993695080280304,0.006304923444986343,0.993695080280304,correcto
2I6B6QSY7AA,UgwrcOlm9ajnyhLbtdp4AaABAg,Vendido.,0,,0,no_tóxico,0.9958154559135437,0.004184578079730272,0.9958154559135437,correcto
2I6B6QSY7AA,UgyMmT4HtljaUuuNka54AaABAg,Pemdejos,1,,0,no_tóxico,0.9773337244987488,0.022666197270154953,0.9773337244987488,FN
2I6B6QSY7AA,UgxJ1tmJ6Y7y4w3pEcp4AaABAg,Que buen timing,0,,0,no_tóxico,0.9950226545333862,0.0049773696810007095,0.9950226545333862,correcto
2I6B6QSY7AA,UgzTycgyIQ6l9fnCKe14AaABAg,"YA LO CONOCIO DONAL TRAMP, EN PERSONA TAMBIEN IGUAL QUE TU, CROMA SABLES 3MIL",0,,0,no_tóxico,0.9982660412788391,0.001733928918838501,0.9982660412788391,correcto
2I6B6QSY7AA,UgzDs7TNNnaqbxumnAt4AaABAg,Le van a glasear la rosca a este wey jajajaja,0,,0,no_tóxico,0.9992352724075317,0.0007647575694136322,0.9992352724075317,correcto
2I6B6QSY7AA,UgyFW2d4jsQCoznXAjV4AaABAg,Vengo del futuro. Jajajajajaja Diego Ruzzarin fuiste la escort de Maduro jajajaja que bajo eres.,0,,0,no_tóxico,0.9992364645004272,0.0007635178626514971,0.9992364645004272,correcto
2I6B6QSY7AA,UgwqhnAxf12OxYHGmVh4AaABAg,"??????? Eres tan inteligente como tragarte esos cuentos de que la gente lo abraza y le muestra ""cariño"". Ya estas viejo para tragar cuentos.",0,,0,no_tóxico,0.9987303614616394,0.0012696916237473488,0.9987303614616394,correcto
2I6B6QSY7AA,UgzY4FF21_hogRUECip4AaABAg,Quedaste 🤡,0,,0,no_tóxico,0.9723607897758484,0.027639221400022507,0.9723607897758484,correcto
2I6B6QSY7AA,UgyccWTgHqyuHcwuABZ4AaABAg,Cayo preso tu marido,0,,0,no_tóxico,0.97611403465271,0.023885903880000114,0.97611403465271,correcto
2I6B6QSY7AA,UgzrwU_h_8hrv_pKXdB4AaABAg,"Vistes todo lo que querían que vieras, por eso te invitaron, te utilizaron como un cachorrito, y si no fue así te pagaron con un billete porque eso que viste solo se ve en el chavismo, como se nota que no has vivido en la clase media, vives en esa burbuja osea es como si te presentarán un dibujo con un paisaje bonito pero atrás está el caos",0,,1,tóxico,0.013717512600123882,0.9862825274467468,0.9862825274467468,FP
2I6B6QSY7AA,UgwljW7rPj_Qs2VhLct4AaABAg,Cómo se nota que te la das de intelectual y no entiendes un carajo.,0,,0,no_tóxico,0.8112465143203735,0.18875344097614288,0.8112465143203735,correcto
45J0q2xi7Qk,UgxbyyzoSzE9QUvwMrJ4AaABAg,"Esta guerra es por el petroleo, el papel verde sin petroleo no vale nada.
Venezuela fue invadida y ya  saquean el petroleo, ahora están detras de Irán, luego dirán que mexico es un narco estado y tambien le llevarán la ""democracia""",0,,1,tóxico,0.0053426166996359825,0.9946573376655579,0.9946573376655579,FP
45J0q2xi7Qk,UgxbyyzoSzE9QUvwMrJ4AaABAg.AUKpCOboltNAUKppLv8LPc,Si es tremendamente un estado narco no jdas jajajaj,0,,1,tóxico,0.03314293920993805,0.9668570160865784,0.9668570160865784,FP
45J0q2xi7Qk,UgxbyyzoSzE9QUvwMrJ4AaABAg.AUKpCOboltNAUpWRzhL7fl,​@H.J2121Narcoestado ya era desde el sexenio de Calderón.,0,,0,no_tóxico,0.9994262456893921,0.0005737260216847062,0.9994262456893921,correcto
45J0q2xi7Qk,UgzMTEAU1J1cuhXK7Bh4AaABAg,Ahí se demuestra quien es el verdadero régimen que es EEUU,0,,0,no_tóxico,0.9990034699440002,0.0009965222561731935,0.9990034699440002,correcto
45J0q2xi7Qk,UgwgQrllvpd0CtPV_L54AaABAg,Conflicto,0,,0,no_tóxico,0.997847318649292,0.0021526990458369255,0.997847318649292,correcto
45J0q2xi7Qk,Ugy4zWBn_jzVcdy2BXt4AaABAg,Antes también había corrupcion por eso cayó,0,,0,no_tóxico,0.9992889165878296,0.0007110587903298438,0.9992889165878296,correcto
45J0q2xi7Qk,UgyVgvbPLpaZsiBU1r14AaABAg,Lamentable suerte para los desecendientes de los persas ... el sha y los ayatolas son la misma porqueria y en medio una sociedad iraní soñando la libertad y desarrollo que ninguno de estos los concedería ...,0,,1,tóxico,0.013252606615424156,0.9867473840713501,0.9867473840713501,FP
45J0q2xi7Qk,UgzvTtht9RVdYd1jSCB4AaABAg,BIEN MAMÁCITAS.  LO MALO ES QUE SUS MACHOS SON MUY PICADORES PERO BIEN MARICAS.  NI LAS DEFIENDEN ESTOS CABRONES,1,,1,tóxico,0.017442118376493454,0.9825579524040222,0.9825579524040222,correcto
45J0q2xi7Qk,UgxSXRX3JnZ00KzOfPV4AaABAg,SIEMPRE TU REVOLUCIONARIO.......SERA A CORTO O LARGO PLAZO TU NUEVO OPRESOR,0,,0,no_tóxico,0.9983483552932739,0.0016516202595084906,0.9983483552932739,correcto
45J0q2xi7Qk,Ugycrq8pEJToHlXYs8J4AaABAg,Afganistán igual ;(,0,,0,no_tóxico,0.9967621564865112,0.0032377925235778093,0.9967621564865112,correcto
45J0q2xi7Qk,UgwEICn5ATuuENb7YSh4AaABAg,"modernidad? drogas, sexo, pedofilia si eso es modernidad prefiero seguir a Alá",0,,1,tóxico,0.0018624955555424094,0.9981374740600586,0.9981374740600586,FP
45J0q2xi7Qk,UgwEICn5ATuuENb7YSh4AaABAg.AUHHK72HWZZAUSq1Hh1dh3,Sí sos musulman porque no te llevas a irán,0,,1,tóxico,0.0028357990086078644,0.9971641898155212,0.9971641898155212,FP
45J0q2xi7Qk,Ugxp5aYfU88FI3-MuRt4AaABAg,"cuantas mentiras decis magnus, me extraña",0,,0,no_tóxico,0.9979865550994873,0.0020134614314883947,0.9979865550994873,correcto
45J0q2xi7Qk,Ugyb7Y6yqYvksAuqD-N4AaABAg,Irán es tal cual lo que es hoy antes de la intervención de 1953 y hay que aceptar su destino de cada país sin intervenciones para que cambie simplemente porque otro país lo dice por qué no podemos cambiar la vida de nuestros vecinos y decirle cómo tienen que vivir y qué es lo que tienen que hacer ni meternos en la vida de nadie más solamente tenemos que aceptar tal cual como somos,0,,0,no_tóxico,0.9993003606796265,0.0006996724987402558,0.9993003606796265,correcto
45J0q2xi7Qk,Ugy6ah5Y2S4c75kETtN4AaABAg,Irán nunca había sido intervenida hasta 1953 era virgen de modelos y pensamientos ideales de Estados Unidos hasta que intervino así que tienes que mostrar cómo eran antes de 1953 cuándo nunca había sido intervenido y si nunca hubiera sido intervenido así fuera hoy tal cual como hay que aceptar cómo es cada país y.punto,0,,0,no_tóxico,0.9994127750396729,0.0005872630863450468,0.9994127750396729,correcto
45J0q2xi7Qk,UgyxXeNoW33k_Gx5hlF4AaABAg,Tú estás mostrando la década de los 70 tienes que mostrarme la década antes del 1953 que los Estados Unidos intervinió para poner a un gobierno favorable a los intereses y a la forma de libertad de los Estados Unidos eso no es Irán lo que tú estás mostrando será Irán pero con un gobernante con pensamientos estadounidenses entonces tú estás mostrando un modelo político implantado por los Estados Unidos cuando intervinió si no hubiera intervenido jamás nunca en la vida o ningún país toda su cultura fuera tal cual como es ella porque no puedes imponer un cambio de modelo político y forma de pensar de otro país tenemos que aceptar toda la cultura toda la música de toda esa forma de vivir porque si no no no viéramos en otros países personas con cultura Irán sin velos y sin cultura sino con cultura imperialista estadounidense entonces dices mentira no muéstrame Irán antes del 1953,0,,0,no_tóxico,0.9963600039482117,0.003639988135546446,0.9963600039482117,correcto
45J0q2xi7Qk,UgxiMfHbLoudjq5tQYx4AaABAg,"asi como castro y chaves, utilizo la ignorancia de los ciudadanos, esos comunistas, islamistas, terroristas, zurdos radicales, matan al pueblo de hambre y miseria",0,,1,tóxico,0.0017425589030608535,0.9982574582099915,0.9982574582099915,FP
45J0q2xi7Qk,UgxiMfHbLoudjq5tQYx4AaABAg.AUHAuxVsMB8AUpWe84RkNy,Que bien describes a los fachos y sionistas.,1,,1,tóxico,0.07475045323371887,0.9252495169639587,0.9252495169639587,correcto
45J0q2xi7Qk,UgzpHDgMz324fAkMqlR4AaABAg,"NO Apoyamos las Atrocidades cometidas por el SHA y su Monarquía ABSOLUTA. 
Pero sin Duda su Población Al Menos Tenía un Atisbo de Libertad, porque El Polo Opuesto: el Extremismo ISLÁMICO ha Sido Mucho PEOR para el Pueblo Iraní.",0,,1,tóxico,0.005965116433799267,0.9940349459648132,0.9940349459648132,FP
45J0q2xi7Qk,Ugw-Jg_S6PPIR0EtiQx4AaABAg,"Yo no sé como hay personas que apoyen este régimen de Irán 😮 nadie tiene derecho a nada ahí , es para que lo piensen muy bien eas gente que no es Iraní , y que además gozan de sus libertades en sus paises ,antes de apoyar esa dictadura extrema .",0,,0,no_tóxico,0.9984097480773926,0.0015902308514341712,0.9984097480773926,correcto
45J0q2xi7Qk,Ugwq9U9pCoyhQq7J3tR4AaABAg,Ellos si necesitan quitar el patriarcado que en España joden con su 8am  buscan igualdad en que un sentido estupido. Mandé los a irán o a las guerras por qué hacer problemas es fácil destruir lo que el hombre creo es fácil pero ayudar mejorar la sociedad no?,0,,1,tóxico,0.003643050091341138,0.9963569045066833,0.9963569045066833,FP
45J0q2xi7Qk,UgzPOGkUdFeEogrBdi14AaABAg,Irán  iraníes theran persa revolucion republica lider supremmo seguridad geopolitica estrateguia dentro geografico geopolitica estrateguia es. Una tradicion y. Obligacion.  De. Iran de. Politica y. Estrateguico.  de.belo. Mara.  Todo.  Mujeres. Reguimen.  Revolucion republica Libertad   y.  Pero teocratico y persa.  Y.  Mosulbanes.  Chiitas.  Todos.  Por.  Igual.  Por.  Siglo.  De.  Iran iraní iraníes theran islamico religión persa revolucion republica lider,0,,0,no_tóxico,0.9959949254989624,0.004005096852779388,0.9959949254989624,correcto
45J0q2xi7Qk,Ugw49SB0ZrYDl9uMff94AaABAg,Esto es como eso 😂😂,0,,0,no_tóxico,0.993388295173645,0.006611715070903301,0.993388295173645,correcto
45J0q2xi7Qk,Ugyqt0toziQ37qtOkjd4AaABAg,Las minifaldas son el simbolo del liberatismo y la democracia? EEUU e Israel les importa las mujeres de Irán?? Porque han asesinado 180 niñas de un cole?,0,,0,no_tóxico,0.9298304915428162,0.07016946375370026,0.9298304915428162,correcto
45J0q2xi7Qk,UgwQbfgTkitreFsMlIx4AaABAg,"Y todo por los malditos de izquierda que llevaron a los ayatollah, merecen cárcel aquí e infierno si existe en la otra vida.",1,,1,tóxico,0.0025087485555559397,0.9974912405014038,0.9974912405014038,correcto
45J0q2xi7Qk,UgwDI3cURQOyfzleK2R4AaABAg,¿Se ven completamente normales? ¿Qué es normal? ¿el american way of life? ¿y si para una cultura milenaria eso no es aceptable? Teheran era una ciudad cosmopolita? ¿u occidentalizada? ¿O sea que la culpa de los problemas de medio oriente es culpa de Iran? ¿Y qué hay del Sha que gobernaba en los 70's? 'Cuantos años llevaba en el poder respondiendo a los intereses de los EEUU? Decir verdades a medias es bien fácil...,0,,0,no_tóxico,0.9993034601211548,0.00069647585041821,0.9993034601211548,correcto
45J0q2xi7Qk,UgyaC_0U7EXLvnVt_bx4AaABAg,Que loco que un puñado de fanáticos religiosos hagan tanto daño a una población lo peor es que en pleno 2026 hay quienes los defienden.,0,,0,no_tóxico,0.9979070425033569,0.0020929756574332714,0.9979070425033569,correcto
45J0q2xi7Qk,Ugx09OtiprcaP8gXiYd4AaABAg,IRANIÉS mALECHORES,1,,0,no_tóxico,0.997593343257904,0.00240668305195868,0.997593343257904,FN
45J0q2xi7Qk,UgweEiSXkDmsKnNr30Z4AaABAg,Recuerda que cuando las cosas están mal pueden empeorar 😅,0,,0,no_tóxico,0.999224066734314,0.0007759032305330038,0.999224066734314,correcto
45J0q2xi7Qk,UgxTixkI9g7MyditQH54AaABAg,"Muy Interesante documental,
Gracias por esa información,
Solo una cosa no se dice Médicas sino médicos,
En todo caso se debería decir doctoras que es lo correcto,
Por lo demás Felicitaciones por tan ilustrativo video.",0,,0,no_tóxico,0.999342143535614,0.000657853321172297,0.999342143535614,correcto
_he3Z-xUr3g,UgzhBK-MaxY-mYtpzFt4AaABAg,Tiene razón él y muchos sinvergüenzas y delincuentes como él seguirán victimizandose y riéndose de nosotros mientras no dejemos de ser gilipollas y consintamos q está gentuza nos toreen,1,,1,tóxico,0.004059941042214632,0.995940089225769,0.995940089225769,correcto
_he3Z-xUr3g,UgwkqsAMtI6YsrgCPKJ4AaABAg,"Estimados progreñecos, hacéis un trabajo estupendo retratando la sociedad actual. Comentar la teoría de la estupidez de Dietrich, igual ayudaba a alguno a verse reflejado…Segurísimo que la conocéis. Un saludo y gracias por vuestro trabajo !!!",0,,1,tóxico,0.2662576138973236,0.733742356300354,0.733742356300354,FP
_he3Z-xUr3g,Ugziit_vYMjKq0xzz394AaABAg,Cada vez os estáis superando a la realidad total😅😅,0,,0,no_tóxico,0.9993508458137512,0.0006491210078820586,0.9993508458137512,correcto
_he3Z-xUr3g,UgzIvHysDy3ignJLk7d4AaABAg,Pregunta ¿por ser blanca no pertenezco a ninguna raza? 😮,0,,0,no_tóxico,0.9987468719482422,0.0012530646054074168,0.9987468719482422,correcto
_he3Z-xUr3g,UgzDNFbdNVObjXhkStF4AaABAg,Cuando salga Óscar puente ponle como un mono,1,,0,no_tóxico,0.5449591875076294,0.4550408124923706,0.5449591875076294,FN
_he3Z-xUr3g,UgyeatVLgzbRmj3HZch4AaABAg,La voz que le has puesto al negro me recuerda un poco a la de un tío blanco hetero,0,,1,tóxico,0.009786990471184254,0.9902129769325256,0.9902129769325256,FP
_he3Z-xUr3g,Ugx74asq1WsPBcc19kZ4AaABAg,"Hola progresemos deberíais hacer un video sobre, musulmán el que no bote, que toda la prensa palanganero de izquierdas y tambien de derechas ha hecho tanto ruido, mientras vemos como nos invaden, insultan constantemente a España, su bandera, su himno y la religión católica y nadie dice nada.",0,,0,no_tóxico,0.748165488243103,0.2518344819545746,0.748165488243103,correcto
_he3Z-xUr3g,Ugxi98RlXxE_qSlpNgN4AaABAg,"España ya esta perdida, que pena, o espabilamos, o desaparecemos.",0,,0,no_tóxico,0.99935382604599,0.0006461392040364444,0.99935382604599,correcto
_he3Z-xUr3g,UgxT9xJqQt4gGQbd31F4AaABAg,"A título personal, quemaría su DNI, lo desnudaría, y lo metería de vuelta en otra patera con una botella de agua y una brújula 😂",1,,1,tóxico,0.02701561711728573,0.9729843735694885,0.9729843735694885,correcto
_he3Z-xUr3g,UgwsJ0dosIrJiFMttkJ4AaABAg,"El inframundo de las cloacas del estado con sus recovecos y salas secretas se han encendido las luces y un zumbido creciente suena algo se ha puesto en marcha,y no es bueno para nadie",0,,0,no_tóxico,0.9995467066764832,0.00045331771252676845,0.9995467066764832,correcto
_he3Z-xUr3g,UgzYCJPr0cwqOiqaiLZ4AaABAg,Que fuerte. Parece el mundo al revés😨,0,,0,no_tóxico,0.9972267746925354,0.002773192012682557,0.9972267746925354,correcto
_he3Z-xUr3g,UgzwYp4ueyMPro0VbCl4AaABAg,¿Te entegaste el caso de Noelia Castillo? ¿Crees que hubo influencias para llegar ha este extremo pese que a ella estaba bien y puede andar aunque con dificultad según algunos videos que se publicó? ¿Podías hacer un video contando de este tema de la eutanasia embasando el caso ese que convonío a toda España y Europa?,0,,0,no_tóxico,0.9991638660430908,0.0008360978681594133,0.9991638660430908,correcto
_he3Z-xUr3g,UgwtxPpZ_gPHvNyIX0x4AaABAg,Excelente como siempre,0,,0,no_tóxico,0.9963661432266235,0.003633814165368676,0.9963661432266235,correcto
_he3Z-xUr3g,UgwmoLLXULo7pDlECw14AaABAg,"Menudo ridículo que han hecho los de podemos... nobhan pasado 5 minutos de la detención a la campaña mediática de los podemongers. 
De verdad cuánto más hay que aguantar a esta gentuza que no hacen nada bueno a la sociedad.

Por cierto, os he descubierto hace pocos días, sois GENIALES. 
Gracias por contar las cosas de esta manera tan especial.
Suerte y Viva España Libre",1,,0,no_tóxico,0.880125105381012,0.11987492442131042,0.880125105381012,FN
_he3Z-xUr3g,UgxlQmSwkKt3edkTbat4AaABAg,"No solo que es mantero, sino que es  narco.",0,,1,tóxico,0.0022502474021166563,0.9977497458457947,0.9977497458457947,FP
_he3Z-xUr3g,Ugy2QjBLHo7S_sxDxC94AaABAg,"Racismo es cuando un delincuente negro sale libre, mientras sus compinches no negros siguen en la carcel.",0,,0,no_tóxico,0.8859062194824219,0.11409375816583633,0.8859062194824219,correcto
_he3Z-xUr3g,UgwjoOm7KRy7m3dzoTh4AaABAg,"Progreñecos, les tengo otro material: Alegadamente Pedro Sánchez mandó a cerrar el espacio aéreo español a los vuelos militares de Estados Unidos por su guerra contra Irán. ¿Qué creen de eso?",0,,0,no_tóxico,0.9747611284255981,0.025238828733563423,0.9747611284255981,correcto
_he3Z-xUr3g,UgzcIisvm8peUTfE4GB4AaABAg,"Menos mal que había vídeos, olé 👏👏👏 por la actuación policial ❤❤❤",0,,0,no_tóxico,0.998458743095398,0.0015413111541420221,0.998458743095398,correcto
_he3Z-xUr3g,UgzGg2RIdJJvrzGY5GR4AaABAg,Top manta a su país,0,,0,no_tóxico,0.9597586393356323,0.040241386741399765,0.9597586393356323,correcto
_he3Z-xUr3g,UgxKa9b_NHR5aOEmNGJ4AaABAg,Soy el unico que ve estos videos por los muñecos que por la politica,0,,0,no_tóxico,0.9989620447158813,0.0010379028972238302,0.9989620447158813,correcto
_he3Z-xUr3g,UgxRviXc3L43Ydjg5QV4AaABAg,Así va España con estos victimistas,0,,0,no_tóxico,0.9851908087730408,0.014809174463152885,0.9851908087730408,correcto
_he3Z-xUr3g,UgyS4qXtOMC8cY2qnLN4AaABAg,"Está muy claro, la culpa es del Mercadona y de sus clientes, que premeditadamente aparcan cerca 😂",0,,0,no_tóxico,0.8261785507202148,0.17382147908210754,0.8261785507202148,correcto
_he3Z-xUr3g,UgzV4e6Wz4irOpCBbnd4AaABAg,"Un ICE es lo que necesitamos en España, que vayan pillando a todos los ilegales por la calle y los larguen a su país",1,,1,tóxico,0.0020053591579198837,0.9979946613311768,0.9979946613311768,correcto
_he3Z-xUr3g,UgymqSXv8EStq9TP2fB4AaABAg,Ya fue aprobada esa ley homofóbica.,0,,1,tóxico,0.11209475249052048,0.8879052400588989,0.8879052400588989,FP
_he3Z-xUr3g,Ugxki6v4pPH8qVIyh0x4AaABAg,Tiene suerte de no haber sucedido en EE.UU.,0,,0,no_tóxico,0.9896327257156372,0.010367320850491524,0.9896327257156372,correcto
_he3Z-xUr3g,UgwHXpBmLhhrHnOaQOx4AaABAg,Pero si ha venido a brillar y a contribuir!!!!,0,,0,no_tóxico,0.9985352754592896,0.0014647626085206866,0.9985352754592896,correcto
_he3Z-xUr3g,UgyBBRMFDsIkd_uPw9R4AaABAg,Devuelvan a la gente negra a su lugar de origen: Africa.,1,,0,no_tóxico,0.7905480265617371,0.20945191383361816,0.7905480265617371,FN
_he3Z-xUr3g,UgxxwJSjQMkgcwni8rV4AaABAg,Otro Sarito ? 😂😅,0,,0,no_tóxico,0.9948745369911194,0.005125508643686771,0.9948745369911194,correcto
_he3Z-xUr3g,Ugzv0FzbC6p1cC7S-QN4AaABAg,"Muy buen canal donde podemos vernos mejor reflejados, aunque desgraciadamente solo es un sueño. Vox es la solución.",0,,0,no_tóxico,0.9995618462562561,0.00043811131035909057,0.9995618462562561,correcto
_he3Z-xUr3g,Ugw_V32NSO-N8Bs7RVh4AaABAg,"Es curioso como este pais nos la mete por todos lados a los ciudadianos de bien pero a los que son manifiestamente criminales la policia no los puede ni tocar, efectivamente somos gilipollas",1,,0,no_tóxico,0.9745482206344604,0.025451786816120148,0.9745482206344604,FN
srH80O3G_uQ,UgzEeGDu_1kTLiNvk9t4AaABAg,Hermano ese cambio beneficia a México o a los gobernantes de ahora pon atención ya vistes los cambios  y no hubo nada yo vote por el pero fueron cambios radicales  pon atención,0,,0,no_tóxico,0.9995099306106567,0.0004901207867078483,0.9995099306106567,correcto
srH80O3G_uQ,UgxT8hSMnlYNi2LUovd4AaABAg,Ojalá bomaberdeen pero tu casa porque eres un insoportable,1,,1,tóxico,0.0058450656943023205,0.9941549897193909,0.9941549897193909,correcto
srH80O3G_uQ,UgwfhcxO8OHNRBrMRG94AaABAg,"Gracias Diego, saludos desde Uruguay",0,,0,no_tóxico,0.9967767596244812,0.0032232056837528944,0.9967767596244812,correcto
srH80O3G_uQ,UgywOIg5j5aMpBKPDHB4AaABAg,❤♥️♥️🇻🇪🇮🇷🇵🇸🇰🇵🇷🇺🇨🇳♥️♥️,0,,0,no_tóxico,0.9801512956619263,0.019848773255944252,0.9801512956619263,correcto
srH80O3G_uQ,Ugz8EQxs59hBVI1rQpV4AaABAg,Imperio en decadencia ?? Jaja sueña Diego sueña.,0,,0,no_tóxico,0.9991753697395325,0.0008245838107541203,0.9991753697395325,correcto
srH80O3G_uQ,UgzYnoN1cYlBLcnlFCB4AaABAg,"Carnal la CIA y Washintong ya te están censurado, debo decirte que entrevistar al embajador fue muy riesgoso, muy.",0,,0,no_tóxico,0.999263346195221,0.0007365909405052662,0.999263346195221,correcto
srH80O3G_uQ,UgwTysJLBFU28kxqrGF4AaABAg,"😂😂 resulta que si han penetrado sus escudos anti misiles (USA e Israel), y como dices no han usado los mejores misiles.",0,,0,no_tóxico,0.9990426898002625,0.0009572332492098212,0.9990426898002625,correcto
srH80O3G_uQ,UgyHGCPTAFf6kRap1_l4AaABAg,"Una guerra es muy costosa y eeuu ha hecho mal las cuentas con ese sinvergüenza inmoral que les preside.
Lo siento por la buena gente que viva allí. Las cosas se van a poner muy feas.
El suelo americano se convertirá en una pesadilla.",0,,0,no_tóxico,0.9952693581581116,0.004730658605694771,0.9952693581581116,correcto
srH80O3G_uQ,UgxAp1LJUFAGDg02QYV4AaABAg,"Dios te oye, Diego.  

Que así sea, y este ""imperio"" pase a ser un mal recuerdo.",0,,0,no_tóxico,0.990307092666626,0.009692920371890068,0.990307092666626,correcto
srH80O3G_uQ,UgxnzQ06ooJgtBixTI14AaABAg,"Una vez consumido por el nihilismo al que llegue gracias a mi busqueda por el pensamiento critico que fomenta Diego comente en uno de sus videos. Buscaba una guia de que hacer con mi vida, no se si llegue a borrar el mensaje pero creo nunca hubo respuesta. Hoy en dia dos anhos o mas despues, al haber encontrado el debate con Munhoz, y al haber leido un poco mas a Nietzsche me doy cuenta que ahora tengo un criterio con un poco mas de fundamentos. Soy una persona en constante actividad sobre mi vida y no un ninho en busca de salvacion. Llegue al resultado al que llegue, ahora me enfoco en la forma en la que decido llevar mi vida y en por que decido hacerlo. Y por eso te agradezco Diego Ruzzarin, por que gracias a ti me atrevi y atrevo a leer y cuestionar mas que antes.",0,,0,no_tóxico,0.9994333386421204,0.0005666788201779127,0.9994333386421204,correcto
srH80O3G_uQ,UgxnzQ06ooJgtBixTI14AaABAg.AUtZ9wfG8mDAUtZGvvyxX4,"Perdon por la falta de tildes, no quise cambiar los ajustes de mi teclado tan solo por un comentario.",0,,0,no_tóxico,0.9994164705276489,0.0005835292977280915,0.9994164705276489,correcto
srH80O3G_uQ,UgxnzQ06ooJgtBixTI14AaABAg.AUtZ9wfG8mDAUtZqlYcAJi,"En cuanto al tema del video, les quiero dejar saber que aqui en Estados Unidos, especialmente en las Universidades, todos toman al gobierno como una broma y una farsa. Aun asi hay mucha mal informacion, frustacion y radicalizacion, me preocupa.",0,,0,no_tóxico,0.9984846711158752,0.00151531002484262,0.9984846711158752,correcto
srH80O3G_uQ,Ugz01G1DpNbR6DkkhzZ4AaABAg,El mismo fiasco de Vietnam!! 😅,0,,0,no_tóxico,0.9439464807510376,0.056053485721349716,0.9439464807510376,correcto
srH80O3G_uQ,UgwaS1uJzOehJNF26MR4AaABAg,Diego si logras comunicar a cualquier gobierno se propone que pongan el impuesto a cada dolar de acuerdo el valor de cada pais como la de mexico si vale 20 pesos si el impuesto es 100% sera 40 pesos por dolar no es devaluacion es valor agregado eso es un arma para ma-tar a la fed y mas profundo que los aranceles de trump aparte eso nadie va a invertir a eeuu ni ingresar el turismo,0,,0,no_tóxico,0.9965640902519226,0.00343594653531909,0.9965640902519226,correcto
srH80O3G_uQ,UgxkjOQ8u_BaUCV_rZt4AaABAg,"Canal en decadencia, sin tu amigo maduro no eres nadie verdad RuzZZzarin? 🔥",0,,1,tóxico,0.12002576142549515,0.8799742460250854,0.8799742460250854,FP
srH80O3G_uQ,UgwMgVR4bTyWs5P8LQV4AaABAg,"Oye Pero a Trump le enviaron un regalito que no BA a decir que regalito es Pero es un regalito que le dió irán por eso Trump BA a pausar sus ataques 

Irán : ""weeee yo no te eh dado ni madres pinche Lokito"" 😂",0,,0,no_tóxico,0.9210152626037598,0.07898475229740143,0.9210152626037598,correcto
srH80O3G_uQ,UgwEP6wL6cek-koOWv54AaABAg,"No estoy de acuerdo en lo que dices sobre Iran, pero tampoco estoy de acuerdo con EUA. Despues de la conferencia que tuviste sobre Iran me gustaria expresarte que ojala tengas mas sentido critico, y no solo por darle la contra a EU, me imagino que qpoyas mucho a china, iran y venezuela que si te vas a vivir a ahi viviriar tambien como en Mexico o como en EU.",0,,0,no_tóxico,0.9991915822029114,0.0008084066794253886,0.9991915822029114,correcto
srH80O3G_uQ,UgyDyKLdcpUMqHGQOBt4AaABAg,Les recuerdo a los mexicanos que gran parte de la población se sostiene de las remesas que envían sus familiares trabajando en USA.  Si tanto odian a USA emigren a Irán para ver lo lindo que la van a pasar allá.,0,,0,no_tóxico,0.9956209063529968,0.004379133693873882,0.9956209063529968,correcto
srH80O3G_uQ,Ugwjk04-cvW-jRjyO514AaABAg,Apta!,0,,0,no_tóxico,0.9937915205955505,0.006208505015820265,0.9937915205955505,correcto
srH80O3G_uQ,UgzGyGFZkVe4GepEABh4AaABAg,Quitarle las armas nucleares a Iran🤣🤣🤣🤣🤣🤣🤣🤣🤣🤣🤣🤣🤣,0,,0,no_tóxico,0.9903796911239624,0.009620354510843754,0.9903796911239624,correcto
srH80O3G_uQ,UgyggoOuf6l2naMR-k94AaABAg,Hablas huevadas.,1,,1,tóxico,0.3742026388645172,0.6257973909378052,0.6257973909378052,correcto
srH80O3G_uQ,Ugz_G_WJQ0vJ07w8Au14AaABAg,"Hola Diego, espero te encuentres muy bien, sabes espero algún día se me haga debatir contigo 😮❤❤❤",0,,0,no_tóxico,0.9988777041435242,0.0011223155306652188,0.9988777041435242,correcto
srH80O3G_uQ,UgyelAQT1EWl2sxTKkZ4AaABAg,Impopular? Dices...,0,,0,no_tóxico,0.9986358284950256,0.0013641838449984789,0.9986358284950256,correcto
srH80O3G_uQ,UgwXhhUgwU_KqGvqdmx4AaABAg,"Viendo a la sociedad de USA y al mismo al trompas así como está, que pasaría si detuvieramos el envío de mugre (DR0G4S) al gabacho para acábarlos de ch1ng4r??? Eso sería épico verlos j0d1d05 en la gu3rr4 y sin su respectiva mugre, para ver que hacen según ellos muy ch1ng0n3s...!!! Jajajaja 🤣🤣🤣",1,,1,tóxico,0.002147890394553542,0.997852087020874,0.997852087020874,correcto
srH80O3G_uQ,Ugxi7nq4LaFQOx21vbB4AaABAg,Viva el pueblo digno y valiente de Irán ❤️🇮🇷,0,,0,no_tóxico,0.998856782913208,0.0011432148749008775,0.998856782913208,correcto
srH80O3G_uQ,UgwikYCA4mc24ciF_Yx4AaABAg,Yo creo que Diego Ruzzarin va a convertirse en creyente de Dios. Creo que va a entregarse a Dios en algún momento.,0,,0,no_tóxico,0.9990125894546509,0.000987417995929718,0.9990125894546509,correcto
srH80O3G_uQ,Ugy2EUha0I4qmaK6fdB4AaABAg,Cuando vas a debatir con el Dr. Pablo Muñoz Iturrieta?,0,,0,no_tóxico,0.9979801774024963,0.002019820036366582,0.9979801774024963,correcto
srH80O3G_uQ,UgwjiHhAZZxGr8-5Qmh4AaABAg,"Jajaja me encanta como lo dices, decrépito 🤣",0,,0,no_tóxico,0.9878816604614258,0.012118389829993248,0.9878816604614258,correcto
srH80O3G_uQ,UgzBKqOh7iQgArZf0Qx4AaABAg,Diego haz colaboración con Danny bilvao,0,,0,no_tóxico,0.9983980059623718,0.0016020027687773108,0.9983980059623718,correcto
srH80O3G_uQ,UgxOMcf_QQqE9fB-7fN4AaABAg,"Diego, no encuentro el vídeo donde Irán da sus condiciones para parar.la guerra.
Lo censuraron? 
O dónde como lo busco?",0,,0,no_tóxico,0.9956852197647095,0.004314777906984091,0.9956852197647095,correcto
srH80O3G_uQ,UgwbcOg1SB5wkO6olPV4AaABAg,ola bro que te parece si jugamos unos terrarias?,0,,0,no_tóxico,0.9986066222190857,0.001393435406498611,0.9986066222190857,correcto
srH80O3G_uQ,UgxARifji-47YWJrDYB4AaABAg,Esperemos que tomen hasta la ultima gota de sangre  de los terroristas,1,,1,tóxico,0.004640418570488691,0.9953595995903015,0.9953595995903015,correcto
srH80O3G_uQ,UgxRqO9bowJT4nhRtnh4AaABAg,Diego Ruzzarin es el típico envidioso disfrazado de revolucionario,1,,1,tóxico,0.10369472205638885,0.89630526304245,0.89630526304245,correcto
srH80O3G_uQ,UgxgkuroR8DjjC2gi_14AaABAg,Una mas de diego pizarrin,0,,0,no_tóxico,0.9983776807785034,0.0016223444836214185,0.9983776807785034,correcto
srH80O3G_uQ,UgyNT9ood_kAd0E2EdZ4AaABAg,"Ay mi Diego . Terco de apostarle a los perdedores. Bueno, yo también lo haría si es parte de mi agenda zurda.   Mira mi Diego. Te voy a aclarar el pensamiento: no sabías que todo lo que se gasta en una guerra es recuperado con creces al ganar esa guerra ?    Velo como una inversión . Yo sé que el chip de zurdo que te cargas no te permite ver esto. Pero al menos inténtalo . 🙂. No verdad terminarás  odiándome cuando veas que el estrecho de Ormuz quedará en manos de USA POR DÉCADAS AL IGUAL QUE LO ESTUVO EL CANAL DE PANAMÁ.   Apostamos?",0,,0,no_tóxico,0.9941482543945312,0.005851777736097574,0.9941482543945312,correcto
srH80O3G_uQ,UgzQbUz-vH-9A8zUBzN4AaABAg,https://youtu.be/3v060vBWCC0?si=AjI-yv_doEJLVPWb,0,,0,no_tóxico,0.9993355870246887,0.0006644270615652204,0.9993355870246887,correcto
srH80O3G_uQ,UgyMp-UHZ2j4DwcUp0x4AaABAg,Este we ya chole,0,,0,no_tóxico,0.9981715679168701,0.0018284564139321446,0.9981715679168701,correcto
srH80O3G_uQ,Ugy3wySz_ch26RbLR9R4AaABAg,Ojalá y ya definitivamente se acaben los petrodólares que por eso USA se siente dueño del mundo y el universo entero.,0,,0,no_tóxico,0.9992935657501221,0.0007064112578518689,0.9992935657501221,correcto
srH80O3G_uQ,UgyF3auqu6lvwkASKdB4AaABAg,Yo soy youtuber colombiano y la realidad es que ¡Estas cosas me sorprenden si llegan a bogotá!,0,,0,no_tóxico,0.9986806511878967,0.0013193002669140697,0.9986806511878967,correcto
srH80O3G_uQ,Ugz2bN4YvLqcYFGd6Jh4AaABAg,"¿OYE DIEGO PORQUE NO HAS SIDO CAPAZ DE DECIRLE A TU AUDIENCIA QUE CARL M∆RX M∆T0 A SUS HIJ0S DE H∆MBR€ Y QUE ERA UN J@B0N JU|)I0 Y ESTABA FINANCIADO POR LOS R0STCHILD(una de las cabezas más poderosas del sistema corrupt0 mundi@l) Y QUE DE HECHO UNA VEZ QUE CAYO ALEMANIA MARX ESTABA CON LOS ROSTCHILD EN UNA FIESTA CELEBRANDO.

¿COMO ES POSIBLE QUE L0S PENSAMIENTOS Y LAS IDEAS DE UN JU|)I0 QUE NO MOLESTABAN A UNOS DE LOS OLIGARCAS PODEROSOS DE LA TIERRA COMO LO SON LOS R0STCH|LD SEAN LAS IDEAS QUE SUPUESTAMENTE NOS DARÁN LIBERTAD?, ¿NO TIENE SENTIDO?

ESCUCHEN, SI QUIEREN SABER LA VERDAD DE QUIÉN CONTROLA EL SISTEMA POR FAVOR REVISEN A ESTE USUARIO:

""Samuel cruz revisionismo y geopolítica""",0,,0,no_tóxico,0.9877437949180603,0.012256165035068989,0.9877437949180603,correcto
srH80O3G_uQ,Ugz2bN4YvLqcYFGd6Jh4AaABAg.AUVR7mSAo1xAU_vOKvHXsw,"Por que ni sus seguidores leen libros, solo por lo elocuente que suena se dejan llevar por una narrativa manipulada. 😂",0,,0,no_tóxico,0.999523401260376,0.0004766230995301157,0.999523401260376,correcto
srH80O3G_uQ,UgyeOQi6ZMxzBanMZlF4AaABAg,Y lo que le falta por vía terrestre y emboscada militar sorpresa a Estados Unidos el problema será que tiene que venir a México a qué le haga el paro y como siempre gana y a México lo hace como quiera en todo incluyendo en sus dólares 😂 en fin así son los políticos que creen que son invencibles,0,,0,no_tóxico,0.9463176131248474,0.0536823496222496,0.9463176131248474,correcto
srH80O3G_uQ,UgwOzNwBxuPCZ9mUFg14AaABAg,No soy analista político pero Trump de hundirá aun mas profundo que el Titatic...,0,,0,no_tóxico,0.9989538192749023,0.0010461175115779042,0.9989538192749023,correcto
srH80O3G_uQ,UgxODwIToMNrWpA0cfl4AaABAg,"Q opinas de la hasta ahora no ayuda china a cuba, eso demuestra q los chinos no son alternativa",0,,0,no_tóxico,0.6608650088310242,0.33913496136665344,0.6608650088310242,correcto
srH80O3G_uQ,UgzXLs6PFR7JFnb7aNV4AaABAg,Se DESQUITARA con Cuba o atacará Nuclear mente ??,0,,0,no_tóxico,0.6087691783905029,0.39123085141181946,0.6087691783905029,correcto
srH80O3G_uQ,UgxKRiGIXd285bhOPHJ4AaABAg,Al perder se DESQUITARA con Cuba??,0,,0,no_tóxico,0.9900734424591064,0.009926553815603256,0.9900734424591064,correcto
srH80O3G_uQ,Ugxge69wGNiamJffjip4AaABAg,Cuando se puso tan mamado Diego?,0,,0,no_tóxico,0.961457371711731,0.038542650640010834,0.961457371711731,correcto
srH80O3G_uQ,UgxzAaV74WCSVhlwFmN4AaABAg,Plática con iru landucci por favaaaar,0,,0,no_tóxico,0.998970627784729,0.0010293497471138835,0.998970627784729,correcto
srH80O3G_uQ,Ugxvzw2alN2BqvzO1RB4AaABAg,Iran❤❤❤❤,0,,0,no_tóxico,0.9801512956619263,0.019848773255944252,0.9801512956619263,correcto
srH80O3G_uQ,Ugxf9x_Dvx-G0k-uVtF4AaABAg,"Está muy lejos Irán, pero así mandan todo el equipo necesario. Puerto Rico ese si estaba muy muy lejos rodeado de agua para llevar de manera rápida ayuda cuando hubo huracán.",0,,0,no_tóxico,0.9994982481002808,0.0005017935181967914,0.9994982481002808,correcto
srH80O3G_uQ,Ugxf9x_Dvx-G0k-uVtF4AaABAg.AUOkps7KcINAUOzpt4KGqY,"Exactamente, asi mismo el gobierno esta super lejos cuando estan los capitales de turno obedeciendo los intereses de Wallstreet

Pero cuando hay un minimo movimiento  de independecia aqui estran rapidito para sacarlos",0,,0,no_tóxico,0.9995096921920776,0.0004902798682451248,0.9995096921920776,correcto
srH80O3G_uQ,Ugx0hvz7B4_25QciMDR4AaABAg,"Cualquier cojudez dice este gordo, pero allí va la gente a comerse las tonterías.",1,,1,tóxico,0.029092401266098022,0.9709076285362244,0.9709076285362244,correcto
srH80O3G_uQ,UgxigwcWMxHI99mqMVt4AaABAg,A ver zurdo. No le has atinado a ningún video tuyo. Estás perdido.,0,,0,no_tóxico,0.9936248064041138,0.0063752285204827785,0.9936248064041138,correcto
srH80O3G_uQ,UgyETDMKQQd01ZJjEtZ4AaABAg,Los norteamericanos y los israelíes se van a ir de la guerra como las ratas,0,,1,tóxico,0.0015350525500252843,0.9984649419784546,0.9984649419784546,FP
srH80O3G_uQ,UgwrI0RhV8-7L9E4mql4AaABAg,Que asi sea!🙌🙏,0,,0,no_tóxico,0.9954892992973328,0.004510657396167517,0.9954892992973328,correcto
srH80O3G_uQ,UgyChmNmXinBMOaqRhJ4AaABAg,Vendido izquierdista pro comunista,0,,0,no_tóxico,0.9836066961288452,0.016393257305026054,0.9836066961288452,correcto
srH80O3G_uQ,UgzK95xxHgv7mtims4t4AaABAg,Este wey habla demasiada pendejada,1,,0,no_tóxico,0.8682572245597839,0.13174274563789368,0.8682572245597839,FN
srH80O3G_uQ,UgwVyablg4lrrU2xSNR4AaABAg,Ya destruyeron microsoft,0,,1,tóxico,0.3963274657726288,0.6036725044250488,0.6036725044250488,FP
srH80O3G_uQ,UgwEjJyURub60Rjg7dx4AaABAg,"Ah caray, un misil hipersonico ronda entre uno y dos millones de dólares y con eso está atacando Irán… se me hace que la seguridad en querer predecir el futuro es el más grande error de los comunistas, y de Diego quitarle ceros a los costos de lo que está usando Iran 🤔",0,,1,tóxico,0.12889039516448975,0.8711096048355103,0.8711096048355103,FP
srH80O3G_uQ,UgyP81bmnpAKYpweOmZ4AaABAg,"Independientemente del poderío económico (petrodolar) de estados unidos, la balanza económica mundial ya no se mide tan solo por la moneda, sino por la capacidad de producción (China, amiguitos) Estados Unidos en una guerra de desgaste contra Irán  es recontra boleta. Lo loco que dice el Diegote, que es muy cierto es que esta guerra es super impopular, incluso con toda la desinformación de los medios occidentales, ahí es donde te das cuenta, quienes siempre gobernaron, esta guerra no es por el pueblo, esta guerra es por los grandes Capitales que siempre tuvieron el poder, y no lo quieren soltar ni aun perdido. Hasta donde van a llegar con esto, cuanta gente va a verse exprimida por estas políticas extorsionistas a favor de una guerra que no nos pertenece? A estas alturas solo me queda creer que es un mal necesario. Saludos desde Argentina!",0,,0,no_tóxico,0.787757933139801,0.21224206686019897,0.787757933139801,correcto
srH80O3G_uQ,UgwYFEd6WvWvmFIq_ON4AaABAg,"Error 😂😂😂😂
Dónde si Estados Unidos le está poniendo un putizon.
Que bárbaro mi estético contingente",0,,0,no_tóxico,0.9987112283706665,0.0012888298369944096,0.9987112283706665,correcto
srH80O3G_uQ,UgyVbPKgFgTrPYkKJPd4AaABAg,Que onda eso,0,,0,no_tóxico,0.9760741591453552,0.02392578311264515,0.9760741591453552,correcto
srH80O3G_uQ,UgzgM9cHH3Q417eCC6N4AaABAg,A veer que pasa,0,,0,no_tóxico,0.9986238479614258,0.0013761352747678757,0.9986238479614258,correcto
srH80O3G_uQ,Ugxz4m6bfaaylZ_z8B94AaABAg,Que onda con eso,0,,0,no_tóxico,0.9667301177978516,0.03326985985040665,0.9667301177978516,correcto
srH80O3G_uQ,UgyV8pzH8IQokmd-fEd4AaABAg,todo esta diseñado para que siempre los malos ganen de una o de otra forma al igual que si pierden ganan pues sin que nos demos cuenta esta comprando latinoamericana o por lo menos a todos sus representantes presidenciales o gubernamentales...,0,,0,no_tóxico,0.9994978904724121,0.00050210120389238,0.9994978904724121,correcto
srH80O3G_uQ,Ugyjr7PZExE-S59a0hR4AaABAg,"Por favor alguien podría decirme si EUA se viera perdido, podría disparar un bomba atómica como hizo en Japón, que haría el mundo?",0,,0,no_tóxico,0.9970229268074036,0.00297704990953207,0.9970229268074036,correcto
srH80O3G_uQ,Ugz31zTS3ij26_PxEfh4AaABAg,Es tanta la soberbia y la egolatria que olvidan que Irán tiene siglos defendiendo su tierra a capa y espada. Tienen en su ADN las herramientas y ahora conocen al enemigo y las usan. Prefieren morir que dejarse avasallar.  Veamos un encuentro bíblico: David y Goliat.,0,,0,no_tóxico,0.9753584265708923,0.02464158460497856,0.9753584265708923,correcto
