Sentence,Toxicity Level,Tone,Language,Implied Sentiment,Negative Connotations,__index_level_0__
pues hazme los deberes furcia barata,High,Aggressive,Vulgar and Offensive,Disrespectful,furcia barata,
Conclusión: pura mierda de paranormal....,Medium,Disparaging,Vulgar and Disrespectful,Negative,mierda,
Algunos pierden la cabeza por llegar a Paguitalandia.,Low,Neutral,Neutral,Neutral,pierden la cabeza,
"Si los ladrones y golpistas de izquierda no le hubieran hecho tanto daño a Chile, probablemente todo sería mejor.",Medium,Negative,Accusatory,Critical,"ladrones, golpistas",
No se puede tener peor gusto diseñando camisetas pa una peña  Que verguenza maricon,High,Insulting,Derogatory,Disrespectful,"peor, vergüenza, maricon",
Que analogía rebuscada y de mierda,Medium,Disdainful,Critical and Insulting,Negative,mierda,
Periodismo de mierda justificando esto !,Medium,Aggressive,Vulgar,Negative,mierda,
JAJAJAJAJJAJA que vas a eclipsar tú y el otro subnormal xd,High,Mocking,Insulting and Derogatory,Disrespectful,subnormal,
"Pero que lo haga el gobierno y saqué pasta, vamos gilipollas, que os podéis forrar",High,Aggressive,Confrontational and Offensive,Contemptuous,gilipollas,
"Buah yo no me haría nunca un twitter, eso está lleno de rojos de mierda.",Medium,Dismissive,Casual and Insulting,Negative,mierda,
Esperando reacciones de los perroflautas de #podemos,Medium,Condescending,Sarcastic,Disrespectful,perroflautas,
Paco llegado este punto nos da igual con tal de olvidarnos del PP y su estado fascista,Low,Dismissive,Casual,Dislike towards the PP,fascista,
"Marhuenda, ese gilipollas que dice que es catalán solo cuando pretende dañar a todos los catalanes, llama...",High,Aggressive,Insulting and Confrontational,Hostile,gilipollas,
"ESTA NOCHE, MANDA MI POLLA (un primo suyo)",Medium,Vulgar,Casual,Disrespectful,polla,
"Lo veo bien, deja cada uno varias pensiones pagadas y se va a su pais.",Low,Neutral,Formal,Neutral,ninguna,
"E si non eres un periodista decente deberías cambiar de profesión, subnormal.",High,Insulting,Confrontational,Derogatory,subnormal,
"Estás enfermo y no quieres ver. Cada uno que arregle los problemas de su casa, aquí ya tenemos bastantes.",Low,Dismissive,Neutral,Frustration,"enfermo, problemas",
lo personal es político pero no por ello tienes ke ir a una manifa ke convocan sindicatos de mierda,Medium,Critical,Informal,Disdainful,mierda,
"Vaya, nunca pensé oir decir eso a una mujer",Low,Surprised,Neutral,Neutral,nunca,
Excepto si te lo envenenan con mierdas,Low,Neutral,Informal,Cautious,"envenenan, mierdas",
Este país se va a la mierda,Medium,Negative,Casual,Frustration/Discontent,mierda,
"Los halagos y buenos modales siempre hacen bien, menos a los izquierdistas de la cultura del odio.",Medium,Critical,Assertive,Negative,"izquierdistas, odio",
Te das cuenta la panda de retrasados que se han puesto a soltar espumarajos?,Medium,Condescending,Insulting,Derogatory,"retrasados, soltar espumarajos",
La única solución es irse de este país de mierda.,Medium,Negative,Casual and Offensive,Frustration/Disgust,mierda,
Los centros de menores no tutelados son escuelas de delincuentes.,Medium,Accusatory,Negative generalization,Negative,delincuentes,
Esto para un pedazo de retrasado como tu:,High,Insulting,Derogatory,Contemptuous,pedazo de retrasado,
"fijate, todo tiene su lado bueno, hasta el puto coronabicho",Medium,Casual,Vulgar,Negative,"puto, coronabicho",
el Partido Socialista de Andalucía son una banda de delincuentes y chorizos,High,Accusatory,Negative and Defamatory,Hostile,"delincuentes, chorizos",
Los mejores los más preparados para cortar cabezas,Low,Neutral,Formal,Neutral,cortar cabezas,
Y además te apellidas Castillo. Hay que ser un charnego retrasado encima..,High,Insulting,Condescending and Offensive,Derogatory,"charnego, retrasado",
"Son los mejores. Paguita, alquiler y seguridad social ya. Rasistas",High,Aggressive,Colloquial,Hostile,"Paguita, Rasistas",
La mitad catalana borrega independentista sigue creyéndose sus mentiras.,Medium,Critical,Controversial,Negative,"borrega, mentiras",
Este es el maricón de Aida?,High,Insulting,Derogatory,Offensive,maricón,
gummy cuando te pones subnormal eres un tocacojones,Medium,Insulting,Casual and Informal,Disrespectful,"subnormal, tocacojones",
y snk ultima temp pronto pd rachel puta zorra la traicion no se perdona,High,Aggressive,Vulgar and Offensive,Vengeful,"puta, zorra, traicion",
"Lo que Cuba hace, como siempre, es propaganda mentirosa para que descerebrados como Nuñez repitan como loros.",High,Disparaging,Critical and Insulting,Contemptuous,"propaganda mentirosa, descerebrados",
Este wifi boliguayo de mierda,Medium,Insulting,Vulgar and Disrespectful,Contemptuous,mierda,
"los Salesianos de San Francisco de Sales, Los Marianistas y los fascistas vecinos del San Cirano nos ablandaron en exceso.",Low,Neutral,Formal,Neutral,fascistas,
"Habla español, catalán de mierda 😋",Medium,Sarcastic,Insulting,Contemptuous,mierda,
Por mucho que intentes ser del Madrid nunca dejaras de ser un sudaca xd,High,Dismissive,Insulting and Disrespectful,Derogatory,sudaca,
"Estaba tan bien durmiendo hasta q vino roco a despertarme, enano de mierda😒",High,Insulting,Casual and Informal,Angry,"mierda, enano",
No creo que haya en el mundo alguien que me dé más asco y sea más subnormal que Dani Rovira.,High,Disparaging,Critical and Offensive,Negative,"asco, subnormal",
"Este cabron está peor que los 1,200 que están por llegar",Medium,Comparative,Informal,Negative,cabron,
Esos comunistas nazis judeo musulmanes creyéndose los reyes de la física,High,"Racist, Discriminatory",Aggressive,Hateful,"comunistas, nazis, judeo, musulmanes",
Tu también Matt Reeves y tus putas ideas pendejas,High,Aggressive,Offensive,Angry,"putas, pendejas",
"Que traigan otro cargamento, necesitamos más pagapensiones son una inversión de futuro.",Low,Neutral,Informative,Positive,pagapensiones,
para vos y todos los trolos panelistas putos de Fox,Medium,Derogatory,Insulting,Negative,"trolos, putos",
Yo soy así puto moro,Medium,Derogatory,Offensive,Disrespectful,"puto, moro",
"Charnego mañana salgo para ir a trabajar,  cosa que tu no sabes lo que es...",Medium,Condescending,Critical,Superiority,Charnego,
"Y a mí qué me importa lo que tú notes, facha?",Medium,Defensive,Confrontational and Insulting,Contemptuous,facha,
"unos vecinos del primero son más rojos y perroflautas que la hostia, les he dejado 6 entradas en el buzón",Medium,Disparaging,Casual and Insulting,Negative,"rojos, perroflautas, hostia",
Pues puede trabajar de carnicero para pagar pensiones,Low,Neutral,Neutral,Neutral,,
"Un cargador escaso de argumentario, parece.",Low,Neutral,Formal,Neutral,escaso,
A Emery se la devuelven por subnormal. PLANTEA A LA PROXIMA UN BUEN PARTIDO,Medium,Confrontational,Sarcastic and Insulting,Negative,subnormal,
O sea que ahora la mafia tiene viajes de ida y vuelta,Low,Neutral,Casual,Neutral,mafia,
"A su vez que no es lo mismo ser cristiano que catolico , pero tu eres CATETA.",High,Condescending,Critical,Derogatory,CATETA,
"Olé sus huevos morenos (los del periodista). Si hablas de expulsar del pais a alguien, porque omites la nacionalidad.",Medium,Defensive,Sarcastic,Aggressive,expulsar,
"#CeseDefinitivoCPCCS estos miserables su salida del CPCCS va hacer mas rápido q su puta nombramiento,",High,Aggressive,Vulgar and Offensive,Angry and Disrespectful,"miserables, puta",
Ahora un nazi en RTVE #lahoraespinosadelosmonteros,High,Aggressive,Tense and Confrontational,Hostile,nazi,
"muy ateos que sois pero bien que os gustaría ser dios, eh? malditos hipocritas",High,Accusatory and Dismissive,Sarcastic and Insulting,Derogatory,"malditos, hipocritas",
"Hostia, como la quimioterapia, nos hace daño, pero si aguantamos lo suficiente, podemos vencer al cáncer.",Low,Hopeful,Supportive,Positive,"Hostia, daño",
ESPAÑA CORRUPPCIÓN Derecha PP fascista franquista gobernando con 30% en España no entiende porqué Cataluña quiere Independencia y República.,High,Accusatory,Aggressive and Insulting,Hostile,CORRUPPCIÓN fascista franquista,
"Pues a mi me recuerda tus diversas lesiones graves y me descojono, subnormal. Acabado.",High,Mocking,Insulting and Derogatory,Contemptuous,"lesiones graves, descojono, subnormal, acabado",
"Mientras tanto, la gente matandose a currar como cabrones para vivir en una puta colmena",High,Frustrated,Harsh and Vulgar,Angry,"matandose, cabrones, puta",
porque no tenéis a un subnormal por entrenador.,Medium,Critical,Offensive,Contemptuous,subnormal,
"Quién te querría besar a ti, mongolo.",High,Insulting,Derogatory,Derisive,mongolo,
"que asco de gente dios, que busquen el significado de hembrismo y de feminismo y luego hablan",Medium,Disgusted,Critical,Negative,asco,
"Los políticos lo toleran todo lo que no va contra ellos, baste fijarse en Iglesias, con su casoplón.",Low,Neutral,Informative,Critical,"toleran, contra, casoplón",
Aquí va una canción para todos y cada uno de los putos fascistas del PP… Fuck You de Lily Allen,High,Aggressive,Vulgar and Offensive,Angry,"putos, Fuck You",
"Está viniendo lo mejor de cada casa para mejorar el país, sin duda alguna.",Low,Positive,Encouraging,Optimistic,,
Que cabron el que publicó la foto de los finalistas de master chef😡😂😂,Medium,Mocking,Casual,Negative,cabron,
qué bonito es ver a fachas rabiar dios me ahogo,High,Mocking,Insulting,Hostile,"fachas, rabiar",
Cuánto facha de mierda en una mención voy a vomitar,High,Disgust,Vulgar and Insulting,Hostile,"mierda, vomitar",
Pero sois periodistas o idiotas? Aún estando en catalán pone Franquismo!,High,Confrontational,Insulting and Provocative,Hostile,"idiotas, Franquismo",
hay que ser hp para robar un zumo en alta mar.,Medium,Casual,Casual with vulgar term,Negative,"hp, robar",
La última mamarrachada de EA es tremenda.,Low,Neutral,Informative,Criticism,mamarrachada,
"Es su cultura y hay que respetarla. Un abrazo desde Ronda, Málaga.",Low,Respectful,Polite,Positive,,
¿Van a seguir con el mismo tema de los comediantes mediocres?,Low,Questioning,Neutral,Inquisitive,mediocres,
no te sale bien el catalán prueba en francés... chupala hijo puta 😂😂😂,Medium,Sarcastic,Casual and Offensive,Derogatory,"chupala, hijo puta",
Antes me como un whopper que decir algo bueno del subnormal ese,Medium,Disparaging,Casual and Insulting,Negative,subnormal,
Daros prisa. La memoria histórica de Carmena cambiará el nombre por el de cualquier payaso podemita,Medium,Aggressive,Critical and Disrespectful,Negative,payaso podemita,
"Ya venís en manada a quejaros, anda a tomarte una mArandina.",Medium,Dismissive,Sarcastic and Condescending,Contemptuous,"manada, quejaros",
son sus costumbres y hay que respetarlas..,Low,Respectful,Neutral,Positive,,
"Mamona, tengan la mierda que tengan ellos, lo nuestro sigue siendo igual de lamentable",High,Dismissive,Confrontational and Insulting,Hostile,"Mamona, mierda, lamentable",
El dia que morais todos los fachas podre palmarla tranquilo ...,High,Hostile,Aggressive and Offensive,Contemptuous,"morais, fachas",
No he leído a una sola mujer quejarse de twitt solo a los de siempre....los machirulos fachas ...que asquito,High,Dismissive,Confrontational,Contemptuous,"machirulos, fachas, asquito",
"Aquí Piatti que no metía un puto gol y en el Español, lleva ya unos cuantos, mamón. ☹️",Medium,Confrontational,Vulgar and Aggressive,Angry,"puto, mamón",
"Ahora pides asilo político HDP, ahora las escorias oficialistas pidiendo asilo que tal.",High,Confrontational and Insulting,Aggressive,Derogatory,"HDP, escorias",
"Encima cacho parguela te pones de gilipollas con ella, subnormal",High,Insulting and Condescending,Vulgar and Offensive,Contemptuous,"cacho, parguela, gilipollas, subnormal",
"Que alguien se lo impida, que todavía les quedan pensiones por pagar.",Low,Neutral,Formal,Concern,impida,
y el drama con el guiri de mierda de seamus en eurovision super living,Low,Casual,Colloquial,Neutral,"drama, mierda",
"Cada vez, la situación del país está en la mierda la de mierdísima #FreddyGuevaraTeCAGASTE",High,Dismissive,Vulgar and Insulting,Hostile,"mierda, mierdísima, cagaste",
Ghostt subnormal se nota a la legua que eres tú el ... — Mira como llora el puto bizco,High,Derogatory,Insulting and offensive,Malicious,"subnormal, puto, bizco",
tu respuesta dice que no crees que el catalán tendría que ser de obligatorio entendimiento. Eres un puto…,High,Confrontational,Insulting,Hostile,puto,
"Lo trataré con el trato maricon, penca, discriminatorio como trató a varios de mis compañeros 😒 VIEJO CULIAO.",High,Aggressive,Derogatory and Insulting,Hostile,"maricon, penca, discriminatorio, VIEJO CULIAO",
"En ESPAÑA tenemos un Gobierno PSOE-UP, asi que simplemente estamos DISFRUTANDO LO VOTADO.",Low,Neutral,Informative,Neutral,DISFRUTANDO LO VOTADO,
Hay gente dándose cuenta de que Hamilton es imbécil en pleno 2020.,Low,Informative,Neutral,Negative,imbécil,
No los vio el open arms,Low,Neutral,Informal,Neutral,none,
"Me gustaría saber lo que tú harías, si te llegará a pasar a ti. Eres el típico charlatán de feria.",Medium,Inquisitive,Assertive,Critical,charlatán,
Porque usted es un hombre de bien y con valores. Esos otros son alimañas y 0,Low,Respectful,Formal and Polite,Positive,alimañas,
"Jajajajaja turco, subnormal, cuñado e español madremía.... PLENOOOO",High,Mocking and Insulting,Derogatory and Offensive,Derogatory,subnormal,
"Lo mejor, es que ya lo tenemos aquí y tenemos que mantenerlo en la cárcel, gracias",Low,Neutral,Formal,Appreciative,cárcel,
Daniel has muerto o algo no te veo twittear como un subnormal,High,Insulting,Aggressive,Disrespectful,"muerto, subnormal",
"Pinche gobierno de mierda, no ayudan pero como estorban HDSPM.",High,Angry,Expletive-laden,Negative,"Pinche, mierda, estorban, HDSPM",
Muchas veces en sus carceles sobornan a gente y viven como reyes.,Low,Neutral,Informative,Neutral,sobornan,
Cómo estará el país para que ni los moros quieran estar,Low,Inquisitive,Casual,Curious,moros,
"Ah, porque se va y viene la hija puta. Están haciendo el subnormal apagando y encendiendo",High,Aggressive,Vulgar and Insulting,Hostile,"hija puta, subnormal",
"Son los mismos miserables de siempre, porque sera que siempre votan negativo a este tipo de noticias.......",Medium,Negative,Critical,Disdain,"miserables, negativo",
"Una paguita para ese hombre, que se ve con ganas de integrarse y aceptar nuestras reglas/costumbres.",Low,Supportive,Positive and Inclusive,Welcoming,paguita,
"Eso no lo sabemos, puede que vinieran de pequeños. Si es asi, expulsión.",Low,Neutral,Formal,Uncertain,expulsión,
#YoSoyAnonymousUE basta de absurda represión victimista por parte del Estado Fascista,Medium,Defensive,Political,Angry,"absurda, represión, victimista, Estado Fascista",
Ahora tampoco respetaréis la democracia fascistas de mierda???,Medium,Confrontational,Vulgar and Insulting,Angry,"fascistas, mierda",
Y los otros haciéndose los traumados cuando no dudarían en hacer eso mismo,Low,Dismissive,Casual,Criticism,traumados,
"al guadalquivir primooo! Sigue insultando por internet, que eres un gitano falso.",High,Defensive,Derogatory and Offensive,Aggressive,"insultando, gitano falso",
Pero que mierda estas hablando subnormal de los cojones MAMAAAAAAAA GORDOOOOOOOO.,High,Aggressive,Insulting and Offensive,Hostile,"mierda, subnormal, cojones, GORDOOOOOOOO",
"En España los invasores tienen más derechos que los españoles, pura mierda trae Ebrard y López.",High,Angry,Confrontational,Negative,"invasores, mierda",
"La historia reconocerá que fue el más pelele , inepto e hijo de puta presidente de la historia .",High,Contemptuous,Derogatory and Offensive,Negative,"pelele, inepto, hijo de puta",
"lástima que sea un fascista, un machista, un subnormal y odie Catalunya",High,Critical,Negative and Insulting,Hostile,"fascista, machista, subnormal, odie",
Tanto que hablan de Pinochet y los gringos y estos hijueputas son iguales o peores.,Medium,Critical,Strong and Confrontational,Negative,hijueputas,
Blocs y a otra cosa No le des publicidad al monguer,Low,Dismissive,Casual,Neutral,monguer,
Puto perroflautas que man rayao el mercedes,High,Insulting,Aggressive and Offensive,Contemptuous,"puto, perroflautas, rayao",
Puta prensa deportiva saliendo en defensa de un puto ultraderechista,High,Negative,Aggressive and Insulting,Contemptuous,"Puta, puto",
Asumen tu género por tu apariencia física. Son unos fascistas transfobos y homófobos.,High,Accusatory and Hostile,Confrontational and Insulting,Angry and Judgmental,"fascistas, transfobos, homófobos",
... — putos rojos de mierda macho,High,Insulting,Vulgar and Offensive,Aggressive,"putos, mierda",
"Qué bien. Hay que ver con los ingenieros, doctores y demás cracks que nos llegan...",Low,Positive,Neutral,Approval,ninguno,
"La democracia española y la interpretación libre de sus leyes en manos de fascistas. 6D, nada que celebrar.",Medium,Critical,Serious and Critical,Disapproval,fascistas,
"Tu eres subnormal, no refinado, no confundas términos.",High,Condescending,Insulting and Dismissive,Contemptuous,subnormal,
"Sí, para que lo suelten a la media hora. Alguien que hace eso sólo aprende de una manera.",Low,Casual,Neutral,Skeptical,"hace, sólo, manera",
"Lagarder ya era un puto subnormal, solo que hoy quiere que quede patente.",High,Insulting,Vulgar and demeaning,Derogatory,"puto, subnormal",
Venga silenciame ya verás tú cuánto me preocupo SUBNORMAL,High,Dismissive,Confrontational and Insulting,Hostile,SUBNORMAL,
"Muy despreciados,siiii,pero todos vestidos de alta costura española o extranjera como la derechona burguesa verdad,…",Low,Sarcastic,Informal,Mocking,"despreciados, derechona",
Son sus costumbres y hay que respetarlas,Low,Respectful,Neutral,Neutral,none,
"No busquéis más, ya tenemos al tonto del hilo.",Low,Dismissive,Casual,Mocking,tonto,
Con el Zumo no se juega.,Low,Serious,Neutral,Cautious,,
No te acerques que me tiznas le dijo la sarten al cazo... 😂 Los más fascistas de la izquierda,Low,Humorous,Casual,Sarcastic,fascistas,
"Pero pedazo de subnormal, prefieres a Charlotte antes que Lana.",High,Confrontational,Insulting,Hostile,subnormal,
"Te lo llama hasta tu cuñado. Pero no sufras, ¿quién no tiene un mongolo en la familia?",Medium,Dismissive,Casual,Insensitive,mongolo,
"Pues un héroe el que se bebió el zumo, de no haberlo hecho este estaría vendiendo corbatas por los bares",Low,Praising,Colloquial,Positive,vendiendo corbatas por los bares,
Me acojona ver a la derecha rancia pidiendo #BoicotALosGoya Más incultura seguirá formando fascistas como ellos... ➕Cine ➖Toros #Españistán,High,Angry,Negative and Aggressive,Contemptuous,"acojona, rancia, incultura, fascistas, Españistán",
🚨🚨 Los okupas causan graves disturbios en Santiago y el alcalde 'podemita' les respalda ➡️  ASQUEROSO,High,Negative,Confrontational and Aggressive,Disgust and Contempt,"graves disturbios, podemita, ASQUEROSO",
te has equivocado de captura subnormal,High,Insulting,Confrontational,Aggressive,subnormal,
Pero el calentamiento global son COSAS DE HIPPIES Y PERROFLAUTAS,Medium,Dismissive,Casual and Insensitive,Contemptuous,COSAS DE HIPPIES Y PERROFLAUTAS,
Tú debes de ser un facha costalero del PPodrido.,Medium,Condescending,Insulting,Disdainful,"facha, PPodrido",
La derechona sale a dar una vuelta por Barcelona. vía,Low,Neutral,Informative,Neutral,derechona,
Que ganas de que metan al peluo en la carcel por subnormal😆😆😆,High,Negative,Confrontational and Insulting,Hostile,subnormal,
"Mejores Autopistas?, Ese mancito Gómez dónde vive?, Seguro es un sureñito Petrista 😕🤘",Medium,Mocking,Sarcastic,Derogatory,"mancito, sureñito",
ya esta el subnormal de luis enrique jodiendome apuestas sin poner a suarez,High,Accusatory,Aggressive,Angry,"subnormal, jodiendome",
"No a los politicos de mierda, nunca mas.",Medium,Negative,Strong and Disrespectful,Angry,mierda,
🚨🚨 Los okupas causan graves disturbios en Santiago y el alcalde 'podemita' les respalda ➡️  SON GENTUZA,Medium,Accusatory,Provocative,Derogatory,"disturbios, gentuza",
imagina y todo fue por entrar con una maleta en un museo. Putos nazis,High,Hostile,Strong and Offensive,Angry,Putos nazis,
Expulsado #Guillermo Un mamarracho Herrera 💩,High,Insulting,Confrontational,Hostile,"mamarracho, 💩",
"Llévenlos a prisión, y una vez paguen la condena enviarlos a su país por deportación.",Medium,Authoritative,Directive,Impersonal,"prisión, condena, deportación",
Otro españolazo fascista coaccionando al pueblo catalán secesionista.,High,Accusatory,Aggressive and derogatory,Hostile,"españolazo, fascista, coaccionando",
¿Y este subnormal quién es?,High,Disdainful,Insulting,Disrespectful,subnormal,
En la puta casa del chaquetero de Aliaga los tendrían que poner,High,Derogatory,Insulting and Disrespectful,Negative,"puta, chaquetero",
Estas elecciones les van a venir de perlas a los fachas de VOX.,Medium,Sarcastic,Disparaging,Contemptuous,fachas,
"Totalmente de acuerdo con la diputada, a esos cáfres asquerosos que no los vayan a dejar devolver a Bogotá.",High,Hostile,Confrontational,Negative,"cáfres, asquerosos",
Seguro que era de pera-piña. Es el único por el que yo mataría.,Low,Casual,Neutral,Neutral,mataría,
vete a un cajero mamon,Low,Dismissive,Informal,Negative,mamon,
Ya empecé con la depresión de mierda,Medium,Negative,Casual,Sadness,mierda,
cuidado con estos conspiradores de mierda,High,Threatening,Aggressive and Dismissive,Angry and Distrustful,mierda,
Qué mierda esa zozobra previa a los recortes de personal.,Low,Negative,Informal,Frustration,mierda,
ya me han venido los 4 fachas de turno a tocarme los cojones,High,Aggressive,Vulgar and Offensive,Angry,"fachas, cojones",
Quién es este subnormal y por qué ha soltado semejante subnormalez?,High,Confrontational,Insulting,Hostile,"subnormal, subnormalez",
Qué peste a culé esta pillando la afición madridista...,Medium,Disdainful,Sarcastic,Contemptuous,peste,
"Pues si es así, que zorras que sois.",Medium,Condescending,Provocative,Contemptuous,zorras,
Cuando alguien intenta manipular de manera tan burda lo que provoca es asco. Miratelo.,Medium,Disgust,Assertive,Contemptuous,"manipular, burda, asco",
"No pasa nada, él es el mas preparado y el mas valiente que ya lo decia la abuela Carmena.",Low,Positive/Supportive,Encouraging,Supportive,,
"Con Mokus y Fajardo, hay estos políticos de mierda",Medium,Negative,Derogatory,Disdain,mierda,
"Mano, puto subnormal, dos veces te lo he tenio que repetir",High,Aggressive,Insulting,Derogatory,"puto, subnormal",
"Árbitro de mierda, Conmebol de mierda.",High,Insulting,Vulgar,Angry,mierda,
Es asombroso el nivel de estupidez-robotización del adoctrinamiento progre.,Medium,Critical,Formal with strong negative undertone,Disdainful,"estupidez, robotización, adoctrinamiento, progre",
"es que no lo eres, es decir, qué más da ser hetero, el problema está en ser retrasado xd",High,Dismissive,Insulting and Offensive,Derogatory,retrasado,
Los mas valientes. Haz que pase!,Low,Encouraging,Supportive,Positive,None,
"Y lo bien que les va siendo fachas, que no es gratis",Medium,Critical,Sarcastic,Negative,fachas,
"Culpa de las mafias y lo progres follarefugees que hacen efecto llamada, nos quedamos sin 57 pensiones",High,Defamatory,Aggressive and Offensive,Angry,"mafias, follarefugees",
-Una directiva fracasa deportivamente -Unos monguers los votan para que sigan mandando -Los monguers se sorprenden d q fracasen #estapasando,Medium,Negative and Critical,Confrontational and Blaming,Disapproval,"fracasa, monguers, fracasen",
"en una cárcel española cuestan dinero, en su puta casa en Marruecos no cuestan ni un duro.",High,Derogatory,Profane and Aggressive,Contemptuous,puta,
"ufff eso es como construir puertas lógicas con legos; se puede, pero estás haciendo el imbécil.",Low,Sarcastic,Casual,Mocking,imbécil,
"No, lo que parece de ese siglo es su puta bazofia de programa.",High,Dismissive,Insulting,Negative,"puta, bazofia",
Ni caso a los gilipollas como el  es un fascista de mierda,High,Confrontational and Insulting,Vulgar and Offensive,Negative,"gilipollas, fascista, mierda",
Pero que pedazo de retrasada,High,Insulting,Confrontational,Derogatory,pedazo de retrasada,
"Por cierto, donde anda metido el gusano comunista ese?",Medium,Confrontational,Aggressive,Hostile,gusano,
@ promosquevienen no se vayan de viaje de egresados con upgrade xq son la peor verga que hay:)),Medium,Dismissive,Sarcastic and Insulting,Negative,"peor, verga",
"Y como siempre los nacotes sin educación diciendo groserías, son los que están en contra de este gran gobierno respetable.",Medium,Accusatory,Disparaging and Judgemental,Critical,"nacotes, sin educación, groserías",
Está claro que el lobby proxeneta está bien organizado 👿👿,Medium,Negative,Critical,Disapproval,proxeneta,
Conclusión: Er Benni era un cabrón facha que ayudó a Trum,Medium,Accusatory,Informal and derogatory,Negative,"cabrón, facha",
jaja ok andate con la zorra esa chau olvidate de mi :),High,Disrespectful,Insulting and dismissive,Hostility and disrespect,"zorra, olvidate",
PAMBISITOS dejen de responder a subnormales de mierda como éste.,High,Harsh,Insulting and Derogatory,Contemptuous,"mierda, subnormales",
"Tiene que ser fake, no me jodas. Jamás volverían a sus países.",Low,Dismissive,Informal,Skeptical,"fake, jodas, jamás",
a ti no catalán cabron jajaja! Esta champions es vuestra y del bayer xd,Medium,Mocking,Insulting,Mockery,cabron,
"Que algunos saquéis la bilis contra mi 😍😍 jajajajaja , monguers y gordos ...",Medium,Mocking,Sarcastic and Insulting,Contemptuous,"bilis, monguers, gordos",
Le han dado por lo que habrá robado antes y por lo que robará cuando salga del hospital.,Low,Neutral,Formal,Neutral,"robado, robará",
Ve na cuando habla Mazzoleni que puta,High,Derogatory,Vulgar and Offensive,Contemptuous,puta,
"Yo me quiero escapar también, dan paguita al llegar?",Low,Curious,Informal,Neutral,paguita,
"Pues súbete tu a repararlo, maricón",High,Confrontational,Insulting,Hostile,maricón,
Habla en español catalán de mierda.,High,Insulting,Rude and Offensive,Derogatory,mierda,
Y ahora me veo y parezco un Trump supporter. Putos nazis.,High,Confrontational,Aggressive and Insulting,Hostile,Putos nazis,
"Origen patológico , delincuencial , usurpante , ilegal resultado delicuncial usurpante y patológico",High,Accusatory,Formal,Negative,patológico delincuencial usurpante ilegal,
"Soy bioquímico y estoy trabajando para el Gobierno de Navarra... ánimo, puto subnormal.",High,Insulting,Profane,Hostile,puto subnormal,
"Menudos gilipollas. Como no, tenían que ser los guardaespaldas de la nazi de Le Pen...",High,Disrespectful,Insulting and derogatory,Angry,"gilipollas, nazi",
#VivaElCineEspañol porque me gusta y por patriotismo. A ver si os enteráis pedazo de fachas.,Medium,Aggressive,Nationalistic and Insulting,Negative,fachas,
Hacete cargo forro de mierda,High,Insulting,Vulgar,Aggressive,"forro, mierda",
"Estos críos.... Qué pillastres..... Son unos terremotos los angelitos... Qué energía la de estos chicos... El futuro, son el futuro.....",Low,Playful,Informal,Positive,terremotos,
Esa fascista JAMAS sera presi de !😂😂😂,High,Derogatory,Aggressive and Offensive,Hateful,"fascista, JAMAS",
"Costumbres tercermundistas que disfrutamos ya en Europa gracias a nuestros políticos progres, disfruten lo votado.",Medium,Sarcastic,Critical,Critical of politicians and their choices,"tercermundistas, políticos progres",
Lo hipócritas que son algunos con el tema de ladder no tiene tamaño AJAJAJ Vaya hipócritas de mierda ;),High,Mocking and Condescending,Insulting and Sarcastic,Negative,"hipócritas, mierda",
"Acojonante lo de la progresía, pagamos una barbaridad por alojar escoria mejor con unos servicios que ya quisieran nuestros mayores",High,Confrontational,Derogatory and Insulting,Negative,"acojonante, barbaridad, escoria",
Me cuesta creer que haya alguien igual de subnormal que Dalas.,Medium,Disbelief,Negative comparison,Negative,subnormal,
Como para no votar a Vox. Hijos de puta 300.000 con la que se nos vien encima.,High,Aggressive,Vulgar and Offensive,Angry,Hijos de puta,
"Pues si, es una puta mierda, DEP por ellos.",Medium,Dismissive,Vulgar,Negative,"puta, mierda",
"pero este tio es un puto subnormal, o que le pasa?",High,Aggressive,Insulting,Negative,"puto, subnormal",
Hoy prefieren el arbitraje manual. La mano negra del puto alemán ladrón.,High,Aggressive,Derogatory and Offensive,Hostile,"mano negra, puto, ladrón",
"este chico es subnormal, confirmed",Medium,Derogatory,Negative,Insulting,subnormal,
Es lo más seguro que pase eso didac puto catalán,High,Insulting,Derogatory and Offensive,Contemptuous,puto,
Aprende el significado de mayoría parlamentaria subnormal,Low,Informative,Formal,Neutral,subnormal,
"Con periodistas de mierda, con empleados de mierda.",High,Negative,Insulting,Hostile,mierda,
Me rio de ti jajajajajajjaja fascista a la cueva,High,Mocking,Aggressive and Insulting,Derogatory,fascista,
"Llegó la racista maleducada, odias mi castellano al igual que a España y los españoles, supremacista arruinada y avergonzada",High,Aggressive,Insulting and Confrontational,Hostile,"racista, maleducada, odias, supremacista, arruinada, avergonzada",
Por 'Crush' os referís a putas chonis?,High,Disrespectful,Offensive,Derogatory,putas chonis,
"Que bronca cuando estás jugando al FIFA y ponen pausa para responder los msj, que trolo man",Medium,Complaining,Casual,Frustration,"bronca, trolo",
Pobre tarado que no sabes lo que dices .... pobre tarado,Medium,Insulting,Condescending,Contemptuous,tarado,
Que manera de perder la cabeza por un zumo.,Low,Neutral,Straightforward,Neutral,perder la cabeza,
es a cuartos de final subnormal,Low,Neutral,Casual,Neutral,subnormal,
"Hombre... a mi me tocan mi zumito y también arranco cabezas, hay cosas que hay que respetar.",Low,Assertive,Casual,Defensive,arranco cabezas,
y encima esqe eres mu puta,High,Insulting,Vulgar,Derogatory,puta,
da cobertura a terroristas de #Venezuela La deriva fascista del  y sus medios es muy preocupante. #ConElFranquismoHemosTopado,Medium,Accusatory,Critical and Alarmist,Negative,"terroristas, fascista, preocupante",
Ese buen hombre por lo menos pagará 7 u 8 pensiones. Es el más valiente sin duda.,Low,Positive,Respectful,Admiration,,
Y deportar a la escoria es parte de las leyes. Si para ti eso es justicia medieval haztelo mirar.,Medium,Defensive,Firm and Controversial,Derogatory,"escoria, medieval",
Lo que está claro es que tú sigues siendo un operador político totalmente parcializado. Asco,High,Disrespectful and Contemptuous,Critical and Insulting,Negative,asco,
Menudo baño te están dando pequeño dictador! 👏👏👏👏👏👏👏,High,Insulting,Aggressive and Condescending,Contemptuous,dictador,
La esposa no solo hacia lofts sin licencia sino que ni siquiera tenía la carrera de arquitectura. Detalles sin importancia.,Low,Dismissive,Informative,Neutral,"sin licencia, ni siquiera, sin importancia",
deja de tirarte abajo hija d re mil puta,High,Aggressive,Insulting and Demeaning,Hostile,puta,
Supongo que el subnormal de  estará llorando porque Benzemierda no ha sido titular y Cristiano ha marcado.,High,Derogatory,Insulting and Demeaning,Contemptuous,"subnormal, Benzemierda",
"Te gustan los niños,fascista de mierda?",High,Aggressive,Insulting and Offensive,Hostile,mierda,
Gran puta estos chinos de mierda vinieron a arruinar mi año 😭,High,Aggressive,Insulting and Offensive,Hostile,"puta, mierda, arruinar",
No han dicho ya que vienen los mejores y los mas preparados?,Low,Questioning,Formal,Neutral,,
"Si, esa es la que os gusta a los fachas. Menos mal que sois cuatro gatos.",Medium,Dismissive,Confrontational,Contemptuous,"fachas, cuatro gatos",
"Los de ahora son un infierno político y social, ocasionados por políticos fanáticos",Low,Critical,Formal,Disapproval,"infierno, fanáticos",
Los mejores y los más valientes.,Low,Positive,Neutral,Admiration,,
Yo voy a hacer #BoikotalosGoyas viendo la gala 😂😂 Que país de fachas!!!,High,Negative,Critical and Insulting,Angry,fachas,
"El chepas acaba de solucionar el problema de la inmigración, ahora vendrán los de Vox a tocar los huevos...",Medium,Sarcastic,Casual,Negative,tocar los huevos,
Como les gusta el afeitado en seco a esta gente.,Low,Neutral,Casual,Observational,ninguna,
"No pasa nada, al bajar dice que tiene 14 años y a vivir la vida midugis juejuejejejeuejjejj",Low,Playful,Casual and Playful,Light-hearted,nada,
"a ver eso se elige, no es natural... Vas a arder en el infierno por sodomita.",High,Threatening,Aggressive and Disrespectful,Hateful,"arder, infierno, sodomita",
"subnormal que no sabes de fútbol ni de nada, eres un periodista de pacotilla.... 😋",Medium,Insulting and Dismissive,Condescending and Offensive,Negative,"subnormal, pacotilla",
La justificación pedorra JAJAJAJ mejor no te defiendas 🤣🤣,Medium,Mocking,Mockery and Sarcasm,Dismissive,pedorra,
Pero siguen estando ahí y recibiendo subvenciones de la ilesia y del estado FASCISTA,High,Accusatory,Confrontational and Disparaging,Angry,estado FASCISTA,
"Queremos más dominicanos y más moros, Sánchez trae más.!!!!",Medium,Sarcastic,Combative,Negative,moros,
solo 4? maldito hijo de puta fascista,High,Aggressive,Aggressive and Insulting,Hostile,"maldito, hijo de puta, fascista",
por favor dejad en paz a mi amiga la subnormal de mierda,High,Aggressive,Insulting and Offensive,Hostile,"subnormal, mierda",
"Y una mierda. Vox dice fuera a la inmigración ilegal que comete delitos, y de ahí no pasa.",Medium,Defensive,Emphatic with strong opinion,Controversial,mierda,
¿A qué puta perra hora suben el link de #HTGAWM?,High,Aggressive,Derogatory and Offensive,Angry,"puta, perra",
Trump provocando como un macarra de pacotilla   vía,Low,Sarcastic,Casual,Critical,"macarra, pacotilla",
"me parto eh jaja es que vaya subnormal enserio, esta sobrevaloradisimo este actor.",High,Mocking and Insulting,Colloquial and Offensive,Derogatory,"subnormal, sobrevaloradisimo",
"Otro día de mierda, en éste mes de mierda, de éste año de mierda",High,Negative,Vulgar,Frustration and Despair,mierda,
ME JUEGAS PUTO RETO O COMO VA LA COSA PUTO RETRASADO,High,Aggressive,Profane and Insulting,Hostile,"PUTO, RETRASADO",
Putos rojos de mierda subvencionando con 40 millones algo tan innecesario como la cultura #BoicotAlosGoya,High,Angry and Insulting,Aggressive,Hostile,"Putos, rojos, mierda, innecesario, boicot",
Ya te he respondido subnormal,High,Insulting,Aggressive,Hostile,subnormal,
"Tranquilízate tú, ya que se supone que eres analista deportivo, no comediante o payaso, aunque a veces parezca lo contrario.",Low,Assertive,Firm and Direct,Chiding,"comediante, payaso",
La puta que frustración .,Low,Frustrated,Informal,Negative,puta,
"Lee mongolo, lee. Deja de dar pena",High,Insulting,Offensive,Hostile,"mongolo, pena",
¡Es que hay zumos y zumos!,Low,Excited,Casual,Neutral,None,
"Sólo me hacen encabronar, no debemos nada a Centroamérica ni los invasores para regalarles dinero.",Medium,Defensive,Assertive,Defiant,"encabronar, invasores",
Fuentes del gobierno me comentan que hay que aumentar el altavoz para llamar a que vengan mas a intentarlo,Low,Neutral,Formal,Neutral,,
"Y los mejores, y los más valientes. La vieja dixit",Low,Positive,Neutral,Praise,vieja,
jaja eso es mejor que ser maricon o comunista,Medium,Flippant,Casual,Disrespectful,"maricon, comunista",
Lo que está claro es que ha llegado un ladrón menos.,Low,matter-of-fact,Neutral,Neutral,ladrón,
Jueves con J de mierda,Low,Disdainful,Colloquial,Negative,mierda,
"Ahí ahí, protegiendo a tus niños. A los mejores. ¿A cuantos tienes metidos en casa?",Low,Casual,Informal,Ribbing/Teasing,metidos,
nonono este 2020 se anda pasando de verga,Medium,Frustrated,Informal,Negative,verga,
Los mierdas de ABC haciéndole campaña al Fracking.,High,Disparaging,Vulgar and Offensive,Negative,mierdas,
¿a que sigues los pasos del poeta maricon?,Medium,Confrontational,Insulting,Hostile,maricon,
Dale la vuelta a la camiseta y tienes el 6 del 6-1 de la REMONTADA MAMÓN!!!,Medium,Aggressive,Casual and Provocative,Hostile,MAMÓN,
"Solo vienen los mejores, los más valientes",Low,Positive,Encouraging and Supportive,Praising,,
En el fondo me alegro por el subnormal de Emery.,Medium,Sarcastic,Casual,Negative,subnormal,
hijo de puta subnormal cabeza de polla gilipollas mental zoquete,High,Insulting,Vulgar and Offensive,Aggressive,"hijo de puta, subnormal, cabeza de polla, gilipollas, mental, zoquete",
Gobierno de mierda,High,Hostile,Vulgar and Insulting,Negative,mierda,
VIEJA PAYASA....................................... APARTA TU MIERDA DE MI MIERDA..................................... NO ME SEAS LOCA,High,Aggressive,Insulting and Disrespectful,Hostile,"payasa, mierda, loca",
Por que chingado los de Facebook tuvieron que hacer otra app para poder contestar mensajes 😡,Medium,Frustrated,Emotional and Informal,Angry,chingado,
Nose que esperan para cerrar toda esa mierda,Medium,Negative,Informal,Frustration,mierda,
"A los machistas no les da miedo el feminismo, (muy machos ellos). Simplemente lo desprecian,.¡Imbéciles!.",Medium,Disdainful,Sarcastic,Critical,"machistas, desprecian, imbéciles",
Como puede ser un icono feminista una facha como ella?? 👀 estamos locos o qué?,Medium,Questioning,Sarcastic,Disbelief,"facha, locos",
"Basta ya hijos de las mil putas. Estáis agotando a la Afición, lo único digno que queda en el club.",High,Aggressive,Vulgar and Offensive,Angry,"hijos de las mil putas, agotando",
"Para el podemitariado y los lobotomizados del noreste español, Cristina Pardo también es facha.",High,Insulting and derogatory,Confrontational,Hostile,"podemitariado, lobotomizados, facha",
Me confirman por aquí que mi padre es subnormal.,High,Disrespectful,Insulting,Derogatory,subnormal,
Mire la saga de 50 sombras de Grey...casi todo eran.lectoras...les va el.morbillo no lo.nieguen,Low,Casual,Casual and Informal,Playful,morbillo,
"This. Que puto asco de respuestas, sois repulsivos",High,Dismissive,Vulgar and Insulting,Hostile,"puto, asco, repulsivos",
"Solo la fe, el dogmatismo y la estupidez te pueden hacer votar a un elemento como este #SanchezVeteATuCasa",High,Dismissive,Confrontational,Hostile,"dogmatismo, estupidez",
Hay un puto subnormal pitando en mi calle todo el puto rato,High,Aggressive,Vulgar and Offensive,Angry,"puto, subnormal",
Dios mi madre es subnormal en serio,Medium,Disrespectful,Insulting,Negative,subnormal,
Un caracol inválido es más rápido que esta internet de mierda,Low,Casual,Colloquial,Negative,"inválido, mierda",
Aquí lo acogemos con los brazos abiertos y le damos una paguita vitalicia.,Low,Positive,Welcoming and Generous,Supportive,paguita,
"tienen cojones pero huyen para que otros les REGALEN LA VIDA, un poco contradictorio no?",Low,Conversational,Casual,Slightly Critical,"cojones, huyen",
"Pero que putas, maldita tensión rara entre Jaime y Brandon #GameofThrones #JaimeLannister",High,Aggressive,Vulgar and Offensive,Disdainful,"putas, maldita",
Creo que deberían explotar este país de mierda,Medium,Aggressive,Negative and Disparaging,Angry,"explotar, mierda",
El tonto de FC. ¿Con el PP no se podía abortar?,Medium,Mocking,Sarcastic,Disrespectful,tonto,
Quien putas es Juan Sebastián?,Medium,Interrogative,Casual and Vulgar,Disrespectful,putas,
"ha habido 6, no 5, 6.... Guti Guti Maricoooon, Maricoooon Maricoooooooon",Medium,Mocking,Informal,Joking,Maricoooon,
"Lo que no se es como no pone varias lineas de ferry, 2500 pavos cada uno y llenan.",Low,Neutral,Informative,Neutral,pavos,
Ya empiezan los sinvergüenzas..  No faltes al respeto Rumano de mierda..,High,Hostile,Insulting,Aggressive,"sinvergüenzas, mierda",
"Que algún shur se ofrezca a llevarlos gratis, no vaya a ser que el precio sea un impedimento para nadie",Low,Concerned,Polite,Helpful,impedimento,
JAJAJAJAJJA Hostia puta que bueno JAJAJAJAJAJA,High,Mocking,Vulgar and Offensive,Derogatory,Hostia puta,
Tantos les cuesta entender simios de mierda,High,Insulting,Confrontational,Derogatory,mierda,
"Mejor obedecer a Soros que ser como VOX , el lacayo de Vladimir Putin",Medium,Comparative,Analytical,Disdainful,lacayo,
SALVEMOS A ESE ANIMAL DE LAS GARRAS ASESINAS Y FASCISTAS YA,High,Urgent and Aggressive,Emotional and Radical,Angry,"asesinas, fascistas",
"Perdón, que elite de mierda",Low,Sarcastic,Informal,Disapproval,mierda,
"Israelitas, chinos, moros, culés... así estaba el Bernabéu ese día, que daba entre pena y asco.",Medium,Negative,Derogatory,Disdainful,"pena, asco",
menudos fachas xDDDDDDDDD HIJOS DE PUTA,High,Insulting,Aggressive,Hostile,"fachas, HIJOS DE PUTA",
Segurola es un subnormal desde el minuto 1.,High,Insulting,Derogatory,Disrespectful,subnormal,
Empiezo a sospechar que los traperos quieren competir con los youtubers para ver que grupo es más subnormal.,Medium,Critical,Sarcastic,Mocking,subnormal,
"Debería darte vergüenza ofender las creencias de otras persona, intolerante fascista.",High,Condemning,Critical and Insulting,Hostile,"vergüenza, ofender, intolerante, fascista",
Celebrando mas feliz una victoria del Barsa que una del Sevilla... Este subnormal no me representa como sevillista,Medium,Disdainful,Critical and Disparaging,Negative,subnormal,
ahora ser liberal es de retrasado? pues eres un poco hipocrita y tonto amigo,High,Confrontational,Insulting,Negative,"retrasado, hipocrita, tonto",
¡Ese es mi Trump! 🇺🇸Que vean la galamierda los giligoyas y rojeras de los veinte duros ¡A mamarla!,High,Aggressive,Insulting and Confrontational,Hostile,"galamierda, giligoyas, rojeras, mamarla",
Que arrechera esta economía de mierda,Medium,Frustrated,Vulgar,Negative,"arrechera, mierda",
Pura supervivencia. Me pones en riesgo? Te mato.,Medium,Threatening,Direct and Menacing,Aggressive,matas,
"Así actúa la propaganda de la izquierda, como cualquier rancia dictadura",Low,Neutral,Formal,Critical,"rancia, dictadura",
"Los mejores, los más valientes y preparados.",Low,Positive,Formal and Admirative,Admiring,None,
Yo quería ser main puta pero listisima para lo que se viene,Low,Casual,Informal,Neutral,puta,
"lo que es curioso es que todos los imbeciles que llevan bandera podemita demuestra ser imbecil,con nota",High,Insulting,Confrontational,Derogatory,"imbeciles, imbecil",
"Ojalá no salga por ahí algún juez de esos pendientes de joder todo a poner su demanda, asquerosos oportunistas 🖕👎",High,Angry,Insulting and Disrespectful,Hostile,"joder, asquerosos, oportunistas",
Luego si empiezan a aparecer los cadáveres de esta basura alguien se echara las manos a la cabeza.,Medium,Negative,Strong and Critical,Disdainful,"cadáveres, basura",
Manda cojones que nos meta gol el subnormal de Paco Alcácer....,High,Offensive,Insulting and Aggressive,Angry,"cojones, subnormal",
"En 2013 Dalas ya se sabía que era retrasado, que cojones?!",High,Insulting,Aggressive,Derogatory,"retrasado, cojones",
Luego se queja Neymar... valiente subnormal.,High,Dismissive,Insulting,Derogatory,subnormal,
Los canis del 2000 y posteriores son aún más gilipollas que los anteriores.,Low,Informative,Casual,Negative,gilipollas,
"Viene a currar como el que mas, se le ve",Low,Neutral,Casual,Neutral,currar,
"6 años ha tardado en mostrarse el tarado mental más grande, bravo 👏",High,Insulting,Critical and Derogatory,Negative,tarado mental,
ya ves además a los policías nazis que tendrá esa en el whatsapp… como para creerse algo.,Medium,Sarcastic,Casual,Disbelief,nazis,
"Son nuestros niños... ah no, que uno tiene 41 años. Da igual, son nuestros jóvenes.",Low,Casual,Casual,Neutral,Da igual,
"En catalán se escribe Espanya. Para dárselas usted de ser periodista, no tieene usted puta idea de escribir.",Medium,Critical,Assertive,Negative,puta,
A saber cuantos imbéciles recibieron dinero y sin hacer una mala película siquiera.,Medium,Disdainful,Sarcastic,Contemptuous,imbéciles,
"No se si me seguirá alguien católico, si es así, siento que seas tan ignorante.",Low,Uncertain,Formal,Disapproval,ignorante,
Cosas que me regala mi encargado marica diciéndome que es el minion de las BOLLERAS:,Low,Informative,Casual,Neutral,"marica, BOLLERAS",
Sin duda y durante los próximos meses con un email solucionan si no les llega,Low,Neutral,Formal,Neutral,,
"Haz que pase ya Pedro por Dios, porque a mí se me está haciendo eterno.",Low,Impatient,Assertive,Frustration,eterno,
"Será puerta abierta , inútiles fascistas embusteros miserables,no?",High,Hostile,Aggressive and Insulting,Contemptuous,"inútiles, fascistas, embusteros, miserables",
A esosmoros hay que echarlos pero ya.O los politicos hacen algo o la gente tendra que actuar,High,Urgent and Aggressive,Forceful and Discriminatory,Hateful and Violent,"esosmoros, echarlos",
"Tu lo que eres es subnormal, punto.",High,Insulting,Aggressive,Contemptuous,subnormal,
Quien putas está RT esa mierda ?,High,Aggressive,Vulgar and Offensive,Angry,"putas, mierda",
no soy del Celta subnormal. Ves como eres retrasado...,High,Insulting,Hostile and Offensive,Derogatory,"subnormal, retrasado",
"Si ese magrebi hubiera estado en su pais, podriamos haber evitado ese hecho.",Low,Fact-based,Neutral,Informative,magrebi,
Y el mamón se vuelve a París con dos palmos de narices,Low,Neutral,Casual,Neutral,mamón,
"ese tío no es un delicuente, en su cultura mayormente está admitido, lo que es, es un hijo de puta",Medium,Disparaging,Informal,Negative,"delicuente, hijo de puta",
Si fuese verdad se lo estaría pagando el gobierno y les darían una paga para que no tengan problemas económicos.,Low,Analytical,Neutral,Informative,problemas,
pues con lo puto retrasado que eres podría ser,High,Disrespectful,Vulgar and Offensive,Derogatory,"puto, retrasado",
"Cortocircuito buenrrollista, pobres inmigrantes vs chica atacada sexualmente.",Medium,Contrasting,Neutral,Neutral,"pobres, atacada sexualmente",
"callate ya, subnormal, admite el PARTIDAZO como todos los madridistas, no que por rabia digais que ha sido robo, penosa.",High,Condescending,Insulting,Aggressive,"callate, subnormal, rabia, robo, penosa",
"Que asco da la gente homófoba, COMENTO. — MUCHO ASCO",Medium,Disgust,Strongly Opinonated,Negative,asco,
Nunca sean así de mierdas.,High,Aggressive,Insulting,Contemptuous,mierdas,
Cómo me alegro de la remontada por todos los madridistas insoportables y por el subnormal miarma de Emery!!,High,Insulting,Derogatory,Negative,insoportables subnormal miarma,
"Si controlan mucho porque son dictadores, si no controlan son pelotudos.",Medium,Dismissive,Casual,Negative,"dictadores, pelotudos",
"Potencialmente Sánchez es el que más daño puede hacer, primer psicopata que llega a ser presidente en España.",Medium,Negative,Serious and Critical,Critical,"daño, psicopata",
"se tiene q ser subnormal profundo, pero como dice este es la nueva manera de hacer periodismo. Pues ala",High,Dismissive,Confrontational and Insulting,Negative,subnormal,
"Yo lo se, los mismos fascistas corruptos ladrones que estan acabando con la Civilización en la Tierra",High,Accusatory,Aggressive and Condemning,Angry and Frustrated,fascistas corruptos ladrones,
Jajajajajaja que Martin de mierda,Medium,Mocking,Casual and Insulting,Negative,mierda,
"Donde esta el venezolano de mierda, donde",High,Aggressive,Insulting and Offensive,Hostile,mierda,
Por encima de la libertad de expresión está la libertad de callarse para no decir gilipolleces sin sentido,Low,Assertive,Neutral,Rational,gilipolleces,
Ya decía yo que veía menos moros,Low,Casual,Informal,Neutral,moros,
"Desde que los nazis falsificaron billetes en los campos,este es el peor ataque a la economia de un pais",Low,Informative,Formal,Negative,nazis,
"Estos fascistas de la oposición venezolana, y sus achichincles en España, tienen la suerte de que no somos como ellos.",Medium,Accusatory,Critical and Aggressive,Hostile,"fascistas, achichincles",
Que red social de mierda,Low,Disdainful,Vulgar,Negative,mierda,
"Este va para casa de que politicucho? ya esta adjudicado, o se lo rifan?",Medium,Questioning,Sarcastic,Skeptical,politicucho,
"Hable como Hernández, ya sabemos que podes hablar mierda en ese canal, NARCO ¿Seguridad?",Medium,Dismissive,Confrontational and Insulting,Hostile,"mierda, NARCO",
Ahora me leo la secta que seguro que amplian información,Low,Neutral,Informative,Neutral,secta,
"Vaya, el VOXtarra guardia que se da por aludido.",Low,Dismissive,Casual,Neutral,VOXtarra,
Disney se está riendo en vuestra puta cara,Medium,Mocking,Informal and Vulgar,Disrespectful,puta,
Buena gente acogemos en nuestro país. Traen lo mejorcito de la cultura de su país.,Low,Appreciative,Polite and Welcoming,Positive,,
Quien me mando a hacerme este aro de mierda 😭,Medium,Frustrated,Informal and Vulgar,Regretful,mierda,
te he respondido 2 veces como un subnormal xDDDDDDDD,High,Dismissive,Confrontational and Insulting,Hostile,subnormal,
"Me baje la discografia de Jeffree Star porque me representa: Una mierda, pero fabulosa.",Medium,Sarcastic,Pejorative,Insulting,mierda,
Hay que ser muy cara raja de pedir paz si no hay justicia,Medium,Accusatory,Colloquial and Derogatory,Critical,cara raja,
Estamos de acuerdo que el tereré le rompe el orto al mate?,Medium,Informal,Vulgar,Comparative,"rompe, orto",
Y acaba de cagar... DONDE NO TIENE QUE HACERLO!!!!!!!!!!,Medium,Aggressive,Confrontational,Frustrated,cagar,
Mis ganas de seguir se están yendo a la mismísima mierda.,Medium,Frustrated,Vulgar,Negative,mierda,
Después de estos días te llamarán el Leñador: Palo q ves palo que tumbas,Medium,Jovial,Informal,Teasing,tumbas,
"a juzgar de las músicas new age que clavaron los vecinos, los hospis están posta de ayahuasca.",Medium,Dismissive,Sarcastic,Criticizing,clavaron,
"Che cuando sea presidente , se van a querer cortar un huevo jajaja!",Medium,Mocking,Informal and Provocative,Derisive,cortar un huevo,
Por todos nuestros compañeros que se han suicidado con esta carrera de mierda 😔😔,Medium,Sad,Vulgar and Emotive,Depressing,mierda,
A mi algunas veces se menstrujan los huevos con los vaqueros ajustados.,Medium,Informal,Crude and Vulgar,Discomfort,"menstrujan, huevos",
Storm es una hijaputa de cuidado.,High,Aggressive,Insulting,Hostile,hijaputa,
se ve como una mierda la foto perooo,Medium,Critical,Insulting,Negative,mierda,
estoy tan hasta la polla que cada dia me la suda todo un poquito mas,Medium,Frustrated,Vulgar and Informal,Indifferent,"polla, suda",
BBC le hace un trolleo épico,Medium,Mocking,Informal,Negative,trolleo,
yo no entiendo como les puede gustar este frio de mierda,Medium,Frustrated,Vulgar,Negative,mierda,
sisi una cagada q nosotros estemos en 40tena hace mil meses pero hay países q no ?,Medium,Frustrated,Informal and Profane,Resentful,cagada,
LO LINDA QUE ES NUESTRA CHOMBA LA PUTA MADREEEEEEEEEEEEEEEEEEEEEEEEEEEEEEEEEE,Medium,Exclamatory,Colloquial and Profane,Excited,PUTA,
😂😂😂😂 este hijueputa como sueña.,Medium,Mocking,Informal and Insulting,Disdainful,hijueputa,
Ojalá nadie compre ni mierda.,High,Aggressive,Offensive,Malicious,mierda,
"Y alguien puede pedir que John Constantine lo interprete el pato Donald, pero eso no significa que tenga sentido.",Low,Humorous,Casual,Neutral,ninguna,
"Y quien dice que no los ayuda, chavalin????????????",Medium,Belittling,Confrontational and Dismissive,Disrespectful,chavalin,
Que buena es una puta pasada de serie #ARDEMadrid,Medium,Informal,Vulgar,Positive,puta,
no se haga el marica con esa ridiculez de trino.,High,Ridiculing,Disrespectful and Insulting,Contemptuous,"marica, ridiculez",
Que manera de cagarla wacho 😩👎🏼,Medium,Critical,Casual and Slang,Disappointment,cagarla,
"tengo una intensidad al extrañar a candela, pk mierda esta lejos?",Medium,Frustrated,Informal and Vulgar,Distressed,mierda,
Fav si fuiste al Western a comer pizza y terminaste ebrio :(,Low,Light-hearted,Casual,Nostalgic,ebrio,
el chico este no tiene contacto ?COÑO luego el AT Madrid amenazas con denuncias,Medium,Frustrated,Aggressive and Accusatory,Dissatisfied,"COÑO, amenazas",
"bueno, también será porqué nada cabrea más a un ultranacionalista que otro nacionalismo intente violar su integridad territorial.",Medium,Sarcastic,Critical,Hostile,"cabrea, ultranacionalista, violar",
lo puto guapa que va hoy Natalia??????,Medium,Aggressive,Vulgar,Condemning,puto,
La cancion agua es la mamada,Low,Casual,Colloquial,Positive,mamada,
"La cagada de siempre retrocer la pelota pasado ya el medio, que puta crj",High,Frustrated,Vulgar and Insulting,Displeasure,"cagada, puta, crj",
Ganale al que no gana una copa la puta que te parió 😂😂😂,High,Mocking,Derogatory and Insulting,Hostile,"puta, parió",
Deja de molestar xq te voy a mandar al jefe q Te pegue gil,High,Threatening,Aggressive and Insulting,Hostile,"molestar, pegue, gil",
Que muchos pelotudos habitan esta aldea,Medium,Frustrated,Derogatory,Disdainful,pelotudos,
como salgamos del corona virus y luego nos mate un meteorito me voy a cagar en todos los dioses,Medium,Frustrated,Irreverent and Aggressive,Exasperation,cagar,
MEDIA HORA PARA ESCRIBIR ESTA MIERDA ESTUVO AMY,Medium,Frustrated,Informal and Vulgar,Annoyance,mierda,
Este si que es un verdadero chupasangre del dinero de nosotros.,Medium,Judgmental,Accusatory and Disparaging,Contempt,chupasangre,
"QUE TE DIERON DE COMER CUANDO CHICO, MIERDA?",High,Aggressive,Insulting,Hostile,mierda,
Nunca en mi puta vida me va a pasar,Medium,Frustrated,Vulgar,Negative,puta,
Ese señor no es Colombia no sea idiota.,High,Aggressive,Insulting,Disrespectful,idiota,
Bueno nojoda que pasa aqui pues?,Medium,Frustrated,Informal and Vulgar,Annoyed,nojoda,
"este internet q anda del orto, nunca más me llego un mensaje tuyo",Medium,Frustrated,Casual and Vulgar,Annoyance,orto,
"Mierdación como escriben de mal los titulares, el encabezado, el primer párrafo.",High,Criticizing,Crude and Disparaging,Disdainful,Mierdación,
dios podes hablar bien la concha de tu madre,High,Aggressive,Vulgar and Insulting,Hostile,"concha, madre",
"cuando a la derecha rancia le recuerdan lo rancia que son ,siempre sale algún pepero rancio con pelazo quejándose",Medium,Critical,Mocking and Insulting,Disparaging,"rancia, pepero, quejándose",
Gran zasca al bolivariano Jordi Caca Évole,High,Derogatory,Confrontational and Insulting,Hostile,"zasca, Caca",
k stoy haciendo con mi putavida mencantaria saberlo,Medium,Frustrated,Vulgar,Confused,putavida,
"#SpainIsAFascistState ,cuanto nos queda por limpiar en este pais lo copan todo hasta las televisiones",High,Aggressive,Accusatory and Provocative,Hostile,"fascist, limpiar, copan",
Contigo el pedo se hizo agresivo rápido.,Medium,Accusatory,Confrontational,Negative,"pedo, agresivo",
"Como dice el preclaro compañero Aníbal, sencillo fan asco.",Medium,Disapproving,Insulting,Disdainful,asco,
Lo puto guapas que van todas hoy??????,Medium,Disrespectful,Profane and Objectifying,Negative,puto,
"Udec culia se demoran ene en sus trámites culiaos, vale pico!",High,Frustrated and Disrespectful,Profane and Aggressive,Very Negative,"culia, culiaos, vale pico",
"ERA PARA QUE VAYAS A COMPRAR MANDARINAS EN JONATHAN, NO A CANTAR CON LA CAZZU.",Low,Disappointed,Reprimanding,Displeased,NO,
"JAJAJAJAJAJ qlq valeeee, maldito muchacho mongolico.",High,Derisive,Insulting and Offensive,Hostile,"maldito, mongolico",
Hay qur ser bien CTM para andar tirando molotovs en cualquier lugar,High,Aggressive,Profane and Condemnatory,Hostile,CTM,
No sabe ni nada el cabrón xDDDDDDDDDDDD!!,Medium,Mocking,Informal and Insulting,Derisive,cabrón,
Hoy m pongo empedo o ke?💃🏼,Low,Casual,Informal,Playful,empedo,
Pero como yo estoy solo que no llueva ni mierdaa,Medium,Frustrated,Colloquial and Vulgar,Annoyed,mierdaa,
y si sigo durmiendo y le dan x culo al trabajo???,Medium,Disrespectful,Casual and Rude,Dismissive,culo,
Putas que me hace reir este huaso bruto del Prudencio #AquelarreTVN,High,Derogatory,Vulgar and Insulting,Disrespectful,"Putas, bruto",
PDT: Hoy todo el mundo comentado con #RepescaHugo porfa.,Low,Neutral,Casual,Friendly,,
me paso de pendejo neta,Medium,Self-deprecating,Colloquial and Vulgar,Frustration,pendejo,
Matemáticas me va a coger siempre?,Medium,Frustrated,Colloquial and Informal,Defeated,coger,
#CepedaDestruyoPruebas eso es mucha rata tan hijueputa.,High,Aggressive,Insulting and Derogatory,Hostile,"rata, hijueputa",
"Partido de los llamados feos, de los de no poder cometer el mas minimo fallo, concentracion y desgaste.",Low,Neutral,Informative,Neutral,"feos, fallo, desgaste",
Que coño tiene oculto el hermano de este ahora????,Medium,Curious and Aggressive,Informal and Vulgar,Suspicious,coño,
Que cancion pedorra no la banco masaaaas,Medium,Dismissive,Casual and Disparaging,Disgust,pedorra,
me encanta la puta UNION que hemos tenido todo Twitter para hacer favorita a Maria #OT18Gala4,Low,Positive,Casual,Supportive,puta,
"AHHHHHH POR ESOOO TE VAS, MALDITAAAA😡🤬",High,Aggressive,Confrontational and Insulting,Angry,maldita,
A esos mamertos ifueputas hay que darles es duro y donde más les duele.,High,Aggressive,Violent and Insulting,Hostile,mamertos ifueputas,
"No es la música kpop, son las armys que a mucha gente les da por las pelotas.",Medium,Frustrated,Informal and Slightly Offensive,Irritation,les da por las pelotas,
Un me suda la polla suele esconder un me duele,Medium,Dismissive,Vulgar and Dismissive,Indifferent,suda la polla,
Que alguien me explique que mierda hice xq ni yo entiendo,Medium,Frustrated,Informal and Crude,Confused,mierda,
Te podes mandar todas las cagadas del mundo pero te voy a elegir a vos siempre,Medium,Reassuring with Underlying Criticism,Colloquial with Vulgar Elements,Mixed,cagadas,
crush mi boca no se va a besar sola no se a que cojones esperas,Medium,Impatient,Direct and Informal,Demanding,cojones,
No querer culear con cualquiera.,Medium,Dismissive,Informal and Vulgar,Negative,culear,
Yo el culo asiq juntemos Plata,Medium,Crude,Informal and Vulgar,Disrespectful,culo,
Putos oídos tenían un tiiiiiiiiiiiiiii hijoeputa casi muero,High,Aggressive,Insulting and Profane,Angry,"putos, hijoeputa",
En ves de estar debatiendo ayudas para el pequeño y mediano empresario estamos con la gilipollas del luto oficial.,Medium,Dismissive,Disrespectful and Insulting,Frustrated,gilipollas,
"Hijos de puta, encima el pulgar, yo directamente los expulsaba o les prendía fuego",High,Aggressive,Insulting and Violent,Hostile,"Hijos de puta, expulsaba, prendía fuego",
"She-ra, temporada 4: todo se va a la mierda.",Medium,Negative,Informal and Vulgar,Frustration,mierda,
Por que le pinche molesta a mi papá que me levante a las 2 de la tarde ?,Medium,Frustrated,Informal and Mildly Offensive,Annoyed,pinche,
estos personajes cometieron un crimen y se rajaron... refugiados las bolas,High,Mocking,Derogatory and Insulting,Contemptuous,"cometieron, crimen, rajaron, bolas",
Tienen de CM al hioputa de Mr Wonderful,High,Aggressive,Vulgar and Insulting,Derogatory,hioputa,
no os da como puta rabia que gente asquerosa tenga pareja y vosotros no?,High,Aggressive,Confrontational and Insulting,Resentful,"puta, rabia, asquerosa",
Creo que empezaré una relación seria con la comida y me importa una mierda si me engordo más.,Medium,Flippant,Casual and Crude,Defensive,mierda,
"Espejo Público y Susana Griso, portavoces de fascistas.",High,Accusatory,Defamatory and Offensive,Hostile,fascistas,
"Lo que indigna más son los llantos fariseos, las declaraciones hipócritas, las amenazas furibundas... todo para que todo siga igual...",Medium,Critical,Accusatory,Discontent,"indigna, fariseos, hipócritas, amenazas, furibundas",
"Porque estamos esperando a que subas tú, mamón.",Medium,Sarcastic,Confrontational and Insulting,Annoyed,mamón,
Que no me aconseje nadie coñazo que me lleve el diablo a mi,High,Aggressive,Rude and Offensive,Hostile,"coñazo, diablo",
no tengo los suficientes ovarios para decirte el polvo que te echaba,Medium,Vulgar,Offensive and Explicit,Disrespectful,"ovarios, polvo",
😂😂😂😂😂😂 este ose se la mandaaaa 😂😂😂😂😂😂 nose si se duerme x el olor a chivo o qe😂😂😂,Medium,Mocking,Colloquial and Teasing,Derisive,olor a chivo,
Hacia una segura coalición con el infierno marchamos ¡¡aqui nos hundimos!,Medium,Pessimistic,Dramatic,Despair,"infierno, hundimos",
Camila con celos y yo cagada de la risa porque súper x 🤷‍♀️,Medium,Mocking,Casual and Insulting,Derisive,cagada,
los que no entendéis la ironía y las coñas llevadas al extremo moláis 0 hermanus,Medium,Sarcastic,Disparaging,Mocking,ninguna,
Toca coger la circunvalar pero por los pedacitos de bajada.,Low,Neutral,Informal,Neutral,None,
Pq chucha no puedo dormir con calcetines!!,Medium,Frustrated,Informal and Vulgar,Annoyed,chucha,
"Se picoooo esta mierda, TE AMO IARUUUU",Medium,Excited,Colloquial and Vulgar,Mixed,mierda,
"Algo le habrás dicho, el mongolo no bloquea por bloquear.",High,Insulting,Derogatory,Disparaging,mongolo,
Confirmado merezco el al infierno jajaja,Medium,Self-Deprecating,Casual,Negative,infierno,
Igual te puedo cagar a piñas y después te rasco,High,Aggressive,Violent and Threatening,Hostile,cagar a piñas,
"Y el otro subnormal se pira de casa por que si, a ver que mierdas hace por la calle.",High,Hostile,Insulting and Aggressive,Contemptuous,"subnormal, mierdas",
#APetroLeDigo que es un teterahijueputa.,High,Aggressive,Coarse and Insulting,Hostile,teterahijueputa,
"Wooooowwww premio a mejor hilo sin duda, pinché decálogo de lo más pendejo",High,Sarcastic and Insulting,Derogatory and Dismissive,Disdainful,"pinché, pendejo",
Pinche Guanajuato ya no seas tan conservador.,Medium,Disapproving,Casual and Insulting,Critical,Pinche,
"dioss m da verguenza cuando comentan eso,, se quedaron en 2018",Low,Disapproving,Colloquial,Negative,verguenza,
Bad Bunny qlo como mierda dice que no va a salir nunca la canción con Zion y Lennox 😨,Medium,Frustrated,Colloquial and Aggressive,Disappointed,"qlo, mierda",
un día m tienes comiendo d tu mano y al otro pasando d tu puta cara,Medium,Aggressive,Vulgar and Confrontational,Frustration,puta,
"Amores bellos, si tienen algo lindo con una persona, ¿por qué insisten en cagarse todo metiendo terceros a la relación?",Medium,Confrontational,Casual and Vulgar,Frustrated,cagarse,
Yo de periodista hacia rato lo habría mandado para la mierda hace rato,High,Aggressive,Confrontational and Insulting,Hostile,mierda,
Mi culo se mueve solo,Low,Humorous,Colloquial,Neutral,culo,
"Yo pensaba que Cam4 era un restaurante, ahora entiendo todo, maldita sea.",Medium,Irritated,Frustrated,Displeasure,maldita,
La Corte y nada la misma huevonada,Medium,Frustrated,Informal and Insulting,Disdainful,huevonada,
"pero cerra el orto, que te pensas que los mato yo a los animales, o que los matan por diversión?",High,Aggressive,Insulting and Confrontational,Defensive and Hostile,cerra el orto,
- ¿Estarías con un chico con coño?,High,Provocative,Vulgar and Offensive,Disrespectful,coño,
Me he sobao y me he perdido el ridículo del Valencia,Low,Casual,Informal,Slightly Negative,ridículo,
Aparece cuando quiere la yeguaaa,Medium,Derogatory,Disparaging,Disrespectful,yeguaaa,
Que puta... como se nota que mario ferreiro está sin laburo.... cortenle el tw,High,Derogatory,Offensive and Disrespectful,Disparaging,"puta, sin laburo",
"Good, mute him AMARGADOS DE MIERDA, es un puto genio.",High,Aggressive,Confrontational and Insulting,Hostile,"AMARGADOS DE MIERDA, puto",
soy una puta gorda y solo quiero ir a las cenas/comidas de Navidad para comer y engordar 14kg,High,Self-deprecating,Vulgar and Offensive,Negative,"puta, gorda, engordar",
Definitivamente para ir a mall o andar por Santiago hay que tener un water del año 90 y bien oxidada.,Medium,Sarcastic,Casual and Derogatory,Critical,oxidada,
"los mas valientes, los mejores, los mas preparados vienen a pagarnos las pensiones daga en mano",Medium,Sarcastic,Cynical and Hostile,Unwelcoming,daga,
soy una sensiblona x muchos cojones q tenga,Medium,Self-deprecating,Vulgar,Negative,cojones,
Pollo de mi vida haceme pollitos la puta madre!!!,Medium,Aggressive,Vulgar and Insistent,Demanding,puta,
Hoy día la ley de memoria histórica considera a esta víctima del Frente Popular un golpista.,Medium,Accusatory,Formal,Critical,golpista,
esaes dadme mi sobre de 125 cabrones xddddd,High,Sarcastic,Insulting,Hostile,cabrones,
"Que gente idiota la que sigue saliendo a la calle dios, no se quieren ni un poquito",High,Judgmental,Insulting and Disparaging,Hostile,idiota,
¿Y quién cojones es ese?.,Medium,Aggressive,Vulgar,Disrespectful,cojones,
Por eso lo siguen los maricas,High,Disparaging,Derogatory,Contemptuous,maricas,
Vamos a tirarle el vídeo al gilipollas este 1.,High,Aggressive,Confrontational and Insulting,Hostile,gilipollas,
Si fuera de La Pincoya se estarían pidiendo las penas del infierno y juzgando a todos.,Medium,Critical,Accusatory,Resentful,"penas del infierno, juzgando",
Que mierda no poder soltar una persona a pesar de todo lo que te hizo.,Medium,Frustrated,Informal and Vulgar,Negative,mierda,
man soy r autoexigente q hincha pelotas,Medium,Frustrated,Colloquial and Vulgar,Negative,hincha pelotas,
Estoy hasta los cojones de vivir sintiendo que soy una basura como para que aún encima me lo recuerden constantemente,Medium,Frustrated,Profane and Self-Deprecating,Resentful,"cojones, basura",
"Girón, monumento nacional (al tapón tan hijueputa que se forma desde el Palenque hasta Caneyes) a esta hora.",Medium,Frustrated,Vulgar,Annoyed,hijueputa,
Uribe tiene huevas de plomo y nadie le da la talla.,Medium,Praising with an aggressive undertone,Colloquial and Bold,Admirational with a hint of Defiance,huevas de plomo,
JAJAJAJA te amo histérica de mierda,Medium,Mocking,Insulting,Derogatory Affection,"histérica, mierda",
yo quiero hacer una paja a mano cambiada contigo ( live on ),High,Sexually Explicit,Vulgar and Inappropriate,Sexual Harassment,paja,
- ¡Ya cállate pinche Pedro!,High,Aggressive,Confrontational and Insulting,Hostile,"cállate, pinche",
La avispa es la cabreada que no come para no engordar.,Medium,Sarcastic,Colloquial and Insulting,Derisive,cabreada,
"Así luego entran en patera, dan otro nombre, y tienen otra paguita",High,Dismissive and Prejudiced,Derogatory and Stereotypical,Hostile and Discriminatory,"patera, paguita",
Que no lo sigo y se quien coño son todos.,Medium,Frustrated,Informal and Offensive,Annoyed,coño,
"yo sabía que algun pelotudo/a iba a comentar esto jajaaj, deggggggame en paaaaaaassssssssssss (sartenaso)",Medium,Sarcastic and dismissive,Confrontational and insulting,Hostile,pelotudo sartenaso,
quiero follar y dormirme abrazao,High,Crude,Vulgar and Inappropriate,Offensive,follar,
Joder que partidazo de los Wolves en Anfield.,Low,Excited,Informal,Positive,Joder,
DE RAZON ESTE PAIS VA DE CULO PARA EL ESTANCO CON ESTOS PETARDOS.,High,Derogatory,Offensive,Contemptuous,"de culo, petardos",
dios me siento para la mierda puede alguien de stray kids aparecer porfa😞,Low,Desperate,Informal,Melancholic,mierda,
Ya vi a Vicent Janssen haciéndosela de pedo al Chupete Suazo por quien es el número 1.,Medium,Confrontational,Colloquial and Aggressive,Adversarial,pedo,
Un poco guarrilla y con ganas de llamar la atención de forma desmesurada.,Medium,Derogatory,Disparaging and Judgmental,Disapproving,"guarrilla, desmesurada",
"No entiendo la gracia de este programa, están en bolas recorriendo una selva con un montón de animales venenosos",Low,Dismissive,Casual and Dismissive,Negative,"bolas, venenosos",
yo digo que toca hacer un getsito en el hospe y descabronarloo🍻,Medium,Aggressive,Informal and Insulting,Confrontational,descabronarloo,
El muro de la infamia o El muro de los tetrahijueputas.,High,Derogatory,Insulting and Offensive,Disdainful,"infamia, tetrahijueputas",
Oye que mierdas le pasa a Alba en las galas :(((?!?!?!,Medium,Aggressive,Offensive,Negative,mierdas,
La gente es tan cabrona a veces,Medium,Frustrated,Informal and Insulting,Negative,cabrona,
Te hablé puta de mierda,High,Aggressive,Confrontational and Insulting,Hostile,"puta, mierda",
El facha pastrana no tiene ni amigos. Pobret.,High,Mocking,Derogatory and Insulting,Contemptuous,"facha, pobret",
"Que no es abidal joder, que es Bartomeu, abidal es solo un peon mas.",Medium,Frustrated,Informal and Disrespectful,Critical,joder,
Se me fue el sueño a la mierda,Low,Frustrated,Casual and Vulgar,Negative,mierda,
Que puta hacia el final el mismo le pasaba a los de mineiro jajajaj,Medium,Mocking,Vulgar and Insulting,Derisive,puta,
Malditos de Nintendo y su manía de no rebajar nada juegos que tienen años ya,Medium,Frustrated,Accusatory and Derogatory,Angry,"Malditos, manía",
soy la única a la que no le hace gracia esta mierda??,Medium,Frustrated,Vulgar,Annoyance,mierda,
Porque hay mucho tarado en está red.,Medium,Critical,Insulting,Negative,tarado,
Jajajajaja que gorda lechera hasta cuando con esos videos,High,Mocking,Derogatory and Insulting,Disrespectful,"gorda, lechera",
En verdad es irme a la chucha de chile jiji,Medium,Dismissive,Informal and Vulgar,Negative,chucha,
QUE LINDO SER DE ROWING LA PUTA MADREE🔵⚪️♥️ #qlsr,Medium,Excited,Informal and Vulgar,Pride and Intense Emotion,PUTA MADREE,
"Vieran que feo se siente, el andar sufriendo por un mal de amooooor",Low,Melancholic,Emotional,Sadness,"feo, sufriendo, mal",
feliz porque hoy se come mantecol hasta empalagarse,Low,Joyful,Friendly,Positive,,
"SOS UN HIJO DE PUTA, no tenes sentimientos",High,Aggressive,Insulting,Hostile,"hijo de puta, no tenes sentimientos",
"Esto hace falta en Paraguay, no la cantaleta amariconada de DDHH de muchos políticos.",High,Derisive and Disparaging,Offensive and Derogatory,Contemptuous,"cantaleta, amariconada",
Hacer daño a un ser vivo debería estar penado joder.,Medium,Assertive,Colloquial and Strong,Critical,"daño, joder",
Xq no me contestabas maldita,High,Aggressive,Insulting,Angry,maldita,
me voy a secar el pelo asi me lo plancho auq me de re mil paja,Low,Informal,Colloquial,Neutral,paja,
Te acordas que existo pendejo de mierda 😡,High,Aggressive,Insulting and Confrontational,Hostile,"pendejo, mierda",
"Haber sí así aprenden de historia los cagones, y dejan de alabar a las Farc",High,Condemning,Aggressive and Vulgar,Hostile,cagones,
Toy tan en la mía que si me vienen a joder me les río,Medium,Defensive,Confrontational,Defiant,joder,
"Porque hay alerta roja, subnormal!!!! Este tío es tonto, JODER!",High,Aggressive,Confrontational and Insulting,Hostile,"subnormal, tonto, JODER",
Algo más ridículo que andar contando con quien te hablas?,Medium,Sarcastic,Mocking,Dismissive,ridículo,
Pobre hijueputa mala agradecida quiere todo para ella gratis y los demás departamentos que se jodan,High,Aggressive and Insulting,Confrontational and Offensive,Hostile,"hijueputa, mala, jodan",
No quiero follar contigo porque me da igual lo que me lo digas.,High,Dismissive,Rude and Disrespectful,Contemptuous,"follar, me da igual",
Terminaré borrando todo y me iré bien a la chucha.,Medium,Frustrated,Informal and Vulgar,Discontent,chucha,
Para que echan pirotecnia 🎇🙄 si no hay nada 😒 solo despertaron a Mia 😡 stuuupidossssssss Solo tirar dinero💸,High,Frustrated,Insulting and Disparaging,Angry,stuuupidossssssss,
Pq chucha me despierto a esta horaaaa,Medium,Frustrated,Vulgar,Annoyed,chucha,
"Los mejores, los más valientes y más preparados",Low,Encouraging,Positive and Supportive,Admiring,,
q paja ni tengo ganas d salir mañana,Low,Informal,Casual and Slang,Unenthusiastic,paja,
"Si te dan manzanas y huevos y te piden que hagas un gazpacho, como cojones pretendes hacerlo?",Medium,Frustrated,Vulgar,Annoyed,cojones,
"Como un pico flacido, malo malisimo",Medium,Dismissive,Critical and Insulting,Negative,"flacido, malo malisimo",
Por qué les tienen tanta bronca a los q fueron mantenidos y no los mandaron a laburar?,Medium,Accusatory,Casual and Disparaging,Critical,bronca,
Mis vacaciones de Mayo se fueron a la mierda por el Covid.,Medium,Frustrated,Vulgar,Displeased,mierda,
Que serie de la puta madre es Billions.,Medium,Exclamatory,Casual and Vulgar,Positive,puta,
Che cuenten el secreto para tener motos autos y salir todos los Findes rascándose los huevos 😛,Medium,Sarcastic,Casual and Slightly Vulgar,Jealous,rascándose los huevos,
"Nico a los 3 años se metió una pila y un PAN en la nariz, desde chiquito es pelotudo 🤣",Medium,Humorous,Mocking and Derogatory,Dismissive,pelotudo,
Pues sere un puto desastre pero si te veo mal intento sacarte una sonrisa,Medium,Self-deprecating,Colloquial and Vulgar,Supportive,puto desastre,
COÑO una portada sin Neymar jajajaja jajajaja,Medium,Sarcastic,Casual and Vulgar,Mocking,COÑO,
Nunca sean así de mierdas,Medium,Reproachful,Offensive,Disapproving,mierdas,
Ahhhhh cabron cuál es el beso arcoíris ?,Medium,Confused,Casual and Slightly Aggressive,Inquisitive,cabron,
Dejen jugar el partido flaites de mierda!,High,Aggressive,Confrontational and Offensive,Hostile,"mierda, flaites",
Después de eso casi prendo fuego la campera y la remera de 6to porque la verdad una mierda todo.,Medium,Frustrated,Aggressive,Angry,mierda,
Huevones nefastos utilizados por la extrema izquierda anarquista,High,Derogatory,Insulting and Political,Hostile,"Huevones, nefastos",
"Una noche me duró la serie, joder coño",Medium,Frustrated,Vulgar,Annoyed,"joder, coño",
Joder como esta el chaval 🤦🏻‍♂️,Medium,Frustrated,Informal and Mildly Insulting,Disapproving,Joder,
Y que poronga es Harry Potter.,Medium,Dismissive,Vulgar,Disdainful,poronga,
EN SERIO ESTOS PEDAZOS DE MIERDAS PUEDEN SER LLAMADOS POLICÍAS CIVILES?,High,Derogatory,Insulting and Aggressive,Contemptuous,mierdas,
Van a tener que seguir convenciendo a más charnegos,Medium,Derogatory,Dismissive and Pejorative,Disparaging,charnegos,
"Típico estos weones se limpian las manos, me voy chao",Medium,Frustrated,Informal and Derogatory,Disappointed,weones,
mejor me voy a dormir porque sino me la voy a mandarrr,Low,Frustrated,Casual,Negative,mandarrr,
Jajajajaj la Küyén cagando en el depa DESPUÉS DE QUE LA SAQUÉ A PASEAR PARÁ QUE CAGARA AFUERA!!!,Medium,Frustrated,Vulgar and Casual,Annoyed,"cagando, cagará",
"Gol de Alemania, TyC, la concha de tu madre",High,Aggressive,Confrontational and Insulting,Hostile,concha de tu madre,
Jajajaja q mente de mierda tengo lpm buen día crack,Medium,Self-deprecating,Casual with Profanity,Mixed,"mierda, lpm",
como si nunca vieron la lluvia PELOTUDOS,High,Aggressive,Insulting,Hostile,PELOTUDOS,
"EL VERDADERO RELAJO INICIÓ, CUANDO NITO CORTIZO DECLARO QUE ESTE SR SE QUEDABA EN EEUU, PORQUE EL ERA QUIEN MANDABA.",Medium,Accusatory,Disparaging,Contemptuous,RELAJO,
"Y ESPERAR EL APOGEEEO DE LA ENFERMEDAD, CHUPA 3L PICO FEO DE MIERDA.",High,Aggressive,Vulgar and Insulting,Hostile,"mierda, feo, chupa",
El que madruga anda cagado de sueño!,Low,Humorous,Informal,Playful,cagado,
"Iba a salir y pincho, una paja d todo manejo últimamente",Medium,Frustrated,Informal and Crude,Negative,paja,
Gracias policia x cagarme la siesta🖕🏻,High,Sarcastic,Confrontational,Hostile,cagarme,
Tengo un problema serio si ya desde esta hora estoy hasta los cojones de la gente,Medium,Frustrated,Colloquial and Vulgar,Irritated,cojones,
marujones tio deberia daros verguenza,Medium,Dismissive,Confrontational,Condemnatory,"marujones, verguenza",
Lo puto guapa que sale todo el rato??????,Medium,Sarcastic,Informal and Vulgar,Mildly Appreciative,puto,
"El destino es una verga, y la vida injusta, por eso vivámosla y no la desperdiciemos",Medium,Pessimistic,Casual and Vulgar,Resigned,"verga, injusta, desperdiciemos",
que celular d mierda m pone re del orto,High,Frustrated,Vulgar and Insulting,Angry,"mierda, orto",
me tienen las pelotas re llenas todos,High,Frustrated,Aggressive,Angry,pelotas re llenas,
QUIEN MIERDA ME MANDO A PASARME A ABONO,High,Offensive,Confrontational and Vulgar,Frustrated,mierda,
Tóxico de mierda lo único q quiere es escabiar,High,Contemptuous,Offensive and Insulting,Disdainful,"Tóxico, mierda",
Era el puto amo JAJAJAJAJAJJAJAA,Medium,Boastful,Informal and Vulgar,Arrogant,puto,
Lindo 5to vamos a tener con el colegio en construccion todo el puto año 🙄,Medium,Sarcastic,Dismissive and Critical,Frustrated,puto,
Pruebas y más pruebas y a este hijueputa nada que lo investigan,High,Frustrated,Aggressive and Insulting,Angry,hijueputa,
Llenos de coca y bandas criminales.,High,Derogatory,Offensive and Stereotyping,Negative,"coca, bandas criminales",
Odio andar con un secreteo... nojoda.,Medium,Frustrated,Informal and Rude,Annoyed,"Odio, nojoda",
"De aquí a que se dé de nuevo la mierda, que alguien me pegue un paipe por weta",Medium,Frustrated,Vulgar and Confrontational,Angry,"mierda, pegue, weta",
"Joder que bueno, no voy a picar yo sólo 😉",Low,Playful,Casual,Positive,Joder,
No sirven para un culo,High,Dismissive,Offensive and Insulting,Derogatory,culo,
Gran puta... el calor de mierda este... 😣😣😣,Medium,Frustrated,Vulgar and Insulting,Annoyed,"puta, mierda",
"El espíritu de Plasencia siempre será una epopeya de liberación de tensión...Que putos nervios de tanda, pollo.",Medium,Frustrated,Informal and Vulgar,Agitated,putos,
Lo peor es que hay tantos idiotas que le creen,Medium,Frustrated,Disparaging,Contemptuous,idiotas,
Hay qu serpaleto para no saber que ese psicopata firmo 8000 sentencias de muerte.,High,Accusatory,Insulting and Judgmental,Hostile,"serpaleto, psicopata",
No tengo ni puta idea :@,Medium,Frustrated,Vulgar,Annoyed,puta,
esta hasta el coño de la vida JAJAJAJAJAJAJAJAJJAJAJAJAJA yo,Medium,Frustrated,Vulgar and Informal,Overwhelmed,coño,
Siempre así de pelotudos 🤪,Medium,Sarcastic,Disparaging,Contemptuous,pelotudos,
Shh callate hay q tener fe,Low,Dismissive,Informal,Slightly Impatient,callate,
Estai viejo pa comentar esas hueas,Medium,Disparaging,Colloquial and Disrespectful,Belittling,hueas,
"Y en mayo más, en junio más, en julio más....... Pedazo de inútiles!!",High,Aggressive,Confrontational and Insulting,Hostile,inútiles,
"Layun tirando carro, el chiste se cuenta sólo jajajajaja pinche petardo 🤣",Medium,Mocking,Insulting and Sarcastic,Disparaging,"pinche, petardo",
No vuelvo a hacer ni el más mínimo comentario respecto a ni mierda.,Medium,Frustrated,Vulgar and Defensive,Annoyed,mierda,
Primera presentación de Tinelli que es una mierda 👎🏼,Medium,Critical,Profane,Negative,mierda,
Gran puta que reflejos tenía Bush,High,Mocking,Insulting,Disrespectful,puta,
Que ganas de tener esas tetas,Medium,Objectifying,Crude and Inappropriate,Lustful,tetas,
"Las cortes corruptas y ahora también con abusos sexuales, de razón la justicia de este país esta vuelta MIERDA.",High,Outraged,Aggressive and Offensive,Angry,"corruptas, abusos sexuales, MIERDA",
pero callate — Pero que me dejes 👊,Medium,Aggressive,Confrontational,Frustrated,callate,
Odio más a los pinches grillos cuando estoy estresada 😭,Medium,Frustrated,Casual and Profane,Annoyed,"odio, pinches",
"¿Será mongolo de nacimiento, o solamente estará interpretando un papel?",High,Disparaging,Offensive and Insulting,Contemptuous,mongolo,
"¡Vallekanos yonkis y gitanos! Orgullosos de nuestro barrio, no lo podréis entender 💪",Medium,Proud yet Confrontational,Informal and Derogatory,Defensive,"yonkis, gitanos",
Sisi viva la patria y coso pero NO SUBAN FOTOS DE SUS LOCROS,Medium,Dismissive,Formal and Insensitive,Annoyance,NO,
Así qué como usted hay tanto imbécil qué por ser socialista y de izquierda cree qué no somos independientes.,High,Aggressive,Confrontational and Insulting,Hostile,imbécil,
No sea imbécil la idea es salir con precaución para reactivar la economía que lleva meses por culpa del COVID-19.,Medium,Reprimanding,Rude and Direct,Frustrated,imbécil,
Quien poronga es el Pirizz,Medium,Aggressive,Informal and Vulgar,Disrespectful,poronga,
3 horas seguidas haciendo cosas para la puta partida Creo que me podría acostumbrar a esto,Medium,Frustrated,Informal and Vulgar,Annoyance,puta,
Ayer escrachamos al pelotudo del Mono Ramos y hoy al infeliz lo echaron.,High,Aggressive,Insulting and Vulgar,Hostile,"escrachamos, pelotudo, infeliz",
"Aveces Nose si bloquear a Abi de tw o hablarle y mandarla a cagar, que mina más pelotuda es",High,Aggressive,Confrontational and Insulting,Hostile,"mandarla a cagar, pelotuda",
Si entendieran que no por salir embarazada se tienen que casar se ahorrarían muchos pedos después,Medium,Judgmental,Informal and Critical,Disparaging,pedos,
Entrar al metro es como bajar al infierno,Low,Critical,Metaphorical,Negative,infierno,
"A firmar xq Dalito anda pidiendo asilo, se nos quiere quedar en USA, mejor q regrese y de la cara.",Medium,Dismissive,Confrontational,Critical,mejor q regrese y de la cara,
"Mi perra vale pico, juro que me había levantado a jugar y tomó su peluche jajaajja Küyén de mrda",Medium,Humorous with derogatory undertones,Colloquial and Insulting,Disparaging,"pico, de mrda",
Muy fan de la forma de saludar de Pablo a la gente que no conoce de una mierda.,Medium,Sarcastic,Casual and Slightly Insulting,Disdainful,mierda,
Ya puse la de Don't Want A Miss A Thing de Aeroesmith por si se acaba el mundo ahorita ridículos.,Medium,Sarcastic,Mocking,Disdainful,ridículos,
Los perroflautas que libráis hoy no decís nada ehh?? #DiaDeLaConstitucionEspanola,Medium,Disparaging,Derogatory and Provocative,Contemptuous,perroflautas,
Las Cortes con rabo de paja hablan de moral 🤣🤣🤣,Medium,Mocking,Derisive,Disparaging,rabo de paja,
Tengo un quilombo en la cabeza y el corazón hecho verga,Medium,Frustrated,Vulgar and Colloquial,Distressed,"quilombo, verga",
Llevo más de un mes con los pies hinchados que mierda._.,Low,Frustrated,Informal,Negative,mierda,
Menos mal que no te reiste cuando perdí la quinta porque podía llegar a tirarte por el balcón,High,Threatening,Violent,Hostile,tirarte,
Que utilicen los recursos de un partido para ganar una Curul y luego coger la de villa Diego con burla!,Medium,Critical,Disapproving and Sarcastic,Negative,"coger, burla",
"Tener pareja es la verga; pero tener amigos, verdaderos amigos eso no se compara con nada.",Medium,Comparative,Informal and Vulgar,"Negative towards relationships, Positive towards friendships",verga,
Ni para un hijueputa par de medias.,High,Aggressive,Offensive and Insulting,Hostile,hijueputa,
Que hdp cuando nos pinta bajón inventamos lo que sea para comer,Medium,Casual,Informal and Slang,Neutral to Negative,hdp,
a ver cuantos poneis tusa pesaos de los cojones,High,Aggressive,Confrontational and Insulting,Hostile,"pesaos, cojones",
Ya me dio esa sed de la que haces encabronar a los novios de las mujeres.,Medium,Provocative,Inflammatory,Aggressive,encabronar,
Habla como chileno antes de irte culiao weon la wea,High,Aggressive,Rude and Insulting,Hostile,"culiao, weon, wea",
"Le apunta con una escopeta  —¿¡A caso pretendes llevarme la contraria, maldito!?",High,Aggressive,Threatening and Abusive,Hostile,maldito,
"Por qué puta no llueve ahora, YA",Medium,Frustrated,Aggressive,Impatient,puta,
"Mi guatita me está matando, prometo dejar de comer mierda.",Medium,Frustrated,Colloquial and Vulgar,Regretful,mierda,
Que mierda es esa ubicación millenial ahora estoy re enojado loko,Medium,Aggressive,Informal and Vulgar,Frustrated,"mierda, enojado, loko",
"Jajajajajajajajaja jueputa nombre para ñero, le hubieran dejado Covid",High,Mocking and Insulting,Derogatory and Offensive,Hostile,"jueputa, ñero, Covid",
"Me la suda el jopara hoy, voy a comer un sanwi y ya!",Medium,Indifferent,Casual and Vulgar,Apathetic,suda,
"Copito está infumable, parece q sabe q es su cumpleaños",Medium,Annoyed,Informal and Negative,Displeasure,infumable,
Muy sorete el.... ni me habla ✋,Medium,Disdainful,Informal and Rude,Frustrated,sorete,
Este Santiago buchón de mierda😡,High,Aggressive,Insulting,Angry,"buchón, mierda",
Se ven bien pinches finas sacando $8.50 pesitos de su bolsa michael kors para pagar el pasaje del transbus.,Medium,Sarcastic,Colloquial and Derogatory,Disparaging,pinches,
Si se sienten medio boludos... acuerdense que una vez se hizo una caravana en honor a Paul Walker 😘,Medium,Sarcastic,Casual and Derogatory,Mocking,boludos,
Iba a estar yo viendo esta mierda teniendo mi mente tranquila.,Medium,Frustrated,Colloquial and Vulgar,Irritated,mierda,
COMO DIJO ROSA PARKS UNA BUENA MILI TE HACIA FALTA A TI MARICÓN,High,Aggressive,Disrespectful and Homophobic,Hostile,MARICÓN,
Ahí si se irían de culo,Low,Casual,Informal,Negative,culo,
Uno para pasar los cólicoAY CHAO DE AQUÍ BOBA HIJUEPUTA.,High,Aggressive,Insulting and Aggressive,Hostile,"BOBA, HIJUEPUTA",
"si subo una historia es para q me la respondas boludo, no se cómo explicarte",Medium,Frustrated,Informal and Insulting,Annoyed,boludo,
Esa pistola con nobel me mandó a la xuxa,Medium,Dismissive,Insulting and Confrontational,Hostile,xuxa,
Pero callate un poco la concha de tu hermana,High,Aggressive,Confrontational and Vulgar,Hostile,"callate, concha, hermana",
Me falta follar joder para hacer pleno :(,High,Frustrated,Vulgar and Offensive,Discontent,follar joder,
No existe alguien que me mueva el piso como vos,Low,Affectionate,Romantic,Positive,None,
Que ninguna me mande nudes es otro pedo.,Medium,Displeased,Crude and Vulgar,Frustration,pedo,
Así que cámbiame la cara de ojete.,High,Aggressive,Confrontational and Insulting,Disrespectful,cara de ojete,
PUTO GORDO PENDEJO EL CAMPEÓN ERA WOS,High,Aggressive,Confrontational and Insulting,Angry,PUTO GORDO PENDEJO,
"No pienses eso coño jajajajaja que la cambien a la siguiente ciudad si quieren, no en Málaga 🤣🤣🤣🤣",Medium,Dismissive,Casual and Vulgar,Indifferent,coño,
"Por un 2019 q me chupe todo un huevo, y que todo me duela menos🙏🏻",Medium,Dismissive,Casual and Vulgar,Resentful,"chupe, huevo, duela",
Y ganando 4 a 1... con todo esto .. intento sacar con su cabeza la pelota... que huevos carajo..,Medium,Surprised/Impressed,Colloquial and Informal,Admiring,carajo,
JAJAJAJAJAJAJAJAJAJAJAJAJAJAJAJA QUE PUTA VERGÜENZA EL PENALTI QUE LE HAN REGALADO AL MADRID DIOS MIO!!!,Medium,Mocking,Derogatory,Frustration,PUTA VERGÜENZA,
"Eso al régimen se lo pasa por el forro, tan habladera de paja y no pasa nada.",Medium,Discontented,Colloquial and Disrespectful,Frustrated,"forro, habladera de paja",
"este tarado dijo que iba a dormir un ratito, van 3 horas",Medium,Disparaging,Insulting,Critical,tarado,
Con dos huevos... q pasada macho,Low,Neutral,Casual,Positive,"huevos, macho",
"A mamarla moros españolitos, los verdaderos españoles están en el norte",High,Derogatory,Offensive and Discriminatory,Hostile,"mamarla, moros",
Miren este video y después vean quienes son los verdaderos racistas,Medium,Accusatory,Provocative,Conflicted,racistas,
"Que se yo, cosas insignificantes que como siempre como buen boludo me pongo mal.",Medium,Self-Deprecating,Casual and Insulting,Negative,boludo,
La verdad le duele a ese mequetrefe,Medium,Disparaging,Derogatory,Contemptuous,mequetrefe,
noo gato como extraño romper colas en el ludo😔😔,Low,Nostalgic,Sad and Playful,Regretful,romper colas,
no me puedo dormir la gran concha d su madre,High,Angry,Vulgar and Offensive,Frustrated,concha d su madre,
Tengo que dejar de darle vueltas a la facu coño,Medium,Frustrated,Colloquial and Vulgar,Exasperated,coño,
los dioses nos van a castigar x estas mierdas jswjjsjaaj q decia,Medium,Mocking,Vulgar,Cynical,mierdas,
"23 de septiembre del 2020 me entero que DMS significa demasiado, me quiero cortar las tetas!",High,Distressed,Self-Harmful,Despair,cortar las tetas,
Me volví a enamorar pero otra vez a la mierda.,Medium,Frustrated,Vulgar,Negative,mierda,
Me refregué los ojos y me acorde q la estuve re mil acariciando a esta perra zorra 😢,High,Derogatory,Offensive and Insulting,Disparaging,"perra, zorra",
se me ha calado el coche en la puta rampa mas heavy que he subido nunca,Medium,Frustrated,Casual and Vulgar,Annoyed,puta,
"No intento cambiar a la gente pero si sé que das más , pues coño para que conformarte ?",Medium,Frustrated,Colloquial with Profanity,Discontent,coño,
quien viene a ver detective pikachu conmigo aunque parezca una mierda?,Medium,Casual,Informal and Potentially Insulting,Negative,mierda,
"Opino lo mismo, da risa leer a los que no tienen ni puta idea",Medium,Mocking,Dismissive and Insulting,Derogatory,puta,
Te hubise puesto una luca en el bolsillo para que me trajeras unas piscolas a la mesa,Low,Casual,Colloquial,Neutral,None,
O hacen historias de putas y traquetos.,High,Disparaging,Vulgar and Disrespectful,Condemnatory,"putas, traquetos",
"Joder, todo muerto es bueno.",High,Aggressive,Profane and Insensitive,Malicious,"Joder, muerto",
Daniel Mendoza y Gener Usuga son tan HIJUEPUTAS la bajeza de ellos de meterse con un niño.,High,Angry,Confrontational and Insulting,Hostile,"HIJUEPUTAS, bajeza",
Y digo pringados porque me acuerdo del motivo por el que me bloquearon y me parto el culo de risa,Medium,Mocking,Disdainful,Derisive,pringados,
"Y aquí estoy yo, hablándote primero otra maldita vez.",Medium,Frustrated,Strong and Irritated,Annoyed,maldita,
Como siempre las ratas son las primeras en huir.,Medium,Derogatory,Figurative and Insulting,Disparaging,ratas,
Noooooo la concha de la tu vieja mas mal no se puede comenzar????,High,Aggressive,Insulting,Frustrated,"concha, mal",
Sisi pienso cagarle el final a todos xq fue una mierda,High,Aggressive,Confrontational and Vulgar,Hostile,"cagarle, mierda",
"Se debe estar muy pendejo para compararlos, pero se debe estar mucho más pendejo para demeritar a uno por otro.",High,Insulting,Confrontational and Derogatory,Disparaging,"pendejo, demeritar",
"Pobre infeliz, el no le llega ni a la suela de los zapatos a BRANDONI...",Medium,Derogatory,Insulting,Disdainful,Pobre infeliz,
"Es una pandemia, no comentarios para la tribuna.",Low,Dismissive,Neutral,Critical,ninguna,
cuando se dio cuenta de la cagada que hizo😵,Medium,Critical,Colloquial and Vulgar,Negative,cagada,
Otra de  “el mundo es resultado de un pedo originario”,Low,Casual,Colloquial,Humorous,pedo,
"Si si, vete llorando ya",Medium,Dismissive,Sarcastic,Derisive,llorando,
Por esta misma razón me resisto siempre que paja,Low,Defensive,Casual,Neutral,paja,
callate gil lo va a ver luana,Medium,Imperative and Insulting,Confrontational,Dismissive,"callate, gil",
Le pusiste sueldo de 50k a pateadores cualquiera con primas anuales hasta por si se tiraba un pedo.,Medium,Sarcastic,Disparaging and Derogatory,Disrespectful,"cualquiera, pedo",
Nadie querrá ser presidente de una organización criminal,Low,Neutral,Direct,Negative,criminal,
Sigan con sus Maricadas de marchas para que después le echen culpa al gobierno de los aumentos de cocos-19.,High,Sarcastic and Dismissive,Confrontational and Insulting,Hostile and Blaming,Maricadas,
Por culpa de aficionados como el tontopollas este se rien de nuestro equipo,High,Accusatory,Confrontational and Insulting,Blame,tontopollas,
Que paja ir al minor locooo!,Low,Frustrated,Casual and Informal,Annoyance,paja,
Me ha hecho sentir cosas coño.,Medium,Frustrated,Casual and Vulgar,Annoyed,coño,
se va a hacer caca de tanto apretar,Low,Humorous,Colloquial,Amused,caca,
Ni aquí ni en la quebra' de tu raja.,Medium,Confrontational,Insulting and Vulgar,Disrespectful,raja,
Par de hijueputas cínicos y descarados que merecen ser extraditados,High,Aggressive,Confrontational and Insulting,Hostile,"hijueputas, cínicos, descarados",
"Salí de ahí Martínez, es pasar vergüenza al pedo",Medium,Dismissive,Disrespectful,Disparaging,"vergüenza, al pedo",
Luego coñazo absoluto lo q movera en torno a ella en redes sociales por ej.,Medium,Dismissive,Informal and Vulgar,Negative,coñazo,
encontré la pistola pa los aros mmmm 5 favs y me hago uno,Medium,Provocative,Suggestive and Mischievous,Edgy,pistola,
MALDITA DERECHA GUARDAR EL HACHA YA Y RESPETAR MÁS A NUESTROS MAGNÍFICO CIUDADANOS.,Medium,Aggressive,Confrontational,Hostile,MALDITA,
Qué humor de mierda manejo🤯🤯,Medium,Frustrated,Crude,Negative,mierda,
Que caro nos salió la maldita revolución chavomadurista!,Medium,Frustrated,Derogatory and Critical,Discontent,maldita,
Pero le tenéis q comer la polla ah ah GRANDE CR7,High,Aggressive,Vulgar and Offensive,Hostile,comer la polla,
Se ganan todo eso y muchos no hacen un culo allá.,Medium,Criticizing,Informal and Vulgar,Disapproving,culo,
Que se puede esperar de un burro más que una patada?,Medium,Sarcastic,Derogatory,Disdainful,"burro, patada",
Dejad de hacer puto spoiler,High,Angry,Confrontational and Offensive,Annoyed,puto,
Aue puto coraje la vd🤬🤬🤬,High,Aggressive,Profane and Insulting,Hostile,"puto, coraje",
"Que amigo sos eh, gil de mierda",High,Sarcastic and Insulting,Aggressive,Hostile,gil de mierda,
Y sin un puto dia de cárcel y con miles de muertes a sus espaldas.,High,Angry,Aggressive,Condemnatory,puto,
Pero hay veces es las que no podes garchar pero eso si podes crack,Medium,Informal,Colloquial and Vulgar,Casual,garchar,
No puede ser posible que cada vez que saca un puto tema este increíblemente buenarrrdoooo,Medium,Frustrated,Vulgar,Mixed,puto,
"La Camila qlia me tiene chata, ansiosa de mierda, angurri.",High,Aggressive,Offensive and Derogatory,Frustration,"qlia, chata, mierda, angurri",
y cuando queda leche pero no te da ni para un chupito que?,Low,Frustrated,Informal,Annoyance,no,
Trasnochar viendo películas de mierda is my passion,Medium,Casual,Informal and Vulgar,Discontent,mierda,
Otro pobre retrasado esperando su paguita. Con la que le pasa Soria no le llega... (Putos recortes) 😂,High,Mocking,Derogatory and Disparaging,Contemptuous,"pobre, retrasado, putos",
Mejoremos el nivel del típico chileno y sudaca por favor.,Medium,Derogatory,Disparaging,Disrespectful,"típico chileno, sudaca",
Que paja ser alérgico en tiempos de covid.,Low,Frustrated,Casual,Annoyance,paja,
No puedo llegar a ver la serie x este pelotudo y le cambio la contra de netflix 😡,Medium,Frustrated,Insulting,Angry,pelotudo,
"Jajajajajajajaja que imbécil soy, me estoy riendo en el colectivo como desquiciada",Medium,Self-deprecating,Informal and Insulting,Humorous,"imbécil, desquiciada",
"En serio NO hagas nada malo, cabron porque ella de todo se entera.",Medium,Warning,Confrontational,Cautionary,cabron,
"Extraños a mi team loco, extraño los martes y jueves de cagarnos de risa y tomar mate 😢",Low,Nostalgic,Colloquial,Affectionate,cagarnos,
"Puede no ES un engaño, no podemos creer en este dictador comunista. CALLE hasta que se vayan",High,Aggressive,Confrontational and Political,Hostile,"engaño, dictador comunista, CALLE",
"Uff qué tan poco me banco a los hombres la concha de mi madre, con suerte me caerán bien 5",High,Aggressive,Vulgar and Disdainful,Hostile,"Uff, tan poco, banco, concha, suerte",
Jamás superaré su puta risa enserio vivo enamorada JAJAJAJAJ,Medium,Amused,Casual and Vulgar,Admiring,puta,
"rivivio el árbitro con el penalti a suárez, subnormal",High,Aggressive,Offensive and Derogatory,Hostile,subnormal,
cada vez que veo la corrida del pity hacía la gloria eterna lloro como un maricón,High,Emotional,Insensitive and Homophobic,Disrespectful,maricón,
gente dejen de romper las bolas si me baño todos los días no entienden el sarcasmo acaso,Medium,Frustrated,Confrontational,Annoyed,romper las bolas,
Que cagada es no sentirse cómodo en ningún lugar 😂,Medium,Frustrated,Informal and Vulgar,Negative,cagada,
Me apetece la de dios comerme la boca pila guarro con alguien,Medium,Vulgar,Crude and Provocative,Sexual,guarro,
Cállate bobo anda a teñirte bien el pelo,Medium,Dismissive,Insulting,Disrespectful,"cállate, bobo",
Me iba a traer una wea nazi y al final no pudo un amigo,Medium,Disappointed,Casual and Offensive,Let Down,"wea, nazi",
Yo de él mandaba a la 💩 al Real y buscaba equipo,Medium,Dismissive,Colloquial and Disrespectful,Disdainful,mandaba a la 💩,
Se me fue el filtro a la mierda...,Medium,Frustrated,Crude,Negative,mierda,
todo q m va a salir mal hoy laputamadre,High,Frustrated,Vulgar and Negative,Pessimistic,"mal, laputamadre",
"Hoy tengo prueba de trabajo, csm un mierda mierda por la anto plis",Medium,Frustrated,Vulgar and Informal,Negative,"csm, mierda",
"Yo no soy el hazme reír de nadie, concha de tu madre.",High,Aggressive,Insulting and Confrontational,Defensive and Hostile,concha de tu madre,
No eso no alcanza todos los días el mismo Hijueputa madraso.,High,Aggressive,Profane and Offensive,Hostile,"Hijueputa, madraso",
"esta gente se cree que ser tóxico es cool, no cabron no es cool🤨",Medium,Disapproving,Confrontational and Insulting,Critical,"tóxico, cabron",
"hace dos semanas q me voy a dormir todos los días mariconeando, no me canso",Medium,Casual yet Offensive,Vulgar,Indifferent,mariconeando,
¡Pues ya está todo claro! La culpa es nuestra por haberles fallado ONE MORE TIME !!,Medium,Frustrated,Blaming and Apologetic,Disappointment,"culpa, fallado",
Una cuna de imbéciles que se creen con el derecho de dar cátedra a su gusto.,High,Dismissive,Confrontational and Insulting,Derogatory,imbéciles,
Claramente te sentaste arriba de la torta porque el pelo te lo cortaron con la pija jsksjsksjs,High,Mocking,Insulting and Vulgar,Derisive,pija,
Uruuayos cagones ya les tocara venir a Chile!,High,Aggressive,Confrontational and Insulting,Hostile,cagones,
"Nicolás Burdisso incompetente de mierda, trae un refuerzo como la gente o deja de hablar giladas",High,Aggressive,Confrontational and Insulting,Hostile,"incompetente, mierda, giladas",
Acá ustedes tienen rabo de paja.,Medium,Accusatory,Colloquial and Suggestive,Disapproving,rabo de paja,
JAJAJAJAJAJA  *Se crea un Twitter y la sigue armando de a pedo,Medium,Mocking,Casual and Derogatory,Dismissive,pedo,
"A los que les chupa la poronga y defiende a garnero, que se vayan con el de paso GRACIAS!",High,Aggressive,Vulgar and Insulting,Hostile,chupa la poronga,
"Cuando no, ese pedazo de Hpta en contra del ejército nacional.",High,Aggressive,Vulgar and Insulting,Hostile,Hpta,
La Corte está llena de pura mierda.,High,Aggressive,Crude,Disdainful,mierda,
"Si pudimos mandar a Cantora a la sobrinisima, podemos mandar a la hortera de la brilli a su casa!!",High,Dismissive,Confrontational and Insulting,Hostile,hortera,
Que paja tener q hacer mi corpiño también no ?,Low,Frustrated,Informal,Annoyed,paja,
Y se me colaron unos mamertos politiqueros.,Medium,Disdainful,Disparaging,Frustration,"mamertos, politiqueros",
Con 25 minutos no salvas las cagadas de todo un torneo.,Medium,Frustrated,Informal and Vulgar,Negative,cagadas,
"HERNANO YO QUIERO DORMIR TAMBIEN, LA PUTA MADRE 😒",Medium,Frustrated,Impatient and Vulgar,Agitated,PUTA MADRE,
Tanto quilombo x las entradas y fue una mierda la egresado del CAI,Medium,Frustrated,Informal and Vulgar,Negative,"quilombo, mierda",
Me emperra que a estas alturas haya negocios que no acepten pago con tarjeta... 🤬 Pinche elotero mamón.,High,Aggressive,Profane and Insulting,Frustrated,"emperra, Pinche, mamón",
Q ahora en reemplazo de Nuria pongan a Anabel y una mierdaaaa NADIE QUIERE A ANABEL!,High,Aggressive,Rude and Insulting,Dismissive,"mierda, NADIE QUIERE",
"Primero los que deben responder son ustedes parranda de Hijueputas asesinos, violadores.",High,Aggressive,Confrontational and Insulting,Hostile,"Hijueputas, asesinos, violadores",
"Ocupamos un defensa matón, un defensa perro, agerrido y de huevos.",Medium,Aggressive,Informal and Vulgar,Demanding,"matón, perro, agerrido, huevos",
Este noticentro aliándose con los malditos partidos de siempre y no le dan oportunidad a los nuevos.,Medium,Frustrated,Accusatory and Disparaging,Discontent,malditos,
"Jugamos como las weas...Holgado la tubo y la pico y se la perdió, el resto a la fifa,ya perdimos.",Medium,Frustrated and Disappointed,Informal and Vulgar,Negative,weas,
Ojalá hubieran más cosas para decirle a ese TETRAHUJUEPUTA,High,Aggressive,Insulting,Hostile,TETRAHUJUEPUTA,
Donde putas estará Daniel Ortega?🤔,Medium,Frustrated,Colloquial and Vulgar,Critical,putas,
Ese momento incómodo cuando crees hablar con alguien en Grindr por primera vez pero te dice que ya culearon,Low,Informal,Casual,Awkward,culearon,
Así me gusta que venga gente preparada y educada en las más rancias y refinadas tradiciones.,Medium,Sarcastic,Insinuating,Contemptuous,rancias,
Eso muestra la rata tan hijueputa que es Petro.,High,Aggressive,Confrontational and Insulting,Hostile,"rata, hijueputa",
En cualquier momento colapsa 🇻🇪😞,Medium,Pessimistic,Despairing,Hopelessness,colapsa,
Ella sabe cómo dejar que este emputada jajajajajajaj,Medium,Mocking,Derisive,Contemptuous,emputada,
"Necesitaba desahogarme con esa wea, te juro que me cae muy mal ese viejo culiao 😑",High,Aggressive,Informal and Insulting,Hostile,"wea, mal, culiao",
"Es una victima, que diria elisa beni.",Medium,Dismissive,Sarcastic,Disrespectful,ninguna,
Gran puta Tyrone Lannister sabe dar izquierdazos.,High,Aggressive,Insulting,Derogatory,puta,
Muy temprano para hablar tanta paja,Low,Dismissive,Informal and Disparaging,Annoyed,paja,
Decirle mierda ofende a la mierda.,High,Insulting,Aggressive and Vulgar,Contemptuous,mierda,
Porque de eso nada que responde y se hace el pendejo.,Medium,Accusatory,Colloquial and Disrespectful,Frustration,pendejo,
Para que se les acabe ese jueguito a todos esos violadores de las Farc,High,Aggressive,Confrontational and Accusatory,Hostile,violadores,
"La clase estuvo buena pero súper mocha a mi parecer, si consideramos que es folclore y tiene un background brutal.",Low,Critical,Colloquial and Informal,Slightly Negative,"mocha, brutal",
hoy hicimos esa patada que barre por abajo y pensaba: en el mortal kombat era más fácil.,Low,Reflective,Casual,Nostalgic,ninguna,
Me voy hacer la paja con arrechera y a dormir.,Medium,Crude,Vulgar,Anger,"paja, arrechera",
Es decir las cortes son la mierda de la institucionalidad en el país.,High,Disparaging,Confrontational and Insulting,Contemptuous,mierda,
"Que triste, de la persona que menos lo esperaba, me hizo mierda.",Medium,Disappointed,Expressive and Emotional,Betrayed,"triste, mierda",
"A la mierda el orgullo, le voy a hablar  —Buenos días, vecino.",Low,Mixed,Casual and Contradictory,Somewhat Contradictory,mierda,
Es más fácil ganarse el baloto que conseguir un hijueputa sitp en menos de 35 min.,Medium,Frustrated,Vulgar and Informal,Negative,hijueputa,
"déjala ahí amiga es siempre lo mismo, q les chupe un huevo todo lo q dicen",Medium,Dismissive,Colloquial and Disrespectful,Indifferent,chupe un huevo,
"Sacate la camiseta y secate las lagrimas con ella, marico. Agradece que estás presenciando historia pura, te guste o no.",High,Aggressive,Confrontational and Derogatory,Hostile,marico,
Así que no se venga a lavar las manos por los antecedentes de su Papito.,Medium,Accusatory,Sarcastic and Condescending,Disapproving,lavar las manos,
"No sean pelotudos, porque sale en netflix se enteraron que tacumbú es un kilombo pio?",High,Confrontational,Insulting and Derisive,Disdainful,"pelotudos, kilombo",
Bue pelotudo fue sin querer 💔💔 perdón jeje,Medium,Apologetic with a hint of dismissiveness,Casual and Insulting,Apology,pelotudo,
Los mejores y los más valientes,Low,Positive,Complimentary,Admiring,,
Por qué coño ponen solo videos hablando Koala y Míriam de la mugrepandi??????,High,Frustrated,Vulgar and Insulting,Hostile,"coño, mugrepandi",
"SI LA EBAU SOM GACELAS NOSOTROS SOMOS LEONES COÑO, VENGA A POR ELLOS COÑO",Medium,Aggressive,Confrontational and Insulting,Hostile,coño,
que tiene que ver el feminismo con nazis de mierda,High,Aggressive,Confrontational and Insulting,Hostile,"nazis, mierda",
"Miro a mi novia y digo, qué mierda hice para merecer una persona tan buena y hermosa como vos?",Low,Reflective,Informal,Grateful,mierda,
Entonces anda comete un pancho cobra o un lomito de terraterra y deja de hacerte el finoli...,Medium,Mocking,Rude and Insulting,Disrespectful,finoli,
"Amonestación a Van Dijk, da el balón y se lleva el tobillo del maldito enano",Medium,Hostile,Derogatory and Insulting,Aggressive,maldito enano,
oye que me suda la polla la cantidad de billetes que os han traido los reyes xd,High,Dismissive,Rude and Vulgar,Indifferent,suda la polla,
Como mierda no hay viadil en esta casa!,Medium,Frustrated,Aggressive,Annoyed,mierda,
"Si, seré esa amiga y la tía buena pal webeo",Medium,Casual,Informal and Slang,Lighthearted,webeo,
cagondios pk no tengo pruebas k sino,High,Aggressive,Profane and Condescending,Frustration and Irate,cagondios,
Estoy de Suso hasta el mismo ojete.,Medium,Frustrated,Rude and Colloquial,Annoyed,ojete,
No me canso de mandar a todos los grupos mi tema del pito,Medium,Provocative,Informal and Irreverent,Disrespectful,pito,
che no quiero joder pero vi a varias pibas hablar d un escracho m podrias contar que onda?,Low,Inquisitive,Casual and Informal,Curiosity,joder,
Sé que Sari tiene ganas de chingarse al Winston Fish,Medium,Aggressive,Colloquial and Profane,Disrespectful,chingarse,
Martin es mas wn que las palomas...inocente el cabro #Los80,Medium,Insulting,Colloquial and Insulting,Disparaging,wn,
"Nadie me va a recibir, ya me imagino durmiendo cagada de frío en el banco de una plaza",Medium,Despairing,Vulgar and Defeatist,Hopeless,cagada,
Y entonces este mequetrefe cuando va para la cárcel,Medium,Mocking,Disparaging,Derisive,mequetrefe,
Ese pedazo de Hpta nunca va contestar.,High,Aggressive,Derogatory and Insulting,Hostile,Hpta,
"Si no quiere enterder, es usted un tremendo pedazo de weon",High,Aggressive,Insulting,Condemning,pedazo de weon,
Quien los manda a meterse ahí.,Medium,Blaming,Dismissive,Critical,manda,
Acá hay mucho boludo pidiendo que devuelvan plata !,Medium,Derisive,Disparaging,Contemptuous,boludo,
"U hoy o mañana sale (y daré porculo como Dio manda, por supuesto).",Medium,Aggressive,Coarse and Insulting,Threatening,porculo,
Hay que probarlo todo en la vida (dijo sacandose un hamster muerto del orto),High,Offensive,Vulgar and Insensitive,Disrespectful,"muerto, orto",
Que falta ni que nada que puta,High,Aggressive,Confrontational and Insulting,Hostile,puta,
"No sé si comer, cagar, dormir o ir a misa, me siento tan confundido.",Low,Confused,Colloquial,Frustration,cagar,
👏🏼👏🏼 gracias a ustedes el país va para la mierda.,Medium,Sarcastic,Colloquial,Critical,mierda,
ESOS CABRONES HUELEN EL MIEDO.,Medium,Aggressive,Vulgar and Insulting,Hostile,CABRONES,
Era hacerlo putear al pedo.,Medium,Disrespectful,Casual and Offensive,Frustrated,putear,
Cada quien decide en qué infierno se quema juju,Medium,Cynical,Figurative,Fatalistic,"infierno, quema",
En cualquier bar de mala muerte se come rico en Baires!,Low,Casual,Informal,Positive,mala muerte,
Y el papel secundario de Gordon Pinsent es una puta maravilla!!!!,Medium,Emphatic,Colloquial and Vulgar,Positive,puta,
"Como no encuentro Mickeys, me dedicó a mirar culos.",Medium,Disrespectful,Crude and Objectifying,Disrespectful,culos,
Deje de hablar tanta mierda qué en eso si son buenos.,High,Aggressive,Confrontational and Insulting,Hostile,mierda,
swiss medical y la concha de tu madre,High,Aggressive,Vulgar and Insulting,Hostile,concha de tu madre,
me encanta cuando la gente no entiende una mierda y habla pelotudeces porque sí,High,Sarcastic,Insulting,Contemptuous,"mierda, pelotudeces",
Sigan Saliendo parranda de Hijueputas...Sigan creyendo que esto es un juego y que son inmunes al Covid-19.,High,Angry,Confrontational and Insulting,Hostile,Hijueputas,
La Cuarentena no sirve para un culo.,Medium,Dismissive,Vulgar and Disparaging,Negative,culo,
"culiada para un poco, CUARTO trabajo que nos mandas en dos semanas hijadputa",High,Aggressive,Confrontational and Offensive,Hostile,"culiada, hijadputa",
Los españoles ¿tenemos una paciencia infinita o somos imbéciles con avaricia?,Medium,Critical,Derogatory,Negative,"imbéciles, avaricia",
Tiene que ser uno muy HIJUEPUTA en este mundo para meterse con los niños de alguien.,High,Aggressive,Insulting,Angry,HIJUEPUTA,
"Que mierda ya es hacer ejercicio, pero bueno dios me hizo simpático pero no flaco",Low,Frustrated,Colloquial and Informal,Self-deprecating,mierda,
te podeis ir pal coño jajajaja #VzlaSeRespeta #LasCallesSonDelPueblo,High,Dismissive,Confrontational and Insulting,Hostile,coño,
"No me puedo ni levantar de la cama, q gripe de mierda😷😓",Low,Frustrated,Informal,Negative,mierda,
"Vamos, que el Leicester tenía que venir a Madrid por cojones 😂😂",Medium,Joking,Casual and Vulgar,Slightly Aggressive,cojones,
Gran puta... gracias a Dios que solo Messi juega bien en Arg.,High,Derogatory,Insulting and Dismissive,Contemptuous,puta,
Quiero estar de novio pero ala vez salir de joda que mierda hago?😂💔,Medium,Frustrated,Informal and Vulgar,Conflicted,mierda,
Ver a Pedro el guapo de presidente y piensan que cualquier inútil puede prosperar en nuestra patria.,Medium,Derogatory,Disparaging,Disdainful,inútil,
Las Jordan 13 de Villanueva la cagaron!,Medium,Frustrated,Informal,Negative,cagaron,
A QUIÉN COÑO VAN A SALVAR HOY?,Medium,Aggressive,Confrontational,Frustration,COÑO,
lo siento soy consciente de la tremenda mierda q he soltao,Medium,Apologetic,Informal and Vulgar,Remorseful,mierda,
Y la vieja zorra no se desilusionó cómo con M Macri?,High,Derogatory,Confrontational and Insulting,Hostile,vieja zorra,
Yo le camino a alguien que demuestra que le importo.,Low,Cordial,Respectful,Positive,,
"Habeis disfrutado los fachas, lacayos y mamones del sistema absoleto y corrupto",High,Aggressive,Derogatory and Insulting,Hostile,"fachas, lacayos, mamones, absoleto, corrupto",
Hijo de puta peor me siento ahora boluda😂😂😂,High,Mocking,Offensive and Insulting,Hostile,"hijo de puta, boluda",
mirad qué cara de subnormal tiene,High,Mocking,Insulting,Derogatory,subnormal,
Que paja estaría teniendo de ir al club🙄,Medium,Dismissive,Casual and Disparaging,Unenthusiastic,paja,
instagram me chupa un huevo quién está haciendo vivos entendiste bueno,Medium,Indifferent,Rude and Dismissive,Detached,chupa un huevo,
Bue estoy re celosa de ustedes tres putos de mierda,High,Aggressive,Insulting,Hostile,"putos, mierda",
"Me quieren mandar por una pizza, pero pura madre si voy a ir.",Medium,Defiant,Casual and Uncooperative,Resentful,pura madre,
Estamos llevados del Putas y gracias a Quien?,Medium,Frustrated,Colloquial and Aggressive,Angry,Putas,
Le sacaron los trapitos al sol.,Medium,Critical,Colloquial,Revealing,trapitos al sol,
Netflix es peor que las drogas.,Medium,Criticizing,Hyperbolic and Judgmental,Negative,"peor, drogas",
"como me va afectar tanto esto,que idiota soy",Medium,Self-deprecating,Insulting,Negative,idiota,
.. sólo hablando cinco minutos puedes cambiar mi puto pensamiento,Medium,Frustrated,Casual and Explicit,Irritated,puto,
"AJAJAJ por la chucha, pierde seriedad el asunto",Medium,Dismissive,Informal and Disrespectful,Mild Annoyance,chucha,
Pero en el otro video usted misma dice que las “cachacas” están treinta estratos más arriba.,Medium,Accusatory,Informal and Derogatory,Disparaging,ninguna,
La vaina era q empecé a tirarle los perros Pa ver si podía pasar algo.,Medium,Casual and Disrespectful,Informal and Inappropriate,Manipulative,vaina,
Este mamarracho es el que decía que no era muy de banderas?,Medium,Critical,Disparaging,Disapproving,mamarracho,
"Eso destruyó mi alma en mil pedazos, que gonorrea.",Medium,Dramatic,Colloquial and Vulgar,Despairing,gonorrea,
Pero la gente es bruta prendiendo las plantas??,Medium,Derisive,Critical,Disdainful,bruta,
Se puede morir por sexo???,Low,Inquisitive,Informal,Neutral,morir,
En cualquier momento agarro una tijera y me vuelvo a hacer cagada en el pelo,Medium,Frustrated,Informal and Self-deprecating,Negative,cagada,
"Pues llevo 6 y estoy ya hasta el coño, que no tengo.",Medium,Frustrated,Vulgar and Exasperated,Fed-up,coño,
"No puedo creer que a tu pensamiento ridículo le pusieron 3 me gusta, estamos perdidos :)",Medium,Dismissive,Sarcastic and Mocking,Disdainful,"ridículo, perdidos",
"Mis compañeros cuando quieren se ponen de modo ortiva como ninguno, forros😒",Medium,Frustrated,Disparaging and Insulting,Annoyance,"ortiva, forros",
Que yo no entiendo como podes pensar si te volaron la cabeza,Medium,Mocking,Insulting,Disparaging,volaron la cabeza,
Jajajajajajajajajajajaja yo lo vi como 20 veces pq es que les gusta joder a esos hp 🤣,Medium,Mocking,Casual and Insulting,Derisive,"joder, hp",
Creo que no entiende la existencia el ahorro y romperse el orto en el trabajo,Medium,Dismissive,Condescending,Critical,romperse el orto,
Puta madre no me quiero ir,Medium,Frustrated,Informal and Vulgar,Negative,Puta madre,
Y un penal no fuiste capaz de meter... andate a la puta takuara,High,Aggressive and Disrespectful,Confrontational and Insulting,Hostile,puta,
Qué humor de mierda tengo hoy dios,Medium,Frustrated,Colloquial and Vulgar,Negative,mierda,
Como me rompe las pelotas que tarden en contestar.,Medium,Frustrated,Vulgar,Annoyed,rompe las pelotas,
Sólo estoy aquí desvelándome a lo puro pendejo.,Medium,Resigned,Colloquial and Insulting,Frustrated,pendejo,
"Acabo de cachar que tengo un taller en la u, obligatorio ctmmmmmmm, me quiero matar",High,Frustrated and Desperate,Vulgar,Overwhelmed and Despairing,"ctmmmmmmm, me quiero matar",
"El 'yo te aviso' es un 'No espere ni mierda, por que no la voy a llamar ni decir nada'.",Medium,Dismissive,Vulgar and Disrespectful,Disregardful,mierda,
Mientras el juega con el helicóptero..pero andá INÚTIL,Medium,Aggressive,Disparaging and Insulting,Disdainful,INÚTIL,
Raro este pedazo de Hpta incitando cada semana a una marcha.,High,Disparaging,Aggressive and Insulting,Hostile,Hpta,
Un beso que te gustó pero la psicópata de tu pareja te lleva echando en cara desde entonces.,Medium,Accusatory,Derogatory,Negative,psicópata,
"El wey que quedó conforme,¡Puto!",High,Aggressive,Insulting,Derogatory,"wey, puto",
Pues no que en la mierda empresa esta siguen poniendo el aire acondicionado CALIENTE con 20ºC en la calle tio???,Medium,Frustrated,Informal and Vulgar,Annoyed,mierda,
El puto amo de las bromas jajaja🤣🤣,Medium,Humorous,Casual and Vulgar,Positive,puto,
5 minutos estudiando y 3 horas pajariando...,Low,Casual,Informal,Humorous,pajariando,
Despertaron al León y no saben lo que les vienen mamertos ifuegputas.,High,Aggressive,Confrontational and Insulting,Hostile,mamertos ifuegputas,
"Al fina les pondremos la alfombra roja, entre aplazamientos y esta mierda.",Medium,Frustrated,Sarcastic and Offensive,Discontent,mierda,
jajajaja vení a ordenarmela vos q estar re al pedo,Medium,Mocking,Casual and Confrontational,Dismissive,pedo,
Carabineros ha terminado siendo una organización incompatible con la democracia,Medium,Critical,Formal,Negative,incompatible con la democracia,
Jajajaja pensó que era de cuates.,Low,Mocking,Informal and Sarcastic,Dismissive,,
"No, si yo también iba en plan coña hasta que he visto que no era tal xD",Low,Playful,Casual,Neutral,ninguna,
De verdad es necesario hacer esta cola para comer en el puto Mc??,Medium,Frustrated,Casual and Rude,Negative,puto,
"Nooo, no es una vida de mierda, es una vida de locos.",Low,Emphatic,Colloquial and Emphatic,Mixed,"mierda, locos",
Les tiembla el culo a ustedes que saben porque les corre.,High,Aggressive,Confrontational and Vulgar,Hostile,culo,
prometo agarrarte el culo asi 24/7 enviar,High,Vulgar,Explicit and Offensive,Aggressive,agarrarte el culo,
"El olor a metro a las 15h me da mucho asco” Palabras de pija repelente, ni me sorprenden..#VenenoEH",Medium,Dismissive,Insulting and Judgemental,Contemptuous,"asco, pija, repelente, veneno",
Por qué cojones descansó mas el Lega si acabó antes?????,Medium,Frustrated,Informal and Vulgar,Irritated,cojones,
"Por la chucha ni actualizar mis datos puedo en afp modelo, una mierda su pagina",Medium,Frustrated,Vulgar and Informal,Angry,"chucha, mierda",
ayer hice dos andadas x el monte y me pegue el dia recogiendo basura del suelo sois unos cerdos,Medium,Frustrated,Confrontational,Blaming,cerdos,
QUE LINDO TU CULO MI AMOR 🙏😘🇻🇪,Medium,Flirtatious,Sexual,Complimentary,culo,
O no compramos un coño e casa y mejor lo prendemos todos,High,Aggressive,Vulgar and Disrespectful,Frustrated,coño,
"Ajskajakakka callate tu cartuchera era una cosita de cada pueblo, igual t perdonamos are",Medium,Dismissive,Colloquial and Insulting,Disparaging,callate,
Que puta yo pensé que estaban jugando ya... ahora recién van a jugar... problemas de no entender el deporte jajaja,Medium,Frustrated,Informal and Mocking,Derisive,puta,
EMPIECEN A TRANSMITIR USTEDES EN VIVO NOJODAAAA DEJEN EL MIEDO TAMBIEN,Medium,Aggressive,Demanding and Vulgar,Frustration,NOJODAAAA,
unnnas ganas d ponerme en pedo un rato,Low,Casual,Informal,Indifferent,pedo,
Se me olvidó cocinar y adivinen quien hptas se acabó de quemar y no siente el pinche dedo 🙃,Medium,Frustrated,Informal and Vulgar,Annoyed,"quemar, hptas, pinche",
Ya q no hay colé me podes venir a ver puto de mierda 😡,High,Aggressive,Offensive and Insulting,Hostile,"puto, mierda",
Pero que coño dice el italiano?,Medium,Aggressive,Confrontational,Disrespectful,coño,
"Para que quiero un puto novio si ya sufro extrañando y amando tanto a mi familia, no necesito más gente.",Medium,Frustrated,Vulgar,Distressed,puto sufro,
Piñera tiene que estar llorando por no poder ir a chuparle el pico a Trump,High,Mocking,Vulgar and Derogatory,Contemptuous,"llorando, chuparle el pico",
"igual alta paja dsps se me parte una y m corto todas seguro, pincho",High,Despondent,Vulgar and Disturbing,Desperate,"partir, corto, pincho",
Frío de mierda me sacas las ganas de salir,Medium,Frustrated,Informal and Vulgar,Negative,mierda,
"Yo estoy mil horas en pensar si tengo q sumar, dividir, o q verga hacer 🙃",Medium,Frustrated,Vulgar,Annoyance,verga,
Si le votan a este energúmeno de verdad no aman a su ciudad.,Medium,Derogatory,Insulting,Disapproving,energúmeno,
"Son un chorro de Machos contra Mujer, pero voy por Josean de Comerio.",Medium,Divisive,Contentious and Gender-Sensitive,Supportive towards Josean,Machos,
