video_id,canal,tema,idioma_estimado,prioridad,comment_id,parent_id,is_reply,author_display_name,text_original,published_at,updated_at,like_count,reply_count,source_platform,downloaded_at
bHtI3lCm8wU,Economia y Desarrollo,¿Cómo FIDEL CASTRO acabó con la economía de CUBA?,es,Alta,Ugwq7bUSWGnpm7ebu3t4AaABAg,,0,@_yk9ch9hw5q,"No existen países comunistas desarrollados ni calificados ""del primer mundo"", todos los que se califican como desarrollados, son capitalistas. Ni siquiera China, y lo que ha avanzado es gracias a que adoptó una economía capitalista, igual que Vietnam, pese a que son gobernados esos países por tiranías comunistas represoras de las libertades de sus pueblos.. A Europa del este la daban por desarrollada porque mentían en sus cifras (como siempre hacen los comunistas) y no permitían verificarlas, después se supo la verdad. Cuba tuvo mas desarrollo y modernidad siendo capitalista que siendo comunista, ni siquiera el multimillonario subsidio que recibió por tres décadas de la exURSS le hizo detener su cada vez mayor atraso y destrucción, la prosperidad económica nunca fue un objetivo del tirano Fidel Castro (excepto la suya). Los cubanos de a pie hoy no sienten ningún vínculo afectivo con los países comunistas que quedan en Asia (China, Vietnam y Corea del Norte, este último país con un gran nivel de pobreza), pues han padecido una tiranía comunista represiva igual que ellos....por eso los cubanos cuando emigran, nunca lo hacen hacia esos países comunistas, porque no desean seguir viviendo bajo una tiranía comunista, emigran hacia el capitalismo...hacia el comunismo no emigran ni los comunistas",2026-04-04T10:45:50Z,2026-04-04T10:45:50Z,1,0,youtube,2026-04-05T13:39:32.877406
bHtI3lCm8wU,Economia y Desarrollo,¿Cómo FIDEL CASTRO acabó con la economía de CUBA?,es,Alta,UgwFsOHo-nUItE8fGj94AaABAg,,0,@adrianaflores4588,MEXICANOS PONGAN ATENCION!!!!!!,2026-04-04T06:32:22Z,2026-04-04T06:32:22Z,0,0,youtube,2026-04-05T13:39:32.877428
bHtI3lCm8wU,Economia y Desarrollo,¿Cómo FIDEL CASTRO acabó con la economía de CUBA?,es,Alta,UgxDmCTyXr3bwIO9Pmx4AaABAg,,0,@_yk9ch9hw5q,"China para sobrevivir se desligó del estatismo comunista a lo soviético y adoptó una economía capitalista de mercado, aliándose a los EEUU, pero sigue sobreviviendo en el poder el comunismo porque gobierna como una tiranía comunista, sino el pueblo chino, como trató de hacer en Tianamen (y por el cual fueron masacrados), hubiera hace mucho hecho como Europa del este: mandar a su tiranía comunista al basurero de la historia. Pero a falta de otros países para consolarse, la otrora vilipendiada (por los propios comunistas) China, es lo que el rojerío intenta usar ahora como consuelo desesperado para ejemplificar la existencia del socialismo.",2026-04-04T04:43:57Z,2026-04-04T04:43:57Z,1,0,youtube,2026-04-05T13:39:32.877435
bHtI3lCm8wU,Economia y Desarrollo,¿Cómo FIDEL CASTRO acabó con la economía de CUBA?,es,Alta,Ugyo2SIqcbN4BVBUwj14AaABAg,,0,@ronalherrera5175,"DONAL TRUMP  ADMITE QUE EL SOCIALISMO SI FUNCIONA
Gusanos revuélquense de rabia, de dolor, de ardor, cuidado que se les salga la diarrea…

TRUMP  “ Tengo que decir que RESPETO A CHINA   porque es increíble que con un sistema que en teoría no debería funcionar,  si nos fijamos en China, en lo bien que les va, en lo mucho que producen. Es decir, producen tantos coches que incluso hay competiciones para ver quién produce menos, porque tienen muchísimos.
Hay que tener un gran respeto por China por el trabajo que hacen. Te gusten o no, hay que respetarlos  .""

Y los GUSANOS  libertarios defendiendo millonarios en las redes sociales.  
Fuente de la  Noticia  (Marzo 2026) :  Instagram,  Facebook , Tik Tok",2026-04-04T03:28:16Z,2026-04-04T03:28:16Z,0,0,youtube,2026-04-05T13:39:32.877439
bHtI3lCm8wU,Economia y Desarrollo,¿Cómo FIDEL CASTRO acabó con la economía de CUBA?,es,Alta,UgyCw_6VyQglCCmtf-94AaABAg,,0,@_yk9ch9hw5q,"Solo hay que reconstruir la historia de Cuba bajo la bota del tirano Fidel Castro para saber que él fue el destructor de Cuba, de la manera que despilfarró los multimillonarios recursos recibidos de la exURSS para usarlos para promover su imagen megalomaníaca de mesías tercermundista, sin importarle la miseria a la cual arrastraba a los cubanos, y tomando megalomaníacamente decisiones unipersonales sin portarle la manera en que estaba destruyendo a Cuba, es fácil reconstruir la historia de su destrucción",2026-03-31T02:21:42Z,2026-03-31T02:21:42Z,0,0,youtube,2026-04-05T13:39:32.877442
bHtI3lCm8wU,Economia y Desarrollo,¿Cómo FIDEL CASTRO acabó con la economía de CUBA?,es,Alta,Ugz279FcblMli1h3ky14AaABAg,,0,@ericjohn1267,cuba está bien,2026-03-29T02:35:51Z,2026-03-29T02:35:51Z,0,0,youtube,2026-04-05T13:39:32.877448
bHtI3lCm8wU,Economia y Desarrollo,¿Cómo FIDEL CASTRO acabó con la economía de CUBA?,es,Alta,UgxP17Ej_pnzVxBnYFh4AaABAg,,0,@_yk9ch9hw5q,"Dejó a Cuba en la ruina pese a los millonarios recursos que dispuso durante tres décadas de la URSS, y no solo dejó la ruina económica, sino en casi todas las cosas, las construcciones, las familias, las libertades y hasta la destrucción del patriotismo de los cubanos, que hoy adoran mas a los EEUU que antes de 1959",2026-03-22T04:33:29Z,2026-03-22T04:33:29Z,1,0,youtube,2026-04-05T13:39:32.877451
bHtI3lCm8wU,Economia y Desarrollo,¿Cómo FIDEL CASTRO acabó con la economía de CUBA?,es,Alta,Ugx4r9P5kc7vnBmHjtR4AaABAg,,0,@manuelortiz7033,"Son los Estados Unidos,  los que han destruido a Cuba , como destruyen todo pais, que no se déjà sobornar , y que donde los que gobiernan no quieran ser sus sus lacayos !",2026-03-21T16:24:39Z,2026-03-21T16:25:44Z,0,0,youtube,2026-04-05T13:39:32.877455
bHtI3lCm8wU,Economia y Desarrollo,¿Cómo FIDEL CASTRO acabó con la economía de CUBA?,es,Alta,Ugzb7kZe2SlhjD_qIBV4AaABAg,,0,@petervanpunk8946,"..MARZO..2026
....SIN...LUZ..
SIN..PETRÓLEO. 
.SIN.. COMIDA 
..SIN...PRODUCCIÓN
. SIN",2026-03-20T23:55:09Z,2026-03-20T23:55:09Z,0,0,youtube,2026-04-05T13:39:32.877458
bHtI3lCm8wU,Economia y Desarrollo,¿Cómo FIDEL CASTRO acabó con la economía de CUBA?,es,Alta,UgxDANcQbobE33tASIx4AaABAg,,0,@_yk9ch9hw5q,"El encontronazo del General Enrique Loynaz del Castillo (que murió en el año 1963 y fue autor del segundo himno cubano en importancia luego del Himno Nacional) con el tirano Fidel Castro fue anterior a 1959, y fue por el traslado por Castro de la campana de la Demajagua en 1947, con fines políticos, que la exhibieron en el Aula Magna de la Universidad de la Habana, de la cual fue sustraída de esa Universidad durante la noche por desconocidos y entregada al General Loynaz, que en compañía de algunos veteranos la devolvieron al presidente de la República, algo que Castro nunca le perdonó. La declaración entonces de Loynaz fue, que los símbolos patrios no pueden ser objeto de política por ser patrimonio de toda la nación. Ahí está la raíz de la antipatía del tirano Fidel Castro hacia la familia Loynaz, y también por lo de su hija la poetisa de sangre mambisa Dulce María Loynaz con Fidel que entre otras cosas cuando le dijo , "" yo sé bien de donde viene mi padre y su historia, vaya a ver el suyo de donde viene y cuál es su historia”. Recordemos que el padre del tirano Fidel Castro (el gallego Angel Castro) fue un Voluntario del ejército español contra los mambises durante la guerra de independencia y participó en el combate de San Pedro, donde cae el General Maceo, en tanto el General Loynaz salvó a Maceo durante un intento de asesinato que trataron de cometer contra él en Costa Rica organizado por los españoles, mientras Maceo estaba en ese país en los preparativos de la guerra de independencia.",2026-03-20T14:47:14Z,2026-03-20T14:47:14Z,1,0,youtube,2026-04-05T13:39:32.877461
bHtI3lCm8wU,Economia y Desarrollo,¿Cómo FIDEL CASTRO acabó con la economía de CUBA?,es,Alta,UgyNsaj1xobkbc-9e-94AaABAg,,0,@_yk9ch9hw5q,"USA SIEMPRE SEPULTA TARDE O TEMPRANO A SUS ENEMIGOS, HE AHÍ A EUROPA DEL ESTE Y LA EXURSS....CON LA TIRANÍA CASTRISTA NO SERÁ DISTINTO",2026-03-20T14:18:28Z,2026-03-20T14:18:28Z,1,0,youtube,2026-04-05T13:39:32.877464
bHtI3lCm8wU,Economia y Desarrollo,¿Cómo FIDEL CASTRO acabó con la economía de CUBA?,es,Alta,UgzCErsaWo_9rPjkO-t4AaABAg,,0,@_yk9ch9hw5q,"LOS CUBANOS PERDIERON SU DIGNIDAD BAJO LA TIRANÍA CASTRISTA Y SE VOLVIERON COBARDES. EL TIRANO FIDEL CASTRO SE CONVIRTIÓ EN SU AMO, ALGO IMPENSABLE ANTES DE 1959 BAJO CUALQUIER GOBERNANTE. LOS EXTRANJEROS EN CUBA TIENEN PRIVILEGIOS DE LOS CUALES CARECEN LOS CUBANOS. LOS CUBANOS ANTE EL GOBIERNO CASTRISTA SIEMPRE HAN SIDO VISTO COMO PERSONAS DE SEGUNDA ANTE UN EXTRANJERO. DE HECHO, HAY ZONAS DONDE SOLO SE PERMITE LA ENTRADA DE EXTRANJEROS, Y DURANTE MUCHOS AÑOS NO SE LE PERMITIÓ A LOS CUBANOS ENTRAR A LOS HOTELES, A LOS CUALES SE LES PERMITÍA SOLO LA ENTRADA DE EXTRANJEROS. Y TENER AMIGOS EXTRANJEROS ERA MAL VISTO POR LAS AUTORIDADES, COMO SI FUERA CON EL OBJETIVO DE HACER UNA ACTIVIDAD ECONÓMICA ILEGAL A PARTIR DE LA RELACIÓN. UNA VECINA FUE A BUSCAR A SU HIJA EN LA NOCHE QUE ESTABA EN UNA FIESTA, Y UN ITALIANO LA MATÓ PORQUE IBA BORRACHO EN EL AUTOMÓVIL, Y NO HICIERON JUICIO NINGUNO POR ESO A ESE SUJETO. ESO ES LO QUE VALE EL PUEBLO DE CUBA ANTE ESA PORQUERÍA DE RÉGIMEN CASTRISTA QUE MENOSPRECIÓ SIEMPRE AL CUBANO. SE NECESITA NUEVAMENTE EL TOQUE A DEGÜELLO PARA LOS CUBANOS, PARA RECUPERAR LA DIGNIDAD PERDIDA BAJO EL YUGO CASTROCOMUNISTA. SE VOLVIERON SUMISOS CARNEROS ANTE EL PODER PORQUE SABE QUE VIVEN BAJO UNA REPRESIVA TIRANÍA QUE NO SE TIENTA EL CORAZÓN PARA PERSEGUIR, ACOSAR, ENCARCELAR, EXILIAR Y HASTA ASESINAR, A LAS VOCES DISIDENTES. Y PORQUE LOS CUBANOS TODOS VERGONZOSAMENTE SE CONVIRTIERON EN OTROS TIEMPOS EN ""CHIVATOS"" DE SUS VECINOS, AMIGOS, COMPAÑEROS DE ESTUDIO Y TRABAJO Y HASTA DE SUS FAMILIARES, ANTE LAS ESTRUCTURAS REPRESIVAS DEL GOBIERNO. ALGO MUY SABIO QUE HIZO FIDEL CASTRO FUE PONER A LOS CUBANOS A VIGILARSE UNOS A OTROS Y DAR MÉRITOS Y PREBENDAS A QUIEN SE MOSTRASE DENUNCIANTE DE CUALQUIER VOZ O CONDUCTA NO OFICIAL. CREÓ MEDIANTE LA MANIPULACIÓN Y EL ADOCTRINAMIENTO, LA TIRANÍA PERFECTA CONTRA EL PUEBLO, QUE JUSTIFICABA BAJO LA MENTIRA COMUNISTA DE LA ""DICTADURA DEL PROLETARIADO"". POR ESO EL PUEBLO DE CUBA HOY ACOSTUMBRA A DESACREDITARSE A SI MISMO EN SUS CONDUCTAS DE COMPORTAMIENTO DE LACAYOS CASTRISTAS DE OTROS TIEMPOS Y LOS POCOS REMANENTES QUE CADA VEZ MENOS VAN QUEDADO DE ESO. QUE UN PUEBLO, COMO OCURRE CON EL DE CUBA, SU GENTE A SI MISMO SE AUTODEMONIME ""CARNEROS"", YA ES DE POR SI LA MUESTRA DE LA FALTA DE DIGNIDAD DE LOS CUBANOS ANTE EL RÉGIMEN OPRESOR CASTRISTA",2026-03-20T14:17:18Z,2026-03-20T14:17:18Z,1,0,youtube,2026-04-05T13:39:32.877466
bHtI3lCm8wU,Economia y Desarrollo,¿Cómo FIDEL CASTRO acabó con la economía de CUBA?,es,Alta,UgxiL-NpDLjU5q9zWaZ4AaABAg,,0,@VictorManuelGuz,FIDEL NO DESTRUYO CUBA.FIDEL DEGENDIO LA DIGNIDAD DE CUBA SOY MEXICANO Y FIDEL TUBO LOS SUFICIENTES HUEVOS PARA ENFRETARSE A USA YO COMO MEXICANO ME SIENTO ORGULLOSO DE FIDEL..QUIZA YA NO LO VAMOS A VER PERO USA TARDE O TEMPRANO CAERA Y TENDRA QUE DEVOLVERNOS LO QUE NOS ROBO ..,2026-03-19T18:52:15Z,2026-03-19T18:52:15Z,0,0,youtube,2026-04-05T13:39:32.877469
bHtI3lCm8wU,Economia y Desarrollo,¿Cómo FIDEL CASTRO acabó con la economía de CUBA?,es,Alta,Ugyiq6k_sr1PQbgC-jl4AaABAg,,0,@_yk9ch9hw5q,"PESE AL GOLPE DE ESTADO DE BATISTA, NO CABE DUDA QUE FUERON LOS SIETE AÑOS DE MAYOR CRECIMIENTO, PROPERIDAD Y MODERNIZACIÓN DE CUBA. LA ESTUPIDEZ FUE LA DEL PUEBLO DE CUBA AL DEJARSE ENGAÑAR CON VERBORREA Y FALSEDADES POR EL TIRANO DE FIDEL CASTRO, QUE CON MUCHA HABILIDAD LES ENGAÑÓ E INSTURÓ LA TIRANÍA MAS LONGEVA Y REPRESIVA QUE HA PADECIDO CUBA, Y QUE PESE A HABER DISPUESTO DE MULTIMILLONARIOS RECURSOS PARÁSITAMENTE RECIBIDOS DE LA URRS, DESTRUYÓ EL PÍS Y EMPLEÓ ESOS RECURSOS EN TRATAR DE VERDER EGÓLATRAMENTE SU IMAGEN AL MUNDO COMO SI FUESE UN MESÍAS....HOY LA GENTE EN CUBA LAMENTE HABER CAMBIADO A BATISTA POR CASTRO, LAS CONSECUENCIAS FUERON NEFASTAS",2026-03-18T19:39:48Z,2026-03-18T19:39:48Z,1,0,youtube,2026-04-05T13:39:32.877472
bHtI3lCm8wU,Economia y Desarrollo,¿Cómo FIDEL CASTRO acabó con la economía de CUBA?,es,Alta,Ugx_vA2ZU6Jzab674F94AaABAg,,0,@Beterano60,"LA CAGADA SE LA MANDO EE.UU QUIEN APOYO EL GOLPE  MILITAR Y ASUMIO FULGENCIO BATISTA. AL MANDARSE ESA CAGADA APARECIO EL CHE GUEVARA Y FIDEL CASTRO PARA TERMINAR CON UN GOBIERNO DE FACTO. OSEA OTRA CAGADA MAS. MI PREGUNTA ES;  EE.UU  NO SABIA QUE EL PUEBLO EN ALGUN MOMENTO SE IBA A REVELAR CONTRA UN GOBIERNO DE FACTO ?. ( OSEA, BATISTA )....EN DEFINITIVA LA CAGADA SE LA MANDO EE.UU POR CREAR 3 MOUNSTROS PARA CUABA. 1) FULGENCIO BATISTA. 2 Y 3 FIDEL Y EL CHE.",2026-03-17T11:45:03Z,2026-03-17T11:47:03Z,0,0,youtube,2026-04-05T13:39:32.877475
bHtI3lCm8wU,Economia y Desarrollo,¿Cómo FIDEL CASTRO acabó con la economía de CUBA?,es,Alta,UgyzyBn92wWfD6pFJiN4AaABAg,,0,@FabideyCorporacion,El mismo sistema que tomo Venezuela hace casi 30 años... observo los videos de Cuba y da dolor como tambien han hecho aca lo mismo.,2026-03-16T21:20:40Z,2026-03-16T21:20:40Z,0,0,youtube,2026-04-05T13:39:32.877480
bHtI3lCm8wU,Economia y Desarrollo,¿Cómo FIDEL CASTRO acabó con la economía de CUBA?,es,Alta,Ugx0SLUga_c33q4wIiN4AaABAg,,0,@NidiaValero-m1w,Así va colombia señores despierten,2026-03-15T12:10:23Z,2026-03-15T12:10:23Z,0,0,youtube,2026-04-05T13:39:32.877483
bHtI3lCm8wU,Economia y Desarrollo,¿Cómo FIDEL CASTRO acabó con la economía de CUBA?,es,Alta,UgxDjAWgMIY_169GNmB4AaABAg,,0,@giogam8271,Fue peor la cura que la enfermedad.,2026-03-14T21:37:15Z,2026-03-14T21:37:15Z,4,0,youtube,2026-04-05T13:39:32.877486
bHtI3lCm8wU,Economia y Desarrollo,¿Cómo FIDEL CASTRO acabó con la economía de CUBA?,es,Alta,Ugx9GU3x9Qkw2EGi2Ol4AaABAg,,0,@_yk9ch9hw5q,"Los cubanos después de su independencia de España, no han conocido gobierno peor que la tiranía castrista bajo el yugo del tirano Fidel Castro. Nunca tuvieron menos libertades en toda su historia. Los salvadores de Cuba serán los propios cubanos cuando se liberen de la tiranía castrista. La URSS apoyó a Cuba convirtiéndola en su satélite, solo por intereses geopolíticos, eso le permitió al tirano Fidel Castro vivir de parásito de ella (como lo hizo luego con Venezuela) durante medio siglo, millonarios recursos esos que ningún gobernante de Cuba recibió de gobierno extranjero alguno antes de 1959, y que además, fueron despilfarrados por el tirano Fidel Castro en promover guerrillas y terrorismo en América Latina, guerras en África y en hacer millonarias donaciones a terceros países del tercer mundo para que tratar de que le vieran como un mesías internacional, a costa del hambre, la miseria y la destrucción de Cuba, cuyo pueblo nunca le importó mas que para darle migajas. El resultado: destruyó a Cuba como nación, no solo su economía, pulverizó a las familias cubanas, Cuba se están cayendo en pedazos y además, le quitó las libertades al pueblo, creando el aparato represivo mas grande que gobierno de Cuba alguna vez tuviera. Ahora los cubanos adoran mas a los EEUU como nunca antes de 1959, ven a EEUU como su salvación. A los lacayos extranjeros de la tiranía castrista que repiten como cotorras de feria todas las mentiras que ella inventa para victimizarse y blanquear sus culpas por la destrucción de Cuba culpando de ello a los EEUU, cada vez les funciona menos repetir en las redes y foros esa falacia, pese a que la repiten infinidad de veces, pero ya el Internet abrió los ojos a la gente y la tiranía castrista perdió la batalla informativa en las redes y en todo el internet, porque ya cada cubano de a pie con un celular se ha convertido en un transmisor de la realidad cubana desde adentro, y la tiranía castrista ya no tiene como en décadas pasadas, el control monopólico de la información sobre Cuba. Por eso además de tener a todos sus esbirros extranjeros usando infinidad de cuentas metidos todo el día en los videos sobre Cuba repitiendo sus mentiras, ha tenido que utilizar brigadas de ""ciberclarias"" desde adentro para perseguir como policías todo lo que se publica en la web sobre Cuba, recordemos que Cuba es un Estado policíaco, como todas las tiranías comunistas.",2026-03-13T11:42:27Z,2026-03-13T11:42:27Z,1,0,youtube,2026-04-05T13:39:32.877489
bHtI3lCm8wU,Economia y Desarrollo,¿Cómo FIDEL CASTRO acabó con la economía de CUBA?,es,Alta,UgxRxX7ULTM86ilUxRZ4AaABAg,,0,@_yk9ch9hw5q,"Obviamente que para que Cuba sea libre hay que eliminar todo vestigio del castrismo y del comunismo, porque ellos justamente representan la tiranía que ha tenido sin libertad a los cubanos por casi siete décadas. Cualquier decisión desde los EEUU que no incluya eso, será mal vista por la inmensa mayoría de los cubanos de adentro y de afuera.
*NO AL CAMBIO FRAUDE EN CUBA!!!!*",2026-03-12T00:28:42Z,2026-03-12T00:28:42Z,1,0,youtube,2026-04-05T13:39:32.877492
bHtI3lCm8wU,Economia y Desarrollo,¿Cómo FIDEL CASTRO acabó con la economía de CUBA?,es,Alta,Ugzcq91BXAbOHtepZfB4AaABAg,,0,@ronalherrera5175,"ULTIMO MINUTO…   TERRORISMO DE NOTICIAS FALSAS  CONTRA CUBA
LAS  REDES SOCIALES   ESTAN LLENOS DE VIDEOS FALSOS  CONTRA CUBA Y OTROS PAISES  QUE NO SE ARRODILLAN NI SE SOMETEN A  EEUU.
No te dejes meter los dedos a la boca por los mentirosos, asquerosos  y delincuentes yanquis que quieren ahora apoderarse de Cuba;  que no te vengan con cuentos…

Acabamos de DERROTARLOS  a los  “Terroristas” financiados y armados por EEUU  el pasado 26 de Febrero 2026, cuando en una lancha con 10  tripulantes pretendían ingresar armas y explosivos a la Isla.
Los yanquis quieren vivir  cómodamente como reyes, bombardeando, robando, matando, mintiendo y convertirse en dueños absolutos del petróleo y tener el monopolio de todo el comercio mundial.

Haber por que no hablan los yanquis como la tienen sufriendo a su colonia Puerto Rico:
El Cantante  de Puerto Rico  “ Bud Bunny” no pudo contener sus  LAGRIMAS  en una entrevista , al expresar su lamento e indignación por la situación política y social que se vive en Puerto Rico ,  la situación allí es un desastre, al punto  que   muchos  comercios cierran temprano por que se fue la Luz….
FUENTE :  YOU TUBE  03/09/2024   Varios videos
Donald Trump señaló que la red eléctrica y toda la infraestructura de Puerto Rico ya era un desastre antes del paso del huracán María  del 2017.
FUENTE :  BBC   12/10/2017",2026-03-11T19:44:12Z,2026-03-11T19:44:12Z,0,0,youtube,2026-04-05T13:39:32.877495
bHtI3lCm8wU,Economia y Desarrollo,¿Cómo FIDEL CASTRO acabó con la economía de CUBA?,es,Alta,UgzSx6ONLrXC6AUoaZZ4AaABAg,,0,@joserodriguezpizarro2336,Castro destruyó Cuba y sin embargo todavía hay algunos que lo idolatran,2026-03-11T10:36:50Z,2026-03-11T10:36:50Z,0,0,youtube,2026-04-05T13:39:32.877497
bHtI3lCm8wU,Economia y Desarrollo,¿Cómo FIDEL CASTRO acabó con la economía de CUBA?,es,Alta,UgzoR5wGI7JZMxMIU-B4AaABAg,,0,@_yk9ch9hw5q,"Acerca de la realidad cubana las versiones distintas a esta que haya son referidas a otras interpretaciones pero no otros hechos. Los hechos históricos son solo uno, y la destrucción de la economía cubana por el tirano Fidel Castro puede contarse como una sucesión de hechos históricos que hasta nombre tienen sus disparates y acciones (él mismo les ponía nombre: Reforma Agraria (fueron 2),"" nacionalizaciones"" (es decir, ROBO de propiedades a empresarios e inversionistas, nacionales y extranjeros, incluida aqui el último robo llamado Ofensiva Revolucionaria, que estatizó completamente la economía Cubana) , zafra de los diez millones, Cordón de la Habana, planes ganaderos Niña Bonita, Rosa Fe, etc. y sus famosas costosas reses F1, F2, etc., plátanos microjet, etc., y paralelamente, la eliminación de la contabilidad en las empresas y los cobros y pagos entre ellas (pues se consideraba, como ideología ""guevariana"", que era un vestigio del capitalismo, y la eliminación de los cobros y pagos entre empresas estatales), todo lo cual es el resultado de su excesiva egolatría y estilo caudillesco totalitario que se sintetiza en la destructiva y sumisa consigna de ""comandante en jefe, ordene"", que hizo que manejara el país como si fuera su hacienda personal donde no tenía que consultar a nadie y simplemente dar órdenes que debían ser cumplidas sin protestar ni ser cuestionadas, pero peor aún, que no tenía que rendir cuentas a nadie de los recursos del país que despilfarraba en sus órdenes y decisiones. Simplemente los cubanos fueron convertidos en esclavos ante su poder desmedido. Nunca el pueblo cubano ha podido tener una rendición de cuentas sobre el despilfarro que hizo el tirano Fidel Castro del multimillonario subsidio de la exURSS ni ningún recurso de los cuales él dispuso, como lo millones de dólares que ahora tienen sentada a Cuba en Londres en el banquillo de los acusados por ser mala pagadora a acreedores.",2026-03-05T21:55:47Z,2026-03-05T21:55:47Z,1,0,youtube,2026-04-05T13:39:32.877500
bHtI3lCm8wU,Economia y Desarrollo,¿Cómo FIDEL CASTRO acabó con la economía de CUBA?,es,Alta,UgwwLlFdUqIuCKOmrbF4AaABAg,,0,@eliasvazquez77,En México van para allá aquí en México hay mucho fanatizado de morena q desean verse como Cuba,2026-03-05T16:59:57Z,2026-03-05T16:59:57Z,0,0,youtube,2026-04-05T13:39:32.877503
bHtI3lCm8wU,Economia y Desarrollo,¿Cómo FIDEL CASTRO acabó con la economía de CUBA?,es,Alta,UgzL80T2JPcUWQpGLtV4AaABAg,,0,@LuigiCatapano-k1b,Fidel un dittatore assassino e bugiardo. espressione de KOMUNISMO.,2026-03-03T14:31:11Z,2026-03-03T14:31:11Z,0,0,youtube,2026-04-05T13:39:32.877506
bHtI3lCm8wU,Economia y Desarrollo,¿Cómo FIDEL CASTRO acabó con la economía de CUBA?,es,Alta,UgyY5hi8OundsSrItqN4AaABAg,,0,@_yk9ch9hw5q,"A la tiranía castrista nunca le importó el pueblo de Cuba, solo mantenerse en el poder para mantener sus privilegios. Y al tirano Fidel Castro solo le interesaba saciar su egolatría desmedida, los recursos de Cuba los usó y despilfarró en tratar de vender una imagen de mesías tercermundista en cuyo empeño fracasó y solo hoy queda de él la imagen de un anciano moringuero, detestado por las nuevas generaciones de cubanos por legarles un país sin esperanza, futuro y sin libertades, pero eso sí, adorado por cuanto bobalicón enfermizamente antionorteamericano hay en el mundo",2026-02-26T11:47:28Z,2026-02-26T11:47:28Z,1,0,youtube,2026-04-05T13:39:32.877512
bHtI3lCm8wU,Economia y Desarrollo,¿Cómo FIDEL CASTRO acabó con la economía de CUBA?,es,Alta,UgxLdJZo-rv2J3Q5dSB4AaABAg,,0,@_yk9ch9hw5q,"Hoy el pueblo cubano comparando a Batista con el tirano Fidel Castro, prefiere que hubiese seguido Batista, que al menos atrajo inversioners (moralismos hipocritones aparte) hacia Cuba lo cual permitió que el peso cubano llegara a valer mas que el dólar, y monumentales obras constructivas que modernizaron el país y que en el caso de la capital cubana, llegó a considerársele una de las mas modernas y bellas de América. Por eso la tiranía castrista ya prefiere ni hablar de Batista, porque Batista sale mejor parado que el tirano Fidel Castro en casi todo. Y las familias con Batista estaban unidas, mientras el tirano Fidel Castro pulverizó a las familias cubanas, sin contra que los cubanos han padecido bajo la tiranía castrista la mayor per´dida de sus libertades de toda la historia de Cuba",2026-02-24T23:49:23Z,2026-02-24T23:49:23Z,2,0,youtube,2026-04-05T13:39:32.877516
bHtI3lCm8wU,Economia y Desarrollo,¿Cómo FIDEL CASTRO acabó con la economía de CUBA?,es,Alta,UgzscTzcMKCwaFUKFhN4AaABAg,,0,@angelrubenfernandez3959,Obvio capaz que con el tiempo se deterioro el gobierno de Fidel hoy en día que tendría que hacer un socialismo desarrollado apertura a la inversión privada,2026-02-24T21:57:11Z,2026-02-24T21:57:11Z,0,0,youtube,2026-04-05T13:39:32.877521
bHtI3lCm8wU,Economia y Desarrollo,¿Cómo FIDEL CASTRO acabó con la economía de CUBA?,es,Alta,Ugx8pZDGR6vQLOsbxhl4AaABAg,,0,@angelrubenfernandez3959,Bueno Fidel castro hizo x cuba el régimen de Batista fue atroz y burdel de Estados Unidos,2026-02-24T21:53:59Z,2026-02-24T21:53:59Z,0,0,youtube,2026-04-05T13:39:32.877523
bHtI3lCm8wU,Economia y Desarrollo,¿Cómo FIDEL CASTRO acabó con la economía de CUBA?,es,Alta,UgyuZuniKNjV3RMkd554AaABAg,,0,@_yk9ch9hw5q,"Cuántos millonarios recursos tuvo de la URSS parásitamente, y que despilfarró en su obsesión de tratar de ser visto como un mesías tercermundista, financiando guerrillas y grupos subversivos, participando en guerras en Africa, y en hacer donaciones constructivas ca otros países cuando las casas de los cubanos se están cayendo, sin contra sus túneles populares que tanto material de construcción despilfarraron.",2026-02-24T11:21:53Z,2026-02-24T11:21:53Z,1,0,youtube,2026-04-05T13:39:32.877526
bHtI3lCm8wU,Economia y Desarrollo,¿Cómo FIDEL CASTRO acabó con la economía de CUBA?,es,Alta,Ugxi4K8r-eu19vuVtQJ4AaABAg,,0,@victorcontreras3368,"Fidel ""the shaft"" Castro!",2026-02-24T04:54:14Z,2026-02-24T04:54:14Z,0,0,youtube,2026-04-05T13:39:32.877529
bHtI3lCm8wU,Economia y Desarrollo,¿Cómo FIDEL CASTRO acabó con la economía de CUBA?,es,Alta,Ugy10yCB_KRioEilGKJ4AaABAg,,0,@jeanella1148,Sigan apoyando al desastre del Comunismo. Socialismo no camina todo es retroceso. Averiguanse donde estan los hijos de Fidel Castro?? Este Sr acabo un pais y en las pailas del infuerno debe estar...,2026-02-23T02:31:22Z,2026-02-23T02:31:22Z,1,0,youtube,2026-04-05T13:39:32.877532
bHtI3lCm8wU,Economia y Desarrollo,¿Cómo FIDEL CASTRO acabó con la economía de CUBA?,es,Alta,UgwE0mMVPxEQbbSbkeh4AaABAg,,0,@yoanabreu6058,Mejor explicado imposible,2026-02-21T01:01:57Z,2026-02-21T01:01:57Z,0,0,youtube,2026-04-05T13:39:32.877535
bHtI3lCm8wU,Economia y Desarrollo,¿Cómo FIDEL CASTRO acabó con la economía de CUBA?,es,Alta,UgwquXEwWS6iQaKbvQ94AaABAg,,0,@_yk9ch9hw5q,"Legó un país en ruinas y sin libertades para las nuevas generaciones de cubanos, por eso le detestan y a la gente joven le asquea todo lo que tiene que ver con él. Dejó un país en ruinas y a las familias cubanas pulverizadas por todo el mundo. Llevó a la ruina a Cuba, que hoy está peor que Haití",2026-02-18T03:57:11Z,2026-02-18T03:57:11Z,1,0,youtube,2026-04-05T13:39:32.877537
bHtI3lCm8wU,Economia y Desarrollo,¿Cómo FIDEL CASTRO acabó con la economía de CUBA?,es,Alta,UgygaJQRq8cC4rzFtV14AaABAg,,0,@_yk9ch9hw5q,"EEUU nunca antes de este año había bloqueado a Cuba, lástima que se haya tardado, en vez de imponer el mediocre embargo porque la tiranía castrista le robó las empresas y propiedades a los norteamericanos en la isla. Ojalá haga una invasión de tierra arrasada, es la forma de librarse de la tiranía castrista. Esa será la verdadera opción cero.",2026-02-18T03:55:20Z,2026-02-18T03:55:20Z,1,0,youtube,2026-04-05T13:39:32.877540
bHtI3lCm8wU,Economia y Desarrollo,¿Cómo FIDEL CASTRO acabó con la economía de CUBA?,es,Alta,UgwSe8WLVTpO7JFuOL14AaABAg,,0,@borf5489,Y si Cuba ya había entrado en un proceso autodestructivo... ¿Para qué lo bloquearon? ¡¡¡No renuncien al pensamiento crítico!!!,2026-02-18T00:21:20Z,2026-02-18T00:21:20Z,0,0,youtube,2026-04-05T13:39:32.877544
bHtI3lCm8wU,Economia y Desarrollo,¿Cómo FIDEL CASTRO acabó con la economía de CUBA?,es,Alta,UgxEyXBF9ZJ1sabMoql4AaABAg,,0,@_yk9ch9hw5q,"LA participación de Cuba en el narcotráfico se inició con la narcotiranía castrista al vincularse con el chavismo y el Cártel de los Soles, y sostén de las narcoguerrillas colombianas, y convertir a Cuba en un puente para esos negocios de narcos",2026-02-17T04:37:34Z,2026-02-17T04:37:34Z,0,0,youtube,2026-04-05T13:39:32.877547
bHtI3lCm8wU,Economia y Desarrollo,¿Cómo FIDEL CASTRO acabó con la economía de CUBA?,es,Alta,Ugw-r0Hyw0_0CT3_7UN4AaABAg,,0,@_yk9ch9hw5q,"Toda la inversión que logró Batista, la destruyó el tirano Fidel Castro. Convirtió a Cuba primero en una país sin inversionistas, y luego en uno de los países menos seguros para las inversiones, sin contar que al cubano se le ha limitado ser un inversionista importante en la forma que se le  ha permitido a extranjeros, porque la tiranía castrista siempre ha tenido miedo a los cubanos como inversionistas dado que se forma de gobernar se basa en el control absoluto sobre la gente, como tiranía al fin. Por eso nadie invierte en Cuba, porque hay carencia de libetades económicas",2026-02-17T04:29:17Z,2026-02-17T04:29:17Z,1,0,youtube,2026-04-05T13:39:32.877550
bHtI3lCm8wU,Economia y Desarrollo,¿Cómo FIDEL CASTRO acabó con la economía de CUBA?,es,Alta,Ugwt6u3Hs_XiXOLaZOB4AaABAg,,0,@_yk9ch9hw5q,"Cuba pudo terner con Batista un crecimiento económico de los mayores de América Latina, porque Batista logró atraer inversiones de muchos capitales a Cuba, y por demás, un Tratado Comercial con EEUU (de esos que están ahora de moda y que en aquellos años no era usual) donde EEUU compraba la producción azucarera de Cuba aprecio preferencial. Pero el esbirro castrista multicuentas extranjero quiere soñar con supuestos lavados de dinero y narcotráfico (que no eran cosa de aquellos tiempos en Cuba y por lo tanto no es avalado por ningún estudio ni siquiera castrista)",2026-02-17T04:25:34Z,2026-02-17T04:25:34Z,1,0,youtube,2026-04-05T13:39:32.877553
bHtI3lCm8wU,Economia y Desarrollo,¿Cómo FIDEL CASTRO acabó con la economía de CUBA?,es,Alta,UgwSM9p_qIHTN5MSn6J4AaABAg,,0,@CesarEddyAnglasRosales,Como Cuba un país dependiente de la caña de azúcar como única fuente de trabajo pudo desarrollar su economía o era por el lavado de dinero de las mafias y narcotráfico de Estados Unidos ???,2026-02-17T02:23:05Z,2026-02-17T02:23:05Z,0,0,youtube,2026-04-05T13:39:32.877555
bHtI3lCm8wU,Economia y Desarrollo,¿Cómo FIDEL CASTRO acabó con la economía de CUBA?,es,Alta,UgwLbxuUOC2_pjKot6J4AaABAg,,0,@_yk9ch9hw5q,"Los años sesenta e inicios de los setenta del siglo 20, fue una época de gran cantidad de disparates destructivos juntos por el tirano Fidel Castro castrista en Cuba, debido al voluntarismo y ocurrencias de último minuto del tirano Fidel Castro (a quien además nadie se atrevía a cuestionarle una decisión u orden suya porque sabían lo que le pasaría a quien lo hiciera) que a pesar de que le puso nombre a todos sus disparates y ocurrencias (algo que se le agradece, pues asi pueden ser mostrados a las generaciones futuras en la enseñanza de la historia de la Cuba castrista), cuesta trabajo distinguir el efecto de cada uno por separado. No olvidamos (la peor de todas las decisiones) la llamada ""zafra de os 10 millones"" que desarticuló toda la economía cubana, pero junto a ella estuvo ligada el ""cordón de la Habana"", los planes de genética vacuna (¿quien no recuerda que el tirano quería inventar en Cuba las reses que mas leche y carne dieran, dando lugar a aquellas F1, F2 etc.) para una ganadería que para que produjese leche, se llevaron los aires acondicionados de las oficinas y lugares de trabajo y estudio de La Habana, dejando sumidos en el mas espantoso calor a los trabajadores de la isla. O quien no recuerda la eliminación de la contabilidad entre empresas y por lo tanto de la carrera de Contabilidad en las universidades, asi como de los cobros y pagos entre empresas. O las tenebrosas por represivas UMAP, donde encerraban a todo el que pareciera (aunque no lo fuera) homosexual, tuviera creencias religiosas, escuchara música en inglés, usara pantalones muy apretados (en el caso de los hombres) u tuviera el pelo largo. O la ""parametración"" que destruyó a tantos artistas e intelectuales, dentro del ""quinquenio gris"", y una de las decisiones mas destructivas del tirano Fidel Castro, aquella eufemísticamente llamada ""ofensiva revolucionaria"" (ofensiva robolucionaria) que destruyó a los pequeños comerciantes y la microempresa de Cuba, dejando un vacío comercial enorme en la población que aún hoy se paga. Y estamos hablando aquí solo de lo interno, porque en lo externo andaba fomentado y preparando desde Cuba guerrillas y grupos subversivos en América Latina e iniciando su participación en guerras en África, que tantos recursos de Cuba consumieron. Lo peor es que en el 99% de esas cosas que cité, fracasó, y solo sirvieron para acumular la destrucción causada por el tirano Fidel Castro a Cuba.",2026-02-16T04:39:57Z,2026-02-16T04:39:57Z,2,0,youtube,2026-04-05T13:39:32.877558
bHtI3lCm8wU,Economia y Desarrollo,¿Cómo FIDEL CASTRO acabó con la economía de CUBA?,es,Alta,UgzcRkDVqboDpMJAnqh4AaABAg,,0,@_yk9ch9hw5q,"A Cuba la salvará el pueblo cubano liberándola de la tiranía castrocomunista igual que hicieron los pueblos de Europa del este con sus tiranías comunistas, (que las mandaron al basurero de la historia), solo que es posible que el anexionismo (a EEUU), que siempre estuvo presente desde las luchas contra la España colonial, sea lo que se imponga al final. Los cubanos en este siglo añoran ser parte de los Estados Unidos, sea como estado libre asociado o como el estado cincuenta y uno ....eso ya casi ha ocurrido gracias al tirano Fidel Castro, las familias cubanas están divididas entre EE.UU. y Cuba (por eso en Cuba ahora se habla de ""las dos orillas""), y la de EE.UU. mantiene con sus dólares a la de Cuba...de hecho, la moneda que en Cuba se toma como patrón para valorar internamente los productos en el comercio, es el dólar norteamericano, así que Cuba ha perdido hasta la soberanía monetaria, es un apéndice de los EE.UU.",2026-02-16T04:38:43Z,2026-02-16T04:38:43Z,1,0,youtube,2026-04-05T13:39:32.877561
bHtI3lCm8wU,Economia y Desarrollo,¿Cómo FIDEL CASTRO acabó con la economía de CUBA?,es,Alta,UgxgwjYjPm09Eo_Ye5F4AaABAg,,0,@YaninFlores-bg2yd,Fue EU quien llevó ala pobreza cuba todo por política y sus canciones que impuso nadien puede Aser negocios con cuba pxq estado unidos pone sanciones como con Venezuela,2026-02-16T00:43:09Z,2026-02-16T00:43:09Z,0,0,youtube,2026-04-05T13:39:32.877563
bHtI3lCm8wU,Economia y Desarrollo,¿Cómo FIDEL CASTRO acabó con la economía de CUBA?,es,Alta,UgzemH-_IG9dGxXP7TR4AaABAg,,0,@_yk9ch9hw5q,"Cuba es hoy el prostíbulo mas grande de América Latina, con su turismo sexual tan reconocido, está llena de jineteras y pingueros a toda hora y todo lugar. Hoy es un inmenso paraíso sexual del castrismo",2026-02-15T20:23:32Z,2026-02-15T20:23:32Z,1,0,youtube,2026-04-05T13:39:32.877566
bHtI3lCm8wU,Economia y Desarrollo,¿Cómo FIDEL CASTRO acabó con la economía de CUBA?,es,Alta,UgwbTIO7AWUUcklyKdt4AaABAg,,0,@marcoantonioomanana4207,A ver. Era el prostibulo más grande del america latina eso no es un progreso. Hoy no está mejor tampoco,2026-02-15T16:00:40Z,2026-02-15T16:00:40Z,0,0,youtube,2026-04-05T13:39:32.877569
bHtI3lCm8wU,Economia y Desarrollo,¿Cómo FIDEL CASTRO acabó con la economía de CUBA?,es,Alta,Ugw6E0QVCGe5blD8WLN4AaABAg,,0,@_yk9ch9hw5q,"*CRISTO SI, CASTRO NO*",2026-02-15T03:32:19Z,2026-02-15T03:32:19Z,1,0,youtube,2026-04-05T13:39:32.877573
bHtI3lCm8wU,Economia y Desarrollo,¿Cómo FIDEL CASTRO acabó con la economía de CUBA?,es,Alta,UgzChqnAGM_gaUoAhuR4AaABAg,,0,@_yk9ch9hw5q,"EEUU no necesitaba (ni necesita) ejercer mucha presión económica sobre Cuba para verla destruida. Por eso impusieron por formalidad como respuesta al robo de las empresas y propiedades de norteamericanos en Cuba, un embargo mediocre que la tiranía castrista ha sabido burlar siempre. Y es que EEUU sabía que el tirano Fidel Castro estaba por sí mismo destruyendo a Cuba, no necesitaba hacer mucho esfuerzo para destruirla los EEUU, porque se unieron dos destrucciones: la del propio tirano Fidel Castro con su mala administración de la economía y las medidas destructivas que para la misma tomaba, y el modelo comunista en sí mismo que siempre lleva al fracaso económico, por totalitarista, sin contar la carencia de libertades de los cubanos, que llevado a que el pueblo ya esté hastiado del castrocomunismo. Por eso los EEUU en la ONU nunca le han dado mucha importancia a quien vota a favor o en contra de las sanciones (algunos de los que votan en contra son sus aliados y no le importa), porque EEUU sabe que ese mediocre embargo no es lo que va a llevar a la pulverización definitiva (como en Europa del este) del castrismo y el comunismo en Cuba, sino el propio régimen cubano.",2026-02-15T03:31:58Z,2026-02-15T03:31:58Z,1,0,youtube,2026-04-05T13:39:32.877576
bHtI3lCm8wU,Economia y Desarrollo,¿Cómo FIDEL CASTRO acabó con la economía de CUBA?,es,Alta,Ugx7wv1L0OEiJVsl3et4AaABAg,,0,@dianachloe9555,"Fidel Castro no destruyó a Cuba— la destruyó el exilio Cubano que se beneficia y justifica su existencia en Estados Unidos al mantener el embargo y las sanciones injustas a Cuba.
Todo por un sistema capitalista colapsado fascista y cruel que se fundamenta en la esclavitud.",2026-02-15T02:46:08Z,2026-02-15T02:46:08Z,0,0,youtube,2026-04-05T13:39:32.877579
bHtI3lCm8wU,Economia y Desarrollo,¿Cómo FIDEL CASTRO acabó con la economía de CUBA?,es,Alta,UgznZrDnKZwFmnnuFnd4AaABAg,,0,@_yk9ch9hw5q,*PRESIDENT TRUMP: MAKE CUBA GREAT AGAIN!!!*,2026-02-15T00:47:50Z,2026-02-15T00:47:50Z,1,0,youtube,2026-04-05T13:39:32.877581
bHtI3lCm8wU,Economia y Desarrollo,¿Cómo FIDEL CASTRO acabó con la economía de CUBA?,es,Alta,UgyYH-QIozIR_Pu0qqJ4AaABAg,,0,@JesusMartínez-t8e,Todo tiene más de una explicación. No es nada más ver la situación actual,2026-02-14T18:48:08Z,2026-02-14T18:48:08Z,0,0,youtube,2026-04-05T13:39:32.877584
bHtI3lCm8wU,Economia y Desarrollo,¿Cómo FIDEL CASTRO acabó con la economía de CUBA?,es,Alta,UgyvHMsyID_KR4guwxd4AaABAg,,0,@RogelioMartinez-uq3wm,"dejense de m@amadas, Fidel Castro no destruyó a Cuba, mejor reclamenle a los gringos que fueron lo que le impusieron el bloqueo comercial a Cuba y desde luego con los caciques ricos y traidores que salieron de Cuba y se establecieron de Miami y desde luego con la complicidad de la ONU y de la UE",2026-02-13T21:45:28Z,2026-02-13T21:45:28Z,0,0,youtube,2026-04-05T13:39:32.877587
bHtI3lCm8wU,Economia y Desarrollo,¿Cómo FIDEL CASTRO acabó con la economía de CUBA?,es,Alta,UgxErmWQg6XGHVIq6VV4AaABAg,,0,@lunizparlein173,"M4ldit4 b45ura ese Castro, y lo peor que aun hay demasiados izquierdozos alimentando ese c4ncer😢",2026-02-13T13:33:04Z,2026-02-13T13:33:04Z,0,0,youtube,2026-04-05T13:39:32.877590
bHtI3lCm8wU,Economia y Desarrollo,¿Cómo FIDEL CASTRO acabó con la economía de CUBA?,es,Alta,UgzpjtoLuXDtjPcXRyV4AaABAg,,0,@_yk9ch9hw5q,"Cuba hoy depende mas de los EEUU, debido a la circulación de dólares en la isla en sustitución de los ya nada otrora valiosos pesos cubanos antes de 1959, y la gente en Cuba sobrevive gracias a los que les llega de EEUU, pues las familias están ahora divididas entre “las dos orillas”. El tirano Fidel Castro miamizó a Cuba, la hizo un apéndice de EEUU.",2026-02-12T15:43:04Z,2026-02-12T15:43:04Z,1,0,youtube,2026-04-05T13:39:32.877592
bHtI3lCm8wU,Economia y Desarrollo,¿Cómo FIDEL CASTRO acabó con la economía de CUBA?,es,Alta,Ugz82sS2WaOXjE6i5dZ4AaABAg,,0,@victorjosecuervomax5677,"Antes de las revolución la Habana era  un burdel , Santiago una cantina gracias a la mafia de USA las provincias en pobreza extrema, lo único q es verdad en un principio Fidel no era comunista el q era del partido era su hermano, al analizar las opciones fue que estudio a Marx y el bloqueo si es la razón de las carencias",2026-02-12T01:14:09Z,2026-02-12T01:16:47Z,0,0,youtube,2026-04-05T13:39:32.877595
bHtI3lCm8wU,Economia y Desarrollo,¿Cómo FIDEL CASTRO acabó con la economía de CUBA?,es,Alta,UgzsgDLrA2dypPK808J4AaABAg,,0,@gabrielarriaga3121,"Que porquería de canal, cuánta ignorancia y desinformación",2026-02-11T22:49:04Z,2026-02-11T22:49:04Z,0,0,youtube,2026-04-05T13:39:32.877598
bHtI3lCm8wU,Economia y Desarrollo,¿Cómo FIDEL CASTRO acabó con la economía de CUBA?,es,Alta,UgzdDdxy-QD-RzW5fmN4AaABAg,,0,@_yk9ch9hw5q,"There is a Cuba for the average Cuban who goes out every day to find something to eat for their family, and a Cuba for the frivolous foreigner who visits Cuba (or stays there for a while knowing they will return home) and sees only wonders because they don't LIVE in Cuba. Furthermore, they don't experience the daily life of Cubans and know that in the end they will return to the capitalism from which so many millions of Cubans also want to escape, and have escaped, not only to have something to eat and the hope (which doesn't exist in Cuba) of having decent housing, but also TO HAVE THE FREEDOM THAT CUBA DOESN'T HAVE UNDER THE REPRESSIVE AND DESTRUCTIVE CASTRO TYRANNY. The enormous emigration of Cubans now, which didn't exist before 1959, dismantles the lies and arguments of a captivating and idyllic Cuba. The Castroist lies of the last century and those of its spokespeople have already shattered that image; the internet destroys them.",2026-02-11T21:47:47Z,2026-02-11T21:47:47Z,1,0,youtube,2026-04-05T13:39:32.877602
bHtI3lCm8wU,Economia y Desarrollo,¿Cómo FIDEL CASTRO acabó con la economía de CUBA?,es,Alta,Ugx4pkQl5ikSKKEp-Nh4AaABAg,,0,@RigaudMoise-c5u,"THE CUBAN PEOPLES HAVE BEEN RESPECTED AROUND THE WORLD, BECAUSE OF THE CASTRO . HE HAS PREPARED THEM; ALL OF THEM HAVE THEIR OWN BUSINESSES.  ALL OF THEM ARE EDUCATED.",2026-02-11T20:48:09Z,2026-02-11T20:48:09Z,0,0,youtube,2026-04-05T13:39:32.877605
bHtI3lCm8wU,Economia y Desarrollo,¿Cómo FIDEL CASTRO acabó con la economía de CUBA?,es,Alta,UgwIf1CT9YSpZuA0vBN4AaABAg,,0,@_yk9ch9hw5q,"A la tiranía castrista nunca le importó el pueblo de Cuba, solo mantenerse en el poder para mantener sus privilegios. Y al tirano Fidel Castro solo le interesaba saciar su egolatría desmedida, los recursos de Cuba los usó y despilfarró en tratar de vender una imagen de mesías tercermundista en cuyo empeño fracasó y solo hoy queda de él la imagen de un anciano moringuero, detestado por las nuevas generaciones de cubanos por legarles un país sin esperanza, futuro y sin libertades, pero eso sí, adorado por cuanto bobalicón enfermizamente antionorteamericano hay en el mundo",2026-02-11T19:19:14Z,2026-02-11T19:19:14Z,1,0,youtube,2026-04-05T13:39:32.877608
bHtI3lCm8wU,Economia y Desarrollo,¿Cómo FIDEL CASTRO acabó con la economía de CUBA?,es,Alta,UgwnsyWSWfH1dAjYO0l4AaABAg,,0,@_yk9ch9hw5q,"La gente de a pie en Cuba nunca habla del supuesto bloqueo como culpable de su miseria y falta de libertades, sabe que la culpa de eso es del tirano Fidel Castro y de su régimen.",2026-02-10T23:11:53Z,2026-02-10T23:11:53Z,1,0,youtube,2026-04-05T13:39:32.877611
bHtI3lCm8wU,Economia y Desarrollo,¿Cómo FIDEL CASTRO acabó con la economía de CUBA?,es,Alta,UgwdznXQgPGEB-ALZGx4AaABAg,,0,@nathanosman5606,Minuto 9:01 estas muy equivocado y parece que no entiendes como funciona el bloqueo. Cualquier producto o cosa que contenga 10% de producción estadounidense es prohibido importarlo al país. Cualquiera que rompa esa regla tiene como consecuencia la terminación de sus negocios en US.,2026-02-10T22:25:45Z,2026-02-10T22:25:45Z,0,0,youtube,2026-04-05T13:39:32.877613
bHtI3lCm8wU,Economia y Desarrollo,¿Cómo FIDEL CASTRO acabó con la economía de CUBA?,es,Alta,Ugxc_QJJi4_CvmoPPy94AaABAg,,0,@solasmarpol7949,Tienen dudas todavia…?,2026-02-10T08:03:16Z,2026-02-10T08:03:16Z,0,0,youtube,2026-04-05T13:39:32.877616
bHtI3lCm8wU,Economia y Desarrollo,¿Cómo FIDEL CASTRO acabó con la economía de CUBA?,es,Alta,Ugw8_Hg9RVn0vv6Kvbp4AaABAg,,0,@_yk9ch9hw5q,"Please, Mr.Trump: MAKE CUBA 🇨🇺 GREAT AGRAIN!!!!!",2026-02-10T01:56:29Z,2026-02-10T01:56:29Z,1,0,youtube,2026-04-05T13:39:32.877619
bHtI3lCm8wU,Economia y Desarrollo,¿Cómo FIDEL CASTRO acabó con la economía de CUBA?,es,Alta,Ugw-8UmWRv3C4-xwlu94AaABAg,,0,@_yk9ch9hw5q,"Ya la tiranía castrista prefiere ni hablar de Batista para criticarle, porque sabe que ella hizo cosas peores que él. Solo los esbirros extranjeros de la tiranía castrista siguen anclados en criticar a Batista a base de viejos clichés y propaganda antibatistiana de los primeros años castristas (mucha de ella ya investigada y refutada) que ya entre la gente en Cuba no funcionan, porque no es a Batista a quien odian, sino a la tiranía castrista que destruyó sus vidas y familias",2026-02-10T01:55:42Z,2026-02-10T01:55:42Z,1,0,youtube,2026-04-05T13:39:32.877621
bHtI3lCm8wU,Economia y Desarrollo,¿Cómo FIDEL CASTRO acabó con la economía de CUBA?,es,Alta,UgzA0XcB-ai24JvW3bp4AaABAg,,0,@ramirogarciabouzon7755,"Cuba era un pais de esclavos con el dictador Baptista y cuatro terratenientes que tenian las tierras que trabajaban los eclavos el pueblo paso mad hambre quw nunca no mintais, contad la verdad",2026-02-10T01:12:36Z,2026-02-10T01:12:36Z,0,0,youtube,2026-04-05T13:39:32.877624
bHtI3lCm8wU,Economia y Desarrollo,¿Cómo FIDEL CASTRO acabó con la economía de CUBA?,es,Alta,UgxF1G9zdOedCYpInid4AaABAg,,0,@frankdarabont8354,"El Hipócrita Mentiroso más grande de Cuba y del mundo, aparentando ser un ""caudillo"" llevó a Cuba al abismo de la quiebra económica; y ahora quién salvará a Cuba de éstos tipejos ineptos?.....",2026-02-09T03:08:40Z,2026-02-09T03:08:40Z,0,0,youtube,2026-04-05T13:39:32.877627
bHtI3lCm8wU,Economia y Desarrollo,¿Cómo FIDEL CASTRO acabó con la economía de CUBA?,es,Alta,UgwrRPLJzadNDQT4IVd4AaABAg,,0,@_yk9ch9hw5q,EEUU no debe conversar con la tiranía castrista mientras no se cierre el helicoide castrista de Villa Marista,2026-02-08T01:36:55Z,2026-02-08T01:36:55Z,1,0,youtube,2026-04-05T13:39:32.877631
bHtI3lCm8wU,Economia y Desarrollo,¿Cómo FIDEL CASTRO acabó con la economía de CUBA?,es,Alta,UgyGCB7cbhHgIm0DrNp4AaABAg,,0,@_yk9ch9hw5q,"Que bien que el video deje claro que Rusia y China no se meterán en el conflicto de la tiranía castrista con los EEUU de la cual ella, empezando por el tirano Fidel Castro, son los causantes. Ya desde antes de 1959 en la Sierra Maestra el tirano Fidel Castro dijo en una carta a su mante, que si llegaba al poder le haría una guerra a los EEUU, y a eso se dedicó toda su vida desde el mismo 1959. Lo peor es que arrastró a la mayoría de los cubanos de entonces a ello, que como borregos se prestaron. Menos mal que las nuevas generaciones aprecian mas a los EEUU que a la tiranía castrista",2026-02-08T01:07:34Z,2026-02-08T01:07:34Z,1,0,youtube,2026-04-05T13:39:32.877634
bHtI3lCm8wU,Economia y Desarrollo,¿Cómo FIDEL CASTRO acabó con la economía de CUBA?,es,Alta,UgxM390P3gjRpUgMPHJ4AaABAg,,0,@josemanuelayasta4959,"Hasta antes de los Castro, la economía era un auge, son embargo las mafias italo norteamericanos y el Corrupto de Fulgencio Batista robaba, conclusión tanto los de Derecha como lo de la Izquierda son corruptos, lo que un país requiere es gobernantes INTEGROS con principios y valores y ser un gran SER HUMANO",2026-02-08T01:04:52Z,2026-02-08T01:04:52Z,0,0,youtube,2026-04-05T13:39:32.877637
bHtI3lCm8wU,Economia y Desarrollo,¿Cómo FIDEL CASTRO acabó con la economía de CUBA?,es,Alta,Ugz0CB-ZmiS53ty2NXZ4AaABAg,,0,@_yk9ch9hw5q,"¿Se han preguntado por qué los hambreados cubanos de a pie que son entrevistados en las calles de Cuba rara vez o nunca mencionan el embargo de los EEUU como culpable de su situación? Es simple: porque saben que es mentira. Lo saben porque lo viven, y saben lo mal que ha sido administrado el país y los disparates de última ocurrencia que caracterizaban al tirano Fidel Castro, que inventaba cosas de último momento para hacerse propaganda pero que luego resultaban en un fracaso. Eso de tratar de culpar a terceros de los desastres que causan, es muy propio siempre de los comunistas para tratar de blanquear sus culpas y victimizarse. Recursos Cuba ha tenido, pero han sido despilfarrados por el tirano Fidel Castro. La mejor muestra es el despilfarro del multimillonario subsidio de la exURSS, con el cual cualquier país se hubiera desarrollado pero que el tirano Fidel Castro malgastó en su participación en guerras en otros continentes, en el fomento de guerrillas y terrorismo en otros países y en donaciones para obras civiles a diversos países, todo con el enfermizo objetivo de vender una imagen de mesías tercermundista del tirano Fidel Castro. O también esos millonarios recursos que fueron recibidos por Cuba y que no se ha dicho cómo se usaron, y que por ejemplo, han tenido sentada en un juicio en Londres a Cuba como un país mal pagador de deudas, algo por lo cual es tan conocida y por lo cual muchos le exigen pagar en efectivo y no le dan créditos.",2026-02-07T10:38:35Z,2026-02-07T10:38:35Z,1,0,youtube,2026-04-05T13:39:32.877640
bHtI3lCm8wU,Economia y Desarrollo,¿Cómo FIDEL CASTRO acabó con la economía de CUBA?,es,Alta,Ugw38GoQODzGht_V9r94AaABAg,,0,@_yk9ch9hw5q,"La destrucción causada a Cuba por el tirano Fidel Castro, que no solo ha sido económica sino en casi todos los campos de la vida nacional, solo se resolverá cuando Cuba sea libre y la tiranía castrista sea pulverizada como pasó en Europa del este. El capitalismo siempre regresa.",2026-02-07T09:27:04Z,2026-02-07T09:27:04Z,1,0,youtube,2026-04-05T13:39:32.877642
bHtI3lCm8wU,Economia y Desarrollo,¿Cómo FIDEL CASTRO acabó con la economía de CUBA?,es,Alta,Ugz8voTEicUwUuZvTyV4AaABAg,,0,@jackiestevenso7756,american embargo destroyed Cuba,2026-02-07T08:11:43Z,2026-02-07T08:11:43Z,0,0,youtube,2026-04-05T13:39:32.877645
bHtI3lCm8wU,Economia y Desarrollo,¿Cómo FIDEL CASTRO acabó con la economía de CUBA?,es,Alta,Ugys-gMr3elpA08OpSR4AaABAg,,0,@_yk9ch9hw5q,"Así pasará con todos los pueblos donde se imponga una tiranía comunista como la castrista, terminarán en la ruina. Por eso hay que exterminar a la tiranía castrista, promotora de esos regímenes.",2026-02-07T04:10:45Z,2026-02-07T04:10:45Z,1,0,youtube,2026-04-05T13:39:32.877648
bHtI3lCm8wU,Economia y Desarrollo,¿Cómo FIDEL CASTRO acabó con la economía de CUBA?,es,Alta,UgziCY2BE85QVpTFGMh4AaABAg,,0,@SamirAlvis-y7y,Castro mi padrino o chico😅😅,2026-02-07T02:20:17Z,2026-02-07T02:20:17Z,0,0,youtube,2026-04-05T13:39:32.877650
bHtI3lCm8wU,Economia y Desarrollo,¿Cómo FIDEL CASTRO acabó con la economía de CUBA?,es,Alta,Ugx73TTPoZsv4v-i8Ah4AaABAg,,0,@joelbaizabal2765,Y así va a pasar en México si sigue el gobierno de cuarta,2026-02-05T17:54:38Z,2026-02-05T17:54:38Z,0,0,youtube,2026-04-05T13:39:32.877653
bHtI3lCm8wU,Economia y Desarrollo,¿Cómo FIDEL CASTRO acabó con la economía de CUBA?,es,Alta,UgyrA6aPZo1wS0DXIcV4AaABAg,,0,@_yk9ch9hw5q,"Batista los recursos que obtuvo para Cuba para hacer las grandes avances económicos y llevó a cabo obras constructivas que dejó para la posteridad, fue a partir de atraer inversiones extranjeras para Cuba, mientras el tirano Fidel Castro obtuvo los recursos para Cuba parasitando de otros países, recursos que despilfarró. Y pensar que Cuba durante las primeras tres décadas castristas dispuso de multimillonarios recursos para desarrollarse proveniente de los subsidios de la exURSS y de un comercio ventajoso con Europa del este, y el tirano Fidel Castro los despilfarró en tratar de vender una imagen mesiánica de salvador del tercer mundo y que al final terminó como un viejo decrépito hablando de la moringa. Y lo peor es que, cuan buen tirano, nunca se le exigió ni se sintió obligado de rendir cuenta a nadie en Cuba de su despilfarro, como si los recursos fueran personales. Batista sabía del dinero que se movía entre algunos de estos personajes de la mafia norteamericana así que les permitió, sin moralismos hipócritas al estilo de los comunistas, hacer inversiones en Cuba para atraer capitales que beneficiaran a la economía cubana. Se le agradece su inteligencia para ello. Y lo logró, puso a la economía cubana entre las de mayor crecimiento en América (cosa que destruyó el tirano Fidel Castro haitianizando a Cuba). Hoy Cuba es un trampolín de las drogas de las guerrillas castrochavistas y del Cartel de los Soles, cosa que nunca pasó antes de 1959, donde nunca hubo problemas con las drogas en Cuba, algo que está bien documentado.",2026-02-05T04:58:15Z,2026-02-05T05:00:18Z,1,0,youtube,2026-04-05T13:39:32.877655
bHtI3lCm8wU,Economia y Desarrollo,¿Cómo FIDEL CASTRO acabó con la economía de CUBA?,es,Alta,Ugz7YVQywL851389crd4AaABAg,,0,@alexcovenas4976,"La verdad es que Cuba antes de Castro tenía un gran poder económico y comercial pero a costa de la explotación del campesinado ,seres humanos que vivían en la extrema pobreza por la servidumbre ahora vienen a decirme que antes de Castro la isla era de maravillas jajaja.",2026-02-05T01:17:40Z,2026-02-05T01:17:40Z,0,0,youtube,2026-04-05T13:39:32.877660
bHtI3lCm8wU,Economia y Desarrollo,¿Cómo FIDEL CASTRO acabó con la economía de CUBA?,es,Alta,UgzGgw3G6fTmTX0hRQR4AaABAg,,0,@_yk9ch9hw5q,"Da lástima que Cuba hoy sea vista solo comparable con Haití, cuando antes de 1959 se le comparaba con las economías mas avanzadas de América e inclusive tenía un PIB per cápita superior a varios países del sur de Europa, y el peso cubano llegó a valer mas que el dólar. El tirano Fidel Castro la convirtió en una economía parásita primero de la URSS (recibiendo millonarios recursos con los cuales se hubiera desarrollado cualquier país pero que él despilfarró en tratar de vender su imagen con complejos de mesías) y luego de Venezuela.",2026-02-04T04:06:23Z,2026-02-04T04:06:23Z,1,0,youtube,2026-04-05T13:39:32.877663
bHtI3lCm8wU,Economia y Desarrollo,¿Cómo FIDEL CASTRO acabó con la economía de CUBA?,es,Alta,UgyQAthIO3v_wAX-HMJ4AaABAg,,0,@_yk9ch9hw5q,"Solo los extranjeros como el multicuentas de siempre tratan de culpar a terceros de la destrucción de Cuba, pues repiten el discurso castrista tratando de victimizarse y de blanquear su culpa por ello. Jamás la inmensa mayoría de los cubanos culpan a EEUU o al embargo de la miseria de los cubanos porque por haberlo vivido, conocemos bien la historia. No es cosa de leer y estudiar, sino de haberlo vivido, cosa que nunca los esbirros procastristas extranjeros van a Cuba a vivirlo. Y es que la destrucción castrista no es solo económica, sino en casi todo, hasta en las libertades",2026-02-04T03:55:39Z,2026-02-04T03:55:39Z,1,0,youtube,2026-04-05T13:39:32.877668
bHtI3lCm8wU,Economia y Desarrollo,¿Cómo FIDEL CASTRO acabó con la economía de CUBA?,es,Alta,UgxC3OCc0GKmevwZCrl4AaABAg,,0,@luisacosta6274,"La ignorancia llevada al paroxismo, el que hizo este video infame debería leer y estudiar así puede entender el mundo. Fidel no destruyó al país lo hizo y hace el bloqueo ilegal desde hace 65 años.  IGNORANTE.",2026-02-04T01:54:35Z,2026-02-04T01:54:35Z,0,0,youtube,2026-04-05T13:39:32.877671
bHtI3lCm8wU,Economia y Desarrollo,¿Cómo FIDEL CASTRO acabó con la economía de CUBA?,es,Alta,UgwsGBbb-eI7_jiaCbN4AaABAg,,0,@_yk9ch9hw5q,Cuba estaría mejor que Dubai si no  hubiera sufrido la haitianización a la cual la condenó el tirano Fidel Castro.,2026-02-04T00:45:16Z,2026-02-04T00:45:16Z,0,0,youtube,2026-04-05T13:39:32.877673
bHtI3lCm8wU,Economia y Desarrollo,¿Cómo FIDEL CASTRO acabó con la economía de CUBA?,es,Alta,Ugwa_-YamCw5Yzxvc-54AaABAg,,0,@carmenvilleda4133,La verdad veo que eso mismo está pasando en mi MEXICO con ese maldito virus de Morena son un canser comunista 😢,2026-02-03T13:27:20Z,2026-02-03T13:27:20Z,0,0,youtube,2026-04-05T13:39:32.877676
bHtI3lCm8wU,Economia y Desarrollo,¿Cómo FIDEL CASTRO acabó con la economía de CUBA?,es,Alta,UgzzqBmsPeaypEHeMAV4AaABAg,,0,@_yk9ch9hw5q,"Que bien. Ahora sí tienen motivo para llorar por un verdadero BLOQUEO, solo que muy tardíamente. Debieron aprovechar la mano que le tendió Obama pero ya es tarde. Ahora tendrán que salir a la fuerza, con un pueblo de Cuba que mayoritariamente les detesta y que no daría su vida por ellos esta vez, sino que se unirían a los marines al entrar a Cuba. *VIVA DONALD TRUMP, PRESIDENTE DE LA LIBERTAD DE LAS AMÉRICAS*",2026-02-02T20:53:36Z,2026-02-02T20:53:36Z,1,0,youtube,2026-04-05T13:39:32.877679
bHtI3lCm8wU,Economia y Desarrollo,¿Cómo FIDEL CASTRO acabó con la economía de CUBA?,es,Alta,UgzdsEM0brdi1jYaZkZ4AaABAg,,0,@_yk9ch9hw5q,También ganó la derecha en Costa Rica. La libertad y democracia avanza en las Américas.,2026-02-02T20:33:46Z,2026-02-02T20:33:46Z,1,0,youtube,2026-04-05T13:39:32.877681
bHtI3lCm8wU,Economia y Desarrollo,¿Cómo FIDEL CASTRO acabó con la economía de CUBA?,es,Alta,UgzZFDpPvoojTKJ6P1x4AaABAg,,0,@oscarmarin6140,"Bloqueo estadounidense  asfixia al pueblo Cubano  al dia de hoy trupm mandato #2 aranceles al que suministre petroleo  ,fue FIDEL.",2026-02-02T19:22:31Z,2026-02-02T19:22:31Z,0,0,youtube,2026-04-05T13:39:32.877684
bHtI3lCm8wU,Economia y Desarrollo,¿Cómo FIDEL CASTRO acabó con la economía de CUBA?,es,Alta,UgxaXdB5t8vieNkgWBB4AaABAg,,0,@joseluistenorio2991,Fidel se aferró a un ideal. Si no próspero debió cambiar el rumbo. Pero porque tiene que pagar el pueblo cubano una mala edición.de su gobernante.,2026-02-02T16:34:41Z,2026-02-02T16:34:41Z,1,0,youtube,2026-04-05T13:39:32.877686
bHtI3lCm8wU,Economia y Desarrollo,¿Cómo FIDEL CASTRO acabó con la economía de CUBA?,es,Alta,Ugz07XjO5EDQSjAZ-Ap4AaABAg,,0,@_yk9ch9hw5q,"Cuba, en 1958, el 62% de los ingenios azucareros eran propiedad de ciudadanos cubanos; el 37% de consorcios estadounidenses y el 1% restante, de españoles y franceses; y que la zafra de 1952 fue de más de 7 millones de toneladas de azúcar (en 2025 apenas alcanzó 1.1, se anunció en mayo). Durante los años cincuenta Cuba llegó a aportar el 21.37% de la producción mundial de azúcar con un territorio del tamaño de la península de Baja California. El comunista cubano Carlos Rafael Rodríguez le habría dicho que en salud, educación, transporte, telefonía, ferrocarriles, radio y TV, y por supuesto, en producción azucarera y tabacalera, Cuba era entonces y en casi todo, uno de los dos, a veces el tercero y a menudo el primer país de Latinoamérica, en esos rubros y algunos más. Cuba era autosuficiente en el consumo de azúcar, leche, café, tabaco, frutas tropicales y carne de res (desde 1940); y prácticamente autosuficiente en productos del mar, carne de cerdo, tubérculos, hortalizas, avícolas, huevo y producción de calzado. Cuando Fidel Castro se hizo del poder en Cuba había 6,325,000 cabezas de ganado, de las cuales 940,000 eran vacas lecheras (quinto productor de la región, según la ONU), para una población de seis millones; los datos son de 1961, publicados por el Instituto de la Reforma Agraria. Para el periodo 1986-1989, ellos mismos reportaron que la producción per cápita de carne vacuna había caído a la mitad respecto del nivel de 1958. El año 2000 es punto menos que desastroso: hay menos cabezas de ganado que en 1946: 4,110,200 –la cifra incluye el ganado lechero, si lo hay. Para una población 2.5 veces mayor. Las cifras son del Anuario Estadístico de Cuba, reportado por Óscar Espinosa Chepe (Cuba / Revolución o involución, Madrid, Aduana Vieja, 2007). El autor es economista, periodista independiente, ex funcionario del Banco Nacional de Cuba, ex diplomático; encarcelado en 2003. Todo indica que la mayor parte de la población vacuna ya pasó por las carnicerías: para 2010, al menos el 80% de los alimentos que se consumen en Cuba son importados, de Estados Unidos: pollo, maíz, trigo, soya y leche en polvo. Mientras los quince países de mayor producción lechera de Latinoamérica incrementaron su producción en 228% durante el periodo 1958-1996, la Cuba castrista aumentó su producción lechera en un 11%. A pesar de que en la Cuba castrista solo toman leche los menores de siete y los mayores de 65 años, es necesario importar leche. En 1958 Cuba también era autosuficiente en el consumo de leche evaporada y condensada. Es evidente que hoy hasta las vacas lecheras terminaron en la carnicería. Los autores de A study on Cuba (University of Miami, 1965) consignan que la importación de carne, proveniente de Canadá y Estados Unidos, inició en 1960, cuando, increíblemente, dicen los autores, se mandó a los mataderos a sementales, ante la inminente carestía. En cambio en la Cuba precastrista la importación de carne vacuna fresca se suspendió en 1940, año en que se alcanzó la autosuficiencia y se inició la exportación (nunca hubo fiebre aftosa en Cuba). Desde los años cuarenta hasta 1958 el kilo de carne de res costó en promedio 51.5 centavos y el consumo anual era de 112.4 libras per cápita. En esa época los cubanos tenían la más alta ingesta de proteína en Latinoamérica, después de Argentina y Uruguay; más del 80% de la ganadería era de ciudadanos cubanos. En 1960, con libreta de racionamiento, las tiendas del Estado castrista vendían anualmente, per cápita, un tercio de aquella cantidad (puerco y res, combinadas). En 1958, el consumo anual de arroz, por persona, básico en la dieta cubana, era altísimo: 110 libras, diez veces el de Estados Unidos. A pesar de que la producción nacional era abundante y de buena calidad (cuarto productor del continente; hoy es el duodécimo, abajo de Bolivia, según datos de la FAO), había que importar arroz de Asia y de Latinoamérica frijol, maíz y otros granos. Pero Cuba tenía dinero para importar lo que necesitaba: la balanza comercial de Cuba fue positiva desde 1902 hasta 1957; con excepción de 1921. Pocos países en el mundo deben tener un récord similar. En cambio, en la Cuba castrista el crecimiento del volumen de las exportaciones fue, hasta finales del siglo XX, de los más bajos de Latinoamérica, abajo de Haití. Con todo y la notable diferencia en territorio y población, en 1958 México y Cuba tenían el mismo volumen de exportaciones; hacia el final del siglo XX las exportaciones mexicanas habían crecido 130 veces mientras las cubanas apenas se duplicaron. El estancamiento de las exportaciones cubanas es abismal. En 1958, solo Venezuela (por el petróleo) y Brasil tenían mayor volumen de exportaciones que Cuba. Ello explica que en 1958 Cuba tuviera la tercera mayor reserva internacional de divisas de Latinoamérica: 19 mil millones de dólares, a precios actuales. Explicablemente, en 1958 Cuba tenía el tercer ingreso anual per cápita (356 dólares), después de Uruguay (365) y Venezuela (857); México (263) estaba en octavo lugar (son datos de A study on Cuba, del Boletín Mensual de Estadísticas de Estados Unidos de 1961 y del FMI).",2026-02-01T22:28:47Z,2026-02-02T00:15:41Z,1,0,youtube,2026-04-05T13:39:32.877691
bHtI3lCm8wU,Economia y Desarrollo,¿Cómo FIDEL CASTRO acabó con la economía de CUBA?,es,Alta,UgzYFLekgQSCA2inD4N4AaABAg,,0,@_yk9ch9hw5q,"En 1958 Cuba tenía un sólido sistema de salud pública y alcanzó entonces el índice de mortalidad infantil más bajo de Latinoamérica (33.4 fallecimientos, durante el primer año de vida, por cada mil niños nacidos vivos); lejos, le seguía Argentina (61.1), y aún más lejos estaba Costa Rica (89.0), México (80.8) y Chile, en donde era altísimo: 126.8. No obstante, en 1990, Cuba, Costa Rica y Chile tenían prácticamente el mismo índice de mortalidad infantil: 15, 16 y 18, respectivamente. México seguía teniendo un alto índice: 41. Los datos para Cuba son del Anuario Estadístico de Cuba de 1974, y los demás de América en cifras, del Instituto Interamericano de Estadística, Washington, D.C. (IIE) y la ONU. Durante el periodo 1950-1954, en Cuba, la relación de un médico por cada mil habitantes también era la más alta de Latinoamérica. México tenía un médico por cada 2,400 habitantes, Cuba uno por cada 960. Son datos de la OMS; Cuba estaba por arriba de algunos países europeos como Inglaterra, Francia, Suecia y España.",2026-02-01T22:28:07Z,2026-02-01T22:28:07Z,1,0,youtube,2026-04-05T13:39:32.877694
bHtI3lCm8wU,Economia y Desarrollo,¿Cómo FIDEL CASTRO acabó con la economía de CUBA?,es,Alta,UgwfCBXzVunuTA0rMON4AaABAg,,0,@_yk9ch9hw5q,"Los datos en salud y educación de Cuba, para el periodo que va de los años cuarenta a 1958, son congruentes: en Cuba los estudios del área de la salud siempre tuvieron muy alta población estudiantil: en 1934 el 75% de todos los graduados universitarios egresaron de esa área: médicos, odontólogos, enfermeras, parteras, farmacéuticos; en 1943 fueron el 50%, pues creció la matrícula en otras áreas. El siguiente índice lo ocuparon los pedagogos y luego los abogados. La seguridad social en Cuba, desde los años cuarenta, aunque no universal todavía, muy probablemente era la mejor de Latinoamérica: en 1958 el 90% de los trabajadores gozaba de seguridad social.",2026-02-01T22:27:40Z,2026-02-01T22:27:40Z,1,0,youtube,2026-04-05T13:39:32.877697
bHtI3lCm8wU,Economia y Desarrollo,¿Cómo FIDEL CASTRO acabó con la economía de CUBA?,es,Alta,Ugya3FWf9wNcIDaweb54AaABAg,,0,@_yk9ch9hw5q,"Desde los primeros años cuarenta y hasta 1958, en Cuba, el presupuesto anual de egresos dedicado a la educación fue superior al 20% del total. En 1958 fue el más alto de Latinoamérica: 23% (sin incluir la construcción de escuelas). Le seguía Argentina con 19.6% y luego Costa Rica con el 20%; México dedicó el 14% de su presupuesto a la educación (según datos históricos de Ministerio de Hacienda de Cuba, el IIE y la UNESCO). En 1958 Cuba tenía una universidad por cada 750 mil habitantes; México, veinte años después, en 1978, tenía una por cada millón 700 mil habitantes. La proporción es abrumadora. El número de bibliotecas que tenía Cuba en 1958 solo era superado por Argentina y Brasil.",2026-02-01T22:27:19Z,2026-02-01T22:27:19Z,1,0,youtube,2026-04-05T13:39:32.877700
bHtI3lCm8wU,Economia y Desarrollo,¿Cómo FIDEL CASTRO acabó con la economía de CUBA?,es,Alta,UgzPZ1tXnPYR9N10NQ54AaABAg,,0,@_yk9ch9hw5q,"El prestigio de la medicina y la educación cubana tiene profundas raíces en la primera mitad del siglo XX, no es producto del comunismo castrista. La tan publicitada campaña alfabetizadora de 1961, que encubrió otros fines, duró solo ese año porque no hacía falta: en 1958 había en Cuba más escuelas primarias rurales que urbanas: 4,889 y 2,678, respectivamente. “El gran avance de la medicina cubana comunista”, así como la alfabetización, fueron más un falaz montaje publicitario que realizaciones concretas: ya estaba hecho casi todo. Lejos de reconocer en su justa proporción los avances anteriores, Castro difundió falsedades estadísticas desde el primer día, como el mito del “40% de analfabetismo en 1959”. El régimen castrista cosechó y publicitó, ad nauseam, lo que otras generaciones de cubanos habían sembrado mucho antes que él. No obstante, se adjudicó la autoría. Y luego dilapidó el patrimonio. Un nieto del Che Guevara, Canek Sánchez Guevara, estudiante de diseño en la Universidad de La Habana, le hizo a Andrés Oppenheimer (Reforma, 15/XII/2008) un buen resumen de las condiciones de la educación en 1991: “No hay papel, ni lápices, ni interés de parte de los profesores en hacer nada. Y si te gradúas no hay trabajo. Aquí no hay futuro.” Hoy Canek vive en Oaxaca, alejado de los reflectores.",2026-02-01T22:26:46Z,2026-02-01T22:26:46Z,1,0,youtube,2026-04-05T13:39:32.877702
bHtI3lCm8wU,Economia y Desarrollo,¿Cómo FIDEL CASTRO acabó con la economía de CUBA?,es,Alta,UgyL0c8N26zjNevqte14AaABAg,,0,@JesusMejia-il3vx,"Cuba ya sufría de pobreza rural; 60% de los campesinos vivía en bohíos sin agua ni letrinas, 85% al 100% de analfabetismo funcional o total en zonas rurales, un campesino no era dueño de la tierra, vivían bajo amenaza de despojo. Los obreros agrícolas no tenían ni 25 centavos diarios para vivir. Esto fue lo que Fidel violentó para volver al pueblo más miserable, No hay nación que soporte un régimen socialista.  socialista termina por pudrir la nación. Volteen a ver nicaragua venezuela y para dónde va México",2026-02-01T20:25:06Z,2026-02-01T20:25:06Z,0,0,youtube,2026-04-05T13:39:32.877707
bHtI3lCm8wU,Economia y Desarrollo,¿Cómo FIDEL CASTRO acabó con la economía de CUBA?,es,Alta,UgxKsEBEV_wc28Ezk6h4AaABAg,,0,@_yk9ch9hw5q,"Que bueno que casi todos los videos sobre Cuba, la gran mayoría de los youtubers, videoastas, influencers y documentalistas adentro y fuera de Cuba no se prestan a repetir las mentiras castristas (y repetidas por sus cotorras de otros países) culpando a terceros países de la miseria, destrucción y falta de libertades de Cuba y su pueblo, y se solidarizan con el cubano de a pie y muestran sin margen de duda, cómo el tirano Fidel Castro fue el causante de la destrucción, miseria y falta de libertades que padecen los cubanos bajo la bota comunista. Los cubanos tienen deseos de decir lo que piensan a cualquiera que les entreviste, porque durante los tiempos en vida del tirano Fidel Castro se les obligó a simular apoyarle y a mentir. Todavía algunos lo hacen, pero son los menos. Ni siquiera la represiva Ley Mordaza que recién acaba de aprobar la tiranía castrista, ya logra amedrentar a los cubanos, y cada vez se sueltan mas a decirle a los extranjeros las realidades que ellos viven. por eso ahora hay tantos youtubers cubanos que desde adentro de Cuba, y sin miedo y pese a la represión a la que son sometidos, cuentan al mundo la realidad del cubano de a pie, no las mentiras castristas que antaño era lo único que el mundo conocía por fuentes oficiales del régimen cubano",2026-02-01T20:01:34Z,2026-02-01T20:01:34Z,1,0,youtube,2026-04-05T13:39:32.877710
bHtI3lCm8wU,Economia y Desarrollo,¿Cómo FIDEL CASTRO acabó con la economía de CUBA?,es,Alta,UgxFYMsx-hnOsjAuqQt4AaABAg,,0,@_yk9ch9hw5q,"La tiranía castrista siempre ha usado una campaña sucia sin parar contra todo el que se le opone. Y además, vendiendo mentiras. Por eso hay que liberarse de ella.",2026-02-01T20:00:58Z,2026-02-01T20:00:58Z,1,0,youtube,2026-04-05T13:39:32.877712
bHtI3lCm8wU,Economia y Desarrollo,¿Cómo FIDEL CASTRO acabó con la economía de CUBA?,es,Alta,UgwoHEkOhn3pS0Hf2m14AaABAg,,0,@NapolesSanchez-z8s,"66. Años
Campaña sucia  sin parar",2026-02-01T16:19:41Z,2026-02-01T16:19:41Z,0,0,youtube,2026-04-05T13:39:32.877716
bHtI3lCm8wU,Economia y Desarrollo,¿Cómo FIDEL CASTRO acabó con la economía de CUBA?,es,Alta,Ugzgrg_MsUaZdFr__RV4AaABAg,,0,@_yk9ch9hw5q,El tirano Fidel Castro destruyó las fuentes de alimentación de los cubanos: los sectores agropecuario y de la pesca. por eso la hambruna de hoy.,2026-02-01T03:12:46Z,2026-02-01T03:12:46Z,1,0,youtube,2026-04-05T13:39:32.877718
bHtI3lCm8wU,Economia y Desarrollo,¿Cómo FIDEL CASTRO acabó con la economía de CUBA?,es,Alta,UgxSdG0AgfQZLc4MKst4AaABAg,,0,@emanuelsisnero5565,4:58  a final x su propi culpa estan como estan.😮,2026-02-01T01:51:18Z,2026-02-01T01:51:18Z,0,0,youtube,2026-04-05T13:39:32.877722
bHtI3lCm8wU,Economia y Desarrollo,¿Cómo FIDEL CASTRO acabó con la economía de CUBA?,es,Alta,Ugxa6qQ0Dg4Y5iAP7iB4AaABAg,,0,@joga6925,"El Dictador y tirano que destruyó a Cuba y empobrecio a sus ciudadanos. Fidel Castro, por no reconocer su fracasó, culpó  a los EE. UU,, mientras el se enriquecía on sus secuaces.",2026-01-31T19:32:05Z,2026-01-31T19:35:30Z,0,0,youtube,2026-04-05T13:39:32.877725
bHtI3lCm8wU,Economia y Desarrollo,¿Cómo FIDEL CASTRO acabó con la economía de CUBA?,es,Alta,UgxiulTFf_dl3tOpnyV4AaABAg,,0,@alejandrovelas641,"Ingenuos,cínicos, alineados o simplemente voltean para otro lado. Hoy Trump los desengaña, lucha contra el comunismo al atacar Venezuela, NO. Se los dijo, es el petróleo. Cuba nacionaliza su riqueza y es el imperio que no puede permitir que una nación socialista prospere, ¿por qué? simple, afecta a sus intereses económicos. Eso es lo que se le perdió a EU en Cuba, esa es al razón de su bloqueo más brutal contra alguna nación. Y viene los letrados, los hipócritas, los alineados a vociferar: ¡ aléjense del comunismo, el comunismo mata! Patéticos.",2026-01-30T13:37:09Z,2026-01-30T13:37:09Z,0,0,youtube,2026-04-05T13:39:32.877728
bHtI3lCm8wU,Economia y Desarrollo,¿Cómo FIDEL CASTRO acabó con la economía de CUBA?,es,Alta,UgzRbDbxwVoMp0RF__J4AaABAg,,0,@_yk9ch9hw5q,"La década de 1960 y principios de la de 1970 fue una época de numerosos errores destructivos por parte del régimen castrista en Cuba, debido al voluntarismo y los caprichos de última hora del tirano Fidel Castro (cuyas decisiones y órdenes nadie se atrevía a cuestionar porque sabían lo que les sucedería). Aunque nombró todos sus errores y caprichos (algo que se agradece, ya que pueden mostrarse a las futuras generaciones en la enseñanza de la historia de la Cuba castrista), es difícil distinguir el efecto de cada uno por separado. No hemos olvidado (la peor de todas las decisiones): la llamada ""zafra de los diez millones de toneladas"" que paralizó toda la economía cubana. Pero estrechamente vinculado a ello estaba el ""Cinturón de La Habana"", los planes de genética ganadera (¿quién no recuerda que el tirano quería crear en Cuba el ganado que más leche y carne producía, dando origen a las razas F1, F2, etc.?) para una industria ganadera que, para producir leche, vio cómo se le quitaba el aire acondicionado a oficinas, centros de trabajo y escuelas en La Habana, dejando a los trabajadores de la isla en un calor insoportable. ¿O quién no recuerda la eliminación de la contabilidad interempresarial y, por ende, de la licenciatura en contabilidad en las universidades, así como la eliminación de los pagos y cobros interempresariales? ¿O los infames y represivos campos de concentración de las UMAP, donde todo aquel que aparentara (aunque no lo fuera) homosexual, tuviera creencias religiosas, escuchara música inglesa, usara pantalones ajustados (en el caso de los hombres) o tuviera el pelo largo era encarcelado para realizar trabajos forzados en la agricultura cubana? O la ""parametrización"" que destruyó a tantos artistas e intelectuales durante el (llamado) ""quinquenio gris"", y una de las decisiones más destructivas del tirano Fidel Castro, la eufemísticamente llamada ""ofensiva revolucionaria"" (ofensiva revolucionaria-ladrona) que eliminó los pequeños negocios y destruyó las microempresas en Cuba, dejando un enorme vacío en el comercio y los servicios básicos para la población, cuyas consecuencias aún se sienten hoy. Y solo hablamos de la situación interna, porque externamente despilfarraba recursos, fomentando y entrenando guerrillas y grupos subversivos en Latinoamérica desde Cuba, e iniciando su participación en guerras en África, que consumieron gran parte de los recursos de Cuba. Lo peor es que en el 99% de las cosas que mencioné, fracasó, y solo sirvieron para acumular la destrucción causada por el tirano Fidel Castro a Cuba.",2026-01-27T11:01:31Z,2026-01-27T11:01:31Z,1,0,youtube,2026-04-05T13:39:32.877731
bHtI3lCm8wU,Economia y Desarrollo,¿Cómo FIDEL CASTRO acabó con la economía de CUBA?,es,Alta,UgxM2n5iq6O4e8PXXLR4AaABAg,,0,@_yk9ch9hw5q,"The narrative of the Castro regime, constantly repeated by its foreign henchmen to portray themselves as victims and avoid taking responsibility for the destruction of Cuba by the tyrant Fidel Castro, is to blame others for the destruction he himself caused. Cubans, having lived through it, know this well, but this discourse is working less and less for them, because Cuba's economic history since 1959 is blowing up in their faces.",2026-01-27T10:59:02Z,2026-01-27T10:59:02Z,1,0,youtube,2026-04-05T13:39:32.877733
bHtI3lCm8wU,Economia y Desarrollo,¿Cómo FIDEL CASTRO acabó con la economía de CUBA?,es,Alta,Ugz4j_1s8rnzqRPC5v54AaABAg,,0,@NewfsGoneWild,Same US narative blame the the Victim cuba and the people of Cuba. Sanctions have destroyed Cuba,2026-01-27T06:50:11Z,2026-01-27T06:50:11Z,1,0,youtube,2026-04-05T13:39:33.832719
bHtI3lCm8wU,Economia y Desarrollo,¿Cómo FIDEL CASTRO acabó con la economía de CUBA?,es,Alta,Ugyme1tADMq6sGIKGO54AaABAg,,0,@_yk9ch9hw5q,"On the streets of Cuba, the narrative of the much-touted blockade has been progressively crumbling as the erratic direction of the country has become evident, recognizable in the implementation of failed economic policies that have left an extremely high human and material cost, ceding all the prominence to political and administrative corruption as the fundamental cause of Cuba's downfall, from which not even the Castro family is exempt. The US embargo is a victimhood pretext used to portray the country to the international community. For the vast majority of Cubans, the problem is purely domestic: the entire island's government is corrupt. Within the Castro regime, it's a free-for-all; if you don't kill the cow, you grab its leg. Cuba is a rotting corpse.",2026-01-24T18:11:48Z,2026-01-24T18:11:48Z,1,0,youtube,2026-04-05T13:39:33.832731
bHtI3lCm8wU,Economia y Desarrollo,¿Cómo FIDEL CASTRO acabó con la economía de CUBA?,es,Alta,UgwHjUgH0ROkAfqHEdF4AaABAg,,0,@vickymensah9453,"You mean how America destroyed  it. It's your way, or know way...",2026-01-24T14:08:49Z,2026-01-24T14:08:49Z,0,0,youtube,2026-04-05T13:39:33.832734
bHtI3lCm8wU,Economia y Desarrollo,¿Cómo FIDEL CASTRO acabó con la economía de CUBA?,es,Alta,UgwEIigMhdyxTDdlOxV4AaABAg,,0,@WILSONPAZ-p7t,"ESTO MUESTRA QUE ASÍ LA GRAN MAYORÍA PERTENECEMOS A LAS CLASES BAJAS ,EL MEJOR SISTEMA ES EL CAPITALISMO DONDE SI TIENES VOLUNTAD PUEDES PROGRESAR Y ASI TODO UN PAIS.",2026-01-22T12:44:46Z,2026-01-22T12:44:46Z,0,0,youtube,2026-04-05T13:39:33.832737
bHtI3lCm8wU,Economia y Desarrollo,¿Cómo FIDEL CASTRO acabó con la economía de CUBA?,es,Alta,UgzQEOfmPLw-dwqqILF4AaABAg,,0,@victorsanchez-mf8tr,"inútiles, inútiles, más que le protejan los partidos políticos populistas europeos, que se vengan a vivir a estos paises en la que sus ciudadanos sufren las consecuencias del socialismo populista comunista, ¡venga! veniros y disfrutar de larevolución oño",2026-01-21T21:28:29Z,2026-01-21T21:28:29Z,0,0,youtube,2026-04-05T13:39:33.832740
bHtI3lCm8wU,Economia y Desarrollo,¿Cómo FIDEL CASTRO acabó con la economía de CUBA?,es,Alta,Ugylil9o6nT2l1sOeB14AaABAg,,0,@_yk9ch9hw5q,"Cuba tenía en 1958 el doble de renta que España, ahora está alnivel de Honduras. El tirano Fidel Castro haitianizó a Cuba.",2026-01-21T12:48:25Z,2026-01-21T12:48:25Z,1,0,youtube,2026-04-05T13:39:33.832742
bHtI3lCm8wU,Economia y Desarrollo,¿Cómo FIDEL CASTRO acabó con la economía de CUBA?,es,Alta,Ugxx_eoCbiV1ibUWJB94AaABAg,,0,@_yk9ch9hw5q,"Castro destruyó no solo la industria azucarera con la fracasada zafra de los Diez Millones de los años sesenta, donde no pensaba liberar a Cuba de la producción de azúcar sino lograr la zafra mas grande de la historia, para lo cual destruyó todo el sector agropecuario (igual que el de la pesca) al querer llenar a Cuba de caña por todos lados, por eso en Cuba escasea la comida (hasta hoy) pues luego de esa zafra los campos se convirtieron en inmensos marabuzales, y ahora deben importar el pollo de los EEUU. Casi todo lo hizo mal, no hay mucho positivo que rescatar de su gobierno, porque además, le quitó las libertades a los cubanos, que viven sometidos bajo el yugo de una tiranía, peor que la de antes de 1959. Pero parece que los compañeris camaradis no saben lo que fue la desastrosa ""zafra de los diez millones"" que dejó a Cuba sin comida además de desbaratar los centrales azucareros y desarticular toda la economía. (¿le echará la culpa de eso al ""imperio""?). Cuba parasitó a costa de la exURSS vendiéndole caro el azúcar de caña y comprándole barato su petróleo, pero el muy parásito destructor Fidel Castro defendía eso diciendo que se trataba de un ""comercio justo"", lo cual le proporcionaba un multimillonario subsidio que despilfarró en promover terrorismo en América Latina, en participar en guerras en África y en hacr generosas donaciones a países del Tercer Mundo buscando megalomaniacamente que le vieran como un mesías, algo en lo cual al final fracasó y cuyas consecuencias económicas hoy paga el pueblo de Cuba",2026-01-21T04:32:26Z,2026-01-21T04:32:26Z,1,0,youtube,2026-04-05T13:39:33.832745
bHtI3lCm8wU,Economia y Desarrollo,¿Cómo FIDEL CASTRO acabó con la economía de CUBA?,es,Alta,Ugy0oouRocWy-ByahN94AaABAg,,0,@machinepunks15,"A estados unidos no le conviene económias comunistas, estados unidos no los deja evolucionar.",2026-01-20T21:12:24Z,2026-01-20T21:12:24Z,0,0,youtube,2026-04-05T13:39:33.832747
bHtI3lCm8wU,Economia y Desarrollo,¿Cómo FIDEL CASTRO acabó con la economía de CUBA?,es,Alta,Ugxs_3Kk6VwnaHrvGDV4AaABAg,,0,@_yk9ch9hw5q,"Fanático castrista extranjero: En Cuba ninguna persona se acuesta con hambre
Cubano de a pie en Cuba: compañero, que yo no he comido nada hoy
Fanático castrista extranjero: pues no se vaya a dormir",2026-01-19T22:19:19Z,2026-01-19T22:19:19Z,2,0,youtube,2026-04-05T13:39:33.832750
bHtI3lCm8wU,Economia y Desarrollo,¿Cómo FIDEL CASTRO acabó con la economía de CUBA?,es,Alta,Ugx8BPXpCpxU-KtTtBd4AaABAg,,0,@_yk9ch9hw5q,"No sólo acabó con la economía, sino con casi todos los campos de la vida nacional. El sistema educativo bajo la tiranía castrista está por el suelo, porque se le dio mas relevancia al adoctrinamiento de los cubanos en las instituciones educativas, que a aumentar su preparación cultural. Hoy en las escuelas de Cuba se forman semianalfabetos (solo hay que ver cómo escriben los cubanos en las redes, y cómo se expresan, lo que abunda es la “chusmería” y la vulgaridad en las relaciones humanas), pero eso sí, las consignas de la tiranía castrista desde que eres pionero te la hacen recitar de memoria. Pola r eso Cuba ya no produce escritores relevantes como antes de 1959, la tiranía castrista mató la cultura cubana a partir de las “palabras a los intelectuales"" del tirano Fidel Castro, del ""quinquenio gris"" y de la vergonzosa ""parametración"". El tener que recurrir a los “maestros emergentes” ante la salida en masa de muchos maestros de las escuelas por lo mal pagados que son, es la falta de nivel de instrucción que muestran las generaciones mas recientes de cubanos. Ya los tiempos de los “maestros normalistas”, símbolo de un gran nivel de enseñanza en la Cuba precastrista, quedaron como historia antigua. Ahora hasta kCAnel ha pedido que se enseñe ""decencia"" en las escuelas cubanas, algo que jamás había sido necesario antes de 1959, lo cual es una muestra de la decadencia moral de la sociedad cubana, especialmente de las nuevas generaciones.",2026-01-19T22:08:45Z,2026-01-19T22:08:45Z,1,0,youtube,2026-04-05T13:39:33.832753
bHtI3lCm8wU,Economia y Desarrollo,¿Cómo FIDEL CASTRO acabó con la economía de CUBA?,es,Alta,UgzCR-rxjwai5eKf4Ld4AaABAg,,0,@RafaelSchuldz,Cuba es una sanguijuela que vive de los de la unión Soviética y de Venezuela los cubanos son de la acera del frente 😂😂😂😂😂😂 así que los gringos no es interesa esa isla que solo sirve para atrasar el paso de los aviones para América,2026-01-19T21:33:27Z,2026-01-19T21:33:27Z,1,0,youtube,2026-04-05T13:39:33.832755
bHtI3lCm8wU,Economia y Desarrollo,¿Cómo FIDEL CASTRO acabó con la economía de CUBA?,es,Alta,UgzxXlqs0sFlZoylcex4AaABAg,,0,@_yk9ch9hw5q,"En 1962 tuvo lugar el suceso más destructivo para las universidades de Cuba, la llamada “Reforma Universitaria” impuesta por el tirano Fidel Castro antidemocráticamente. En esa lamentable “reforma”, quedó eliminada la autonomía universitaria en Cuba que fue era un logro obtenido antes de 1959 después de ser una de las demandas de luchas históricas del estudiantado universitario en la isla. Se le cedió el poder sobre las universidades del país al tirano Fidel Castro y su mafia, algo impensable que los estudiantes permitieran antes de 1959 con gobierno alguno de Cuba. Desde entonces, desapareció la libertad de cátedra y la libertad de expresión en las universidades, hasta que algún tiempo después el difunto tirano Fidel Castro (dueño ya de toda Cuba y sin oposición) estableció totalitariamente con toda claridad y desfachatadamente, el principio castrista de que “la universidad es para los revolucionarios” (y que tantas veces repitieran él y sus propagandistas), que eso en Cuba equivale a decir: la universidad es para los que son dóciles y sumisos al gobierno de la tiranía castrista.",2026-01-19T21:12:03Z,2026-01-19T21:12:03Z,1,0,youtube,2026-04-05T13:39:33.832757
bHtI3lCm8wU,Economia y Desarrollo,¿Cómo FIDEL CASTRO acabó con la economía de CUBA?,es,Alta,UgxwEe2Y7UbxkzppVZh4AaABAg,,0,@_yk9ch9hw5q,"“todo poder amplia y prolongadamente ejercido, degenera en casta. Con la casta, vienen los intereses, las altas posiciones, los miedos a perderlas, las intrigas para sostenerlas”, y “Todo el poder que iría adquiriendo la casta de funcionarios, ligados por la necesidad de mantenerse en una ocupación privilegiada y pingüe, lo iría perdiendo el pueblo que no tiene las mismas razones de complicidad en esperanza y provechos, para hacer frente a los funcionarios enlazados por intereses comunes. Como todas las necesidades públicas vendrían a ser satisfechas por el estado, adquirirían los funcionarios entonces la influencia enorme que naturalmente viene a los que distribuyen algún derecho o beneficio. El hombre que quiere ahora que el estado cuide de él para no tener que cuidar él de sí, tendría que trabajar entonces en la medida, por el tiempo y en la labor que pudiese el estado asignarle, puesto que a éste, sobre quien caerían todos los deberes, se darían naturalmente todas las facilidades necesarias para recabar los medios de cumplir aquéllas.” (José Martí, Obras Completas 9, pag. 34)",2026-01-19T21:10:09Z,2026-01-19T21:10:09Z,1,0,youtube,2026-04-05T13:39:33.832760
bHtI3lCm8wU,Economia y Desarrollo,¿Cómo FIDEL CASTRO acabó con la economía de CUBA?,es,Alta,UgxFPo76gZoafFhfE5x4AaABAg,,0,@AnelSerrano-j1w1v,Emigraron a estados unidos y estan peores porque tienen qué pagar altos impuestos,2026-01-19T20:21:29Z,2026-01-19T20:21:29Z,0,0,youtube,2026-04-05T13:39:33.832762
bHtI3lCm8wU,Economia y Desarrollo,¿Cómo FIDEL CASTRO acabó con la economía de CUBA?,es,Alta,UgxCChuHC22QZK4X7iR4AaABAg,,0,@AnelSerrano-j1w1v,Porque los gringos no quieren pagar lo requerido.. Impuso el embargo a cuba,2026-01-19T20:20:05Z,2026-01-19T20:20:05Z,0,0,youtube,2026-04-05T13:39:33.832764
bHtI3lCm8wU,Economia y Desarrollo,¿Cómo FIDEL CASTRO acabó con la economía de CUBA?,es,Alta,UgzMCx59DVrRzEyi8Kh4AaABAg,,0,@AnelSerrano-j1w1v,Es mas si los gringos no pagaban impuestos por las tierras,2026-01-19T20:18:37Z,2026-01-19T20:18:37Z,0,0,youtube,2026-04-05T13:39:33.832766
bHtI3lCm8wU,Economia y Desarrollo,¿Cómo FIDEL CASTRO acabó con la economía de CUBA?,es,Alta,UgxO55sS76pX0QD6cwl4AaABAg,,0,@AnelSerrano-j1w1v,Al que no le gusta estar donde esta es lobre de irse,2026-01-19T20:17:59Z,2026-01-19T20:17:59Z,0,1,youtube,2026-04-05T13:39:33.832768
bHtI3lCm8wU,Economia y Desarrollo,¿Cómo FIDEL CASTRO acabó con la economía de CUBA?,es,Alta,UgxO55sS76pX0QD6cwl4AaABAg.ASAe83AKWRSASAkAVGy0kI,UgxO55sS76pX0QD6cwl4AaABAg,1,@_yk9ch9hw5q,"si, como tu, vete a Cuba a vivir jajajajajaja",2026-01-19T21:10:45Z,2026-01-19T21:10:45Z,0,0,youtube,2026-04-05T13:39:33.832775
bHtI3lCm8wU,Economia y Desarrollo,¿Cómo FIDEL CASTRO acabó con la economía de CUBA?,es,Alta,UgzVu6IByX6ZmY65LEN4AaABAg,,0,@_yk9ch9hw5q,"¿Por qué la mentira de las supuestas culpas del cacareado imaginario ""bloqueo"" (o sanciones, como a veces le dicen) no se venden entre la inmensa mayoría de la gente del mundo, excepto entre el wokerío zurdirojete procastrista y los gringofóbicos paranoicos? Porque vaya que la tiranía castrista ha dado orden a sus esbirros de repetirla para intentar convertirla en un tipo de mentira goebbeliana, pero no les ha funcionado. Con simple historia que narremos los que hemos vivido bajo la bota castrista en Cuba, se les desbarata. Y como si fuera poco, los cubanos en la isla nunca culpan a los EEUU por su miseria. Además, esos mismos que culpan a los EEUU evitan hablar sobre el despilfarro del tirano Fidel Castro de los multimillonarios recursos que durante tres décadas recibió de la exURSS y con los cuales cualquier país del tamaño de Cuba se hubiera desarrollado, o evitan hablar del comercio que tiene Cuba con otros países (excepto que digan que Rusia y China participan de ese “bloqueo”, y sin contar que ahora Cuba pertenece a los BRICS con los cuales puede comerciar.",2026-01-19T19:59:04Z,2026-01-19T19:59:04Z,1,0,youtube,2026-04-05T13:39:33.832778
bHtI3lCm8wU,Economia y Desarrollo,¿Cómo FIDEL CASTRO acabó con la economía de CUBA?,es,Alta,UgzmQEwWXIesSyj8jvp4AaABAg,,0,@Armandomurilll,Los 60 años de blokeo es el unico culpable,2026-01-19T18:07:17Z,2026-01-19T18:07:17Z,0,0,youtube,2026-04-05T13:39:33.832781
bHtI3lCm8wU,Economia y Desarrollo,¿Cómo FIDEL CASTRO acabó con la economía de CUBA?,es,Alta,UgxkxjhDfTwKvlBM4xJ4AaABAg,,0,@JuanCota-x4p4p,cómo destruyó Fidel Castro a Cuba? precisamente como AMLO va a destruir a México . ojo pueblo mexicano.,2026-01-19T14:30:59Z,2026-01-19T14:30:59Z,0,0,youtube,2026-04-05T13:39:33.832783
bHtI3lCm8wU,Economia y Desarrollo,¿Cómo FIDEL CASTRO acabó con la economía de CUBA?,es,Alta,UgxGvKZWK3aqctFvkpR4AaABAg,,0,@gudeliacaballerorosales2127,Es necesario  que  se cambie de gobierno  a un tipo de gobierno  capitalista socialista similar al modelo  que planteoʻ Victor Raúl  Haya de la Torre.,2026-01-19T13:07:05Z,2026-01-19T13:07:05Z,0,0,youtube,2026-04-05T13:39:33.832786
bHtI3lCm8wU,Economia y Desarrollo,¿Cómo FIDEL CASTRO acabó con la economía de CUBA?,es,Alta,Ugwz7aRQGdqysaUSI6p4AaABAg,,0,@_yk9ch9hw5q,El castrocmunismo ha sido el régimen mas destructivo y represivo que han padecido los cubanos,2026-01-18T23:49:01Z,2026-01-18T23:49:01Z,1,0,youtube,2026-04-05T13:39:33.832790
bHtI3lCm8wU,Economia y Desarrollo,¿Cómo FIDEL CASTRO acabó con la economía de CUBA?,es,Alta,Ugw-Zs1KfVnXFmo6BcJ4AaABAg,,0,@elcomentar9059,El Comunismo es un tipo de Delincuencia disfrazado de política. Es el diablo disfrazado de político. Lo dice y avala la historia....😑,2026-01-18T19:16:59Z,2026-01-18T19:16:59Z,0,0,youtube,2026-04-05T13:39:33.832793
bHtI3lCm8wU,Economia y Desarrollo,¿Cómo FIDEL CASTRO acabó con la economía de CUBA?,es,Alta,UgwXa6H3a7-VvuEdQoB4AaABAg,,0,@_yk9ch9hw5q,"Convertir a Venezuela en una neocolonia castrista fue lo peor que les pudo ocurrir a ese país, la tiranía castrista lo hizo colapsar y lo arruinó igual que a Cuba, lo otro lo hizo la enorme corrupción chavista, hasta las hijas de Chávez se convirtieron en millonarias. No solo el tirano Fidel Castro legó una Cuba en ruinas, sino que ayudó a desbaratar todo país al que se le acercó para parasitar, llámese URSS o Venezuela",2026-01-18T11:58:16Z,2026-01-18T11:58:16Z,1,0,youtube,2026-04-05T13:39:33.832795
bHtI3lCm8wU,Economia y Desarrollo,¿Cómo FIDEL CASTRO acabó con la economía de CUBA?,es,Alta,UgyqVYcdzf5HQ2uo4tx4AaABAg,,0,@JOEL00111,Fidel was a CIA agent the whole time. Appointed to destroy cuba from within!,2026-01-17T20:35:08Z,2026-01-17T20:35:08Z,0,0,youtube,2026-04-05T13:39:33.832797
bHtI3lCm8wU,Economia y Desarrollo,¿Cómo FIDEL CASTRO acabó con la economía de CUBA?,es,Alta,UgwOrLS35GYLu_3CV_h4AaABAg,,0,@a.b.g.8490,Estas cosas no ocurrian durante el vireinado!,2026-01-17T09:19:23Z,2026-01-17T09:19:23Z,0,0,youtube,2026-04-05T13:39:33.832799
bHtI3lCm8wU,Economia y Desarrollo,¿Cómo FIDEL CASTRO acabó con la economía de CUBA?,es,Alta,UgwPawzZQw8tquIQsrJ4AaABAg,,0,@_yk9ch9hw5q,"Para sobrevivir desde que desbarató la economía cubana, su tiranía se dedicó a vender servicios de mercenarios a Rusia y a Venezuela",2026-01-17T04:12:42Z,2026-01-17T04:12:42Z,1,0,youtube,2026-04-05T13:39:33.832801
bHtI3lCm8wU,Economia y Desarrollo,¿Cómo FIDEL CASTRO acabó con la economía de CUBA?,es,Alta,Ugz-jV0YbWZxFmH-qFh4AaABAg,,0,@_yk9ch9hw5q,"Hay que convertir el actual mediocre embargo en un verdadero bloqueo contra la tiranía castrista, para que ella y sus esbirros extranjeros tengan verdaderos motivos para andar de llorones en toda la web",2026-01-16T22:37:00Z,2026-01-16T22:37:00Z,1,0,youtube,2026-04-05T13:39:33.832803
bHtI3lCm8wU,Economia y Desarrollo,¿Cómo FIDEL CASTRO acabó con la economía de CUBA?,es,Alta,UgxXbG5BI1vDighdUMR4AaABAg,,0,@_yk9ch9hw5q,"Donald Trump, el indiscutible líder del mundo en estos momentos, Presidente de la Libertad en las Américas....María Corina Machado, la indiscutible líder del pueblo de Venezuela en estos momentos, que cuando caiga completamente la tiranía castrochavista de ese país, dirigirá los destinos de la nueva Venezuela libre",2026-01-16T22:35:36Z,2026-01-16T22:35:36Z,1,0,youtube,2026-04-05T13:39:33.832807
bHtI3lCm8wU,Economia y Desarrollo,¿Cómo FIDEL CASTRO acabó con la economía de CUBA?,es,Alta,UgxV05OFzNa9y3W5lPt4AaABAg,,0,@Luyggi-xs8vm,Usa y su bloqueo es el culpable. todo el mundo lo sabe. lo mismo le hicieron a Chávez. el que no se arrodilla . lo aislan en la miseria . 🤘😉,2026-01-16T21:46:50Z,2026-01-16T21:46:50Z,0,0,youtube,2026-04-05T13:39:33.832809
bHtI3lCm8wU,Economia y Desarrollo,¿Cómo FIDEL CASTRO acabó con la economía de CUBA?,es,Alta,UgwCJpZt8w-l8yE9I6N4AaABAg,,0,@Pepe-b6b9q,Cuba estaba mal y quedo peor.,2026-01-16T20:03:41Z,2026-01-16T20:03:41Z,0,0,youtube,2026-04-05T13:39:33.832811
bHtI3lCm8wU,Economia y Desarrollo,¿Cómo FIDEL CASTRO acabó con la economía de CUBA?,es,Alta,UgygzaZHfle6SAyL4vd4AaABAg,,0,@_yk9ch9hw5q,"Hubiera sido mejor haber seguido con Batista, que hoy parece un niño de pecho al lado del destrozo que hizo Fidel Castro del país, por eso la inmensa mayoría de la gente hoy lamenta ese cambio con la mal llamada ""revolución"" que mas bien ha sido INVOLUCIÓN",2026-01-16T06:14:33Z,2026-01-16T06:14:33Z,1,0,youtube,2026-04-05T13:39:33.832814
bHtI3lCm8wU,Economia y Desarrollo,¿Cómo FIDEL CASTRO acabó con la economía de CUBA?,es,Alta,Ugys_T9RG8syEf8COLF4AaABAg,,0,@_yk9ch9hw5q,"Es imperdonable que este tirano, el peor que ha tenido Cuba en su historia, haya pulverizado a la nación cubana, no solo a su economía, sino cosas mas importantes como las libertades de un pueblo, a las familias cubanas y hasta el patriotismo de los cubanos, que ha desaparecido",2026-01-16T06:12:36Z,2026-01-16T06:12:36Z,0,0,youtube,2026-04-05T13:39:33.832817
bHtI3lCm8wU,Economia y Desarrollo,¿Cómo FIDEL CASTRO acabó con la economía de CUBA?,es,Alta,UgyEcBnnQApVlTKyJG54AaABAg,,0,@JorgeLuisPardo-d9i,Es el criminal  bloqueo economico y financiero yanqui  el origen del sufrimiento de las familias cubanas sometidas al hambre. Solo un imbecil puede obviar esta realidad,2026-01-16T02:58:38Z,2026-01-16T02:59:33Z,0,0,youtube,2026-04-05T13:39:33.832819
bHtI3lCm8wU,Economia y Desarrollo,¿Cómo FIDEL CASTRO acabó con la economía de CUBA?,es,Alta,UgyAkxca0UNuXwzRhjp4AaABAg,,0,@Geremy-v4z,Resultó que Fidel castro era peor que Batista..,2026-01-15T16:19:49Z,2026-01-15T16:19:49Z,0,0,youtube,2026-04-05T13:39:33.832821
bHtI3lCm8wU,Economia y Desarrollo,¿Cómo FIDEL CASTRO acabó con la economía de CUBA?,es,Alta,Ugx4O5Z6q68GPlgDovB4AaABAg,,0,@_yk9ch9hw5q,"mas bien acabó con toda la nación cubana, Cuba ha sufrido una destrucción que costará mucho su recuperación, destruyó antropológicamente al cubano",2026-01-14T21:52:00Z,2026-01-14T21:52:00Z,1,0,youtube,2026-04-05T13:39:33.832823
bHtI3lCm8wU,Economia y Desarrollo,¿Cómo FIDEL CASTRO acabó con la economía de CUBA?,es,Alta,Ugxa0Mzyf0fz6pmICS94AaABAg,,0,@amcomchiledesbloqueosimeid4289,eso es el socialismo quieren igualdas y al final a todos los dejan pobres como ratas esa es su igualdad y la elite politica vive como millonarios,2026-01-14T19:43:34Z,2026-01-14T19:43:34Z,0,0,youtube,2026-04-05T13:39:33.832826
bHtI3lCm8wU,Economia y Desarrollo,¿Cómo FIDEL CASTRO acabó con la economía de CUBA?,es,Alta,UgwpiVH2fq7_Wrg00rF4AaABAg,,0,@_yk9ch9hw5q,"En 1958 Cuba tenía un sólido sistema de salud pública y alcanzó entonces el índice de mortalidad infantil más bajo de Latinoamérica (33.4 fallecimientos, durante el primer año de vida, por cada mil niños nacidos vivos); lejos, le seguía Argentina (61.1), y aún más lejos estaba Costa Rica (89.0), México (80.8) y Chile, en donde era altísimo: 126.8. No obstante, en 1990, Cuba, Costa Rica y Chile tenían prácticamente el mismo índice de mortalidad infantil: 15, 16 y 18, respectivamente. México seguía teniendo un alto índice: 41. Los datos para Cuba son del Anuario Estadístico de Cuba de 1974, y los demás de América en cifras, del Instituto Interamericano de Estadística, Washington, D.C. (IIE) y la ONU. Durante el periodo 1950-1954, en Cuba, la relación de un médico por cada mil habitantes también era la más alta de Latinoamérica. México tenía un médico por cada 2,400 habitantes, Cuba uno por cada 960. Son datos de la OMS; Cuba estaba por arriba de algunos países europeos como Inglaterra, Francia, Suecia y España.
Los datos en salud y educación de Cuba, para el periodo que va de los años cuarenta a 1958, son congruentes: en Cuba los estudios del área de la salud siempre tuvieron muy alta población estudiantil: en 1934 el 75% de todos los graduados universitarios egresaron de esa área: médicos, odontólogos, enfermeras, parteras, farmacéuticos; en 1943 fueron el 50%, pues creció la matrícula en otras áreas. El siguiente índice lo ocuparon los pedagogos y luego los abogados. La seguridad social en Cuba, desde los años cuarenta, aunque no universal todavía, muy probablemente era la mejor de Latinoamérica: en 1958 el 90% de los trabajadores gozaba de seguridad social.
Desde los primeros años cuarenta y hasta 1958, en Cuba, el presupuesto anual de egresos dedicado a la educación fue superior al 20% del total. En 1958 fue el más alto de Latinoamérica: 23% (sin incluir la construcción de escuelas). Le seguía Argentina con 19.6% y luego Costa Rica con el 20%; México dedicó el 14% de su presupuesto a la educación (según datos históricos de Ministerio de Hacienda de Cuba, el IIE y la UNESCO). En 1958 Cuba tenía una universidad por cada 750 mil habitantes; México, veinte años después, en 1978, tenía una por cada millón 700 mil habitantes. La proporción es abrumadora. El número de bibliotecas que tenía Cuba en 1958 solo era superado por Argentina y Brasil.
El prestigio de la medicina y la educación cubana tiene profundas raíces en la primera mitad del siglo XX, no es producto del comunismo castrista. La tan publicitada campaña alfabetizadora de 1961, que encubrió otros fines, duró solo ese año porque no hacía falta: en 1958 había en Cuba más escuelas primarias rurales que urbanas: 4,889 y 2,678, respectivamente. “El gran avance de la medicina cubana comunista”, así como la alfabetización, fueron más un falaz montaje publicitario que realizaciones concretas: ya estaba hecho casi todo. Lejos de reconocer en su justa proporción los avances anteriores, Castro difundió falsedades estadísticas desde el primer día, como el mito del “40% de analfabetismo en 1959”. El régimen castrista cosechó y publicitó, ad nauseam, lo que otras generaciones de cubanos habían sembrado mucho antes que él. No obstante, se adjudicó la autoría. Y luego dilapidó el patrimonio. Un nieto del Che Guevara, Canek Sánchez Guevara, estudiante de diseño en la Universidad de La Habana, le hizo a Andrés Oppenheimer (Reforma, 15/XII/2008) un buen resumen de las condiciones de la educación en 1991: “No hay papel, ni lápices, ni interés de parte de los profesores en hacer nada. Y si te gradúas no hay trabajo. Aquí no hay futuro.” Hoy Canek vive en Oaxaca, alejado de los reflectores",2026-01-14T15:03:28Z,2026-01-14T15:04:49Z,1,0,youtube,2026-04-05T13:39:33.832828
bHtI3lCm8wU,Economia y Desarrollo,¿Cómo FIDEL CASTRO acabó con la economía de CUBA?,es,Alta,UgxJa8DWF-VJh2oZ6U94AaABAg,,0,@_yk9ch9hw5q,"Cuba, en 1958, el 62% de los ingenios azucareros eran propiedad de ciudadanos cubanos; el 37% de consorcios estadounidenses y el 1% restante, de españoles y franceses; y que la zafra de 1952 fue de más de 7 millones de toneladas de azúcar (en 2010 apenas alcanzó 1.1, se anunció en mayo). Durante los años cincuenta Cuba llegó a aportar el 21.37% de la producción mundial de azúcar con un territorio del tamaño de la península de Baja California. El comunista cubano Carlos Rafael Rodríguez le habría dicho que en salud, educación, transporte, telefonía, ferrocarriles, radio y TV, y por supuesto, en producción azucarera y tabacalera, Cuba era entonces y en casi todo, uno de los dos, a veces el tercero y a menudo el primer país de Latinoamérica, en esos rubros y algunos más. Cuba era autosuficiente en el consumo de azúcar, leche, café, tabaco, frutas tropicales y carne de res (desde 1940); y prácticamente autosuficiente en productos del mar, carne de cerdo, tubérculos, hortalizas, avícolas, huevo y producción de calzado. Cuando Fidel Castro se hizo del poder en Cuba había 6,325,000 cabezas de ganado, de las cuales 940,000 eran vacas lecheras (quinto productor de la región, según la ONU), para una población de seis millones; los datos son de 1961, publicados por el Instituto de la Reforma Agraria. Para el periodo 1986-1989, ellos mismos reportaron que la producción per cápita de carne vacuna había caído a la mitad respecto del nivel de 1958. El año 2000 es punto menos que desastroso: hay menos cabezas de ganado que en 1946: 4,110,200 –la cifra incluye el ganado lechero, si lo hay. Para una población 2.5 veces mayor. Las cifras son del Anuario Estadístico de Cuba, reportado por Óscar Espinosa Chepe (Cuba / Revolución o involución, Madrid, Aduana Vieja, 2007). El autor es economista, periodista independiente, ex funcionario del Banco Nacional de Cuba, ex diplomático; encarcelado en 2003. Todo indica que la mayor parte de la población vacuna ya pasó por las carnicerías: para 2010, al menos el 80% de los alimentos que se consumen en Cuba son importados, de Estados Unidos: pollo, maíz, trigo, soya y leche en polvo. Mientras los quince países de mayor producción lechera de Latinoamérica incrementaron su producción en 228% durante el periodo 1958-1996, la Cuba castrista aumentó su producción lechera en un 11%. A pesar de que en la Cuba castrista solo toman leche los menores de siete y los mayores de 65 años, es necesario importar leche. En 1958 Cuba también era autosuficiente en el consumo de leche evaporada y condensada. Es evidente que hoy hasta las vacas lecheras terminaron en la carnicería. Los autores de A study on Cuba (University of Miami, 1965) consignan que la importación de carne, proveniente de Canadá y Estados Unidos, inició en 1960, cuando, increíblemente, dicen los autores, se mandó a los mataderos a sementales, ante la inminente carestía. En cambio en la Cuba precastrista la importación de carne vacuna fresca se suspendió en 1940, año en que se alcanzó la autosuficiencia y se inició la exportación (nunca hubo fiebre aftosa en Cuba). Desde los años cuarenta hasta 1958 el kilo de carne de res costó en promedio 51.5 centavos y el consumo anual era de 112.4 libras per cápita. En esa época los cubanos tenían la más alta ingesta de proteína en Latinoamérica, después de Argentina y Uruguay; más del 80% de la ganadería era de ciudadanos cubanos. En 1960, con libreta de racionamiento, las tiendas del Estado castrista vendían anualmente, per cápita, un tercio de aquella cantidad (puerco y res, combinadas). En 1958, el consumo anual de arroz, por persona, básico en la dieta cubana, era altísimo: 110 libras, diez veces el de Estados Unidos. A pesar de que la producción nacional era abundante y de buena calidad (cuarto productor del continente; hoy es el duodécimo, abajo de Bolivia, según datos de la FAO), había que importar arroz de Asia y de Latinoamérica frijol, maíz y otros granos. Pero Cuba tenía dinero para importar lo que necesitaba: la balanza comercial de Cuba fue positiva desde 1902 hasta 1957; con excepción de 1921. Pocos países en el mundo deben tener un récord similar. En cambio, en la Cuba castrista el crecimiento del volumen de las exportaciones fue, hasta finales del siglo XX, de los más bajos de Latinoamérica, abajo de Haití. Con todo y la notable diferencia en territorio y población, en 1958 México y Cuba tenían el mismo volumen de exportaciones; hacia el final del siglo XX las exportaciones mexicanas habían crecido 130 veces mientras las cubanas apenas se duplicaron. El estancamiento de las exportaciones cubanas es abismal. En 1958, solo Venezuela (por el petróleo) y Brasil tenían mayor volumen de exportaciones que Cuba. Ello explica que en 1958 Cuba tuviera la tercera mayor reserva internacional de divisas de Latinoamérica: 19 mil millones de dólares, a precios actuales. Explicablemente, en 1958 Cuba tenía el tercer ingreso anual per cápita (356 dólares), después de Uruguay (365) y Venezuela (857); México (263) estaba en octavo lugar (son datos de A study on Cuba, del Boletín Mensual de Estadísticas de Estados Unidos de 1961 y del FMI).",2026-01-14T15:01:15Z,2026-01-14T15:01:15Z,1,0,youtube,2026-04-05T13:39:33.832830
bHtI3lCm8wU,Economia y Desarrollo,¿Cómo FIDEL CASTRO acabó con la economía de CUBA?,es,Alta,UgwAwjb4GAwo63gDpTh4AaABAg,,0,@_yk9ch9hw5q,"Cuando alguien del zurdirojerío extranjero procastrista fanático dice que hace 66 años en Cuba había pobreza, cuando alguien reclama que se publiquen fotos de los pobres de aquella época, no se me ocurre mejor reacción que pararlo frente a un espejo. ¿Crees que tú que el cubano de hoy es más rico que su abuelo, que vive mejor? Hagamos que el cubano se mire en el espejo del tiempo.
En la República, desde 1902 hasta 1959 los abuelos construyeron cientos de miles de viviendas. Dejaron decenas de barrios nuevos. En La Habana: La Víbora, Cerro, Vedado, Marianao, etc.... El cubano de hoy vive en la casa que construyó su abuelo y no tiene dinero ni para repararla. 
Las navidades hoy transcurren en Cuba oyendo los cuentos del abuelo de cómo hasta 1958, por muy pobre que fuera, iba a la bodega y compraba la cena de Navidad. (los más pobres incluso, a plazos)... Cuéntanos cómo fue la última Navidad del cubano de hoy (ya ni un miserable pollo garantiza racionadamente el gobierno). La bodega de la esquina... de cualquier esquina, estaba llena hasta el techo. Por ley de oferta y demanda, no podría ser así si no hubiera demanda. ¡Ah! Y la mayoría eran productos cubanos. 
Hoy el cubano tiene que mendigar dólares o euros a sus familiares que han emigrado para comprar lo básico en tiendas inventadas donde es imposible hacer un verdadero análisis de sus surtidos, en la ley de la oferta y la demanda. Su abuelo iba a la bodega y compraba con pesos y centavos cubanos un jugo de frutas o una champola. Dime ¿cuándo fue la última vez que un cubano de a pie probó una champola de la bodega? ¿Cuándo fue la última vez que compró un anón en la bodega? ¿Sabes lo que es un anón? Se cultivaban en Cuba antes que Castro destruyera los campos cubanos.
Hasta 1958 sus abuelos compraron autos del año. Hoy el cubano, mal reparas el auto del año que tu abuelo compró, porque no tienes dinero pa' comprarte uno, y todos son carros usados, viejos. 
El abuelo era tan pobre que compró el colchón a plazos. Hoy el cubano remienda el mismo colchón porque con su salario miserable tendría que dormir en el suelo. Además, no hay una colchonería en toda Cuba. 
Su abuelo era tan pobre que compró todos los muebles de la casa cuando se casó con la abuela. El cubano de hoy (junto a su esposa o novia)  no ganan para comprar una cama entre los dos y han dado otra mano de barniz a los muebles de la boda de tus abuelos. 
Las ciudades que dejó el abuelo estaban llenas de servicios, bares, restaurantes, calles, avenidas, acueductos. Con calles alumbradas, con anuncios lumínicos. Hoy el cubano vive en una gran villa miseria y solo puedes aspirar a ver una telenovela donde esas cosas se representen en escena. 
Los abuelos soñaban tener un empleo o poner un negocio o ganar la lotería para hacerse una casita en Cuba. Hoy el sueño de casi cada joven es irse de ese país arruinado y sin libertades. Pa donde quiera, da igual. Lo importante es irse de Cuba. 
Claro, siempre se puede romper el espejo y consolarse conque el abuelo era muy pobre e ignorar la pobreza propia de la mayoría de los cubanos de hoy. Da igual si Cuba era pobre o rica, si el abuelo era pobre o rico en 1958. Eso no va a cambiar la miserable vida de los cubanos en 2025.  De todas formas el sueño de emigrar del cubano, sigue en pie cada día",2026-01-14T14:49:22Z,2026-01-14T14:49:22Z,1,0,youtube,2026-04-05T13:39:33.832832
bHtI3lCm8wU,Economia y Desarrollo,¿Cómo FIDEL CASTRO acabó con la economía de CUBA?,es,Alta,Ugw_kYd0QxtGgMbRIRt4AaABAg,,0,@riccardobrandoni3562,"Antes de 1959 (año de la Revolución Cubana), Cuba era un país de marcados contrastes: por un lado, era una de las naciones más avanzadas y ricas de Latinoamérica, pero por otro, sufría una desigualdad social abismal, una corrupción rampante y una dependencia casi total de Estados Unidos.

A continuación, se presenta un panorama detallado de la situación económica y social en aquel momento:
1. Riqueza y primacía económica

En la década de 1950, Cuba distaba mucho de ser un país pobre para los estándares de la época. En muchos indicadores macroeconómicos, superaba a naciones europeas como España o Irlanda:
* PIB per cápita: Se encontraba entre los más altos de Latinoamérica (a menudo se la cita como tercera o cuarta después de Argentina y Uruguay).
* Servicios e infraestructura: La Habana era una metrópolis sumamente moderna, con más televisores per cápita que cualquier otra ciudad del mundo después de Estados Unidos. Cuba estaba a la vanguardia del transporte y las comunicaciones. * Salud y educación: El número de médicos per cápita era mayor que en muchos países desarrollados, y la tasa de alfabetización (alrededor del 76%) se encontraba entre las más altas del continente.
* Turismo y entretenimiento: La isla era el ""patio de recreo"" de los estadounidenses. Los hoteles de lujo, los casinos y los clubes nocturnos florecieron, impulsados ​​por las masivas inversiones estadounidenses y la presencia de la mafia (figuras como Lucky Luciano y Meyer Lansky).
2. ""Pobreza"" y desigualdad
Esta riqueza estaba distribuida de forma extremadamente desigual. Había, en efecto, ""dos cubos"":
* Ciudad vs. Campo: Si bien La Habana brillaba, la situación en las zonas rurales era desesperada. Solo el 1% de los hogares campesinos contaba con agua corriente y solo el 9% con electricidad.
* El ciclo azucarero: La economía dependía casi por completo de la caña de azúcar. Los jornaleros agrícolas (macheteros) trabajaban solo cuatro meses al año (durante la zafra) y vivían en la pobreza durante los ocho meses restantes, a menudo padeciendo hambre. * Analfabetismo rural: Si bien la educación era buena en las ciudades, en el campo más del 40% de la población era analfabeta.
* Propiedad de la tierra: Una pequeña élite de terratenientes y grandes empresas estadounidenses poseía la gran mayoría de las tierras fértiles, dejando a los pequeños agricultores sin medios de subsistencia.
3. Corrupción y el régimen de Batista
Bajo la dictadura de Fulgencio Batista (en el poder desde 1952), el gobierno se convirtió en sinónimo de corrupción.
* Infiltración mafiosa: La mafia dirigía el juego y la prostitución con la complicidad del gobierno.
* Explotación extranjera: Estados Unidos controlaba el 80% de los servicios públicos, el 90% de las minas y casi la mitad de la industria azucarera. Esta percepción de ""entrega"" del país alimentó un fuerte sentimiento nacionalista que favoreció el ascenso de Fidel Castro.
En resumen: Tabla comparativa (1958)
| Indicador | Situación en Cuba | Comparación internacional |
|---|---|---|
| Consumo calórico | Entre los más altos de la región | Tercero en Latinoamérica |
| Alfabetización | 76% | Cuarto en Latinoamérica |
| Mortalidad infantil | 32 por cada 1000 nacimientos | El más bajo de Latinoamérica |
| Distribución de la riqueza | Extremadamente desequilibrada | Entre los peores del período |
> Nota de contexto: Muchos historiadores definen la Cuba anterior a 1959 como una ""sociedad dual"": una creciente clase media urbana y una élite muy adinerada que vivía en un mundo moderno, en contraste con una masa rural que aún vivía en condiciones casi feudales.
>
¿Le interesa saber más sobre cómo la Reforma Agraria de 1959 cambió radicalmente esta estructura económica?",2026-01-14T10:58:33Z,2026-01-14T10:58:33Z,0,0,youtube,2026-04-05T13:39:33.832834
bHtI3lCm8wU,Economia y Desarrollo,¿Cómo FIDEL CASTRO acabó con la economía de CUBA?,es,Alta,Ugwofo97D4pCgMEs8Nx4AaABAg,,0,@_yk9ch9hw5q,"La mentira de las supuestas culpas de los EEUU, se estrellan por si solas en la pared cuando la historia económica de Cuba es documentada por los que participaron en esa destrucción o los que la sufrieron en carne propia, pero la tiranía castrista y sus esbirros extranjeros quieren repetirla gobbelianamente porque no les queda otro recurso para intentar echar un salvavidas al régimen cubano ante la opinión pública internacional, donde la inmensa mayoría del mundo no la ha comprado. El cubano de a pie, ni referencia a ese embargo hace.",2026-01-14T01:01:56Z,2026-01-14T01:01:56Z,1,0,youtube,2026-04-05T13:39:33.832836
bHtI3lCm8wU,Economia y Desarrollo,¿Cómo FIDEL CASTRO acabó con la economía de CUBA?,es,Alta,UgypBuEPboiicTv_kut4AaABAg,,0,@_yk9ch9hw5q,"Todo lo dicho es correcto, los cubanos que hemos vivido en Cuba casi toda nuestra vida, damos fe de ello. Es más, se queda corto, Lo bueno es que todos los disparates y antojos con lo que este tirano manejó los recursos y la economía de Cuba, él mimo le puso un nombre, para convertirlos en consignas movilizativas en cada momento, desde 1959, asi que está todo bien documentado y quedará como el fracaso de este tirano en la conducción económica de Cuba.",2026-01-14T00:58:19Z,2026-01-14T00:58:19Z,1,0,youtube,2026-04-05T13:39:33.832839
bHtI3lCm8wU,Economia y Desarrollo,¿Cómo FIDEL CASTRO acabó con la economía de CUBA?,es,Alta,UgytcpYvltkhFArVoA14AaABAg,,0,@joseantoniotorresmartinez7748,estas muy mal documentado! Deja de publicar esta basura por favor.,2026-01-13T23:10:34Z,2026-01-13T23:10:34Z,0,0,youtube,2026-04-05T13:39:33.832841
bHtI3lCm8wU,Economia y Desarrollo,¿Cómo FIDEL CASTRO acabó con la economía de CUBA?,es,Alta,UgyClwhDvYq8ZlKihWh4AaABAg,,0,@JobHernandez-ji5rs,Si una parte es culpa del gobernante por falta de estrategias y de ayudar al pueblo para poder sobresalir,2026-01-13T22:14:07Z,2026-01-13T22:14:07Z,0,0,youtube,2026-04-05T13:39:33.832843
bHtI3lCm8wU,Economia y Desarrollo,¿Cómo FIDEL CASTRO acabó con la economía de CUBA?,es,Alta,Ugxu5aHWw6GmYHrGor14AaABAg,,0,@JobHernandez-ji5rs,"No fue Fidel Castro fue Estados Unidos quien le gusta quebrar países, derrocar y finalmente tomarla así de simple",2026-01-13T22:12:00Z,2026-01-13T22:12:00Z,0,0,youtube,2026-04-05T13:39:33.832845
bHtI3lCm8wU,Economia y Desarrollo,¿Cómo FIDEL CASTRO acabó con la economía de CUBA?,es,Alta,UgwOwdSJAt2Jq45yzwt4AaABAg,,0,@_yk9ch9hw5q,"¿Por qué la mentira de las supuestas culpas del cacareado imaginario ""bloqueo"" (o sanciones, como a veces le dicen) no se venden entre la inmensa mayoría de la gente del mundo, excepto entre el wokerío zurdirojete procastrista y los gringofóbicos paranoicos? Porque vaya que la tiranía castrista ha dado orden a sus esbirros de repetirla para intentar convertirla en un tipo de mentira goebbeliana, pero no les ha funcionado. Con simple historia que narremos los que hemos vivido bajo la bota castrista en Cuba, se les desbarata. Y como si fuera poco, los cubanos en la isla nunca culpan a los EEUU por su miseria. Además, esos mismos que culpan a los EEUU evitan hablar sobre el despilfarro del tirano Fidel Castro de los multimillonarios recursos que durante tres décadas recibió de la exURSS y con los cuales cualquier país del tamaño de Cuba se hubiera desarrollado, o evitan hablar del comercio que tiene Cuba con otros países (excepto que digan que Rusia y China participan de ese “bloqueo”, y sin contar que ahora Cuba pertenece a los BRICS con los cuales puede comerciar.",2026-01-13T18:57:11Z,2026-01-13T18:57:11Z,1,0,youtube,2026-04-05T13:39:33.832847
bHtI3lCm8wU,Economia y Desarrollo,¿Cómo FIDEL CASTRO acabó con la economía de CUBA?,es,Alta,UgxOJSKAPCgjO1Tz0UZ4AaABAg,,0,@antoniogunino5170,"NO el Comandante FIDEL, solo hay un culpable del empobrecimiento de CUBA.
y es USA. Los piratas del Gobierno Yankee.",2026-01-13T16:21:26Z,2026-01-13T16:21:26Z,0,0,youtube,2026-04-05T13:39:33.832849
bHtI3lCm8wU,Economia y Desarrollo,¿Cómo FIDEL CASTRO acabó con la economía de CUBA?,es,Alta,Ugy3LiL-mxa6haJP6ON4AaABAg,,0,@_yk9ch9hw5q,"Cuba está en su peor momento económico de toda su historia por la destrucción causada por el tirano Fidel Castro, los que hemos vivido en Cuba casi toda nuestra vida bien lo sabemos. No solo destruyó la economía cubana, destruyó a toda la NACIÓN CUBANA",2026-01-12T02:27:36Z,2026-01-12T02:28:28Z,1,0,youtube,2026-04-05T13:39:33.832851
bHtI3lCm8wU,Economia y Desarrollo,¿Cómo FIDEL CASTRO acabó con la economía de CUBA?,es,Alta,UgxMzkRr3AKi48tmDM94AaABAg,,0,@Maribel-b6i,"Esto es pura mentira, el presidente Bukelle en una entrevista, resaltó el desarrollo qué tiene cuba el cual no la tiene ningún pais",2026-01-11T21:14:58Z,2026-01-11T21:14:58Z,0,0,youtube,2026-04-05T13:39:33.832854
bHtI3lCm8wU,Economia y Desarrollo,¿Cómo FIDEL CASTRO acabó con la economía de CUBA?,es,Alta,UgyJ-9mNDXzW5ij8qt14AaABAg,,0,@malafama1861,Aburridaso,2026-01-11T19:28:12Z,2026-01-11T19:28:12Z,0,0,youtube,2026-04-05T13:39:33.832856
bHtI3lCm8wU,Economia y Desarrollo,¿Cómo FIDEL CASTRO acabó con la economía de CUBA?,es,Alta,Ugxfxj8SjS2hlMZOfH94AaABAg,,0,@_yk9ch9hw5q,"Un análisis sin sesgos ideológicos sobre los efectos del embargo norteamericano a la economía y sociedad cubana apunta a un verdadero culpable del desastre económico y social en Cuba: el gobierno “revolucionario”. Sesenta años dura ya el embargo económico y financiero de Estados Unidos a Cuba. Se impuso como respuesta a las primeras restricciones económicas de Fidel Castro en la isla contra propiedades norteamericanas o cubanas con participación de capital norteamericano, se oficializó el 7 de febrero de 1962 cuando el presidente John F. Kennedy prohibió totalmente la importación de mercancías de origen cubano. Después, como respuesta a las nacionalizaciones de importantes empresas de Estados Unidos radicadas en Cuba, se fueron sumando otras prohibiciones. Igual que muchos se preguntan si todavía es posible científicamente llamar ""revolución” al proyecto social impuesto por Fidel Castro a los cubanos en 1959, es controversial la definición de estas sanciones. Por un lado, el gobierno cubano y sus aliados ideológicos insisten en usar el inexacto término ""bloqueo”, ya que Cuba puede negociar y negocia actualmente con más de 100 países, incluidos los alimentos, medicinas y equipamientos médicos que compra a Estados Unidos gracias a una excepción humanitaria aprobada por el Senado norteamericano en el año 2000. No es correcto hablar de bloqueo, según las normas internacionales, en tanto un bloqueo consiste en impedir que una demarcación pueda comerciar con el resto del mundo, tomando medidas militares que aseguren la interrupción de todo tipo de relaciones con cualquier otro país. Embargo financiero y económico sería, en la práctica y en la ley, el término adecuado. Curioso resulta que mientras Cuba estuvo bajo la égida de la URSS, recibiendo anualmente miles de millones de dólares en productos, petróleo y ayudas financieras, el embargo no estuvo en el discurso político de defensa del gobierno de la isla, ni nacional ni internacionalmente. Esa insistencia en culpar al ""bloqueo yanqui” del desastre económico y financiero en la isla comenzó justamente cuando se desintegró la Unión Soviética, cayó el campo socialista y Cuba se vio obligada a operar en el mercado mundial sin favoritismos ni padrinazgos ideológicos. No podía hacerlo, pues pasó más de tres décadas parasitando, a través del Consejo de Ayuda Mutua Económico (CAME), a la URSS y sus satélites socialistas en Europa del Este, sin aprovechar la multimillonaria ayuda anual para desarrollar la industria y la economía nacional. Cuestionable es también la efectividad del embargo. En seis décadas solamente ha conseguido atrincherar al régimen en un discurso engañoso y propagandístico que sigue actualmente confundiendo al mundo: es culpa del ""bloqueo yanqui” la debacle económica, la inmensa y ya impagable deuda financiera internacional, y la depauperación en todos los órdenes a nivel nacional, que coloca a Cuba hoy como una de las naciones más pobres de América Latina y del mundo, según organismos internacionales. La culpabilidad del supuesto “bloqueo” es una tesis desmentida en los hechos durante el gobierno de Barack Obama, ya que su política de acercamiento y sus numerosas aperturas financieras, económicas y comerciales fueron desaprovechadas casi en su totalidad por Raúl Castro, quien insistió en considerar a Estados Unidos como enemigo aun cuando, cara a cara, Obama aseguró lo contrario, demostrándolo además con hechos concretos. En el medio de ese absurdo debate y de todas la manipulaciones políticas e ideológicas derivadas, por desgracia, hace ya sesenta años hay una sola víctima: el pueblo cubano.",2026-01-11T17:57:16Z,2026-01-11T17:57:16Z,1,0,youtube,2026-04-05T13:39:33.832858
bHtI3lCm8wU,Economia y Desarrollo,¿Cómo FIDEL CASTRO acabó con la economía de CUBA?,es,Alta,UgwNsttrA2n7BM1L5wd4AaABAg,,0,@_yk9ch9hw5q,"Los hambreados cubanos cuando han salido a protestar a las calles de Cuba pidiendo comida, corriente y libertad, nunca culpa de su situación a los EEUU ni al embargo, es más, ni lo mencionan en sus conversaciones. Gracias a los dólares que le llegan de los EEUU, pueden comprar comida en las tiendas en dólares de la tiranía castrista. Menos mal que Cuba dejó de ser una neocolonia soviética porque ese país su pueblo pulverizó el comunismo y su tiranía, así que ya el régimen cubano no pudo seguir más de parásito de ese país con el multimillonario subsidio que recibía, y al destruir el tirano Fidel Castro la economía cubana y robar sus propiedades a los inversionistas nacionales y extranjeros, no tiene de qué vivir, más que de ir pidiendo limosnas por el mundo y de victimizarse. Los cubanos viven bajo la bota de la oligarquía castrista y más aún, de la alta casta militar cubana que es la dueña de los dólares de Cuba. Menos mal que el pueblo cubano come pollo al menos gracias a los EEUU que de donde se importa casi todo ese producto, porque el sector agropecuario cubano fue destruido desde los años sesenta por el tirano Fidel Castro. En definitiva, el destino trazado por el tirano Fidel castro para Cuba, es que sea tragada por los EEUU, cosa que ocurrirá no solo por razones políticas y económicas (la economía cubana ya no puede existir sin la dolarización creciente), sino por razones humanas: la reunificación de las familias ahora dividida entre los dos países en los que se ha dado en llamar ""las dos orillas"".",2026-01-11T17:53:59Z,2026-01-11T17:53:59Z,1,0,youtube,2026-04-05T13:39:33.832860
bHtI3lCm8wU,Economia y Desarrollo,¿Cómo FIDEL CASTRO acabó con la economía de CUBA?,es,Alta,Ugypc3cMxUnVVKa4sCN4AaABAg,,0,@susanagonzalez6383,"VEAN VÍDEOS DONDE EN LA ONU LA MAYORÍA DE LOS PAÍSES VOTAN A FAVOR DE QUE LE ""QUITEN LOS BLOQUEOS A CUBA"". ** PERO EE UU -  ISRAEL VOTAN EN CONTRA EN CONTRA**  *PARECE QUE NADIE ESCUCHA!! EE.UU  ERAN LOS DUEÑOS NOOO ""LOS CUBANOS DE CUBA""  TODO ESTABA """"""PRIVATIZADO A MILLONARIOS ESTADOUNIDENSES""""'.   EN 1962 EE. UU AMPLIÓ LOS EMBARGOS ""PARA PROHIBIR CASI TODO EL COMERCIO EN CUBA"""" ((( PORQUE SI NO ES DUEÑO Y DICTADOR EE.UU, ENTONCES IMPONE BLOQUEOS PARA QUE MUERAN DE HAMBRE Y SE VUELVAN A SOMETER))) EE.UU,   PORQUE EE.UU LO QUE HACE CUANDO INVADE UN PAÍS AL APROPIÁRSE DE SUS BANCOS , PETRÓLEO, ""COMERCIO"" EDUCACIÓN DOMINIO DE LAS TIERRAS.  DICTANDO TODO (((A TRAVÉS DE EL PRESIDENTE QUE OBEDEZCA))) """"LOS  LOS GOBIERNOS, MILLONARIOS Y MULTIMILLONARIOS DE EE.UU (COMO DUEÑOS) """" (NO LOS CUBANOS)  >>>LOS CUBANOS (LAS MAYORÍAS) ERAN SIRVIENTES MANO DE OBRA BARATA Y NO LES INTERESAN A EE UU NI A LOS MILLONARIOS . PARA ELLOS SOLO SIN COSA DE USO. EE.UU SE PROMUEVEN EN LAS  PELÍCULAS  DE HOLLYWOOD  YYYY NOOO LO SON*",2026-01-11T01:10:12Z,2026-01-11T01:10:12Z,0,0,youtube,2026-04-05T13:39:33.832862
bHtI3lCm8wU,Economia y Desarrollo,¿Cómo FIDEL CASTRO acabó con la economía de CUBA?,es,Alta,UgwMi0BClnqekjQR0eF4AaABAg,,0,@AlejandroCastro-jy1be,CUBA fuera un gran país próspero como México pero las dictaduras políticas la empobrecieron que lastima,2026-01-11T00:57:26Z,2026-01-11T00:57:26Z,0,0,youtube,2026-04-05T13:39:33.832864
bHtI3lCm8wU,Economia y Desarrollo,¿Cómo FIDEL CASTRO acabó con la economía de CUBA?,es,Alta,UgzkGGqdOHw459EjUGB4AaABAg,,0,@MANUELZAVALA-z3d,FIDEL CASTRO..HUGO CHAVEZ...MADURO...Y EL CHE GUEVARA ERAN HOMOSEXUALES ASOLAPADOS..,2026-01-10T22:38:35Z,2026-01-10T22:38:35Z,0,0,youtube,2026-04-05T13:39:33.832866
bHtI3lCm8wU,Economia y Desarrollo,¿Cómo FIDEL CASTRO acabó con la economía de CUBA?,es,Alta,UgywRhcxfinW6xsRF494AaABAg,,0,@lautyboca4168,Es mentirs que estava tan bien antes de la revolucion,2026-01-10T22:34:28Z,2026-01-10T22:34:28Z,0,0,youtube,2026-04-05T13:39:33.832868
bHtI3lCm8wU,Economia y Desarrollo,¿Cómo FIDEL CASTRO acabó con la economía de CUBA?,es,Alta,UgwgW_qcsxL8q-oOJRJ4AaABAg,,0,@_yk9ch9hw5q,"Pudo destruir la economía cubana porque en Cuba desapareció la separación de poderes y todo el poder se concentr´¿o en él y no tenía que rendir cuentas a nadie por el uso que daba a los recursos de Cuba, pese a haber tenido a su disposición durante tres décadas multimillonarios recursos de la URSS, además que sus expropiaciones y política de estatismo conllevó a que los inversionistas no invirtieran en Cuba, sin contra que la tiranía castrista tiene una enorme fama de ser una mala pagadora de sus deudas",2026-01-10T17:13:14Z,2026-01-10T17:13:14Z,1,0,youtube,2026-04-05T13:39:33.832870
bHtI3lCm8wU,Economia y Desarrollo,¿Cómo FIDEL CASTRO acabó con la economía de CUBA?,es,Alta,UgyDHLvSF1dN0oRh9hd4AaABAg,,0,@xmzcharz9149,Pasaron de una dictadura nefasta de derecha a una dictadura de izquierda más nefasta aún!!!,2026-01-09T11:14:05Z,2026-01-09T11:14:05Z,0,0,youtube,2026-04-05T13:39:33.832872
bHtI3lCm8wU,Economia y Desarrollo,¿Cómo FIDEL CASTRO acabó con la economía de CUBA?,es,Alta,Ugwn1krgwxRWhGywv6x4AaABAg,,0,@rosaesterhurtadomanco284,Castro destruyó a Cuba Chávez a Venezuela y  para allá va Colombia,2026-01-08T20:42:09Z,2026-01-08T20:42:09Z,0,0,youtube,2026-04-05T13:39:33.832874
bHtI3lCm8wU,Economia y Desarrollo,¿Cómo FIDEL CASTRO acabó con la economía de CUBA?,es,Alta,UgwVZdpeS95wgm8Blft4AaABAg,,0,@sergioestebanmerchanpena8531,Me recuerdan las palabras de mi presidente PETRO OJITO! la derecha no es lo mejor pero es lo menos peor en Colombia. Ojo con las elecciones!,2026-01-08T02:35:11Z,2026-01-08T02:35:11Z,0,0,youtube,2026-04-05T13:39:33.832877
bHtI3lCm8wU,Economia y Desarrollo,¿Cómo FIDEL CASTRO acabó con la economía de CUBA?,es,Alta,Ugxfet855-KIicJ2MRB4AaABAg,,0,@DAYANAVAZQUEZCOTAITA,HERMOSO PAIS ❤ SALUDOS DESDE CÓRDOBA VERACRUZ 🇲🇽 HASTA MI CUBA LINDA ❤ PATRIA DE MIS ABUELOS Y PADRES ❤ VIVA CUBA 🇨🇺,2026-01-07T20:30:59Z,2026-01-07T20:30:59Z,0,0,youtube,2026-04-05T13:39:33.832879
bHtI3lCm8wU,Economia y Desarrollo,¿Cómo FIDEL CASTRO acabó con la economía de CUBA?,es,Alta,UgyFETLCpHgi4cZyjFZ4AaABAg,,0,@MigMedOfficial,Hablaba mejor el inglés que Maduro 😂,2026-01-07T16:34:52Z,2026-01-07T16:34:52Z,0,0,youtube,2026-04-05T13:39:33.832881
bHtI3lCm8wU,Economia y Desarrollo,¿Cómo FIDEL CASTRO acabó con la economía de CUBA?,es,Alta,Ugxpbj5ZPJs7NAEUC-54AaABAg,,0,@VladimirSolís-j5c,Pero que no se te olvide el otro lado de la moneda...,2026-01-07T14:30:04Z,2026-01-07T14:30:04Z,0,0,youtube,2026-04-05T13:39:33.832883
bHtI3lCm8wU,Economia y Desarrollo,¿Cómo FIDEL CASTRO acabó con la economía de CUBA?,es,Alta,UgyJMVjIaeZ4DQ898Dx4AaABAg,,0,@juancarlosacero3868,LO BUENO DE TODO ES QUE YA NO ESTA FIDEL CASTRO Y NUNCA VOLVERA.,2026-01-06T23:17:45Z,2026-01-06T23:17:45Z,0,0,youtube,2026-04-05T13:39:33.832885
bHtI3lCm8wU,Economia y Desarrollo,¿Cómo FIDEL CASTRO acabó con la economía de CUBA?,es,Alta,UgylAaDAxVkhwFSgloF4AaABAg,,0,@juanmanueljimenezgarcia8659,Bastante ignorante Fidel Castro..al igual que Maduro solo balbucean el idioma Ingles,2026-01-06T18:22:46Z,2026-01-06T18:22:46Z,0,0,youtube,2026-04-05T13:39:33.832887
bHtI3lCm8wU,Economia y Desarrollo,¿Cómo FIDEL CASTRO acabó con la economía de CUBA?,es,Alta,Ugw0qEnJQOh3TypDujl4AaABAg,,0,@infosinfronterasnigoteras,"él vivía confortáblemente con todos los manjares a mano ...... y el pueblo tragando aire, esa es la revolución.",2026-01-06T15:04:48Z,2026-01-06T15:04:48Z,0,0,youtube,2026-04-05T13:39:33.832889
bHtI3lCm8wU,Economia y Desarrollo,¿Cómo FIDEL CASTRO acabó con la economía de CUBA?,es,Alta,UgxOAiG2IuWqAo1pl-F4AaABAg,,0,@kairoward7738,Justicia social programas bienestar 😂😂 asi empiezan igual oos de morena,2026-01-06T01:30:58Z,2026-01-06T01:30:58Z,0,0,youtube,2026-04-05T13:39:33.832891
bHtI3lCm8wU,Economia y Desarrollo,¿Cómo FIDEL CASTRO acabó con la economía de CUBA?,es,Alta,Ugy7PaQzjY8_G2fECxF4AaABAg,,0,@YeinerMarínBernate,Fidel es una rata q no extrañamos,2026-01-05T22:10:17Z,2026-01-05T22:10:17Z,0,0,youtube,2026-04-05T13:39:33.832894
bHtI3lCm8wU,Economia y Desarrollo,¿Cómo FIDEL CASTRO acabó con la economía de CUBA?,es,Alta,UgzNxUuMIYmZ_I2uLK14AaABAg,,0,@_yk9ch9hw5q,"Nadie podía llevarle la contraria ni cuestionarle sus disparates e improvisaciones, ni se sentía obligado a rendir cuentas de su despilfarro de recursos, por eso destruyó la economía",2026-01-05T10:39:06Z,2026-01-05T10:39:06Z,2,0,youtube,2026-04-05T13:39:33.832896
bHtI3lCm8wU,Economia y Desarrollo,¿Cómo FIDEL CASTRO acabó con la economía de CUBA?,es,Alta,UgyJVGOQiMkU-33y4t14AaABAg,,0,@_yk9ch9hw5q,"Es bien sabido que la tiranía castrista ha sido la promotora de gobiernos y organizaciones narcoterroristas como las colombianas (por eso usaron a Cuba para sus falsas negociaciones de paz de las narcoguerrillas, que no era mas que negociaciones de narcos amparados pr un gobierno narco). Hasta que EEUU no salga del problema que representa para él la tiranía castrista, nada se resolverá en América Latina. En Cuba e3s donde está el escondite y base de operaciones del narcoterrorismo despilfarrando recursos de Cuba en vez de usarlos en el pueblo de Cuba",2026-01-05T02:32:40Z,2026-01-05T02:32:40Z,1,0,youtube,2026-04-05T13:39:33.832898
bHtI3lCm8wU,Economia y Desarrollo,¿Cómo FIDEL CASTRO acabó con la economía de CUBA?,es,Alta,UgyyC96OlussgoS4IZx4AaABAg,,0,@_yk9ch9hw5q,"Los comunistas acaban con la economía de los países, necesitan hacerse capitalistas para sobrevivir, pero siempre imponiendo sus tiranías represoras de las libertades",2026-01-04T23:49:35Z,2026-01-04T23:49:35Z,1,0,youtube,2026-04-05T13:39:33.832900
bHtI3lCm8wU,Economia y Desarrollo,¿Cómo FIDEL CASTRO acabó con la economía de CUBA?,es,Alta,UgyU7Ky3JkhQe2FuYIB4AaABAg,,0,@ivan2509-t8i,"Actualmente el gobierno de México lo anda financiando, resulta que durante la pandemia fue necesario traer médicos cubanos, pagándole grandes sumas de dinero al régimen cubano 😂",2026-01-04T22:03:10Z,2026-01-04T22:03:10Z,0,0,youtube,2026-04-05T13:39:33.832902
bHtI3lCm8wU,Economia y Desarrollo,¿Cómo FIDEL CASTRO acabó con la economía de CUBA?,es,Alta,Ugy-AhUkt19aa2Q7Rpp4AaABAg,,0,@_yk9ch9hw5q,Apenas empieza la pulverización de las tiranías comunistas castrochavistas en América con la caída del tirano Maduro. Lo demás será solo un efecto dominó de eso.,2026-01-04T00:59:43Z,2026-01-04T00:59:43Z,2,0,youtube,2026-04-05T13:39:33.832905
bHtI3lCm8wU,Economia y Desarrollo,¿Cómo FIDEL CASTRO acabó con la economía de CUBA?,es,Alta,UgxgoussV4F2yA6FoRt4AaABAg,,0,@_yk9ch9hw5q,"Qué bueno que regresa la doctrina Monroe y la política del Gran Garrote, y EEUU vuelve a ser el gendarme de América para la conservación de la democracia y las libertades ciudadanas en la región contra la aparición de regímenes comunistas, neocomunistas y procomunistas que degeneren en tiranías. Hoy con la cacería del narcotirano Maduro, dio un paso muy firme.",2026-01-04T00:58:52Z,2026-01-04T00:58:52Z,1,0,youtube,2026-04-05T13:39:33.832907
bHtI3lCm8wU,Economia y Desarrollo,¿Cómo FIDEL CASTRO acabó con la economía de CUBA?,es,Alta,UgzaeMzT2InNaUo9UjZ4AaABAg,,0,@sinesiodiaz9935,"Entonces EEUU, si es el Salvador del mundo?",2026-01-03T18:17:13Z,2026-01-03T18:17:13Z,1,1,youtube,2026-04-05T13:39:33.832909
bHtI3lCm8wU,Economia y Desarrollo,¿Cómo FIDEL CASTRO acabó con la economía de CUBA?,es,Alta,UgzaeMzT2InNaUo9UjZ4AaABAg.ARXEaWKjU73ARe-KaeY22v,UgzaeMzT2InNaUo9UjZ4AaABAg,1,@ivannacastillo3277,Revisa el largo historial que tiene estados unidos interviniendo en otros países y te darás cuenta que no es un héroe,2026-01-06T18:37:45Z,2026-01-06T18:37:45Z,0,0,youtube,2026-04-05T13:39:33.832914
bHtI3lCm8wU,Economia y Desarrollo,¿Cómo FIDEL CASTRO acabó con la economía de CUBA?,es,Alta,UgyZ96Pn1uT9GppU9LN4AaABAg,,0,@Manuel-n7y2w,Ese es el rostro del comunismo socialismo y junto a la dictadura tadura solo queda ruinas. Desolación. Miseria. Hambre. Traiccion. Vigilancia.agresion al pueblo. Chivaterias unos a otros. Terrorismo por el govierno. Torturas a dicidentes.presos políticos. Fucilamientos injustos hasta altos militares para echarles la culpa de la cupula y sus crimenes de ellos a alguien q no asepta sus caprichos. Los castros dictadores y capitalistas a la ves. Solo ellos y el pueblo con el socialismo total. El hambre y la miseria indigencial,2026-01-03T17:05:39Z,2026-01-03T17:05:39Z,1,0,youtube,2026-04-05T13:39:33.832916
bHtI3lCm8wU,Economia y Desarrollo,¿Cómo FIDEL CASTRO acabó con la economía de CUBA?,es,Alta,UgwL7gUe1TOFjBcZlwl4AaABAg,,0,@_yk9ch9hw5q,Apenas empieza la pulverización de las tiranías comunistas castrochavistas en América con la caída del tirano Maduro. Lo demás será solo un efecto dominó de eso.,2026-01-03T15:40:14Z,2026-01-03T15:40:14Z,1,0,youtube,2026-04-05T13:39:33.832918
bHtI3lCm8wU,Economia y Desarrollo,¿Cómo FIDEL CASTRO acabó con la economía de CUBA?,es,Alta,UgxXSLOjR1keDX2MIwR4AaABAg,,0,@raphaelchavez5826,Y el bloqueo económico y mercantil de EUA tendrá alho que ver???,2026-01-03T15:21:47Z,2026-01-03T15:21:47Z,1,1,youtube,2026-04-05T13:39:33.832921
bHtI3lCm8wU,Economia y Desarrollo,¿Cómo FIDEL CASTRO acabó con la economía de CUBA?,es,Alta,UgxXSLOjR1keDX2MIwR4AaABAg.ARWvWef0SGhARqK1QTMn01,UgxXSLOjR1keDX2MIwR4AaABAg,1,@Michael-ui9yw,Jaja excusa perfecta para seguir con ese régimen dale q si ellos tiene la culpa xd no los q gobiernan cuba,2026-01-11T13:29:32Z,2026-01-11T13:29:32Z,0,0,youtube,2026-04-05T13:39:33.832923
bHtI3lCm8wU,Economia y Desarrollo,¿Cómo FIDEL CASTRO acabó con la economía de CUBA?,es,Alta,UgzEPW5hXOBFj-9j-bp4AaABAg,,0,@veliarodriguez139,Igualito a López obrador 🤬🤬🤬🤬,2026-01-01T22:13:21Z,2026-01-01T22:13:21Z,0,0,youtube,2026-04-05T13:39:33.832925
bHtI3lCm8wU,Economia y Desarrollo,¿Cómo FIDEL CASTRO acabó con la economía de CUBA?,es,Alta,UgwRRequIsn7vxTko7R4AaABAg,,0,@CelesteVázquez-x2m,Los castros son los que condenaron a Cuba satánicos mira  mi cuba.    nicos mi,2025-12-31T02:47:12Z,2025-12-31T02:47:12Z,0,0,youtube,2026-04-05T13:39:33.832928
bHtI3lCm8wU,Economia y Desarrollo,¿Cómo FIDEL CASTRO acabó con la economía de CUBA?,es,Alta,UgxicABdCJSB8TzwjVd4AaABAg,,0,@canillovargas2245,El comunismo es y será la peste .....,2025-12-30T18:48:31Z,2025-12-30T18:48:31Z,1,0,youtube,2026-04-05T13:39:33.832930
bHtI3lCm8wU,Economia y Desarrollo,¿Cómo FIDEL CASTRO acabó con la economía de CUBA?,es,Alta,Ugxu-UIGNDvdHKk8ZaN4AaABAg,,0,@mago_del_Te,A caray... Voy a la mitad del video y suena como el camino que esta tomando México,2025-12-30T18:46:51Z,2025-12-30T18:46:51Z,1,0,youtube,2026-04-05T13:39:33.832932
bHtI3lCm8wU,Economia y Desarrollo,¿Cómo FIDEL CASTRO acabó con la economía de CUBA?,es,Alta,UgwtQqeGax-5AqE3qWx4AaABAg,,0,@_yk9ch9hw5q,"Nada impide hoy que EEUU se meta en Cuba, pero es inteligente que primero acabe con el chavismo en Venezuela, porque así mata tres pájaros de un tiro: Venezuela, Cuba y Nicaragua",2025-12-30T17:06:55Z,2025-12-30T17:06:55Z,2,0,youtube,2026-04-05T13:39:33.832934
bHtI3lCm8wU,Economia y Desarrollo,¿Cómo FIDEL CASTRO acabó con la economía de CUBA?,es,Alta,UgzPIMATz_Mve8xD8Zp4AaABAg,,0,@alonso7178,Cómo Fidel acabó con Cuba,2025-12-30T10:53:33Z,2025-12-30T10:53:33Z,1,0,youtube,2026-04-05T13:39:33.832936
bHtI3lCm8wU,Economia y Desarrollo,¿Cómo FIDEL CASTRO acabó con la economía de CUBA?,es,Alta,Ugx-c0ROJFgnmePPdDN4AaABAg,,0,@MARIAP-lb9lx,Lo mismo esta haciendo Morena en Mexico,2025-12-30T00:25:07Z,2025-12-30T00:25:07Z,1,0,youtube,2026-04-05T13:39:33.832938
bHtI3lCm8wU,Economia y Desarrollo,¿Cómo FIDEL CASTRO acabó con la economía de CUBA?,es,Alta,UgyoHPrNVKUzfKeZ1RB4AaABAg,,0,@luzdarymaringomez7886,No fue el fueron los cubanos fue el pueblo que lo permitió. Cuando el gobierno empezó con los tales subsidios el pueblo no trabaja empieza aborreciendo los capitales. Así que fueron los cubanos.,2025-12-29T22:45:41Z,2025-12-29T22:45:41Z,1,0,youtube,2026-04-05T13:39:33.832940
bHtI3lCm8wU,Economia y Desarrollo,¿Cómo FIDEL CASTRO acabó con la economía de CUBA?,es,Alta,UgxRmFiqfbiXPjqsH7J4AaABAg,,0,@_yk9ch9hw5q,Hay que hacer con el comunismo lo mismo que hizo Polonia: PROHIBIRLO.,2025-12-29T21:01:18Z,2025-12-29T21:01:18Z,2,0,youtube,2026-04-05T13:39:33.832943
bHtI3lCm8wU,Economia y Desarrollo,¿Cómo FIDEL CASTRO acabó con la economía de CUBA?,es,Alta,Ugw4pOXkTV8-oudhJSB4AaABAg,,0,@_yk9ch9hw5q,"Como decía Consuelo Vidal en su propaganda televisiva en el capitalismo antes de hacerse comunista recalcitrante: HAY QUE TENER FE, QUE TODO LLEGA",2025-12-29T14:07:58Z,2025-12-29T14:07:58Z,2,0,youtube,2026-04-05T13:39:33.832945
bHtI3lCm8wU,Economia y Desarrollo,¿Cómo FIDEL CASTRO acabó con la economía de CUBA?,es,Alta,UgzvMlniZDpBUWMQUw94AaABAg,,0,@joseramontenderogarcia-v3x,esta gente no debe morir en su cama,2025-12-29T07:46:45Z,2025-12-29T07:46:45Z,1,0,youtube,2026-04-05T13:39:33.832947
bHtI3lCm8wU,Economia y Desarrollo,¿Cómo FIDEL CASTRO acabó con la economía de CUBA?,es,Alta,UgwkuPT420WAuypa_6Z4AaABAg,,0,@manuelfernandezgarrido280,Lo mismo estaba haciendo Allende acá en chile gracias a Dios y nuestro general pinochett no estamos asi,2025-12-29T04:39:03Z,2025-12-29T04:39:03Z,6,0,youtube,2026-04-05T13:39:33.832949
bHtI3lCm8wU,Economia y Desarrollo,¿Cómo FIDEL CASTRO acabó con la economía de CUBA?,es,Alta,UgzemRT5O7EHocc5gsF4AaABAg,,0,@SerafinCruz-s5s,la monopolizo y corrompió todo el sistema gubernamental cubano. Y todo le sacó beneficios propios como si fuera una marca de robadera,2025-12-29T02:26:05Z,2025-12-29T02:26:05Z,2,0,youtube,2026-04-05T13:39:33.832951
bHtI3lCm8wU,Economia y Desarrollo,¿Cómo FIDEL CASTRO acabó con la economía de CUBA?,es,Alta,Ugyg5_yY3u6H7AaVcmV4AaABAg,,0,@ildebrancastroquiceno8092,Acabó lo que producía y a hoy se ven las consecuencias...,2025-12-28T22:02:33Z,2025-12-28T22:02:33Z,1,0,youtube,2026-04-05T13:39:33.832954
bHtI3lCm8wU,Economia y Desarrollo,¿Cómo FIDEL CASTRO acabó con la economía de CUBA?,es,Alta,Ugyo792_hQRUKiOgAjV4AaABAg,,0,@_yk9ch9hw5q,"Ya el adoctrinamiento castrista con sus mentiras no funciona con los cubanos de hoy, la gente ya no le cree nada a la tiranía castrista, por eso la detesta ahora.",2025-12-28T15:47:17Z,2025-12-28T15:47:17Z,2,0,youtube,2026-04-05T13:39:33.832956
bHtI3lCm8wU,Economia y Desarrollo,¿Cómo FIDEL CASTRO acabó con la economía de CUBA?,es,Alta,Ugyg6ZrbESOd7e-P6Sd4AaABAg,,0,@dominion1999,"Las 3 generaciones anteriores perpetuaron el problema. La generación joven es victima de las decisiones y permisibilidad del comunismo en Cuba y estos envejecientes viven en la miseria por sus malas decisiones.   Los actuales mandatarios no les conviene que Cuba salga del comunismo porque viven bien, comen bien, mientras el pueblo vive en miseria.  El pueblo debe sublevarse, la pena es que los jóvenes eran lo que podrían hacer esto y ellos han sabido del país, huyendo de esa miseria y dejando el país lleno de envejecientes que no pueden sacar ese horroroso sistema.  Es una pena, es una injusticia social y humana en la era moderna.",2025-12-28T12:59:52Z,2025-12-28T12:59:52Z,1,0,youtube,2026-04-05T13:39:33.832958
bHtI3lCm8wU,Economia y Desarrollo,¿Cómo FIDEL CASTRO acabó con la economía de CUBA?,es,Alta,Ugz_ucBKDNgjmT2Vptp4AaABAg,,0,@luisgomesbezerra2105,O legado do socialismo cubano miseria e fome!......,2025-12-27T23:27:58Z,2025-12-27T23:27:58Z,1,0,youtube,2026-04-05T13:39:33.832960
bHtI3lCm8wU,Economia y Desarrollo,¿Cómo FIDEL CASTRO acabó con la economía de CUBA?,es,Alta,UgwoqZeagzu8e6IC5hd4AaABAg,,0,@_yk9ch9hw5q,"Excelente este canal que tanto molesta al procastrista esbirro extranjero multicuentas. Los cubanos que hemnos vivido en Cuba casi toda nuestra vida, damos fe de las verdades que dice este video. Lo  peor son las mentiras y exageraciones que se inventan esos especímenes procastristas, sobre la Cuba de antes de 1959",2025-12-27T22:32:40Z,2025-12-27T22:32:40Z,2,0,youtube,2026-04-05T13:39:33.832962
bHtI3lCm8wU,Economia y Desarrollo,¿Cómo FIDEL CASTRO acabó con la economía de CUBA?,es,Alta,Ugwf6NvWdvoYtwknrgV4AaABAg,,0,@_yk9ch9hw5q,"Los comunistas no reconocen derechos a los demás, son odiadores. Solo hablan de luchas de clases, y a todo el que discrepe de ellos les llama ""fascista"" o ""facho"", son intolerantes, por eso para sostenerse en el poder solo pueden hacerlo imponiendo tiranías represoras de las libertades. El solo hecho de que autoasignen  el derecho a imponer una ""dictadura del proletariado"", sea cual sea la justificación que quieran dar a ello, es muestra del totalitarismo de esa ideología",2025-12-27T22:30:17Z,2025-12-27T22:30:17Z,1,0,youtube,2026-04-05T13:39:33.832964
bHtI3lCm8wU,Economia y Desarrollo,¿Cómo FIDEL CASTRO acabó con la economía de CUBA?,es,Alta,UgyQeySMbyIQSMAebvV4AaABAg,,0,@johanatorres593,Eso dice este y miren lo que dicen otros vídeos que ganaban dos  dólares semanales canales y otros cuantos gobernantes estaban adueñados de todo el país que ya estaban unidos en enfermedades graves y pobrezas hay también una canción de eso yo voy a ver por qué ainos les llamaron los barbudos que pasaba ahí chao yo no sé aquien creer y como nadie domina a nadie por derechos h. entonces al principio voy a creer en todo lo que digan todos los bando hasta ver la verdad al final para conclusión de todo a su  vez por ahora no voy a creer solo a un solo vando .😜 Chao .,2025-12-27T18:55:00Z,2025-12-27T18:55:00Z,0,0,youtube,2026-04-05T13:39:33.832967
bHtI3lCm8wU,Economia y Desarrollo,¿Cómo FIDEL CASTRO acabó con la economía de CUBA?,es,Alta,UgxXF0R9V4JXfjvRfRt4AaABAg,,0,@rubendariocevallos1880,"Este portal es pagado por la criminal CiA porque no dice la verdad que Cuba fue el burdel de los marinos gringos y el refugio de los mafiosos como Lucky Luciano y Al Capone. Fidel ni el Socislism destruyeron a la economía de Cuba sino los nefastos bloqueos por 66 años. Cuba es el país con menos analfabetismo, menor mortandad infantil y se ha convertido en una potencia científica . Estados Unidos ha hecho lo mismo con Venezuela y todo país que no se doblega. Di la verdad ignorante gusano.",2025-12-27T16:05:16Z,2025-12-27T16:05:16Z,0,0,youtube,2026-04-05T13:39:33.832969
bHtI3lCm8wU,Economia y Desarrollo,¿Cómo FIDEL CASTRO acabó con la economía de CUBA?,es,Alta,Ugy5zVgsJPI_ZUWPGm54AaABAg,,0,@eduardoaguero2431,"Demonios en un ser humano,son estás gentes ,no hay adjetivos calificativo para estás gentes, puro mierda",2025-12-26T16:50:27Z,2025-12-26T16:51:06Z,0,0,youtube,2026-04-05T13:39:34.755304
bHtI3lCm8wU,Economia y Desarrollo,¿Cómo FIDEL CASTRO acabó con la economía de CUBA?,es,Alta,UgzEvnrSlDhw2JLXDI54AaABAg,,0,@_yk9ch9hw5q,"Ahora mas que nunca los EEUU necesitan mantener al Comando Sur y a los marines en las aguas del Caribe, para pulverizar de una vez y poor todas las tiranías comunistas, neocomunistas y procomunistas en América. Hay que reactivar el TIAR y regresar al Big Stick y la Doctrina Monroe. Los enemigos de los EEUU tienen que saber con qué se van a enfrentar.",2025-12-24T09:48:02Z,2025-12-24T09:48:02Z,1,0,youtube,2026-04-05T13:39:34.755324
bHtI3lCm8wU,Economia y Desarrollo,¿Cómo FIDEL CASTRO acabó con la economía de CUBA?,es,Alta,UgwIzl8Esy6I3y6GsDt4AaABAg,,0,@marielmendez7300,México va para aya,2025-12-24T02:24:23Z,2025-12-24T02:24:23Z,0,0,youtube,2026-04-05T13:39:34.755330
bHtI3lCm8wU,Economia y Desarrollo,¿Cómo FIDEL CASTRO acabó con la economía de CUBA?,es,Alta,UgyNq1edQCnP9NkRA1V4AaABAg,,0,@marielmendez7300,Lo mismito que AMLO morena es un partido comunista,2025-12-24T02:22:04Z,2025-12-24T02:22:04Z,0,0,youtube,2026-04-05T13:39:34.755335
bHtI3lCm8wU,Economia y Desarrollo,¿Cómo FIDEL CASTRO acabó con la economía de CUBA?,es,Alta,UgxtlVWCPdzAXnwDZV14AaABAg,,0,@_yk9ch9hw5q,"El gobernante mas destructor de Cuba que ha tenido Cuba...el castrocomunismo fue lo mas fatal que han padecido los cubanos, y los mas longevo y totalitario",2025-12-22T02:46:39Z,2025-12-22T02:46:39Z,1,0,youtube,2026-04-05T13:39:34.755340
bHtI3lCm8wU,Economia y Desarrollo,¿Cómo FIDEL CASTRO acabó con la economía de CUBA?,es,Alta,UgxEl7I5PAQhV__Jly94AaABAg,,0,@_yk9ch9hw5q,"Miguel Angel Quevedo, Propietario y director de la revista semanal cubana Bohemia, fue una figura decisiva en casi todos los cambios políticos que se produjeron en Cuba antes de la llegada de Fidel Castro al poder. Se suicidó solo y repudiado en 1969. Bohemia era leída en todo el continente americano y, por supuesto, la revista más popular de Cuba por lo menos a finales de la década de los 50. Fue fundada en 1909 con el lema de “La revista que siempre dice la verdad”. Entre sus principales colaboradores estuvieron los más grandes articulistas, ensayistas, escritores y líderes de su época, como Jorge Mañach, R. García Bárcenas, Eduardo Chibás, Oscar Salas, Gustavo G. Sterling, José M. Peña, Fernando Ortiz, Ramón Grau San Martín, René Méndez Capote, Agustín Tamargo, Gustavo Robreño, Herminio Portell Vilá y tantos otros. Un ejemplar de sus “Bodas de Plata”, publicado en 1934, obra en poder de CONTACTO Magazine. Es una verdadera joya de ese momento.
En plena “dictadura” de Fulgencio Batista, Bohemia apoyó la revolución de 1959. El 26 de julio de 1958 publicó el famoso “Manifiesto de la Sierra”. El 11 de enero de 1959 publicó una edición especial, con una tirada de un millón de ejemplares, que se agotó en pocas horas, sólo once días después de la caída de Batista.
Con la llegada de Fidel Castro al poder, la prensa cubana no tardó en sufrir la ofensiva antidemocrática del nuevo caudillo. Periódicos, revistas, canales de televisión y emisoras de radio fueron expropiados o clausurados. Bohemia no fue la excepción. De inmediato se conculcaron todas las libertades fundamentales universalmente aceptadas. Bohemia aún existe hoy día, como un vocero más del gobierno de Castro, muy lejos de sus días de gloria. Quevedo logró salir de Cuba, pero con un horrible sentido de culpabilidad por haber defendido desde Bohemia la revolución popular de 1959 y haber atacado a casi todos los políticos, legítimos o no, que habían gobernado Cuba. Y sobre todo por haber difundido o justificado todas las acciones de Castro.
Carta de despedida del director de la revista cubana “Bohemia»:
Sr. Ernesto Montaner
Miami,
Florida
Caracas, 12 de agosto de 1969
Querido Ernesto:
Cuando recibas esta carta ya te habrás enterado por la radio de la noticia de mi muerte. Ya me habré suicidado — ¡al fin! — sin que nadie pudiera impedírmelo, como me lo impidieron tú y Agustín Alles el 21 de enero de 1965.
Sé que después de muerto llevarán sobre mi tumba montañas de inculpaciones. Que querrán presentarme como «el único culpable» de la desgracia de Cuba. Y no niego mis errores ni mi culpabilidad; lo que sí niego es que fuera «el único culpable». Culpables fuimos todos, en mayor o menor grado de responsabilidad.
Culpables fuimos todos. Los periodistas que llenaban mi mesa de artículos demoledores, arremetiendo contra todos los gobernantes. Buscadores de aplausos que, por satisfacer el morbo infecundo y brutal de la multitud, por sentirse halagados por la aprobación de la plebe, vestían el odioso uniforme que no se quitaban nunca. No importa quien fuera el presidente. Ni las cosas buenas que estuviese realizando a favor de Cuba. Había que atacarlos, y había que destruirlos. El mismo pueblo que los elegía, pedía a gritos sus cabezas en la plaza pública. El pueblo también fue culpable. El pueblo que quería a Guiteras. El pueblo que quería a Chibás. El pueblo que aplaudía a Pardo Llada. El pueblo que compraba Bohemia, porque Bohemia era vocero de ese pueblo. El pueblo que acompañó a Fidel desde Oriente hasta el campamento de Columbia.
Fidel no es más que el resultado del estallido de la demagogia y de la insensatez. Todos contribuimos a crearlo. Y todos, por resentidos, por demagogos, por estúpidos o por malvados, somos culpables de que llegara al poder. Los periodistas que conociendo la hoja de Fidel, su participación en el Bogotazo Comunista, el asesinato de Manolo Castro y su conducta gansteril en la Universidad de la Habana, pedíamos una amnistía para él y sus cómplices en el asalto al Cuartel Moncada, cuando se encontraba en prisión.
Fue culpable el Congreso que aprobó la Ley de Amnistía (la cual sacó a Castro de la prisión tras el ataque al Cuartel Moncada). Los comentaristas de radio y televisión que la colmaron de elogios. Y la chusma que la aplaudió delirantemente en las graderías del Congreso de la República.
Bohemia no era más que un eco de la calle. Aquella calle contaminada por el odio que aplaudió a Bohemia cuando inventó «los veinte mil muertos». Invención diabólica del dipsómano Enriquito de la Osa, que sabía que Bohemia era un eco de la calle, pero que también la calle se hacía eco de lo que publicaba Bohemia.
Fueron culpables los millonarios que llenaron de dinero a Fidel para que derribara al régimen. Los miles de traidores que se vendieron al barbudo criminal. Y los que se ocuparon más del contrabando y del robo que de las acciones de la Sierra Maestra. Fueron culpables los curas de sotanas rojas que mandaban a los jóvenes para la Sierra a servir a Castro y sus guerrilleros. Y el clero, oficialmente, que respaldaba a la revolución comunista con aquellas pastorales encendidas, conminando al Gobierno a entregar el poder.
Fue culpable Estados Unidos de América, que incautó las armas destinadas a las fuerzas armadas de Cuba en su lucha contra los guerrilleros.
Y fue culpable el State Department, que respaldó la conjura internacional dirigida por los comunistas para adueñarse de Cuba.
Fueron culpables el Gobierno y su oposición, cuando el diálogo cívico, por no ceder y llegar a un acuerdo decoroso, pacífico y patriótico. Los infiltrados por Fidel en aquella gestión para sabotearla y hacerla fracasar como lo hicieron.
Fueron culpables los políticos abstencionistas, que cerraron las puertas a todos los cambios electoralistas. Y los periódicos que como Bohemia, les hicieron el juego a los abstencionistas, negándose a publicar nada relacionado con aquellas elecciones.
Todos fuimos culpables. Todos. Por acción u omisión. Viejos y jóvenes. Ricos y pobres. Blancos y negros. Honrados y ladrones. Virtuosos y pecadores. Claro, que nos faltaba por aprender la lección increíble y amarga: que los más «virtuosos» y los más «honrados» eran los pobres.
Muero asqueado. Solo. Proscrito. Desterrado. Y traicionado y abandonado por amigos a quienes brindé generosamente mi apoyo moral y económico en días muy difíciles. Como Rómulo Betancourt, Figueres, Muñoz Marín. Los titanes de esa «Izquierda Democrática» que tan poco tiene de «democrática» y tanto de «izquierda». Todos deshumanizados y fríos me abandonaron en la caída. Cuando se convencieron de que yo era anticomunista, me demostraron que ellos eran antiquevedistas. Son los presuntos fundadores del Tercer Mundo. El mundo de Mao Tse Tung.
Ojalá mi muerte sea fecunda. Y obligue a la meditación. Para que los que puedan aprendan la lección. Y los periódicos y los periodistas no vuelvan a decir jamás lo que las turbas incultas y desenfrenadas quieran que ellos digan. Para que la prensa no sea más un eco de la calle, sino un faro de orientación para esa propia calle. Para que los millonarios no den más sus dineros a quienes después los despojan de todo. Para que los anunciantes no llenen de poderío con sus anuncios a publicaciones tendenciosas, sembradoras de odio y de infamia, capaces de destruir hasta la integridad física y moral de una nación, o de un destierro. Y para que el pueblo recapacite y repudie esos voceros de odio, cuyas frutas hemos visto que no podían ser más amargas.
Fuimos un pueblo cegado por el odio. Y todos éramos víctimas de esa ceguera. Nuestros pecados pesaron más que nuestras virtudes. Nos olvidamos de Núñez de Arce cuando dijo:
Cuando un pueblo olvida sus virtudes, lleva en sus propios vicios su tirano.
Adiós. Éste es mi último adiós. Y dile a todos mis compatriotas que yo perdono con los brazos en cruz sobre mi pecho, para que me perdonen todo el mal que he hecho.
Miguel Ángel Quevedo",2025-12-21T03:54:49Z,2025-12-21T03:54:49Z,1,0,youtube,2026-04-05T13:39:34.755345
bHtI3lCm8wU,Economia y Desarrollo,¿Cómo FIDEL CASTRO acabó con la economía de CUBA?,es,Alta,UgxcbTs__Fx95VVjYTl4AaABAg,,0,@_yk9ch9hw5q,"Cuba estaba mejor con Batista. Batista trajo prosperidad y modernidad a Cuba. Castro solo destrucción y atraso. Ahora los cubanos lamentan el cambio, porque además, tienen menos libertades",2025-12-20T23:08:28Z,2025-12-20T23:08:28Z,1,0,youtube,2026-04-05T13:39:34.755350
bHtI3lCm8wU,Economia y Desarrollo,¿Cómo FIDEL CASTRO acabó con la economía de CUBA?,es,Alta,UgxdMPAQHNYoRVTsVid4AaABAg,,0,@carlosdanielvegaramos6728,"Uy si castro, nada tienen que ver los estados unidos con la situación actual de cuba, verdad? 😂😂😂 Estos adoctrinados por CNN cuando no 🤡",2025-12-20T23:02:52Z,2025-12-20T23:02:52Z,0,0,youtube,2026-04-05T13:39:34.755355
bHtI3lCm8wU,Economia y Desarrollo,¿Cómo FIDEL CASTRO acabó con la economía de CUBA?,es,Alta,UgyPIcQEYlW3XmNkv0x4AaABAg,,0,@_yk9ch9hw5q,La revolución lo empeoró todo porque degeneró pronto en tiranía estalinista comunista y Fidel Castro de líder pasó a ser un tirano,2025-12-20T17:57:38Z,2025-12-20T17:57:38Z,1,0,youtube,2026-04-05T13:39:34.755359
bHtI3lCm8wU,Economia y Desarrollo,¿Cómo FIDEL CASTRO acabó con la economía de CUBA?,es,Alta,UgxoTQ-DD_Qsfqo9S554AaABAg,,0,@emilymontano9555,La revolución no fue para mejorar? Y los que murieron? No sirvió la revolución?😊,2025-12-20T15:27:14Z,2025-12-20T15:27:14Z,0,0,youtube,2026-04-05T13:39:34.755365
bHtI3lCm8wU,Economia y Desarrollo,¿Cómo FIDEL CASTRO acabó con la economía de CUBA?,es,Alta,UgwBLXJklqlFYyz3d6R4AaABAg,,0,@_yk9ch9hw5q,"Destruyó a toda la nación cubana, no solo la economía, hay cosas que destruyó mas, su gobierno fue desastroso para Cuba. Saldo negativo, mas allá de la propaganda castrista que ya ni le funciona.",2025-12-20T14:17:45Z,2025-12-20T14:17:45Z,1,0,youtube,2026-04-05T13:39:34.755370
bHtI3lCm8wU,Economia y Desarrollo,¿Cómo FIDEL CASTRO acabó con la economía de CUBA?,es,Alta,Ugxu2b4rhSBFSTcF3lJ4AaABAg,,0,@JoséluisEscalona-v9c,"😂 jajajaja, verdad 😮",2025-12-18T14:19:08Z,2025-12-18T14:19:08Z,0,0,youtube,2026-04-05T13:39:34.755374
bHtI3lCm8wU,Economia y Desarrollo,¿Cómo FIDEL CASTRO acabó con la economía de CUBA?,es,Alta,Ugw3n2xMg39f6WJcmHx4AaABAg,,0,@maryrocha3869,Los socialistas tiene delirio de Reyes solo quieren tener súbditos pero que nadie este mejor que ellos.,2025-12-18T00:17:43Z,2025-12-18T00:17:43Z,1,0,youtube,2026-04-05T13:39:34.755379
bHtI3lCm8wU,Economia y Desarrollo,¿Cómo FIDEL CASTRO acabó con la economía de CUBA?,es,Alta,UgxdKPzEpmLpfacNDxx4AaABAg,,0,@_yk9ch9hw5q,"Le dan mucha importancia al aspecto económico, y no toman en cuenta que el tirano Fidel Castro destruyó TODA LA NACIÓN CUBANA. Cuba es hoy una ruina de país, un Estado fallido.",2025-12-17T22:26:04Z,2025-12-17T22:26:04Z,2,0,youtube,2026-04-05T13:39:34.755384
bHtI3lCm8wU,Economia y Desarrollo,¿Cómo FIDEL CASTRO acabó con la economía de CUBA?,es,Alta,UgyPdzSI0Mrg2S9OPvB4AaABAg,,0,@JaimeMéndez-m9k,"Mientras exista un pueblo sometido por la corrupción en pobreza. Ni capitalismo, ni socialismo, ni comunismo.",2025-12-17T19:00:30Z,2025-12-17T19:00:30Z,0,0,youtube,2026-04-05T13:39:34.755388
bHtI3lCm8wU,Economia y Desarrollo,¿Cómo FIDEL CASTRO acabó con la economía de CUBA?,es,Alta,Ugwg94dxPSSewJ2hkCl4AaABAg,,0,@_yk9ch9hw5q,"El tirano Fidel Castro cuando hablaba de la ""revolución"" realmente se refería a su tiranía. El pueblo cubano no entraba en su concepto de su ""revolución"", esos eran solo esclavos. No por gusto su padre el gallego Angel Castro nunca quiso la libertad de los cubanos y luchó contra los mambises. El tirano Fidel Castro hizo suyo el legado de sumisión de los cubanos que aprendió de su padre.",2025-12-16T23:00:14Z,2025-12-16T23:00:14Z,1,0,youtube,2026-04-05T13:39:34.755393
bHtI3lCm8wU,Economia y Desarrollo,¿Cómo FIDEL CASTRO acabó con la economía de CUBA?,es,Alta,UgwJZ6OGAxA6NAo5dPF4AaABAg,,0,@_yk9ch9hw5q,"El tirano Fidel Castro ya desde antes de 1959 en una carta a su amante, le dijo que si llegaba al poder le haría una guerra personal a los EEUU, asi que ya desde antes de 1959 la tiranía castrista es enemiga de los EEUU, como lo mostraron las acciones posteriores de robo de empresas y propiedades norteamericanas en Cuba y la alianza con los enemigos de EEUU, asi como el fomento de la subversión el terrorismo contra gobierno aliados de EEUU en América Latina. Por lo tanto los EEUU tienen que tratar a la tiranía castrista siempre como su enemiga, las estupideces de Obama, Carter y Kennedy hacia la tiranía castrista no debieran repetirse. Nada de tratos ni negociaciones con la tiranía castrista, que siempre busca como oxigenarse. Es una lástima que el mediocre embargo actual no fuese convertido en un verdadero bloqueo.",2025-12-16T22:56:52Z,2025-12-16T22:56:52Z,1,0,youtube,2026-04-05T13:39:34.755397
bHtI3lCm8wU,Economia y Desarrollo,¿Cómo FIDEL CASTRO acabó con la economía de CUBA?,es,Alta,UgxlKmihqsSy0evi5kN4AaABAg,,0,@ArianneRivero-n3b3e,Es impresionante como ese hombre con tanto daño que hizo no pago con cárcel.....y menos los que están siguiendo el legado...ruina y muero,2025-12-16T21:57:24Z,2025-12-16T21:57:24Z,0,0,youtube,2026-04-05T13:39:34.755402
bHtI3lCm8wU,Economia y Desarrollo,¿Cómo FIDEL CASTRO acabó con la economía de CUBA?,es,Alta,UgyqSvII35SlYfNs_eB4AaABAg,,0,@gregorioreyes4589,"Esos ingresos eran engañosos, quedaban para los mafiosos, y había mucha pobreza en el campo.
El ""compañero"" Fidel sólo prometió una revolución y  eso es exactamente lo que les dió...
El resto es historia....",2025-12-16T18:56:49Z,2025-12-16T18:56:49Z,0,0,youtube,2026-04-05T13:39:34.755407
bHtI3lCm8wU,Economia y Desarrollo,¿Cómo FIDEL CASTRO acabó con la economía de CUBA?,es,Alta,Ugzm_CoX9-OD_kp-dfJ4AaABAg,,0,@_yk9ch9hw5q,Mas bien acabó con toda la nación cubana,2025-12-16T08:45:58Z,2025-12-16T08:45:58Z,2,0,youtube,2026-04-05T13:39:34.755411
bHtI3lCm8wU,Economia y Desarrollo,¿Cómo FIDEL CASTRO acabó con la economía de CUBA?,es,Alta,Ugyd-vqKGNpQ5UtG3zp4AaABAg,,0,@daniela-ti5yy,Y aqui el pc rindiéndole culto a Fidel y al che guevara xd,2025-12-15T20:29:03Z,2025-12-15T20:29:03Z,0,0,youtube,2026-04-05T13:39:34.755416
bHtI3lCm8wU,Economia y Desarrollo,¿Cómo FIDEL CASTRO acabó con la economía de CUBA?,es,Alta,UgxkVg6ZKkGvAHdWxp94AaABAg,,0,@_yk9ch9hw5q,"Además de separarlas con sus “leyes” y sanciones migratorias, el tirano Fidel Castro sembró un mar de luto a las familias cubanas, que antes de 1959 siempre se mantenían unidas, es el régimen mas sangriento que ha padecido Cuba en toda su historia. Cuba castrista participó en guerras en África y en otros países, en las cuales nunca debió participar, el tirano Fidel Castro despilfarró multimillonarios recursos allí. Los cubanos fueron enviados inútilmente a morir, entre otros países, a Etiopía y a s, y no queríamos estar allí, pero teníamos que ir o a nosotros nos expulsaban del centro de estudios o del trabajo, y nuestra familia quedaba marcada, por eso mucha gente buscó escaparse de Cuba en 1980 con la crisis migratoria del Mariel. Miles de cubanos (2,655 según la falseadas cifras castristas) murieron en esa guerra que duró unos 14 años, en dos países que en nada han agradecido a Cuba, el tirano que apoyó la tiranía castrista en Etiopía tuvo que huir ante un levantamiento popular años más tarde, y la hija del presidente angolano hoy día es la mujer mas rica de África, así que miren cuánto robó. Que tristeza, cuántas familias se llenaron de luto en Cuba por culpa de las obsesiones mesiánicas del difunto tirano Fidel Castro. Hoy Cuba se debate en la miseria de ese pueblo que fue a esas guerras, y ninguno de esos países africanos hace nada solidario en materia económica por el pueblo de Cuba. Los cubanos vivían espantados cada vez que tocaban a la puerta de su casa, pensando que podía ser un citatorio del Comité Militar para ir a esas guerras. Muchos que pudieron regresar con vida, tuvieron secuelas de traumas sicológicos por mucho tiempo, y algunos se refugiaron en el alcohol. Oros quedaron lisiados. El tirano Fidel Castro y la tiranía castrista tienen un juicio pendiente por ese motivo, ante el pueblo cubano.",2025-12-15T12:45:03Z,2025-12-15T12:45:03Z,1,0,youtube,2026-04-05T13:39:34.755421
bHtI3lCm8wU,Economia y Desarrollo,¿Cómo FIDEL CASTRO acabó con la economía de CUBA?,es,Alta,UgziZtUfqF_sSkkURlR4AaABAg,,0,@KIKIT32,"En pocas palabras, bajo el gobierno de nayib y los de nuevas ideas, huyeron la mayoria. 

Y todavía la gente pide pruebas de la corrupción del clan bukele",2025-12-15T05:33:13Z,2025-12-15T05:33:13Z,0,0,youtube,2026-04-05T13:39:34.755426
bHtI3lCm8wU,Economia y Desarrollo,¿Cómo FIDEL CASTRO acabó con la economía de CUBA?,es,Alta,UgyWhKxVqoWtOliS3EJ4AaABAg,,0,@Jairo-b5s,Pero los castro son millonarios maduro y petro tambien,2025-12-14T23:35:59Z,2025-12-14T23:35:59Z,2,0,youtube,2026-04-05T13:39:34.755431
bHtI3lCm8wU,Economia y Desarrollo,¿Cómo FIDEL CASTRO acabó con la economía de CUBA?,es,Alta,UgwMAZpomgk7M5N43nd4AaABAg,,0,@Georgio-i5v,"Y para todos esos""sucialistas"" la culpa la tiene el bloqueo comercial pero el poder politico dictatorial y autoritario ni en broma mencionan cambiarlo para promover una apertura y elecciones libres...ellos sueltan la flatulencia pero solo el pueblo es el que la huele...",2025-12-14T21:58:51Z,2025-12-14T21:58:51Z,0,0,youtube,2026-04-05T13:39:34.755435
bHtI3lCm8wU,Economia y Desarrollo,¿Cómo FIDEL CASTRO acabó con la economía de CUBA?,es,Alta,UgwHLsIu3J7wOVmBijF4AaABAg,,0,@dagoz1386,"Los ""lideres"" cubanos se quedaron congelados en el tiempo, luchando contra un enemigo imaginario, igual que Corea del Norte",2025-12-14T17:33:26Z,2025-12-14T17:33:26Z,0,0,youtube,2026-04-05T13:39:34.755440
bHtI3lCm8wU,Economia y Desarrollo,¿Cómo FIDEL CASTRO acabó con la economía de CUBA?,es,Alta,UgzKd1IgW6CxaAGdzfl4AaABAg,,0,@CessarAlberto,"Primero los mantenía la union sovietica,despues Venezuela,nunca progresaron x si mismos,le queda poco tiempo al regimen",2025-12-14T13:28:26Z,2025-12-14T13:28:26Z,1,0,youtube,2026-04-05T13:39:34.755445
bHtI3lCm8wU,Economia y Desarrollo,¿Cómo FIDEL CASTRO acabó con la economía de CUBA?,es,Alta,UgwPoG9gTwat2ypl7eF4AaABAg,,0,@CessarAlberto,"Cuando castro dijo economia planificada dijo comunismo,lo dijo desde el principio y lo hizo desdecel principio",2025-12-14T13:24:43Z,2025-12-14T13:24:43Z,1,0,youtube,2026-04-05T13:39:34.755450
bHtI3lCm8wU,Economia y Desarrollo,¿Cómo FIDEL CASTRO acabó con la economía de CUBA?,es,Alta,Ugw45KBivaAhveCc_Ux4AaABAg,,0,@maurogomez1585,"GARBAGE IN, GARBAGE OUT POLITICAL SYSTEM.",2025-12-14T12:02:52Z,2025-12-14T12:02:52Z,0,0,youtube,2026-04-05T13:39:34.755455
bHtI3lCm8wU,Economia y Desarrollo,¿Cómo FIDEL CASTRO acabó con la economía de CUBA?,es,Alta,Ugz0VQAIgykQx8RMCcl4AaABAg,,0,@xiomaraortega1073,Y como no se dieron de cuenta estaban ciegos surdos mudos o que con esa cara de asqueroso😂 que tenia ese viejo y pensaron que les iban a dar una vida de lujos nada mas el lenguaje corporal lo dice todo los cubanos hicieron su propia tumba,2025-12-13T11:56:08Z,2025-12-13T11:56:08Z,0,0,youtube,2026-04-05T13:39:34.755460
bHtI3lCm8wU,Economia y Desarrollo,¿Cómo FIDEL CASTRO acabó con la economía de CUBA?,es,Alta,UgymNz4dNEt_XE8fmSp4AaABAg,,0,@_yk9ch9hw5q,"Bajo el yugo del tirano Fidel Castro y el castrocomunismo, junto a la escasez de comida, transporte y electricidad, el otro problema que más ha afectado a los cubanos es el de la vivienda. La construcción de viviendas es uno de los mayores fracasos de la tiranía castrista. Hoy el déficit habitacional de los cubanos es mucho mayor que el de antes de 1959, no solo por la falta de construcción de vivienda desde los años ochenta, sino porque las que existen carecen de mantenimiento y cada vez hay más derrumbes en Cuba. Hay personas viviendo en casas de cartón, y la mayoría de las familias viven hacinadas porque no hay adónde irse a vivir cuando contraes matrimonio y formas tu propia familia. De hecho, la otrora elegante y cada vez más floreciente Habana, una de las capitales más hermosas de América antes de 1959, parece una ciudad bombardeada (excepto en las zonas turísticas). Solo se han construido hoteles (principalmente de lujo) para el turismo extranjero, muchos de ellos de lujo cuyas habitaciones nunca han sido ocupadas pues el turismo que va a Cuba es barato, principalmente buscando sexo fácil en el turismo sexual castrista. La carencia de materiales de construcción (pese a que Cuba siempre tuvo una industria de materiales de construcción) a partir de los años ochenta obedece a que la tiranía castrista los ha destinado a construir hoteles para el turismo internacional y han sido acaparados por el consorcio militar GAESA, además de las demencias belicosas del difunto tirano Fidel Castro, que los ha destinado para construir lo que llamó eufemísticamente “túneles populares” para su supuesta posible guerras contra EEUU (todo un gigantesco despilfarro de materiales de construcción) o a construir en otros países hospitales y hasta aeropuertos (como el de Granada en tiempos de Bishop) para satisfacer sus obsesiones ególatras de ser visto como un mesías internacional del tercer mundo, patología esa de la que siempre padeció.",2025-12-13T02:11:40Z,2025-12-13T02:11:40Z,1,0,youtube,2026-04-05T13:39:34.755467
bHtI3lCm8wU,Economia y Desarrollo,¿Cómo FIDEL CASTRO acabó con la economía de CUBA?,es,Alta,UgxGT-85CLfbxXm1rrV4AaABAg,,0,@_yk9ch9hw5q,"¿Por qué nunca hablan de los multimillonarios recursos que l tirano Fidel Castro recibió durante tres décadas de la URSS y con los cuales cualquier país se hubiera desarrollado de no haber sido despilfarrados por él en promover terrorismo y subversión, en participar en guerras en África y en hacer construcciones civiles en otros países, todo por su obsesión megalomaníaca de vender una imagen de mesías tercermundista, mientras Cuba se caía a pedazos",2025-12-13T01:14:52Z,2025-12-13T01:14:52Z,2,0,youtube,2026-04-05T13:39:34.755471
bHtI3lCm8wU,Economia y Desarrollo,¿Cómo FIDEL CASTRO acabó con la economía de CUBA?,es,Alta,UgzYad1aE2UnqOgQlRp4AaABAg,,0,@Cristinaneira-yu7tm,Fidel Castro dio el ejemplo para que también acabarán con Venezuela y ahora con Colombia. Que dolor,2025-12-12T19:34:08Z,2025-12-12T19:34:08Z,0,0,youtube,2026-04-05T13:39:34.755477
bHtI3lCm8wU,Economia y Desarrollo,¿Cómo FIDEL CASTRO acabó con la economía de CUBA?,es,Alta,Ugzs6S1QrbPbiuzoNfR4AaABAg,,0,@_yk9ch9hw5q,"Los wokillos rojizurdetes procastristas extranjeros nunca se han ido a vivir a Cuba, ellos adoran mercenaria-miente a la tiranía Castrista y al tirano Fidel Castro, pero a control remoto desde el capitalismo, no les importa el pueblo cubano y su carencia de libertades sometido al yugo castrista, lo que les importa es satisfacer su psicopático sentimiento antinorteamericano que tanto el tirano Fidel Castro promovió entre bobalicones fanáticos (de otros países, porque entre los cubanos tuvo el efecto contrario, ahora adoran mas a los EEUU que antes de 1959), lo suyo no es solidaridad con los cubanos de a pie, es odio enfermizo hacia los EEUU. El comunismo es una ideología basada en el odio.",2025-12-12T17:58:37Z,2025-12-12T17:58:37Z,2,0,youtube,2026-04-05T13:39:34.755481
bHtI3lCm8wU,Economia y Desarrollo,¿Cómo FIDEL CASTRO acabó con la economía de CUBA?,es,Alta,Ugyh_xSmqfiG1AJIbHl4AaABAg,,0,@_yk9ch9hw5q,"El tirano Fidel Castro despilrfarró en tratar de vender su imagen mesiánica, los multimillonarios recursos que por tres décadas recibió de la exURSS, además de administrar mal la economía de Cuba, y he ahí las consecuencias. El resto de su destrucción es el resultado de la manera totalitaria y voluntarista, sin rendir cuentas a nadie y sin permitir objeciones, con la que dirigió a Cuba.",2025-12-12T17:49:48Z,2025-12-12T17:49:48Z,1,0,youtube,2026-04-05T13:39:34.755486
bHtI3lCm8wU,Economia y Desarrollo,¿Cómo FIDEL CASTRO acabó con la economía de CUBA?,es,Alta,Ugw2h6amSZm0B9Nn96V4AaABAg,,0,@rescatandoasophia,Yo lo unico que veo es que si no le comes a la potencia la misma potencia te vuelve mierda,2025-12-12T12:08:46Z,2025-12-12T12:08:46Z,0,0,youtube,2026-04-05T13:39:34.755491
bHtI3lCm8wU,Economia y Desarrollo,¿Cómo FIDEL CASTRO acabó con la economía de CUBA?,es,Alta,UgxFQ7GKLFxarNIziq94AaABAg,,0,@_yk9ch9hw5q,"Cuba después de 1959 tuvo un mediocre embargo (no bloqueo, ojalá lo hubiera sido desde un inicio) pero no olvidemos que tuvo durante tres décadas un multimillonario subsidio de la exURSS (y un comercio en condiciones ventajosas con Europa del este) que nunca tuvo Batista. Con Batista la economía crecía aceleradamente pero no parasitando de otros países como hizo el tirano Fidel Castro, sino atrayendo inversiones de muchos países y especialmente de los EEUU debido a las garantías para invertir que había en Cuba para los inversionistas nacionales y extranjeros (no se les robaba las empresas y propiedades ajenas como hizo Castro), y Batista supo aprovechar cada dólar que entró en hacer enormes obras de infraestructura como la Plaza Cívica (que Castro renombró como ""de la revolución"") y todos los edificios que le rodean, o el Banco Nacional de Cuba (que luego Castro convirtiera en el Hospital Ameijeiras) o el Puente de Bacunayagua, o el túnel de La Habana y la autopista Monumental que conecta a La Habana con Matanzas, o la Ciudad Deportiva con su hermoso Coliseo (tan usado por la tiranía castrista), la Vía Blanca, etc etc etc. El tirano Fidel Castro no hizo ninguna gran obra para el pueblo de Cuba, solo hizo el ""pedraplén"" (luego carretera) que unió a Cuba con algunos cayos, robando espacios al mar y alterando así toda la ecología de la región, y no era para el pueblo de Cuba sino para el turismo de ricos. Por demás, con Batista la moneda cubana tuvo su mayor valor frente al dólar, algo que refleja la fortaleza de la economía bajo su gobierno. Mientras, Fidel Castro despilfarró el multimillonario subsidio de la URSS en vender su imagen promoviendo terrorismo en Latam y participando en guerras en África, por lo cual ahora Cuba tiene la mas alta deuda externa de su historia (recordemos el juicio en Londres) por lo cual ni sus aliados ya quieren prestarle, tiene que regalar pedazos de la isla a unos y a otros para pagar.",2025-12-12T02:36:39Z,2025-12-12T02:36:39Z,1,0,youtube,2026-04-05T13:39:34.755496
bHtI3lCm8wU,Economia y Desarrollo,¿Cómo FIDEL CASTRO acabó con la economía de CUBA?,es,Alta,UgyKNSqhY_sDb_OpLiN4AaABAg,,0,@eduardosarabiamonforte339,En resumen se necesita muchos BUKELE Y MUCHOS GENERAL FRANCO PARA EXTERMINAR EL CÁNCER DEL COMUNISMO,2025-12-11T11:50:40Z,2025-12-11T11:50:40Z,1,0,youtube,2026-04-05T13:39:34.755500
bHtI3lCm8wU,Economia y Desarrollo,¿Cómo FIDEL CASTRO acabó con la economía de CUBA?,es,Alta,UgxaNfGYqQcLiaHVKUp4AaABAg,,0,@_yk9ch9hw5q,"No fue solo la economía, destruyó a toda Cuba como NACIÓN.",2025-12-11T02:08:29Z,2025-12-11T02:08:29Z,1,0,youtube,2026-04-05T13:39:34.755505
bHtI3lCm8wU,Economia y Desarrollo,¿Cómo FIDEL CASTRO acabó con la economía de CUBA?,es,Alta,Ugxp76Hiy7t6JK5c4kB4AaABAg,,0,@chrisreyes2813,México siguiendo sus pasos,2025-12-10T23:00:28Z,2025-12-10T23:00:28Z,1,0,youtube,2026-04-05T13:39:34.755510
bHtI3lCm8wU,Economia y Desarrollo,¿Cómo FIDEL CASTRO acabó con la economía de CUBA?,es,Alta,UgzjF62dN_RoHBmrg8B4AaABAg,,0,@_yk9ch9hw5q,"El tirano Fidel Castro al estatizar la economía robando las empresas a sus dueños, destruyó el tejido productivo de Cuba, y nunca supo administrarlas luego, hasta sectores tan básicos como los agropecuarios y de la pesca, que debían dar de comer al pueblo, fueron destruidos y por eso la hambruna generalizad de hoy",2025-12-10T17:19:41Z,2025-12-10T17:19:41Z,1,0,youtube,2026-04-05T13:39:34.755514
bHtI3lCm8wU,Economia y Desarrollo,¿Cómo FIDEL CASTRO acabó con la economía de CUBA?,es,Alta,Ugz11luV4irFOvvC7hd4AaABAg,,0,@leonardoalbarran3623,Los cubanos pensaron que si el trabajo se convertía en un derecho vivirían del estado sin trabajar y ahora sus descendientes de mueren de hambre,2025-12-09T15:00:20Z,2025-12-09T15:00:20Z,0,0,youtube,2026-04-05T13:39:34.755519
bHtI3lCm8wU,Economia y Desarrollo,¿Cómo FIDEL CASTRO acabó con la economía de CUBA?,es,Alta,UgzVXA7HX052UNjaK9h4AaABAg,,0,@funxjmm,MIren el espejo que nos espera sí queda elegido el candidato comunista Iván Cepeda.,2025-12-09T01:07:17Z,2025-12-09T01:07:17Z,0,0,youtube,2026-04-05T13:39:34.755523
bHtI3lCm8wU,Economia y Desarrollo,¿Cómo FIDEL CASTRO acabó con la economía de CUBA?,es,Alta,UgwF5XQYV3dYEAvyh1B4AaABAg,,0,@CarlosVazquez-h2u,Aaa no fue el enbargo entonses fui.yo,2025-12-08T02:30:37Z,2025-12-08T02:30:37Z,0,0,youtube,2026-04-05T13:39:34.755528
bHtI3lCm8wU,Economia y Desarrollo,¿Cómo FIDEL CASTRO acabó con la economía de CUBA?,es,Alta,UgxrDod9ZXF_d53gkZl4AaABAg,,0,@_yk9ch9hw5q,"Hay países en los que hay ricos, clase media y pobres. El comunismo ha logrado algo que ninguna otra ideología logró; la igualdad. Consiguió que ya no hubieran ni ricos ni clase media. Ahora todos pobres. La igualdad como meta. La pobreza como resultado. No es una opinión. Es un hecho.",2025-12-08T02:13:58Z,2025-12-08T02:13:58Z,2,0,youtube,2026-04-05T13:39:34.755533
bHtI3lCm8wU,Economia y Desarrollo,¿Cómo FIDEL CASTRO acabó con la economía de CUBA?,es,Alta,UgwngkTh2S70NWpbx0F4AaABAg,,0,@_yk9ch9hw5q,"En la carretera a Cayo Coco todavía se puede ver la pancarta con la orden de Fidel Castro que dio inicio a una de las mayores catástrofes ecológicas en Cuba. El tirano Fidel Castro dijo: “Aquí hay que tirar piedras sin mirar para alante”, fue lo que dispuso el dictador en los umbrales de la década de los 80 cuando aún no se escuchaba hablar de inversión extranjera ni se avizoraba la crisis económica de los años 90, como consecuencia de la caída del comunismo en Europa del Este. En aquel entonces, con los parasitarios recursos de los soviéticos a su disposición, el antojo del caudillo totalitario fue construir improvisadamente un pedraplén sobre el mar que uniera Turiguanó, en Ciego de Ávila, con los cayos Coco y Guillermo, a más de 60 kilómetros de tierra firme. Ocuparía y contaminaría miles de kilómetros cuadrados de humedales. Desaparecería y pondría en riesgo cientos de animales y plantas endémicos, más los sitios de reproducción de muchas especies migratorias, pero se haría su voluntad “al precio que fuera necesario”. En 1983, sin estudios previos sobre el impacto ambiental que tendría la construcción del vial, comenzó el vertimiento al mar de toneladas de piedras y áridos extraídos tanto de canteras de tierra firme como de los propios cayos. Siguieron destruyendo los cayos, los llenaron de carreteras, hasta llegaron a exportar miles de flamencos de los cayos para zoológicos de todo el mundo y para compradores privados. Le prometió a los obreros avileños que eso era para su disfrute, pero fue otra de sus muchas mentiras al pueblo, solo se ha usado para turismo internacional al cual el pueblo no tiene acceso y de hecho, ni pasar a esos cayos se le permite a los cubanos. Por cierto, el tirano Fidel Castro tenía su más querida propiedad en Matanzas, en un islote conocido como Cayo Piedra, a donde solía viajar acompañado de su familia. Disfrutaba a bordo de su yate personal, el Aquarama, gustaba pescar langostas (según el propio García Márquez que tan “amigo” suyo era), un producto que en la mesa de los cubanos nunca se ve, solo se vende en los restaurantes al turismo internacional. La libre venta de langosta dentro de Cuba ha estado prohibida por la tiranía castrista, igual que la de carne de res.",2025-12-08T02:13:48Z,2025-12-08T02:13:48Z,1,0,youtube,2026-04-05T13:39:34.755538
bHtI3lCm8wU,Economia y Desarrollo,¿Cómo FIDEL CASTRO acabó con la economía de CUBA?,es,Alta,UgzXSgUOaIcQsENBSLZ4AaABAg,,0,@marTinibebe123,"Venezuela le ha regalado 80 mil millones de dólares a Cuba, 😮los venezolanos pasando trabajo en otros países , que desgracia",2025-12-07T01:37:07Z,2025-12-07T01:37:07Z,1,0,youtube,2026-04-05T13:39:34.755542
bHtI3lCm8wU,Economia y Desarrollo,¿Cómo FIDEL CASTRO acabó con la economía de CUBA?,es,Alta,UgzqXVXQyJ3_04covGh4AaABAg,,0,@OmarOmar-g3q4p,"Eso del socialismo y comunismo  me suena  familiar en estos tiempos , lo que hacen es destruir los países y las vidas  ,llegan como salvadores y ,terminan siendo peores",2025-12-06T23:42:38Z,2025-12-06T23:42:38Z,1,0,youtube,2026-04-05T13:39:34.755548
bHtI3lCm8wU,Economia y Desarrollo,¿Cómo FIDEL CASTRO acabó con la economía de CUBA?,es,Alta,UgxE-LA1Zm00rWMbz-p4AaABAg,,0,@capibara-sistema-de-reservas,que se jodan,2025-12-06T19:00:47Z,2025-12-06T19:00:47Z,0,0,youtube,2026-04-05T13:39:34.755553
bHtI3lCm8wU,Economia y Desarrollo,¿Cómo FIDEL CASTRO acabó con la economía de CUBA?,es,Alta,UgwF99YjRtaOOrOmuyJ4AaABAg,,0,@yeseniasarmiento4961,Me suena como lo que estoy a ocurriendo actualmente en México,2025-12-06T18:41:52Z,2025-12-06T18:41:52Z,10,4,youtube,2026-04-05T13:39:34.755558
bHtI3lCm8wU,Economia y Desarrollo,¿Cómo FIDEL CASTRO acabó con la economía de CUBA?,es,Alta,UgwF99YjRtaOOrOmuyJ4AaABAg.AQPB9_ajA8oAQWVmWzLLan,UgwF99YjRtaOOrOmuyJ4AaABAg,1,@leonardoalbarran3623,No hay nacionalizaciones pero si demagogia nacionalista y populismo,2025-12-09T14:56:46Z,2025-12-09T14:56:46Z,0,0,youtube,2026-04-05T13:39:34.755568
bHtI3lCm8wU,Economia y Desarrollo,¿Cómo FIDEL CASTRO acabó con la economía de CUBA?,es,Alta,UgwF99YjRtaOOrOmuyJ4AaABAg.AQPB9_ajA8oAR8SAvxg5VO,UgwF99YjRtaOOrOmuyJ4AaABAg,1,@MUNDOCINEREVIEW,"si, pero espero que paren a morena por que para aya vamos.",2025-12-25T03:14:54Z,2025-12-25T03:14:54Z,0,0,youtube,2026-04-05T13:39:34.755573
bHtI3lCm8wU,Economia y Desarrollo,¿Cómo FIDEL CASTRO acabó con la economía de CUBA?,es,Alta,UgwF99YjRtaOOrOmuyJ4AaABAg.AQPB9_ajA8oARLFdpoVd0e,UgwF99YjRtaOOrOmuyJ4AaABAg,1,@ryansmith3987,@MUNDOCINEREVIEWtienen 7 años diciendo eso y nada más no pasa jajajaja. No le crean todo lo que les dice Loret de Mola.,2025-12-30T02:35:31Z,2025-12-30T02:35:31Z,3,0,youtube,2026-04-05T13:39:34.755577
bHtI3lCm8wU,Economia y Desarrollo,¿Cómo FIDEL CASTRO acabó con la economía de CUBA?,es,Alta,UgwF99YjRtaOOrOmuyJ4AaABAg.AQPB9_ajA8oARhjdsfR6ZF,UgwF99YjRtaOOrOmuyJ4AaABAg,1,@Sparpol,"​@ryansmith3987Eso decía el Pueblo Venezolano en la época de Chávez que no ""había dictadura""
Lo que hizo Morena con el INE es una prueba de que están metiendo mano de manera gradúal. Que no haya oposición en el congreso ya es una mala señal",2026-01-08T05:28:56Z,2026-01-08T05:28:56Z,0,0,youtube,2026-04-05T13:39:34.755581
bHtI3lCm8wU,Economia y Desarrollo,¿Cómo FIDEL CASTRO acabó con la economía de CUBA?,es,Alta,UgzD8Spg5--LMyyqJhd4AaABAg,,0,@izazac9962,Por ese camino va Mexico con Claudia Cobrador 😢😢😢,2025-12-06T13:36:35Z,2025-12-06T13:36:35Z,0,0,youtube,2026-04-05T13:39:34.755586
bHtI3lCm8wU,Economia y Desarrollo,¿Cómo FIDEL CASTRO acabó con la economía de CUBA?,es,Alta,Ugwf3tMXajqLxzqX0EJ4AaABAg,,0,@_yk9ch9hw5q,"Cuba es una inspiración del camino que no debe seguirse en Latinoamérica, para no terminar arruinada, destruida y sin libertades ciudadanas. Por eso Honduras y Bolivia mandaron al castrochavismo al basurero y seguro pronto también Chile. Que bueno que Cuba deja la enseñanza de cómo los pueblos pueden terminar bajo el yugo opresor de una tiranía comunista y un cacique megalómano al frente.",2025-12-05T18:37:27Z,2025-12-05T18:37:27Z,1,0,youtube,2026-04-05T13:39:34.755591
bHtI3lCm8wU,Economia y Desarrollo,¿Cómo FIDEL CASTRO acabó con la economía de CUBA?,es,Alta,UgxUxQzWrsMLj4aVknd4AaABAg,,0,@PercyhugoAlvaValdivia,"Antes Cuba exportaba azúcar, hoy escasea este producto por culpa del comunismo",2025-12-05T03:36:49Z,2025-12-05T03:36:49Z,0,0,youtube,2026-04-05T13:39:34.755596
bHtI3lCm8wU,Economia y Desarrollo,¿Cómo FIDEL CASTRO acabó con la economía de CUBA?,es,Alta,UgyA3P-1FwSp11pJr-94AaABAg,,0,@AntonioGarciBa,"El socialismo y comunismo deben de prohibirse, tantos ejemplos que han existido y todos han fracasado",2025-12-04T22:08:54Z,2025-12-04T22:08:54Z,0,0,youtube,2026-04-05T13:39:34.755600
bHtI3lCm8wU,Economia y Desarrollo,¿Cómo FIDEL CASTRO acabó con la economía de CUBA?,es,Alta,Ugzb9THugSYyFwqBeZ14AaABAg,,0,@valentinortega7591,Mentiras chupa medias de ee uu,2025-12-04T21:30:21Z,2025-12-04T21:30:21Z,0,0,youtube,2026-04-05T13:39:34.755605
bHtI3lCm8wU,Economia y Desarrollo,¿Cómo FIDEL CASTRO acabó con la economía de CUBA?,es,Alta,UgwtcHylmD-hKjclQMt4AaABAg,,0,@AlejandroAriza-w7r,"La economía de cuba no la acabo Fidel , la economía de cuba fue destruida por el bloqueo gringo, no engañe a la gente no sea mentiroso. Batista era un perro dictador al que se debía derrocar.",2025-12-03T20:04:41Z,2025-12-03T20:04:41Z,0,1,youtube,2026-04-05T13:39:34.755610
bHtI3lCm8wU,Economia y Desarrollo,¿Cómo FIDEL CASTRO acabó con la economía de CUBA?,es,Alta,UgwtcHylmD-hKjclQMt4AaABAg.AQHbFWxZvrHAQuCoKinW-i,UgwtcHylmD-hKjclQMt4AaABAg,1,@botdeteilorsuif,Pendejazo nivel dios,2025-12-19T05:12:00Z,2025-12-19T05:12:00Z,0,0,youtube,2026-04-05T13:39:34.755615
bHtI3lCm8wU,Economia y Desarrollo,¿Cómo FIDEL CASTRO acabó con la economía de CUBA?,es,Alta,UgzDjn9T2ZWGOwV9Ag14AaABAg,,0,@aikadog7034,Escuchen pejezombies en México,2025-12-03T15:13:00Z,2025-12-03T15:13:00Z,0,0,youtube,2026-04-05T13:39:34.755619
bHtI3lCm8wU,Economia y Desarrollo,¿Cómo FIDEL CASTRO acabó con la economía de CUBA?,es,Alta,UgzUHw2LXHXnsbuz9p54AaABAg,,0,@dante5150,"Lo malo de los comunistas es q cuamdo llegan al poder,se convierten en lo q mas sodiaban... corruptos. Y diictadores....😂😂",2025-12-03T11:41:38Z,2025-12-03T11:50:29Z,1,0,youtube,2026-04-05T13:39:34.755624
bHtI3lCm8wU,Economia y Desarrollo,¿Cómo FIDEL CASTRO acabó con la economía de CUBA?,es,Alta,Ugzi4w5oMx9cAB2cl6R4AaABAg,,0,@_yk9ch9hw5q,"Las declaraciones de la viceministra de Salud Pública, Carilda Peña García, asegurando que el sistema sanitario cubano es “mejor que el de muchos países”, desataron una ola de indignación entre los cubanos dentro y fuera de la isla, justo cuando la crisis epidemiológica por dengue y chikungunya atraviesa uno de sus momentos más duros y ya va dejando un saldo devastador de 33 fallecidos, 21 de ellos menores de edad, según datos oficiales divulgados el lunes 1 de diciembre del 2025. La afirmación de la viceministra, realizada en una intervención televisiva en Canal Caribe, cayó como un golpe para miles de familias que llevan semanas denunciando hospitales desbordados, demoras en la atención, falta de medicamentos y un deterioro visible en las condiciones higiénico-sanitarias del país.",2025-12-03T04:00:54Z,2025-12-03T04:00:54Z,3,0,youtube,2026-04-05T13:39:34.755633
bHtI3lCm8wU,Economia y Desarrollo,¿Cómo FIDEL CASTRO acabó con la economía de CUBA?,es,Alta,Ugwx1ly1InDehjySRTt4AaABAg,,0,@PupisitoK,10k yei,2025-12-03T00:34:49Z,2025-12-03T00:34:49Z,0,0,youtube,2026-04-05T13:39:34.755638
bHtI3lCm8wU,Economia y Desarrollo,¿Cómo FIDEL CASTRO acabó con la economía de CUBA?,es,Alta,UgzPiv7TZA2T0y2gNVp4AaABAg,,0,@_yk9ch9hw5q,"Nada molesta mas a los esbirros castristas extranjeros que enfrentarse a la realidad que Cuba con Batista estuvo en su mejor momento económico, y tratan de insistir en que si el pueblo apoyó al tirano Fidel Castro fue por motivos económicos lo cual es falso, fue por motivos exclusivamente políticos. Las cifras económicas de los organismos internacionales de aquella época y que el peso cubano llegara a valer mas que el dólar, les desbarata sus argumentos. Y hasta a mentiras, moralismos hipócritas y exageraciones tratan de recurrir para intentar fundamentar sus argumentos. Pero 66 años de miseria y destrucción castrista les explotan en la cara.",2025-12-03T00:31:07Z,2025-12-03T00:31:07Z,1,0,youtube,2026-04-05T13:39:34.755643
bHtI3lCm8wU,Economia y Desarrollo,¿Cómo FIDEL CASTRO acabó con la economía de CUBA?,es,Alta,UgwE3uB3cFHGDT1EuoN4AaABAg,,0,@_yk9ch9hw5q,"EEUU nunca mantuvo a Cuba, solo tuvo tratados comerciales con los gobiernos anterior a 1959. Después de 1959, Cuba fue parásita de la URSS, cosa que nunca lo había sido con ningún país antes de 1959. Luego ha sido parásita de Venzuela y ahora pretende serlo de México con su presidenta comunista. La tiranía castrista convirtió a Cuba en una limosnera internacional con fama de mala pagadora de sus deudas, cosa que nunca pasó antes de 1959.",2025-12-02T22:58:21Z,2025-12-02T22:58:21Z,1,0,youtube,2026-04-05T13:39:34.755650
bHtI3lCm8wU,Economia y Desarrollo,¿Cómo FIDEL CASTRO acabó con la economía de CUBA?,es,Alta,UgyDZBjXgjB0uc6DNht4AaABAg,,0,@OrquestaValengo,"Nótese la manipulación del lenguaje: ""con USA son relaciones comerciales, con la URSS es dependencia""  Cuba es el claro ejemplo de depender económicamente exclusivamente de USA.",2025-12-02T14:56:31Z,2025-12-02T14:56:31Z,0,0,youtube,2026-04-05T13:39:34.755655
bHtI3lCm8wU,Economia y Desarrollo,¿Cómo FIDEL CASTRO acabó con la economía de CUBA?,es,Alta,UgxzxEVmjWzK9OcC1lN4AaABAg,,0,@_yk9ch9hw5q,"Nada molesta mas a los esbirros castristas extranjeros que enfrentarse a la realidad que Cuba con Batista estuvo en su mejor momento económico, y tratan de insistir en que si el pueblo apoyó al tirano Fidel Castro fue por motivos económicos lo cual es falso, fue por motivos exclusivamente políticos. Las cifras económicas de los organismos internacionales de aquella época y que el peso cubano llegara a valer mas que el dólar, les desbarata sus argumentos. Y hasta a mentiras, moralismos hipócritas y exageraciones tratan de recurrir para intentar fundamentar sus argumentos. Pero 66 años de miseria y destrucción castrista les explotan en la cara.",2025-12-02T02:26:52Z,2025-12-02T02:26:52Z,1,0,youtube,2026-04-05T13:39:34.755660
bHtI3lCm8wU,Economia y Desarrollo,¿Cómo FIDEL CASTRO acabó con la economía de CUBA?,es,Alta,UgyRLXVXlVDfsTJBoSt4AaABAg,,0,@_yk9ch9hw5q,"Ya la narcomafia que gobierna Cuba se sabe en su final asi que sus pataleos serán cada vez mayores para tratar de sobrevivir, los viejos discursos y clichés castristas del pasado saben que no les funcionan y que el odio y hastío que siente la mayoría del pueblo hacia ellos es enorme, por eso casi todos ya han preparado su plan B para su visa postiranía. La espantosa crisis epidemiológica solo se ha convertido en su Chernobil.",2025-12-02T02:24:23Z,2025-12-02T02:24:23Z,1,0,youtube,2026-04-05T13:39:34.755665
bHtI3lCm8wU,Economia y Desarrollo,¿Cómo FIDEL CASTRO acabó con la economía de CUBA?,es,Alta,UgzODST19te4Ca4kmox4AaABAg,,0,@gredink3268,"Básicamente lo que escuché en el video fue “Bésale los pies a Estados Unidos, o vas a terminar como Cuba” me encanta como de un canal a otro se omiten detalles, Batista tuvo apoyo militar de Estados Unidos, y Fidel Castro de LatinoAmerica principalmente en México, querían control total de la isla cuando llegó Fidel Castro inclusive también le dieron apoyo, pero como no se alineaba a ejes Capitalistas y estaba tan cerca de ellos como lo es latinoamerica, no podía permitir ver influencias Comunistas en Cuba. Me encanta como dices “los bloqueos económicos, no tiene nada que ver” cuando estadísticamente han matado a más 35 millones de personas a lo largo de los años en diferentes continentes.",2025-12-01T23:27:32Z,2025-12-01T23:27:32Z,0,0,youtube,2026-04-05T13:39:34.755669
bHtI3lCm8wU,Economia y Desarrollo,¿Cómo FIDEL CASTRO acabó con la economía de CUBA?,es,Alta,UgwFHnyZAJq7tyHSoql4AaABAg,,0,@JavierCostalesTorres-b1p,Para q cuba sea libre el gobierno de cuba debe desaparecer por completo y sacar toda dictadura q hay hoy en día…..el pueblo de cuba o sea las personas q viven hay como lo han echo siempre luchar por ser libre cuando el pueblo de cuba se unan por completo q dejen él miedo q le tienen al gobierno créanme q el gobierno de cuba van a coger miedo por q un pueblo unido jamás será vencido y si lo hacen todos juntos como lo han echo por décadas no hay nada ni nadie q los detengan a todos ustedes..el gobierno les teme a todos ustedes por q ellos saben q ustedes son muchos más poderosos  cuando están unidos un pueblo unido jamás serán vencidos y eso es lo q el gobierno tienen miedo….Tener a su población en contra de ellos….es por eso q el gobierno infunden miedo entre ustedes o tratan de infundir ese miedo…los arrestos las desaparecen los matan a escondidas y hacen q se desaparezcan y eso es lo q ellos quieren q ustedes cojan miedo para q el pueblo de cuba cojan miedo y no hagan protestas en contra de su gobierno….ya es hora q ustedes los cubanos cojan ese control como pueblos q son y sigan luchando en contra de la dictadura falsas q el Fidel castro hizo junto con su hermano Raúl …….PUEBLO DE CUBA NO SE RINDAN SIGAN LUCHANDO PARA LA LIBERTAD Y SU LIBRE EXPRESIÓN USTEDES LOS CUBANOS TIENEN MUCHO Q OFRECER COMO SERES HUMANOS SON TAN HUMILDES Q TIENEN UN GRAN CORAZÓN Q USTEDES NO NECESITAN A UN GOBIERNO LLENO DE MACHISMO Y DE COBARDÍA Y DE ABUSOS…..YO SOY DE PUERTO RICO Y NUNCA ME HA GUSTADO COMO EL PUERCO DE FIDEL CASTRO JUNTO CON SU MALDITO GOBIERNO HAN ABUSADO DEL PUEBLO SU PUEBLO….EN MI ISLA PUERTO RICO NOSOTROS LOS PUERTORRIQUEÑOS TENEMOS EL PODER DE SACAR AL GOBERNADOR Q NO HAGA BIEN SU TRABAJO O LA GOBERNADORA Q ESTE EN EL PODER Y SI NO CUMPLEN CON SUS PROMESAS Y VEMOS Q NO ESTÁN CUMPLIENDO CON LO Q PROMETIERON Y ESTÁN LLEVANDO AL PUEBLO DE PUERTORRIQUEÑO POR UN CAMINOS Q NO SON BUENO PARA NOSOTROS LOS PUERTORRIQUEÑO TENEMOS EL PODER DE SACARLOS DEL GOBIERNO NO IMPORTA SI ES UN HOMBRE Q ESTE EN EL PODER O UNA MUJER….NOSOTROS SOMOS LOS Q MANDAMOS Y NO EL GOBIERNO. RESPETAMOS A NUESTROS LÍDERES DE NUESTRA ISLA….PERO SI NO HACEN BIEN LAS COSAS PUES LO SACAMOS Y DEJAMOS Q EL OTRO PARTIDO SEA QUIEN NOS GUÍE …pero SOMOS MUY UNIDOS EN TODO SOY PUERTORRIQUEÑO PERO ME SIENTO CUBANO Y NO ME GUSTA  LOS ABUSOS DE PODERES ESTOY EN CONTRA DEL MACHISMO..Y LA LIBRE EXPRESIÓN ES LO MEJOR YA Q NO NOS PUEDEN CLAUSURA NUESTRAS VOCES Q VIVAN TODOS LOS CUBANOS ARIBA CUBA,2025-12-01T17:33:27Z,2025-12-01T17:33:27Z,0,0,youtube,2026-04-05T13:39:34.755674
bHtI3lCm8wU,Economia y Desarrollo,¿Cómo FIDEL CASTRO acabó con la economía de CUBA?,es,Alta,UgzX7DTb1phBeSnJpRh4AaABAg,,0,@MartinAragon-y4z,ni satanas lo quiso en el infierno dictador que se esta pudriendo,2025-12-01T15:44:32Z,2025-12-01T15:44:32Z,0,0,youtube,2026-04-05T13:39:34.755678
bHtI3lCm8wU,Economia y Desarrollo,¿Cómo FIDEL CASTRO acabó con la economía de CUBA?,es,Alta,UgwWKcHi3__cyAdbuWl4AaABAg,,0,@martinrodolfocastanedarami6181,"Por otra parte si quitarán a ese gobierno, los cubanos ya están acostumbrados a vivir en la mediocridad, a vivir de las limosnas del estado y las ayudas del exterior, salvo honrosas excepciónes",2025-11-30T23:06:45Z,2025-11-30T23:06:45Z,0,0,youtube,2026-04-05T13:39:34.755686
bHtI3lCm8wU,Economia y Desarrollo,¿Cómo FIDEL CASTRO acabó con la economía de CUBA?,es,Alta,Ugxl1TLwFvSGTS_h4eZ4AaABAg,,0,@martinrodolfocastanedarami6181,"La revolución cubana es un gran negocio, a todo el mundo le piden prestado y nunca pagan",2025-11-30T23:01:08Z,2025-11-30T23:01:08Z,0,0,youtube,2026-04-05T13:39:34.755691
bHtI3lCm8wU,Economia y Desarrollo,¿Cómo FIDEL CASTRO acabó con la economía de CUBA?,es,Alta,Ugx5yZ9Bx5ZDcb1BmNF4AaABAg,,0,@martinrodolfocastanedarami6181,Cuba crecía económicamente gracias a la mafia italiana!!,2025-11-30T22:57:24Z,2025-11-30T22:57:24Z,0,0,youtube,2026-04-05T13:39:34.755696
bHtI3lCm8wU,Economia y Desarrollo,¿Cómo FIDEL CASTRO acabó con la economía de CUBA?,es,Alta,Ugz2KB5CB60cha87ss94AaABAg,,0,@manuellara5865,A Cuba la arruinó el bloqueo de EEUU. Nadie puede hacer negocios con la isla. Y así intervinieron en Chile y mantienen arrodillan al resto de suramérica,2025-11-30T01:22:30Z,2025-11-30T01:22:30Z,0,0,youtube,2026-04-05T13:39:34.755700
bHtI3lCm8wU,Economia y Desarrollo,¿Cómo FIDEL CASTRO acabó con la economía de CUBA?,es,Alta,UgxCiTYsYM5D7_EjG-J4AaABAg,,0,@cesartorres4280,Siguen habiendo idiotas que siguen creyendo al final van a terminar matandose unos a otros para sobrevivir como no pagan a nadie terminaran fugandose las cabezas,2025-11-29T23:20:46Z,2025-11-29T23:20:46Z,0,0,youtube,2026-04-05T13:39:34.755705
bHtI3lCm8wU,Economia y Desarrollo,¿Cómo FIDEL CASTRO acabó con la economía de CUBA?,es,Alta,UgwOoL9XFmXLAwlZwh14AaABAg,,0,@MiguelBenitez-ri2fl,"Lo,es,SER, Estupido queriendo Presumir de,lo, que CARECE: Inteligencia!... Ojalá se, este,ROSTIZSNDO,en,el, Infierno, mugres Castro!...",2025-11-29T19:06:25Z,2025-11-29T19:06:25Z,0,0,youtube,2026-04-05T13:39:34.755711
bHtI3lCm8wU,Economia y Desarrollo,¿Cómo FIDEL CASTRO acabó con la economía de CUBA?,es,Alta,UgyoPZaQcDjXh6PWqrl4AaABAg,,0,@AntonioCDias-bh7ns,"Todo ese sofrimiento es absolutamente inútil, así como el de los venezuelanos y de cualquiera país comunista. Solamente un puñado de bandidos se benfician. Pero, al mismo tiempo, tienen los aplausos de todos dos IDIOTAS ÚTELES del mundo!!",2025-11-28T12:30:55Z,2025-11-28T12:30:55Z,1,2,youtube,2026-04-05T13:39:34.755716
bHtI3lCm8wU,Economia y Desarrollo,¿Cómo FIDEL CASTRO acabó con la economía de CUBA?,es,Alta,UgyoPZaQcDjXh6PWqrl4AaABAg.AQ3vLcB-k9jAQ3ydu_gDX4,UgyoPZaQcDjXh6PWqrl4AaABAg,1,@sergioespinozacabello9995,Algo me dice que los que quieren socialista solo quieren poder fácilmente robando del resto... Me cuesta creer que alguien siga creyendo en eso hoy en día,2025-11-28T12:59:46Z,2025-11-28T12:59:46Z,0,0,youtube,2026-04-05T13:39:34.755720
bHtI3lCm8wU,Economia y Desarrollo,¿Cómo FIDEL CASTRO acabó con la economía de CUBA?,es,Alta,UgyoPZaQcDjXh6PWqrl4AaABAg.AQ3vLcB-k9jAQ44pH98Hnp,UgyoPZaQcDjXh6PWqrl4AaABAg,1,@AntonioCDias-bh7ns,"​@sergioespinozacabello9995 En mi país, Brasil, los izquierdistas son los peores corruptos y son asociados al narco - son una confraría de bandidos que se indentifican mutualmente se auto proclamando ""defensores del pueblo humilde"". Pero hay también muchos IDIOTAS UTELES que, por definición, apoiam alegremente al que les destroem...",2025-11-28T14:02:29Z,2025-11-28T14:02:29Z,0,0,youtube,2026-04-05T13:39:34.755725
bHtI3lCm8wU,Economia y Desarrollo,¿Cómo FIDEL CASTRO acabó con la economía de CUBA?,es,Alta,Ugxrh0S0jnqvZ3dv-L94AaABAg,,0,@_yk9ch9hw5q,"La gente en Cuba ahora lo que comenta es que crecimos adoctrinados en la idea de que los EEUU invadirían a Cuba porque así nos lo hizo creer el tirano Fidel Castro, y al final fueron los cubanos los que terminaron invadiendo a los EEUU, así que de tanto esperar el supuesto enemigo, los cubanos fueron a buscarlo y a vivir con él. Gracias, EEUU.",2025-11-28T07:35:35Z,2025-11-28T07:35:35Z,1,0,youtube,2026-04-05T13:39:34.755730
bHtI3lCm8wU,Economia y Desarrollo,¿Cómo FIDEL CASTRO acabó con la economía de CUBA?,es,Alta,UgwqJrg5Cv6AzfGAU4x4AaABAg,,0,@desalmaovikingo3796,"Si algún día Cuba logra la libertad y una democracia entrará el dinero 🤑 a raudales.
Mis mejores deseos para los Cubanos 🙏",2025-11-27T20:04:39Z,2025-11-27T20:04:58Z,1,0,youtube,2026-04-05T13:39:34.755737
bHtI3lCm8wU,Economia y Desarrollo,¿Cómo FIDEL CASTRO acabó con la economía de CUBA?,es,Alta,UgzZm11K0iZqz7ClGft4AaABAg,,0,@_yk9ch9hw5q,"La Habana y Miami ahora son conocidas por los cubanos como ""las dos orillas"". Los cubanos dentro de Cuba imitan todo lo que les llega de Miami, en Cuba ha ocurrido una miamización de los cubanos. Somos el mismo pueblo dividido por una tiranía comunista.",2025-11-26T23:05:47Z,2025-11-26T23:05:47Z,1,0,youtube,2026-04-05T13:39:34.755743
bHtI3lCm8wU,Economia y Desarrollo,¿Cómo FIDEL CASTRO acabó con la economía de CUBA?,es,Alta,UgxXlpjThChmA8GBq-94AaABAg,,0,@AmadoCalvo-l2x,NO SE PARECE A NADA CON EL SALVADOR,2025-11-26T20:15:04Z,2025-11-26T20:15:04Z,0,0,youtube,2026-04-05T13:39:34.755748
bHtI3lCm8wU,Economia y Desarrollo,¿Cómo FIDEL CASTRO acabó con la economía de CUBA?,es,Alta,Ugz90fM43BceQ4u5JTF4AaABAg,,0,@_yk9ch9hw5q,"Los cubanos después de su independencia de España, no han conocido gobierno peor que la tiranía castrista bajo el yugo del tirano Fidel Castro. Nunca tuvieron menos libertades en toda su historia. Los salvadores de Cuba serán los propios cubanos cuando se liberen de la tiranía castrista. La URSS apoyó a Cuba convirtiéndola en su satélite, solo por intereses geopolíticos, eso le permitió al tirano Fidel Castro vivir de parásito de ella (como lo hizo luego con Venezuela) durante medio siglo, millonarios recursos esos que ningún gobernante de Cuba recibió de gobierno extranjero alguno antes de 1959, y que además, fueron despilfarrados por el tirano Fidel Castro en promover guerrillas y terrorismo en América Latina, guerras en África y en hacer millonarias donaciones a terceros países del tercer mundo para que tratar de que le vieran como un mesías internacional, a costa del hambre, la miseria y la destrucción de Cuba, cuyo pueblo nunca le importó mas que para darle migajas. El resultado: destruyó a Cuba como nación, no solo su economía, pulverizó a las familias cubanas, Cuba se están cayendo en pedazos y además, le quitó las libertades al pueblo, creando el aparato represivo mas grande que gobierno de Cuba alguna vez tuviera. Ahora los cubanos adoran mas a los EEUU como nunca antes de 1959, ven a EEUU como su salvación.",2025-11-25T12:32:00Z,2025-11-25T12:32:00Z,0,0,youtube,2026-04-05T13:39:34.755753
bHtI3lCm8wU,Economia y Desarrollo,¿Cómo FIDEL CASTRO acabó con la economía de CUBA?,es,Alta,UgzLm7vSaD1OZldQjbV4AaABAg,,0,@Alfrettcast-wm4nq,"Así le va a pasar a México, con esta izquierda rapaz de morena, el dictador cubano ya está como todo buen parásito aprovechando de los miserables políticos de morena para que le dén petróleo 😂",2025-11-25T01:04:55Z,2025-11-25T01:04:55Z,0,0,youtube,2026-04-05T13:39:34.755758
bHtI3lCm8wU,Economia y Desarrollo,¿Cómo FIDEL CASTRO acabó con la economía de CUBA?,es,Alta,UgzgQQvnsf3RQCcZq-14AaABAg,,0,@_yk9ch9hw5q,"Se necesita la ayuda de los EEUU como en el pasado para liberar a Cuba del yugo castrocomunista, igual que a fines del siglo 19 se necesitó (y fue solicitada por los líderes mambises vivos entonces) la ayuda de los EEUU para liberarse del yugo de la tiranía colonial española, EEUU siempre ha socorrido a Cuba cuando se les ha necesitado, esperemos que ahora lo hagan de nuevo. Bienvenido el Comando Sur de nuevo a las aguas del Caribe. Que los marines lleven armas para el desarmado pueblo cubano. Hay que aprovechar que ahora la mayoría de los cubanos quieren liberarse de la tiranía castrista.",2025-11-23T12:28:05Z,2025-11-23T12:28:05Z,3,0,youtube,2026-04-05T13:39:34.755763
bHtI3lCm8wU,Economia y Desarrollo,¿Cómo FIDEL CASTRO acabó con la economía de CUBA?,es,Alta,UgzP5uzDRSr6T8cHmYl4AaABAg,,0,@the_specialista6319,Y del embargo no hablas? Qué vergüenza,2025-11-23T10:21:36Z,2025-11-23T10:21:36Z,0,0,youtube,2026-04-05T13:39:34.755768
bHtI3lCm8wU,Economia y Desarrollo,¿Cómo FIDEL CASTRO acabó con la economía de CUBA?,es,Alta,UgzcDOhpAE5DRheu9oN4AaABAg,,0,@_yk9ch9hw5q,"Lo nunca visto en Cuba antes de 1959 (vaya potencia médica que se inventó la propaganda castrista hace años): Dengue, Oropouche y chikungunya: una crisis epidemiológica tiene en vilo a Cuba. La crisis epidemiológica que vive Cuba se agrava con el aumento de casos de dengue, chikungunya y fiebre de Oropouche en varias provincias y con la población pediátrica en riesgo, mientras se multiplican las denuncias sobre el deterioro de los hospitales y la falta de respuesta efectiva de las autoridades sanitarias. Para el fin de los meses de verano, la gente en Cuba, sobre todo al occidente de la isla, se preguntaba qué enfermedad “rara” que los tenía encamados, con dolores e inflamación en el cuerpo, fiebres de hasta 40 grados, vómitos, diarreas, cefaleas, e incluso manchas en la piel. En Matanzas, epicentro del desastre, familias enteras reportaron contagios, que luego se extendieron a cada barrio, más tarde a toda la provincia, hasta abarcar casi el país entero. Nadie sabía exactamente de qué se trataba, y apenas había reactivos en los laboratorios municipales que, en el inicio del brote, confirmaran lo que hoy se sabe: Cuba atraviesa una crisis epidemiológica combinada, con la presencia, a la vez, de dengue, Oropouche y chikungunya, que hasta ahora las autoridades habían pretendido soslayar y esconder. La crisis epidemiológica que vive Cuba se agrava con el aumento de casos de dengue, chikungunya y fiebre de Oropouche en varias provincias y con la población pediátrica en riesgo, mientras se multiplican las denuncias sobre el deterioro de los hospitales y la falta de respuesta efectiva de las autoridades sanitarias. No solo es la crisis lógica que están viviendo los cubanos ahora y que está sepultando a tanta gente en Cuba y tiene desesperados a los familiares en Cuba, sino las pésimas condiciones sanitarias de los hospitales y clínicas en Cuba, sin medicamentos y sin higiene mínima. Los enormes basureros que proliferan por toda la ciudad generan peste y enfermedades, como la actual epidemia de arbovirosis. ¿ES ESTE EL PAÍS QUE EN OTROS TIEMPOS LA TIRANÍA CASTRISTA Y SUS ESBIRROS EXTRANJEROS TRATARON DE VENDER PROPAGANDÍSTICAMENTE COMO ""POTENCIA MÉDICA""?",2025-11-23T00:23:09Z,2025-11-23T00:23:09Z,1,0,youtube,2026-04-05T13:39:34.755773
bHtI3lCm8wU,Economia y Desarrollo,¿Cómo FIDEL CASTRO acabó con la economía de CUBA?,es,Alta,UgyRFg-gH8g8tRZezv54AaABAg,,0,@alejandroburgos6567,Y AMERICA LATINA KIERE APLICAR ESTA FORMA DE GOBIERNO .,2025-11-22T23:17:45Z,2025-11-22T23:17:45Z,1,0,youtube,2026-04-05T13:39:34.755778
bHtI3lCm8wU,Economia y Desarrollo,¿Cómo FIDEL CASTRO acabó con la economía de CUBA?,es,Alta,UgyZyMnf3Dp4IuvfTWl4AaABAg,,0,@joseluisfebbrino4104,"Che loco,también lo hizo en Haití,el salvador Nicaragua México,etc,etc.?",2025-11-22T20:43:25Z,2025-11-22T20:43:38Z,0,0,youtube,2026-04-05T13:39:34.755783
bHtI3lCm8wU,Economia y Desarrollo,¿Cómo FIDEL CASTRO acabó con la economía de CUBA?,es,Alta,UgzCd80v5WTzz-_03jp4AaABAg,,0,@AmilcarLeal-m9n,Buenos días yo digo q ese mal parió debe estar ardiendo en el infierno.los gobiernos democráticos deberían actuar sin restricciones con ese tipo de gent,2025-11-22T10:07:33Z,2025-11-22T10:07:33Z,0,0,youtube,2026-04-05T13:39:34.755788
bHtI3lCm8wU,Economia y Desarrollo,¿Cómo FIDEL CASTRO acabó con la economía de CUBA?,es,Alta,UgyDVnBryMyaJDzH1a94AaABAg,,0,@_yk9ch9hw5q,"Los cubanos después de su independencia de España, no han conocido gobierno peor que la tiranía castrista bajo el yugo del tirano Fidel Castro. Nunca tuvieron menos libertades en toda su historia. Los salvadores de Cuba serán los propios cubanos cuando se liberen de la tiranía castrista. La URSS apoyó a Cuba convirtiéndola en su satélite, solo por intereses geopolíticos, eso le permitió al tirano Fidel Castro vivir de parásito de ella (como lo hizo luego con Venezuela) durante medio siglo, millonarios recursos esos que ningún gobernante de Cuba recibió de gobierno extranjero alguno antes de 1959, y que además, fueron despilfarrados por el tirano Fidel Castro en promover guerrillas y terrorismo en América Latina, guerras en África y en hacer millonarias donaciones a terceros países del tercer mundo para que tratar de que le vieran como un mesías internacional, a costa del hambre, la miseria y la destrucción de Cuba, cuyo pueblo nunca le importó mas que para darle migajas. El resultado: destruyó a Cuba como nación, no solo su economía, pulverizó a las familias cubanas, Cuba se están cayendo en pedazos y además, le quitó las libertades al pueblo, creando el aparato represivo mas grande que gobierno de Cuba alguna vez tuviera. Ahora los cubanos adoran mas a los EEUU como nunca antes de 1959, ven a EEUU como su salvación.",2025-11-21T21:23:14Z,2025-11-21T21:23:14Z,1,0,youtube,2026-04-05T13:39:34.755792
bHtI3lCm8wU,Economia y Desarrollo,¿Cómo FIDEL CASTRO acabó con la economía de CUBA?,es,Alta,Ugx0MOP990M4sfe_JGh4AaABAg,,0,@DistribuidoraCespedes,quien puso el bloqueo fidel castro,2025-11-21T19:40:11Z,2025-11-21T19:40:11Z,0,0,youtube,2026-04-05T13:39:34.755797
bHtI3lCm8wU,Economia y Desarrollo,¿Cómo FIDEL CASTRO acabó con la economía de CUBA?,es,Alta,UgwvSRNj13aopOC-V7R4AaABAg,,0,@_yk9ch9hw5q,"Antes de 1959 nunca se abrieron supermercados discriminatorios como el de 3ra. y 70 en Miramar recién abierto por la tiranía castrista, donde hay que pagar los productos con dólares del ""imperio yanqui"" (¡vaya raro criminal bloqueo!) al doble del precio que en una tienda de EEUU. Esa es la (fracasada) ""revolución"" de los humildes, por los humildes y para los humildes que prometió el tirano Fidel Castro en los inicios de su tiranía. ¡Viva el ahora comandante en jefe dólar!",2025-11-21T13:56:57Z,2025-11-21T13:56:57Z,1,0,youtube,2026-04-05T13:39:34.755802
bHtI3lCm8wU,Economia y Desarrollo,¿Cómo FIDEL CASTRO acabó con la economía de CUBA?,es,Alta,UgwfRF81ixfVLQwGqXd4AaABAg,,0,@_yk9ch9hw5q,"Batista nunca hizo inversiones en Cuba separando a los cubanos de los extranjeros. Todas sus inversiones como gobierno eran para el disfrute de todos por igual, y podían invertir en Cuba por igual lo mismo cubanos que extranjeros. No existía discriminación hacia el cubano respecto al extranjero. La separación de los cubanos de los extranjeros comenzó con la tiranía castrista, donde al cubano se le daba (aún se le da) menos valor y no se le permitía acercarse a un extranjeros sin ser parado por la policía, e inclusive, no dejar entrar a cubanos en lugares (tiendas, hoteles, lugares de recreación, etc.) donde la tiranía castrista decidía que eran para extranjeros. Los cubanos hemos sido tratado como personas de segunda ante los extranjeros, bajo la tiranía castrista. De hecho, en los años ochenta y noventa (inicios) los cubanos eran reprimidos por la policía en las calles si se le acercaban a hablarle a un extranjero (o el extranjero se les acercaba a ellos a hablarle)",2025-11-21T13:54:34Z,2025-11-21T13:54:34Z,1,0,youtube,2026-04-05T13:39:34.755807
bHtI3lCm8wU,Economia y Desarrollo,¿Cómo FIDEL CASTRO acabó con la economía de CUBA?,es,Alta,UgyHAdiReyEcDfH4_PJ4AaABAg,,0,@_yk9ch9hw5q,"Viendo lo mal que la pasaron los cubanos en las pasadas fiestas navideñas y en las que se avizoran, y en la hipocresía castrocomunista por la muerte del Papa Francisco y la elección de León XIV, hay cosas que deben contarse para que las generaciones futuras de cubanos creyentes en Dios (o de cualquier religión) y los creyentes de América Latina y del resto del mundo, las sepan. Batista y los demás gobernantes de Cuba antes de 1959 nunca se metieron con las creencias religiosas del pueblo. Pero el comunismo es una ideología que para imponer su tiranía, se basa en sembrar odio entre el pueblo, es una ideología odiadora. Uno de ellos es el odio a la Fe en Dios. Recordemos que el odiador Karl Marx, padre del comunismo, dijo que la religión es el opio del pueblo, y esa doctrina la asumió la tiranía castrista. Durante muchísimos años, desde los sesenta hasta la desaparición del comunismo en Europa del este, bajo el tirano Fidel Castro y su tiranía, se persiguió, acosó, fueron sometidos al ostracismo y fueron expulsados de sus lugares de trabajo o estudio, las personas con creencias religiosas (o que simplemente se sospechaba que las tuvieran). Se crearon campos de trabajos forzados (llamados UMAP) para entre otros, meter a todos los que tenían una creencia religiosa. Creer en Dios lo consideraban ser enemigo de la tiranía castrista, pese a que los Castro habían estudiado en colegios católicos. En todos los barrios se tenía detectado, cual inventario de reses, a todos los que iban a las iglesias. En cada centro de estudios y lugares de trabajo, existía una sección del Partido Comunista para “atenderles” de manera policíaca, la cual se llamaba “Ateísmo Científico” a esa sección partidista. De hecho, en Cuba desde finales de los sesenta y hasta que fue el Papa Juan Pablo II, el gobierno prohibió la celebración de las Navidades y de la Semana Santa, las consideró una celebración de enemigos del régimen castrista. Llevar algo colgado al cuello que pudiera ser sospechosamente asociado con creencias religiosas, acarreaba problemas en sus lugares de estudio o de trabajo a una persona. De hecho, cuando alguien quería hacer daño a otra persona, le acusaba en sus escuelas y lugares de trabajo de que esa persona tenía creencias religiosas, no importaba que fuese mentira o algo no probado.",2025-11-21T13:52:38Z,2025-11-21T13:52:38Z,1,0,youtube,2026-04-05T13:39:34.755812
bHtI3lCm8wU,Economia y Desarrollo,¿Cómo FIDEL CASTRO acabó con la economía de CUBA?,es,Alta,UgwJj2Ju3DOqD8-GmHl4AaABAg,,0,@olmoyerves8188,"Hay que tomar en cuenta que Estados Unidos tenía a Cuba como su patio de juegos, la población cubana estaba completamente marginada y las únicas personas que realmente se beneficiaban eran los súper ricos dueños de hoteles, casinos, restaurantes, etc. 
La revolución no fue un error, el error fue asumir que siempre tendrían un socio comercial que resolvería todos sus problemas.",2025-11-21T03:38:07Z,2025-11-21T03:38:07Z,0,0,youtube,2026-04-05T13:39:34.755816
bHtI3lCm8wU,Economia y Desarrollo,¿Cómo FIDEL CASTRO acabó con la economía de CUBA?,es,Alta,UgwmZse0lM74SziG61F4AaABAg,,0,@_yk9ch9hw5q,"¿Cómo despilfarró el tirano Fidel Castro los multimillonarios recursos que por tres décadas recibió de la URSS, mientras convertía a Cuba en pa´rasita de otros países y en limosnera internacional? Los cubanos bien lo saben, por eso le culpan de la destrucción de Cuba (además de establecer la tiranía mas totalitaria y longeva de Las Américas)",2025-11-19T19:40:17Z,2025-11-19T19:40:17Z,1,0,youtube,2026-04-05T13:39:34.755821
bHtI3lCm8wU,Economia y Desarrollo,¿Cómo FIDEL CASTRO acabó con la economía de CUBA?,es,Alta,UgyYWjPtVBfQxINSFYd4AaABAg,,0,@frankrodriguez9967,Dicen que el bloqueo de EEUU no afecta Pero que me dicen de la ley helms-burton?,2025-11-19T17:51:19Z,2025-11-19T17:51:19Z,0,0,youtube,2026-04-05T13:39:34.755826
bHtI3lCm8wU,Economia y Desarrollo,¿Cómo FIDEL CASTRO acabó con la economía de CUBA?,es,Alta,UgzA12FJRozJuVa3UyN4AaABAg,,0,@_yk9ch9hw5q,"En la calle de Cuba, la narrativa del cacareado bloqueo se ha ido desmoronando progresivamente conforme se ha hecho evidente la errática dirección del país, reconocible en la implementación de políticas económicas fallidas que han dejado un elevadísimo costo humano y material, para ceder todo el protagonismo a la corrupción político-administrativa como causa fundamental del naufragio de Cuba, a lo cual ni la familia Castro se salva. El embargo estadounidense es un pretexto victimizador de cara a la comunidad internacional. Para la gran mayoría de los cubanos el problema es netamente doméstico: el gobierno de la isla, en pleno, es corrupto. Dentro del gobierno de la mafia castrista, el que no corre, vuela; el que no mata a la vaca, le agarra la pata. Cuba es un cuerpo en descomposición.",2025-11-18T12:53:47Z,2025-11-18T12:53:47Z,1,0,youtube,2026-04-05T13:39:34.755831
bHtI3lCm8wU,Economia y Desarrollo,¿Cómo FIDEL CASTRO acabó con la economía de CUBA?,es,Alta,UgzsL_RsW16Yq99lOrd4AaABAg,,0,@mmoreno1582,"La culpa no es de Fidel, es de Estsdos Unidos por el bloqueo",2025-11-18T00:09:02Z,2025-11-18T00:09:02Z,0,1,youtube,2026-04-05T13:39:34.755836
bHtI3lCm8wU,Economia y Desarrollo,¿Cómo FIDEL CASTRO acabó con la economía de CUBA?,es,Alta,UgzsL_RsW16Yq99lOrd4AaABAg.APdqVFcMUHQAPfjTzslO-R,UgzsL_RsW16Yq99lOrd4AaABAg,1,@maximollanos3914,Hoy en 2025 y todavía te lo crees? Vivis engañado y tal vez siempre supiste que habia tantas cosaa mal y no querías admitirlo.,2025-11-18T17:46:11Z,2025-11-18T17:46:11Z,2,0,youtube,2026-04-05T13:39:34.755841
bHtI3lCm8wU,Economia y Desarrollo,¿Cómo FIDEL CASTRO acabó con la economía de CUBA?,es,Alta,UgxXiMv4HHbiaw6BoS14AaABAg,,0,@LorenzArabia-iy3uh,Con el apoyo de Estados Unidos 😮,2025-11-17T23:36:13Z,2025-11-17T23:36:13Z,0,0,youtube,2026-04-05T13:39:34.755846
bHtI3lCm8wU,Economia y Desarrollo,¿Cómo FIDEL CASTRO acabó con la economía de CUBA?,es,Alta,UgxPexXvaQfPIheNzGt4AaABAg,,0,@DiderMorales-y9y,Nosotros estamos caminando pero para atrás desde q el dictador triunfo en 1959 hemos ido cada año para atrás toda ley q sale es para empeorar más la situación d los estamos debajo,2025-11-17T20:38:22Z,2025-11-17T20:38:22Z,0,0,youtube,2026-04-05T13:39:34.755853
bHtI3lCm8wU,Economia y Desarrollo,¿Cómo FIDEL CASTRO acabó con la economía de CUBA?,es,Alta,Ugxmx1HuaC-emN2sUkx4AaABAg,,0,@Michael-k4d2u,Fidel Castro was a big clown and bozo. He still is.,2025-11-17T18:57:19Z,2025-11-17T18:57:19Z,0,0,youtube,2026-04-05T13:39:34.755858
bHtI3lCm8wU,Economia y Desarrollo,¿Cómo FIDEL CASTRO acabó con la economía de CUBA?,es,Alta,Ugzlo3bwW5UZ1M129tp4AaABAg,,0,@annervillalvir1642,Horror la economía nunca se recuperó. Buen video gracias,2025-11-16T14:36:39Z,2025-11-16T14:36:39Z,0,0,youtube,2026-04-05T13:39:35.759755
bHtI3lCm8wU,Economia y Desarrollo,¿Cómo FIDEL CASTRO acabó con la economía de CUBA?,es,Alta,UgwNEDeWHMlvwwPCn0J4AaABAg,,0,@ParalaBomba,Cuba la jodieron,2025-11-14T04:07:20Z,2025-11-14T04:07:20Z,0,0,youtube,2026-04-05T13:39:35.759780
bHtI3lCm8wU,Economia y Desarrollo,¿Cómo FIDEL CASTRO acabó con la economía de CUBA?,es,Alta,UgzmS0FH-e7tT33UA6V4AaABAg,,0,@Darwinsito,No era socialista era comunista en toda regla.,2025-11-13T13:18:55Z,2025-11-13T13:18:55Z,0,0,youtube,2026-04-05T13:39:35.759786
bHtI3lCm8wU,Economia y Desarrollo,¿Cómo FIDEL CASTRO acabó con la economía de CUBA?,es,Alta,UgzoY7eKdCWw--4edwd4AaABAg,,0,@angelicamargaritaserrano4983,endemoniado comunista ya has de estar hirviendo en el infierno.👹👹🤨  ..,2025-11-12T16:57:27Z,2025-11-12T16:57:27Z,0,0,youtube,2026-04-05T13:39:35.759792
bHtI3lCm8wU,Economia y Desarrollo,¿Cómo FIDEL CASTRO acabó con la economía de CUBA?,es,Alta,UgzFgCCDaXg1YkzXL0Z4AaABAg,,0,@josuesanchez1289,"Fuera ,Claudia sheinbaum,la presirvienta  trae toda la intención de hundir mexico en la miseria",2025-11-12T00:56:03Z,2025-11-12T00:56:03Z,0,0,youtube,2026-04-05T13:39:35.759798
bHtI3lCm8wU,Economia y Desarrollo,¿Cómo FIDEL CASTRO acabó con la economía de CUBA?,es,Alta,UgwhS849B2Rg5tdJkUt4AaABAg,,0,@TitoJR-d4g2m,Todos los problemas en el mundo son culpa de México. saben adónde se preparo Fidel Castro para la revolución cubana y de dónde llevo las armas si de MÉXICO😡😡😡,2025-11-11T21:35:40Z,2025-11-11T21:35:40Z,0,0,youtube,2026-04-05T13:39:35.759803
bHtI3lCm8wU,Economia y Desarrollo,¿Cómo FIDEL CASTRO acabó con la economía de CUBA?,es,Alta,UgxUFY9WRAEN7NCQDbl4AaABAg,,0,@_yk9ch9hw5q,"Que sufirmiento le da al wokerío rojizurdete procastrista extranjero como el (multicuentas de siempre), reconocer que Batista fue un gobernante mejor que Castro. Batista trajo progreso económico y modernidad para Cuba, el tirano Fidel Castro solo destrucción de la nación cubana en casi todos los aspectos y ha sido el mayor tirano de Cuba, y su tiranía la mas longeva en América después de la independencia del colonialismo europeo",2025-11-08T01:49:11Z,2025-11-08T01:49:11Z,1,0,youtube,2026-04-05T13:39:35.759809
bHtI3lCm8wU,Economia y Desarrollo,¿Cómo FIDEL CASTRO acabó con la economía de CUBA?,es,Alta,UgzE2GRSm81RybU9ZAN4AaABAg,,0,@Manuel-n7y2w,Miren los perritos estupidos q siguen bonitos. Lo unico q  heredó el socialismo el desastre y la miseria general en cuba,2025-11-07T22:00:12Z,2025-11-07T22:00:12Z,0,0,youtube,2026-04-05T13:39:35.759814
bHtI3lCm8wU,Economia y Desarrollo,¿Cómo FIDEL CASTRO acabó con la economía de CUBA?,es,Alta,UgzRNrRq30mLmzNYtaJ4AaABAg,,0,@CarolinaSeverino-k1f,"Qué horror pobre gente, las mantienen comiendo como palomas😢",2025-11-04T18:04:46Z,2025-11-04T18:04:46Z,0,0,youtube,2026-04-05T13:39:35.759820
bHtI3lCm8wU,Economia y Desarrollo,¿Cómo FIDEL CASTRO acabó con la economía de CUBA?,es,Alta,Ugzi8fnzt1X0toY7IWt4AaABAg,,0,@_yk9ch9hw5q,"La tiranía castrista teme por su imagen ante el pueblo en caso de aceptar la ayuda de los EEUU, porque todo su discurso diversionista sobre lo malo que es el ""imperialismo"" se le iría a la basura, y de ese discurso vive. No le importa la miseria y calamidades que está pasando el pueblo, solo la supervivencia de la mafia castrista asentada sobre ese discurso.",2025-11-02T22:16:42Z,2025-11-02T22:16:42Z,1,0,youtube,2026-04-05T13:39:35.759826
bHtI3lCm8wU,Economia y Desarrollo,¿Cómo FIDEL CASTRO acabó con la economía de CUBA?,es,Alta,UgysRNTHWBpc1Zro9_F4AaABAg,,0,@_yk9ch9hw5q,"Que el tirano Fidel Castro destruyó a Cuba como nación, eso es algo que ya no duda casi nadie en Cuba. Pero la tiranía castrista y sus esbirros extranjeros torpemente se imaginan intocables e invencibles. Hasta con aires ridículamente triunfalistas, como de héroes de película hollywoodense o de personajes bíblicos. Nadie podía predecir un año antes que los pueblos de la URSS y de Europa del este sepultarían a sus tiranías comunistas y las mandarían al basurero de la historia. Se veía mucha calma en ellos, solo en Polonia (con el sindicato Solidaridad) había una oposición activa. Hasta que los pueblos decidieron sublevarse, pese al aparato represivo. Ceaucescu nunca imaginó que sería colgado y el prepotente Honecker escondiéndose en una embajada en su cobardía. Hasta entonces se pintaban de valientes y de ser muy firmes. Con la tiranía castrista no será distinto, será también pulverizada, además que cada vez está mas débil, por eso recurre cada vez mas a la represión desmedida ante el mas mínimo acto de protesta del pueblo. Y lo que es peor, el pueblo cubano cada vez está mentalmente mas vinculado a los EEUU, adora todo lo que les llega de la ""yuma"" como nunca antes de 1959, y en este siglo es cada vez mas evidente, ahora Cuba y Miami se llaman ""las dos orillas"". Hoy la inmensa mayoría de los cubanos adoran mas a sus familiares en EEUU que a la tiranía castrista, y el verdadero comandante en jefe de Cuba es el dólar. Se olvidan que Rusia y China están muy lejos y que los EEUU enfrente de Cuba. Pero dejemos a los esbirros castristas extranjeros hacer conteos imaginarios de invencibilidad en sus sueños húmedos....hasta que el fantasma de Europa del este reaparezca. En 2020 era impensable que se hiciera una marcha contra la tiranía castrista, que se creía intocable, el 11J, sea cual sea la cantidad de lugares de Cuba que participaron, marcó un viraje en la cobardía de los cubanos contra la tiranía castrista. Asi se inician los procesos de liberación de los pueblos. El alzamiento de Bayamo y el 10 de octubre de 1868 nos lo recuerda.",2025-11-02T18:13:13Z,2025-11-02T18:13:13Z,0,0,youtube,2026-04-05T13:39:35.759832
bHtI3lCm8wU,Economia y Desarrollo,¿Cómo FIDEL CASTRO acabó con la economía de CUBA?,es,Alta,Ugx1DvM2tL5pPExK7-V4AaABAg,,0,@_yk9ch9hw5q,"La nación cubana y no solo la economía, fue pulverizada por el tirano Fidel Castro, to: la economía, las construcciones, las familias, la cultura y el arte, la religión, el patriotismo, las costumbres, la educación formal, y lo que es peor: destruyó antropológicamente al cubano.",2025-11-02T10:36:09Z,2025-11-02T10:36:09Z,1,0,youtube,2026-04-05T13:39:35.759837
bHtI3lCm8wU,Economia y Desarrollo,¿Cómo FIDEL CASTRO acabó con la economía de CUBA?,es,Alta,Ugw_VTQIt6dikDwfCP54AaABAg,,0,@gladisbeatrizaguirresanche6423,No sé por que no ven malo que EEUU los bloquea ......,2025-11-02T08:31:42Z,2025-11-02T08:31:42Z,0,0,youtube,2026-04-05T13:39:35.759842
bHtI3lCm8wU,Economia y Desarrollo,¿Cómo FIDEL CASTRO acabó con la economía de CUBA?,es,Alta,Ugzsdnjj6B8yOaxjiQp4AaABAg,,0,@_yk9ch9hw5q,Pero en estos documentales lo que debería preocuparles es cómo este tirano Fidel Castro destruyó TODA LA NACIÓN CUBANA,2025-11-02T06:26:41Z,2025-11-02T06:26:41Z,1,0,youtube,2026-04-05T13:39:35.759849
bHtI3lCm8wU,Economia y Desarrollo,¿Cómo FIDEL CASTRO acabó con la economía de CUBA?,es,Alta,UgxDQPd_A1Dpz6zKp754AaABAg,,0,@IreneAranda-q1l7x,Mi pregunta es porque los cubanos no lo sacaron alv,2025-11-02T02:20:27Z,2025-11-02T02:20:27Z,0,0,youtube,2026-04-05T13:39:35.759854
bHtI3lCm8wU,Economia y Desarrollo,¿Cómo FIDEL CASTRO acabó con la economía de CUBA?,es,Alta,UgwqEHZz3TBrWszReSR4AaABAg,,0,@_yk9ch9hw5q,"Comparado con el tirano Fidel Castro, hoy la gente en Cuba a Batista lo ven como un tirano light, algunos dicen que ni tirano fue. El tirano Fidel Castro y su tiranía han sido mas represores, mas crueles con el pueblo, que Batista, y al menos Cuba, que ya venía teniendo desde Grau un buen crecimiento económico constante, tuvo su mayor esplendor en su economía, llegando el peso cubano a valer mas que el dólar (hoy no sirve ni como papel sanitario, la economía está dolarizada como nunca antes de 1959, Cuba perdió su soberanía económica), en tanto el tirano Fidel Castro haitianizó a Cuba y la destruyó como nación, no solo su economía, Cuba hoy es una favela-cárcel, una especie de gueto de América. Es el Alcatraz del Caribe.",2025-11-01T01:03:20Z,2025-11-01T01:03:20Z,1,0,youtube,2026-04-05T13:39:35.759859
bHtI3lCm8wU,Economia y Desarrollo,¿Cómo FIDEL CASTRO acabó con la economía de CUBA?,es,Alta,Ugy9ZZ7DaxFqg1_T2Rx4AaABAg,,0,@_yk9ch9hw5q,"Los EEUU tienen la obligación como en la guerra de independencia contra la tiranía colonialista española, de ayudar a pueblo cubano a liberarse del yugo castrocomunista. Ya EEUU traicionó a los cubanos en muchos momentos, desde retirar su apoyo a Batista e imponerle un embargo de armas (ahora paga las consecuencias de este disparate, hasta apoyar en 1958 al luego tirano Fidel Castro y después traicionar a los expedicionarios cubanos en Bahía de Cochinos no apoyándole. Cuba ha sido una sucesión de disparates de los EEUU. Es necesrio el regreso de los principios de la Enmienda Platt a Cuba. Ahora se necesita la presencia del Comando Sur en Cuba y de los marines llevando armas al desarmado y reprimido pueblo de Cuba.",2025-10-31T00:45:59Z,2025-10-31T00:45:59Z,1,0,youtube,2026-04-05T13:39:35.759865
bHtI3lCm8wU,Economia y Desarrollo,¿Cómo FIDEL CASTRO acabó con la economía de CUBA?,es,Alta,UgysTPgZqRHuZEYhfQp4AaABAg,,0,@_yk9ch9hw5q,"Los hambreados cubanos cuando han salido a protestar a las calles de Cuba pidiendo comida, corriente y libertad, nunca culpa de su situación a los EEUU ni al embargo, es más, ni lo mencionan en sus conversaciones. Gracias a los dólares que le llegan de los EEUU, pueden comprar comida en las tiendas en dólares de la tiranía castrista. Menos mal que Cuba dejó de ser una neocolonia soviética porque ese país su pueblo pulverizó el comunismo y su tiranía, así que ya el régimen cubano no pudo seguir más de parásito de ese país con el multimillonario subsidio que recibía, y al destruir el tirano Fidel Castro la economía cubana y robar sus propiedades a los inversionistas nacionales y extranjeros, no tiene de qué vivir, más que de ir pidiendo limosnas por el mundo y de victimizarse. Los cubanos viven bajo la bota de la oligarquía castrista y más aún, de la alta casta militar cubana que es la dueña de los dólares de Cuba. Menos mal que el pueblo cubano come pollo al menos gracias a los EEUU que de donde se importa casi todo ese producto, porque el sector agropecuario cubano fue destruido desde los años sesenta por el tirano Fidel Castro. En definitiva, el destino trazado por el tirano Fidel castro para Cuba, es que sea tragada por los EEUU, cosa que ocurrirá no solo por razones políticas y económicas (la economía cubana ya no puede existir sin la dolarización creciente), sino por razones humanas: la reunificación de las familias ahora dividida entre los dos países en los que se ha dado en llamar ""las dos orillas"".",2025-10-30T21:17:57Z,2025-10-30T21:17:57Z,1,0,youtube,2026-04-05T13:39:35.759870
bHtI3lCm8wU,Economia y Desarrollo,¿Cómo FIDEL CASTRO acabó con la economía de CUBA?,es,Alta,Ugygcbf540G7jPKV3sl4AaABAg,,0,@_yk9ch9hw5q,"Excelente la información que se brinda en el video, que tanto molesta al wokerío zurdirojete de otros países.",2025-10-30T21:16:39Z,2025-10-30T21:16:39Z,0,0,youtube,2026-04-05T13:39:35.759875
bHtI3lCm8wU,Economia y Desarrollo,¿Cómo FIDEL CASTRO acabó con la economía de CUBA?,es,Alta,UgyOZuTKNZynzz-H7Zl4AaABAg,,0,@Adrian-jn4vx,"🎯 Minutos más importantes del video
0:00 Cuba antes de Castro: prosperidad y turismo

Cuba tenía una economía prometedora basada en el azúcar.

Turismo estadounidense florecía, especialmente durante la Ley Seca.

1:12 Ascenso de Fidel Castro

Derroca a Batista prometiendo democracia y justicia social.

Niega ser comunista, pero luego revela sus verdaderas intenciones.

2:28 Expropiaciones y populismo

Aumenta salarios, baja alquileres, entrega tierras.

Confisca propiedades estadounidenses, incluyendo refinerías.

3:05 Alianza con la URSS

Cuba cambia azúcar por petróleo y maquinaria soviética.

Estados Unidos responde con recortes y embargo.

4:29 Nacionalización total

El Estado controla toda la economía: tiendas, bancos, fábricas.

Se fijan precios y cuotas, lo que distorsiona el mercado.

6:07 Migración masiva y pérdida de talento

Profesionales huyen a EE. UU., baja la productividad.

Cargos se asignan por lealtad, no por mérito.

6:37 Caída tras la disolución de la URSS

PIB cubano cae más del 30%.

Comienza el “Período Especial”: hambre, apagones, éxodo.

7:30 Alianza con Venezuela

Chávez apoya a Cuba con petróleo y ayudas millonarias.

Esto prolonga el modelo socialista.

8:23 Consecuencias irreversibles

Expropiaciones destruyen incentivos y relaciones con EE. UU.

Cuba queda aislada y con un sistema productivo obsoleto.

9:20 El embargo como excusa

El gobierno culpa al embargo, pero el problema es interno.

Cuba no produce ni compite en el mercado global.",2025-10-30T17:08:01Z,2025-10-30T17:08:01Z,0,0,youtube,2026-04-05T13:39:35.759880
bHtI3lCm8wU,Economia y Desarrollo,¿Cómo FIDEL CASTRO acabó con la economía de CUBA?,es,Alta,UgwGdgUQ02nYWIdbPCd4AaABAg,,0,@_yk9ch9hw5q,"Que termine la tiranía castrista con su bloqueo a las libertades de los cubanos, y todo se soluciona. Ella es el problema. La destrucción de la nación cubana por el tirano Fidel Castro costará mucho tiempo y recursos arreglarla.",2025-10-29T10:44:29Z,2025-10-29T10:44:29Z,1,0,youtube,2026-04-05T13:39:35.759886
bHtI3lCm8wU,Economia y Desarrollo,¿Cómo FIDEL CASTRO acabó con la economía de CUBA?,es,Alta,UgwwLevTip0nA_W44E94AaABAg,,0,@cellsarfix,"Quiten el bloqueo y verán como surge Cuba, HLVS✌️",2025-10-29T10:26:57Z,2025-10-29T10:26:57Z,0,1,youtube,2026-04-05T13:39:35.759891
bHtI3lCm8wU,Economia y Desarrollo,¿Cómo FIDEL CASTRO acabó con la economía de CUBA?,es,Alta,UgwwLevTip0nA_W44E94AaABAg.AOrSJPaQy7mAOvQCe2u5-0,UgwwLevTip0nA_W44E94AaABAg,1,@AlexanderAlGr3,Cuál bloque es un tema complejo,2025-10-30T23:25:31Z,2025-10-30T23:25:31Z,1,0,youtube,2026-04-05T13:39:35.759903
bHtI3lCm8wU,Economia y Desarrollo,¿Cómo FIDEL CASTRO acabó con la economía de CUBA?,es,Alta,UgwnH_3Cm_DEvmwfb7N4AaABAg,,0,@_yk9ch9hw5q,Hizo trizas a la nación cubana,2025-10-28T16:58:44Z,2025-10-28T16:58:44Z,1,0,youtube,2026-04-05T13:39:35.759909
bHtI3lCm8wU,Economia y Desarrollo,¿Cómo FIDEL CASTRO acabó con la economía de CUBA?,es,Alta,UgyIOdrBFZE4RLF3E3p4AaABAg,,0,@unperroandaluz9299,Se puede reír y se puede llorar al mismo tiempo.,2025-10-28T15:14:45Z,2025-10-28T15:14:45Z,0,0,youtube,2026-04-05T13:39:35.759915
bHtI3lCm8wU,Economia y Desarrollo,¿Cómo FIDEL CASTRO acabó con la economía de CUBA?,es,Alta,Ugy0AMjxn4VVXMXpCkl4AaABAg,,0,@_yk9ch9hw5q,Los pueblos de América Latina no aprenden la lección de como el socialismo/comunismo les destruirá sus naciones. La ideología comunista es odiadora.,2025-10-27T04:42:11Z,2025-10-27T04:42:11Z,1,0,youtube,2026-04-05T13:39:35.759920
bHtI3lCm8wU,Economia y Desarrollo,¿Cómo FIDEL CASTRO acabó con la economía de CUBA?,es,Alta,Ugwv-xOmH9u4_rirOqJ4AaABAg,,0,@alfredosandoval6673,"Desde que MORENA llegó al poder de México, nos colocó en este camino sin retorno 😢",2025-10-27T02:22:56Z,2025-10-27T02:22:56Z,0,0,youtube,2026-04-05T13:39:35.759926
bHtI3lCm8wU,Economia y Desarrollo,¿Cómo FIDEL CASTRO acabó con la economía de CUBA?,es,Alta,UgwQjssFo5mtpHmpSrN4AaABAg,,0,@r.g.gmail.com4004,"El comunismo y socialismo nunca funcionan,..",2025-10-25T21:35:39Z,2025-10-25T21:35:39Z,0,1,youtube,2026-04-05T13:39:35.759931
bHtI3lCm8wU,Economia y Desarrollo,¿Cómo FIDEL CASTRO acabó con la economía de CUBA?,es,Alta,UgwQjssFo5mtpHmpSrN4AaABAg.AOiLecjzJXWAOvQEwrUr9I,UgwQjssFo5mtpHmpSrN4AaABAg,1,@AlexanderAlGr3,Exactamente broo 🎉,2025-10-30T23:25:49Z,2025-10-30T23:25:49Z,0,0,youtube,2026-04-05T13:39:35.759937
bHtI3lCm8wU,Economia y Desarrollo,¿Cómo FIDEL CASTRO acabó con la economía de CUBA?,es,Alta,Ugw3AIWdn1Cfn0hKTnh4AaABAg,,0,@_yk9ch9hw5q,"El tirano Fidel Castro no solo acabó con la economía cubana. Acabó con Cuba como NACIÓN. Destruyó antropológicamente al cubano, le mató su patriotismo incentivando que el extranjero en Cuba tuviera mas prebendas que el cubano, la mayor parte de las construcciones en Cuba están en estado crítico y destruidas, todo está sucio y feo excepto las zonas residenciales de la mafia castrista y las zonas turísticas, y hasta han aparecido los pueblos fantasmas que antes de 1959 nunca existieran, todo debido a la alta emigración. Las familias cubanas han sido pulverizadas y divididas principalmente entre EEUU y Cuba donde la de EEUU mantiene a la de Cuba y por eso la gente en Cuba adora tanto a Miami, y el peso cubano ha sido convertido en basura y se le rinde culto en Cuba al dólar, algo impensable antes de 1959. El rescate de Cuba como nación cuando se logre liberar de la tiranía castrista, será un proceso largo, pues hasta la mala educación se a apoderado del cubano de hoy y robar se ha vuelto una práctica común en la gente.",2025-10-23T14:08:37Z,2025-10-23T14:08:37Z,1,0,youtube,2026-04-05T13:39:35.759942
bHtI3lCm8wU,Economia y Desarrollo,¿Cómo FIDEL CASTRO acabó con la economía de CUBA?,es,Alta,UgyQiThU-buX_l9saHx4AaABAg,,0,@enriquemaldonado4283,Castro o el bloqueo?,2025-10-23T04:35:52Z,2025-10-23T04:35:52Z,0,0,youtube,2026-04-05T13:39:35.759948
bHtI3lCm8wU,Economia y Desarrollo,¿Cómo FIDEL CASTRO acabó con la economía de CUBA?,es,Alta,UgyGLPtM6tTJuGtr7814AaABAg,,0,@_yk9ch9hw5q,"Nunca la familia de Batista gustó del protagonismo que tanto ha gistado a la familia Castro. Esperemos que Cuba al fin se pueda liberar de la familia Castro, pues vaya que han sido una desgracia para Cuba ya desde la guerra de independencia con la participación del patriarca Angel Castro como voluntario antiindependentista español luchando contra los valientes mambises. Nunca una familia en Cuba ha jugado un papel tan nefasto en la historia del país como esa.",2025-10-21T20:47:29Z,2025-10-21T20:47:29Z,1,0,youtube,2026-04-05T13:39:35.759953
bHtI3lCm8wU,Economia y Desarrollo,¿Cómo FIDEL CASTRO acabó con la economía de CUBA?,es,Alta,UgwS8l8M5wSBbd5FTo54AaABAg,,0,@Pata_Negra_1990,Siempre con la ayuda del sistema globalista de hoy,2025-10-21T15:32:15Z,2025-10-21T15:32:15Z,0,0,youtube,2026-04-05T13:39:35.759958
bHtI3lCm8wU,Economia y Desarrollo,¿Cómo FIDEL CASTRO acabó con la economía de CUBA?,es,Alta,Ugwxfb3pDM1Cxi-ZepJ4AaABAg,,0,@_yk9ch9hw5q,"NO SOLO HIZO AÑICOS LA ECONOMÍA CUBANA, HIZO AÑICO A CUBA COMO NACIÓN....NO HAY NADA RESCATABLE YA DE LA TIRANÍA CASTRISTA, TODO ESTÁ EN RUINAS",2025-10-19T21:29:03Z,2025-10-19T21:29:03Z,1,0,youtube,2026-04-05T13:39:35.759964
bHtI3lCm8wU,Economia y Desarrollo,¿Cómo FIDEL CASTRO acabó con la economía de CUBA?,es,Alta,UgwJfKLdnS8UJdwzO7B4AaABAg,,0,@Yan-p9w-r4k,"No sé si sea como yo pienso que muchos ganan poco a un ellos elaborando alimentos y productos por qué el gobierno les pide una gran parte de sus ganancias y ellos se quedan con poco , por qué el gobierno con sus ganancias paga las deudas que tiene con otros países estando tan limitado el país no puede mantener hospitales, escuelas, dar mantenimiento a calles y edificios , todo se está quedando atrás sin actualización ni modernización . Y muchos prefieren abandonar el campo para trabajar en las playas donde pagan con dólares y dejan los campos quedando menos alimentos.",2025-10-19T19:13:23Z,2025-10-19T19:13:23Z,0,0,youtube,2026-04-05T13:39:35.759970
bHtI3lCm8wU,Economia y Desarrollo,¿Cómo FIDEL CASTRO acabó con la economía de CUBA?,es,Alta,UgwGg7N6JXb0Da1Crqt4AaABAg,,0,@Lisandra_hdez,"Me quedo loca con los comentarios🤦‍♀️ cómo pueden defender al comunismo que no están viviendo? Por su bien, espero que nunca llegue esa epidemia a sus países! Saludos🇨🇺",2025-10-19T12:00:00Z,2025-10-19T12:01:19Z,2,0,youtube,2026-04-05T13:39:35.759975
bHtI3lCm8wU,Economia y Desarrollo,¿Cómo FIDEL CASTRO acabó con la economía de CUBA?,es,Alta,UgxOcagMvvxPuK1_Ipx4AaABAg,,0,@LuisCarlosGuzman-g1c,Cuba es una monarquía castrista,2025-10-18T15:32:13Z,2025-10-18T15:32:13Z,0,0,youtube,2026-04-05T13:39:35.759980
bHtI3lCm8wU,Economia y Desarrollo,¿Cómo FIDEL CASTRO acabó con la economía de CUBA?,es,Alta,Ugxgwx7osZKyL6IopO94AaABAg,,0,@_yk9ch9hw5q,"¿Se han preguntado por qué los hambreados cubanos de a pie que son entrevistados en las calles de Cuba rara vez o nunca mencionan el embargo de los EEUU como culpable de su situación? Es simple: porque saben que es mentira. Lo saben porque lo viven, y saben lo mal que ha sido administrado el país y los disparates de última ocurrencia que caracterizaban al tirano Fidel Castro, que inventaba cosas de último momento para hacerse propaganda pero que luego resultaban en un fracaso. Eso de tratar de culpar a terceros de los desastres que causan, es muy propio siempre de los comunistas para tratar de blanquear sus culpas y victimizarse. Recursos Cuba ha tenido, pero han sido despilfarrados por el tirano Fidel Castro. La mejor muestra es el despilfarro del multimillonario subsidio de la exURSS, con el cual cualquier país se hubiera desarrollado pero que el tirano Fidel Castro malgastó en su participación en guerras en otros continentes, en el fomento de guerrillas y terrorismo en otros países y en donaciones para obras civiles a diversos países, todo con el enfermizo objetivo de vender una imagen de mesías tercermundista del tirano Fidel Castro. O también esos millonarios recursos que fueron recibidos por Cuba y que no se ha dicho cómo se usaron, y que por ejemplo, tiene sentada en un juicio en Londres a Cuba como un país mal pagador de deudas, algo por lo cual es tan conocida y por lo cual muchos le exigen pagar en efectivo y no le dan créditos.",2025-10-18T05:56:54Z,2025-10-18T05:56:54Z,1,0,youtube,2026-04-05T13:39:35.759985
bHtI3lCm8wU,Economia y Desarrollo,¿Cómo FIDEL CASTRO acabó con la economía de CUBA?,es,Alta,UgyiqgB9whYn2ge9ZsJ4AaABAg,,0,@_yk9ch9hw5q,"VAYA CON EL MEXIESBIRRO CASTRISTA MULTICUENTAS QUE LE CUESTA TANTO TRABAJO RECONOCER QUE LAS CULPAS DE LA DESTRUCCIÓN DE CUBA NO ES DE TERCEROS PAÍSES, SINO DEL PROPIO TIRANO FIDEL CASTRO, QUE A SUS DISPARATES DESTRUCTIVOS HASTA LES PUSO NOMBRE (ZAFRA DE LOS 10 MILLONES, CORDÓN DE LA HABANA, PLANES GENÉTICOS NIÑA BONITA Y ROSA FE, PLÁTANOS MICROJET, ETC ETC ETC) EN LOS CUALES NADA TUVO QUE VER OTRO PAÍS, SOLO SUS DECISIONES VOLUNTARISTAS DE TIRANO QUE NO PERMITÍA QUE NADIE SE LAS DISCUTIERA NI LES LLEVARA LA CONTRARIA....POR ESO EL PUEBLO CUBANO CUANDO PROTESTA EN LAS CALLES PIDIENDO COMIDA, NUNCA MENCIONA A TRCEROS PAÍSES, PORQUE SABE DE QUIEN ES LA CULPA DE LA HAMBRUNA CUBA, EL TIRANO FIDEL CASTRO",2025-10-17T23:01:51Z,2025-10-17T23:01:51Z,1,0,youtube,2026-04-05T13:39:35.759990
bHtI3lCm8wU,Economia y Desarrollo,¿Cómo FIDEL CASTRO acabó con la economía de CUBA?,es,Alta,UgxogilFN89wT01VXE14AaABAg,,0,@keopskefren7557,"NO DIGAS PNDJADAS. LOS GRIN-GOS NO CONFORME CON SU EMBARGO A LA ISLA, LO HIZO EXTENSIVO AL MUNDO, IMPIDIENDO CUALQUIER COMERCIO DE  TERCEROS PAISES CON LA ISLA,  SO PENA DE SANCIONES A QUIENES LO HICIERAN. LA SITUACION ACTUAL DE LOS PIN-CHES GRIN-GOS CON EL MUNDO ¿ NO ABRE TU CEREBRO? MALDT IGNORANTE .",2025-10-17T13:43:17Z,2025-10-17T13:43:17Z,0,0,youtube,2026-04-05T13:39:35.759996
bHtI3lCm8wU,Economia y Desarrollo,¿Cómo FIDEL CASTRO acabó con la economía de CUBA?,es,Alta,UgwSt7MFNx4tQV192Rh4AaABAg,,0,@WillieHerold88,"Cualquier gobernante que fomente el Marxismo será encarcelado, también opositor. De presidente a presidiario.",2025-10-17T03:51:41Z,2025-10-17T03:52:20Z,0,0,youtube,2026-04-05T13:39:35.760001
bHtI3lCm8wU,Economia y Desarrollo,¿Cómo FIDEL CASTRO acabó con la economía de CUBA?,es,Alta,UgwncthZngW0-YnRoIB4AaABAg,,0,@javiercano7991,El comunismo y el socialismo fue un fracaso total como modelo político,2025-10-13T04:19:09Z,2025-10-13T04:19:09Z,2,0,youtube,2026-04-05T13:39:35.760006
bHtI3lCm8wU,Economia y Desarrollo,¿Cómo FIDEL CASTRO acabó con la economía de CUBA?,es,Alta,Ugy0g61yjUEh7wbeSVp4AaABAg,,0,@_yk9ch9hw5q,"El ""Muro de Berlín"" del Caribe tambien caerá, como cayó el de Europa del este, las tiranías narcocastrochavistas serán barridas de América",2025-10-11T19:22:21Z,2025-10-11T19:25:11Z,0,0,youtube,2026-04-05T13:39:35.760014
bHtI3lCm8wU,Economia y Desarrollo,¿Cómo FIDEL CASTRO acabó con la economía de CUBA?,es,Alta,Ugy_wKB9ecxO8ZWK3F94AaABAg,,0,@_yk9ch9hw5q,"¿Por qué ya el viejo cuento de las supuestas culpas de los EEUU no le funciona a la tiranía castrista y a sus esbirros extranjeros? Porque el pueblo cubano sabe que es mentira, porque sabe cómo el tirano Fidel Castro despilfarró los multimillonarios recursos recibidos de la exURSS imaginando que ese país existiría para siempre para vivir de parásito de él.",2025-10-09T22:31:14Z,2025-10-09T22:31:14Z,1,0,youtube,2026-04-05T13:39:35.760019
bHtI3lCm8wU,Economia y Desarrollo,¿Cómo FIDEL CASTRO acabó con la economía de CUBA?,es,Alta,UgxI3rgnc6n8uHptVf54AaABAg,,0,@karensolera797,"Todo este mundo es una vil mentira 😡Como Dios dice en su Palabra el mundo entero esta bajo el maligno 😭 yo recuerdo que decian que el gobierno de Estados Unidos estaba en contra de Fidel Castro por que impuso el socialismo en Cuba claro con el apoyo de la Unión Soviética, pero las malas lenguas dice que fue puro show que Fidel Castro y el gobierno de Estados Unidos se llevaban excelente y que todo fue puro show de que se llevaban mal 😡, aparte vi un documental de Fidel Castro que no solo empobreció a su pais y a su gente, sino que el se volvio multimillonario robandole al pueblo de Cuba y hasta tenia un bunker con víveres y toda clase de lujos y comodidades, y esa farsa del bloqueo de Estados Unidos hacia Cuba, Fidel Castro se los hizo creer al pueblo cubano y al mundo entero, ya que Fidel Castro seguía usando esa excusa barata para seguir robando y enriqueciendose con el dinero  y la economía de Cuba, hasta dicen que en su bunker y en bancos de la Unión Soviética tenía toneladas de oro, plata y muchos minerales. Claro que cumplió con la teoría del comunismo que no existiera clases sociales en Cuba, ya que todos serian igual de pobres y el único rico seria Fidel Castro y su gobierno, pero eso no lo decía.😡",2025-10-09T21:57:02Z,2025-10-09T22:03:33Z,0,0,youtube,2026-04-05T13:39:35.760024
bHtI3lCm8wU,Economia y Desarrollo,¿Cómo FIDEL CASTRO acabó con la economía de CUBA?,es,Alta,UgzMfGDI84Z-O-xmJx14AaABAg,,0,@_yk9ch9hw5q,"Cuánta destrucción causada a una nación por un tirano megalomaníaco ególatra como Fidel Castro y su mafia heredera en el poder, que saben que ya carecen de liderazgo pero se siguen aferrando al poder para no perder sus privilegios y todo lo que han robado al país, y justifican su permanencia con consignas arcaicas apasionantes hechas mas para bobalicones extranjeros que les apoyan que para el pueblo de Cuba que ellos saben que mayoritariamente ya no les quieren",2025-10-09T02:48:38Z,2025-10-09T02:48:38Z,1,0,youtube,2026-04-05T13:39:35.760029
bHtI3lCm8wU,Economia y Desarrollo,¿Cómo FIDEL CASTRO acabó con la economía de CUBA?,es,Alta,UgxkMPd8SHnPgd_pASB4AaABAg,,0,@nathanaelferrerasfeliz2552,De mal a peor pasó ese país.,2025-10-09T01:21:13Z,2025-10-09T01:21:13Z,1,0,youtube,2026-04-05T13:39:35.760034
bHtI3lCm8wU,Economia y Desarrollo,¿Cómo FIDEL CASTRO acabó con la economía de CUBA?,es,Alta,UgzrQexYdM3HIO9PEPB4AaABAg,,0,@_yk9ch9hw5q,"Cuba tiene la tercera mas alta inflación del mundo. Eso es lo que ocurre cuando se imprime papel moneda sin un respaldo en bienes y servicios, dado que la tiranía castrista destruyó el sector productivo cubano. Por eso el peso cubano hoy no sirve ni como papel sanitario, pese a que antes de 1959 llegó a valer mas que el dólar. Hoy en Cuba la moneda fuerte es el dólar, y la mayoría de la gente tiene dólares gracias a sus familiares emigrados especialmente los que viven en EEUU. Una de las fuentes más importante de ingresos de la tiranía castrista, son las remesas de cubanos en el exterior.",2025-10-04T07:11:15Z,2025-10-04T07:11:15Z,1,0,youtube,2026-04-05T13:39:35.760039
bHtI3lCm8wU,Economia y Desarrollo,¿Cómo FIDEL CASTRO acabó con la economía de CUBA?,es,Alta,UgyUaQwtgM-_HvjxT7R4AaABAg,,0,@GGHHVHGGHHGGH,"2:00, 3 tacos después LA URSS ES LA ÚNICA QUE ES DE FIAR, vaya ese sujeto desde el principio era un comunista extremo que sabe más reprimir que de economía",2025-10-04T01:41:43Z,2025-10-04T01:48:08Z,0,0,youtube,2026-04-05T13:39:35.760045
bHtI3lCm8wU,Economia y Desarrollo,¿Cómo FIDEL CASTRO acabó con la economía de CUBA?,es,Alta,UgyZZMThDb44s_THdUF4AaABAg,,0,@_yk9ch9hw5q,"Uno de los grandes despilfarros castristas, la nunca terminada central termonuclear de Juraguá, (dirigida la obra por el hijo mayor del tirano Fidel Castro que luego se suicidara) fue uno de los grandes fracasos de la tiranía castrista, demostró la carencia en Cuba de científicos preparados para llevar a cabo proyectos de esa envergadura, muchos años y recursos  inútilmente invertidos en su construcción, y se invirtieron multimillonarios recursos en ella que terminaron siendo un multimillonario despilfarro de recursos. En vez de central termonuclear, los cubanos lo que tuvieron son mega-apagones",2025-10-02T22:43:23Z,2025-10-02T23:01:02Z,1,0,youtube,2026-04-05T13:39:35.760050
bHtI3lCm8wU,Economia y Desarrollo,¿Cómo FIDEL CASTRO acabó con la economía de CUBA?,es,Alta,UgyzkQTQniNrbclxEyR4AaABAg,,0,@_yk9ch9hw5q,"Lo que no me explico es que si los esbirros castristas extranjeros como el multicuentas que siempre escribe en los videos de Cuba hablando de las supuestas culpas del ""criminal bloqueo"" (así le llama para dramatizar), decían que la entrada de Cuba a los BRICS (no sé cómo puede explicar eso si dice que hay un ""bloqueo"") sería la solución a la miseria, hambre y destrucción de Cuba, por qué el país sigue cada vez peor. ¿O es que China y Rusia son parte de su imaginario bloqueo?",2025-09-30T23:38:05Z,2025-09-30T23:38:05Z,1,0,youtube,2026-04-05T13:39:35.760055
bHtI3lCm8wU,Economia y Desarrollo,¿Cómo FIDEL CASTRO acabó con la economía de CUBA?,es,Alta,UgwEwgJuhb3vNDanowh4AaABAg,,0,@_yk9ch9hw5q,"El gobierno de USA nunca ofreció negocios al gobierno de Cuba (a ninguno) antes de 1959. Las inversiones eran privadas. La exURSS nunca ofreció negocios al tirano Fidel Castro, simplemente le subsidiaba comprándole azúcar (productos básicos) a un precio mayor que en el mercado mundial y vendiéndole petróleo barato, el cual el tirano Fidel Castro aprovechaba para vender a mayor precio en el mercado mundial y sacarle una ganancia (algo que la URSS nunca protestó pese a que lo sabía). Por eso los apagones, ahora tan prolongados y habituales, siempre los hubo en Cuba.",2025-09-30T23:37:35Z,2025-09-30T23:37:35Z,1,0,youtube,2026-04-05T13:39:35.760060
bHtI3lCm8wU,Economia y Desarrollo,¿Cómo FIDEL CASTRO acabó con la economía de CUBA?,es,Alta,Ugw4lfNFLdBDMvm_3wt4AaABAg,,0,@juansebastiannietomarentes1372,La economía la daño EE.UU fin del comunicado,2025-09-30T21:12:39Z,2025-09-30T21:12:39Z,0,0,youtube,2026-04-05T13:39:35.760066
bHtI3lCm8wU,Economia y Desarrollo,¿Cómo FIDEL CASTRO acabó con la economía de CUBA?,es,Alta,UgxF95lNkSHTj2uaZPx4AaABAg,,0,@albertovargas-zb5ro,Lo que no entiendo porque elegimos estos pata en suelo....,2025-09-30T19:38:38Z,2025-09-30T19:38:38Z,0,0,youtube,2026-04-05T13:39:35.760071
bHtI3lCm8wU,Economia y Desarrollo,¿Cómo FIDEL CASTRO acabó con la economía de CUBA?,es,Alta,UgxlISramU_7iLRVOgN4AaABAg,,0,@_yk9ch9hw5q,"Batista nunca necesitó hacer parasitar a Cuba (como pasó luego de 1959) de otro país, todo lo logró (sin moralismo hipócritas) atrayendo inversiones, con lo cual la economía cubana iba alcanzando un vertiginoso crecimiento hacia 1958. Todas las fuentes estadísticas nacionales e internacionales lo corroboran y coinciden en ese crecimiento acelerado y modernización en la etapa batistiana. En tanto, el salario que Rusia (exURSS) pagaba al tirano Fidel Castro era todo el multimillonario subsidio que le hizo sobrevivir las sanciones sesenteras de los EEUU, pero que tan torpemente el tirano Fidel Castro despilfarró en tratar de vender su imagen de mesías tercermundista, fomentando la subversión, el terrorismo y las guerrillas en América Latina, participando en guerras en África y haciendo donaciones a esos países del Tercer Mundo. Al final ninguno de ellos se lo agradeció (el dictador etíope Megistu, huyó de su país ante la sublevación popular no quiso morir pese a que cubanos dieron la vida antes, defendiendo su gobierno, y la hija de Dos Santos, de Angola, es una de las grandes multimillonarias de África, una de las mujeres más ricas del mundo, pese a los cubanos muertos en su país y que la mayoría de ellos no querían estar en esas guerras, fueron obligados por la tiranía castrista) Al final de su vida el tirano Fidel Castro quedó solo como un viejo decrépito hablando de los beneficios de la moringa, después de haber destruido a Cuba.",2025-09-29T06:18:34Z,2025-09-29T06:18:34Z,1,0,youtube,2026-04-05T13:39:35.760076
bHtI3lCm8wU,Economia y Desarrollo,¿Cómo FIDEL CASTRO acabó con la economía de CUBA?,es,Alta,UgxWQ5TiGPxiraEQwMJ4AaABAg,,0,@juanparamo6892,"En el nombre de La Santísima Trinidad: Padre, Hijo y Espíritu Santo, yo…. 
(catire- Mr. Donald - MCM y Ed. González)rompo, aíslo, deshago, desbarato, pisoteo, disuelvo, aniquilo, invalido cualquier pacto, semi-pacto, sello (motorizados violentos del PSUV, DEL Sebin y el dgcip), cualquier consagración (SANTERISMO CUBANO), compromiso, reunión de brujas, maleficio, hechizo, maldición, magia, atadura, trampa, artimaña, ardid, mentira, impedimento, obstáculo, decepción, división, diversión, distracción, cadenas espirituales ( de: TRAMPAS DEL Raulismo castrista MADURISMO, CABELLISMO influencia satánica de  fuerzas oscuras) influencias espirituales, amén",2025-09-29T02:36:34Z,2025-09-29T02:36:34Z,0,0,youtube,2026-04-05T13:39:35.760081
bHtI3lCm8wU,Economia y Desarrollo,¿Cómo FIDEL CASTRO acabó con la economía de CUBA?,es,Alta,UgxGEYayHYiRyKVy50N4AaABAg,,0,@_yk9ch9hw5q,"El mayor problema no es que el tirano Fidel Castro destruyera la economía cubana, sino a toda la NACIÓN CUBANA. Eso es lo imperdonable. Por eso con su régimen comunista hay que hacer lo mismo que hizo Europa del este y Nepal: mandarlo al basurero de la historia.",2025-09-25T17:43:22Z,2025-09-25T17:43:22Z,1,0,youtube,2026-04-05T13:39:35.760086
bHtI3lCm8wU,Economia y Desarrollo,¿Cómo FIDEL CASTRO acabó con la economía de CUBA?,es,Alta,UgwgJ8X5h12CjyLaiNB4AaABAg,,0,@_yk9ch9hw5q,"Las verdades que se dicen en el video molestan a los esbirros castristas extranjeros porque ellos quieren que los videos sobre la destrucción castrista de la economía cubana no mencionen como culpable al tirano Fidel Castro sino a terceros países, usando el cacareado supuesto ""bloqueo imperialista"" cuya narrativa solo funciona entre extranjeros castristas bobalicones, mas no con el pueblo cubano que sabe bien que el culpable es el tirano Fidel Castro",2025-09-25T17:40:22Z,2025-09-25T17:40:22Z,1,0,youtube,2026-04-05T13:39:35.760091
bHtI3lCm8wU,Economia y Desarrollo,¿Cómo FIDEL CASTRO acabó con la economía de CUBA?,es,Alta,UgzhrbarscN--zsELcl4AaABAg,,0,@Jesusguzmanguerrero,Esa narrativa ya no te la creen pon algo nuevo!!!,2025-09-25T17:23:21Z,2025-09-25T17:23:21Z,0,0,youtube,2026-04-05T13:39:35.760097
bHtI3lCm8wU,Economia y Desarrollo,¿Cómo FIDEL CASTRO acabó con la economía de CUBA?,es,Alta,UgztOzdazleJLRt7mSp4AaABAg,,0,@_yk9ch9hw5q,"Puede observarse que los voceros castristas extranjeros (normalmente es uno solo con muchas cuentas el que escribe en los videos de Cuba) no se van a vivir a Cuba, solo son defensores de esa tiranía y del tirano Fidel Castro que han mitificado como si fuera un héroe marveliano, pero a control remoto, desde el capitalismo. Esa falsa solidaridad no es con el cubano de a pie cuando hablan de Cuba (no les importa lo que sufre el pueblo de Cuba, son deshumanizados), sino con la tiranía castrista, ellos justifican o edulcoran cualquier cosa que pase en Cuba bajo ese régimen y siempre tratan de sacar a relucir su patológicamente enfermizo antinorteamericanismo tratando de desviar la atención hacia las supuestas culpas de los EEUU, tratando de victimizar a la tiranía castrista para intentar blanquear su culpa por tener a los cubanos en la peor miseria de toda la historia de Cuba republicana y peor aún, sin libertades como nunca antes de 1959. O simplemente usan sus trillados discursos odiadores sobre “los ricos y los pobres”, “los de la capital y los del campo”, o los ""blancos y los negros"" o “la burguesía y el proletariado” para inventar mentiras sobre la Cuba de antes de 1959 y sobre una Cuba que no la conocen en carne propia en el día a día del cubano. Ese mercenarismo procastrista militante que practican activamente es parte de las deformaciones que reciben muchos de ellos en las escuelitas públicas de sus países capitalistas donde son formados como agentes fanáticos de la tiranía castrista y de la totalitaria ideología socialista/comunista. Si son comunicadores extranjeros los que critican a la tiranía castrista, entonces estos sujetos procastristas salen con el trillado recurso castrista de ¿""cuanto te pagan...?"" o con una tontería desesperada diciendo que ""mejor critiquen lo que pasa en...."", o simplemente soltando arcaicas consignas castristas y procastristas o mencionando el supuesto “criminal bloqueo” (los rojizurdetes carecen de autocrítica, siempre culpan a terceros de la destrucción que causan a los países). Por eso los esbirros castristas extranjeros ya perdieron toda credibilidad y están tan desacreditados.",2025-09-24T20:15:07Z,2025-09-24T20:15:07Z,0,0,youtube,2026-04-05T13:39:35.760102
bHtI3lCm8wU,Economia y Desarrollo,¿Cómo FIDEL CASTRO acabó con la economía de CUBA?,es,Alta,UgxBJ5TqDWtwFduN2XR4AaABAg,,0,@_yk9ch9hw5q,"Solo extranjeros procastrristas voceros de ese régimen oprobioso comunista, que no han vivido en Cuba casi toda su vida y solo lo defienden por afinidad ideológica y antinorteamericanismo enfermizo, sigue negando que el tirano Fidel Castro fue el destructor de Cuba, pero los cubanos sí lo culpan por haber vivido bajo su yugo y saber bien todas las atrocidades que hizo (pese a los millonarios recursos de la URSS que dispuso por tres décadas) y cómo arruinó a Cuba",2025-09-24T20:11:10Z,2025-09-24T20:11:10Z,1,0,youtube,2026-04-05T13:39:35.760108
bHtI3lCm8wU,Economia y Desarrollo,¿Cómo FIDEL CASTRO acabó con la economía de CUBA?,es,Alta,Ugx80Sbu7_FgVKFyyGh4AaABAg,,0,@_yk9ch9hw5q,"Por eso hoy la gente en Cuba dice: *_PREFERIMOS A BATIOSTA CON SANGRE QUE A FIDEL CON SANGRE Y HAMBRE_* Los cubanos lamentan haber apoyado inicialmente al luego tirano Fidel Castro, por  eso las nuevas generaciones le detestan",2025-09-24T20:10:36Z,2025-09-24T20:10:36Z,1,0,youtube,2026-04-05T13:39:35.760113
bHtI3lCm8wU,Economia y Desarrollo,¿Cómo FIDEL CASTRO acabó con la economía de CUBA?,es,Alta,Ugzjf33Cd6-WXexwHdd4AaABAg,,0,@monicafajardo-f1d,Inepto,2025-09-24T19:29:01Z,2025-09-24T19:29:01Z,0,0,youtube,2026-04-05T13:39:35.760118
bHtI3lCm8wU,Economia y Desarrollo,¿Cómo FIDEL CASTRO acabó con la economía de CUBA?,es,Alta,Ugzb_x4wSsGDe4VTpfR4AaABAg,,0,@liza4949,LIBERAL FASCISTA Y CAPITALISTA,2025-09-24T13:52:13Z,2025-09-24T13:52:13Z,0,0,youtube,2026-04-05T13:39:35.760124
bHtI3lCm8wU,Economia y Desarrollo,¿Cómo FIDEL CASTRO acabó con la economía de CUBA?,es,Alta,UgxvNU6sD0g3U7mydnh4AaABAg,,0,@liza4949,ERES UN MENTIROSO,2025-09-24T13:51:34Z,2025-09-24T13:51:34Z,0,0,youtube,2026-04-05T13:39:35.760129
bHtI3lCm8wU,Economia y Desarrollo,¿Cómo FIDEL CASTRO acabó con la economía de CUBA?,es,Alta,UgylNx2fy_xnW21ICPh4AaABAg,,0,@liza4949,QUIEN TE PAGA,2025-09-24T13:47:13Z,2025-09-24T13:47:13Z,0,0,youtube,2026-04-05T13:39:35.760135
bHtI3lCm8wU,Economia y Desarrollo,¿Cómo FIDEL CASTRO acabó con la economía de CUBA?,es,Alta,UgyrEfa5URCDfWkw2sJ4AaABAg,,0,@_yk9ch9hw5q,"Hoy los cubanos ven a este sujeto como una desgracia, en 1959 pensaban que era algo bueno y 66 años después lo ven como el peor gobernante que tuvo Cuba, no le importó el pueblo de Cuba, solo (como buen ególatra) vender su imagen entre el wokerío zurdirojete (especialmente los enfermizamente antinorteamericanos), para saciar su megalomanía. Nunca permitió que alguien le llevara la contraria, ni entre sus colaboradores ni en el pueblo. El miedo de todos en Cuba hacia él, fue su manera de gobernar.",2025-09-23T22:34:28Z,2025-09-23T22:34:28Z,1,0,youtube,2026-04-05T13:39:35.760140
bHtI3lCm8wU,Economia y Desarrollo,¿Cómo FIDEL CASTRO acabó con la economía de CUBA?,es,Alta,UgxMmYkBthqMWfGUQfl4AaABAg,,0,@SilviaDopozo-nb7nl,Fidel castro no destruyo a Cuba .pero eso es lo que dicen para confundir a las personas en este sistema nefasto,2025-09-23T17:51:19Z,2025-09-23T17:51:19Z,0,0,youtube,2026-04-05T13:39:35.760145
bHtI3lCm8wU,Economia y Desarrollo,¿Cómo FIDEL CASTRO acabó con la economía de CUBA?,es,Alta,UgxbCeLy858pdOPQH3t4AaABAg,,0,@_yk9ck9hv5q,"El peor gobernante que ha tenido Cuba en toda su historia, el mas destructivo y represivo, un ególatra que solo usó el poder para saciar su megalomanía y venderse entre bobalicones zurdirojetes de otros países",2025-09-21T11:09:31Z,2025-09-21T11:09:31Z,1,0,youtube,2026-04-05T13:39:35.760150
bHtI3lCm8wU,Economia y Desarrollo,¿Cómo FIDEL CASTRO acabó con la economía de CUBA?,es,Alta,UgzL1JnResNF6sLOb2F4AaABAg,,0,@_yk9ck9hv5q,"En Cuba pensar hacer una dieta sobre la base de una sana alimentación, es una utopía. El tirano Fidel Castro destruyó las fuentes de alimentación de los cubanos: los sectores agropecuarios y de la pesca. Antes de 1959 nunca hubo protestas como las recientes, pidiedo comida.  Los cubanos se pasan el día entero pensando en comida y tratando de llevarse algo de comer a la boca aunque sea dañino para su salud. En las calles la comida chatarra es hiperglicémica, hipercalórica y con exceso de colesterol malo. Por eso hay alguna gente gorda en Cuba (sin contar a Díaz Canel y su porcina esposa, que están gordos igual que toda la cúpula castrista, por comer abundantemente buena comida) pese a que un Cuba nadie se puede hacer un análisis de sangre cuando lo desee, porque eso solo se lo puede recetar un médico bajo estrictas reglas, dada la carencia de recursos que hay en clínicas y hospitales. Estar gordo no es síntoma de estar sano, sino lo contrario (excepto el cerdo Díaz Canel y su porcina esposa, que se alimentan bien)",2025-09-20T23:13:26Z,2025-09-20T23:14:59Z,1,0,youtube,2026-04-05T13:39:35.760156
bHtI3lCm8wU,Economia y Desarrollo,¿Cómo FIDEL CASTRO acabó con la economía de CUBA?,es,Alta,UgwBAYYoIa9v9Zrj-kd4AaABAg,,0,@SebastiánLópez-r6q8k,Como vas a decir que el bloqueo estado unidense no es un problema 🤦,2025-09-20T17:33:09Z,2025-09-20T17:33:09Z,0,0,youtube,2026-04-05T13:39:35.760161
bHtI3lCm8wU,Economia y Desarrollo,¿Cómo FIDEL CASTRO acabó con la economía de CUBA?,es,Alta,Ugxwy-SyI1YBmMr8UTN4AaABAg,,0,@pedrogarcia600,"Hola. La culpa de lo que pasa hoy en día la Tiene Fulgencio Batista , porque cuando Fidel Castro con grupo de hombres atacó el Cuartel Moncada debía haberlo Fusilado y no hubiera hoy pobreza y miseria.",2025-09-19T15:32:31Z,2025-09-19T15:32:31Z,0,0,youtube,2026-04-05T13:39:35.760166
bHtI3lCm8wU,Economia y Desarrollo,¿Cómo FIDEL CASTRO acabó con la economía de CUBA?,es,Alta,UgwtDAeSFYCjwBJwE1V4AaABAg,,0,@pedrogarcia600,"Hola. Te felicito por el vídeo,lo haz detallado bien todo. Te mereces un premio",2025-09-19T15:16:42Z,2025-09-19T15:16:42Z,1,0,youtube,2026-04-05T13:39:35.760172
bHtI3lCm8wU,Economia y Desarrollo,¿Cómo FIDEL CASTRO acabó con la economía de CUBA?,es,Alta,Ugy6uGuM3Srw8bjQjbt4AaABAg,,0,@pedrogarcia600,Hola. También para el próximo video tienes que decir qué el ladrón de Fidel Castro les quito todos los negocios a los cubanos y muchos de ellos se ahorcaron o sucidaron porque les robo con lo hacian comida para ellos y su familia.,2025-09-19T15:12:46Z,2025-09-19T15:12:46Z,0,0,youtube,2026-04-05T13:39:35.760176
bHtI3lCm8wU,Economia y Desarrollo,¿Cómo FIDEL CASTRO acabó con la economía de CUBA?,es,Alta,Ugw2xFyg3Y54VaG3T2h4AaABAg,,0,@_yk9ck9hv5q,"Lo único que el tirano Fidel Castro y la tiranía castrista nunca han descuidado y para lo cual ha destinado cuantiosos recursos, es para la represión al pueblo. La tiranía castrista tiene el mas grande aparato represivo de América Latina, no solo está conformado por policías y militares, que ante una protesta popular (como se vio el 11J aparecen rápidamente, están bien entrenados para eso), sino inclusive civiles que juegan el papel de policías y se mezclan en las calles con el ciudadano común, y organizaciones represivas como los CDR de la tiranía castrista. Y no hablemos ya de las denominada Avispas Negras"", que es el grupo represivo élite de la tiranía castrista.",2025-09-18T01:35:46Z,2025-09-18T01:35:46Z,1,0,youtube,2026-04-05T13:39:35.760181
bHtI3lCm8wU,Economia y Desarrollo,¿Cómo FIDEL CASTRO acabó con la economía de CUBA?,es,Alta,UgyEnvnExyU_6aWsVnF4AaABAg,,0,@_yk9ck9hv5q,"Puede observarse que los voceros castristas extranjeros (normalmente es uno solo con muchas cuentas el que escribe en los videos de Cuba) no se van a vivir a Cuba, solo son defensores de esa tiranía y del tirano Fidel Castro que han mitificado como si fuera un héroe marveliano, pero a control remoto, desde el capitalismo. Esa falsa solidaridad no es con el cubano de a pie cuando hablan de Cuba (no les importa lo que sufre el pueblo de Cuba, son deshumanizados), sino con la tiranía castrista, ellos justifican o edulcoran cualquier cosa que pase en Cuba bajo ese régimen y siempre tratan de sacar a relucir su patológicamente enfermizo antinorteamericanismo tratando de desviar la atención hacia las supuestas culpas de los EEUU, tratando de victimizar a la tiranía castrista para intentar blanquear su culpa por tener a los cubanos en la peor miseria de toda la historia de Cuba republicana y peor aún, sin libertades como nunca antes de 1959. O simplemente usan sus trillados discursos odiadores sobre “los ricos y los pobres”, “los de la capital y los del campo”, o los ""blancos y los negros"" o “la burguesía y el proletariado” para inventar mentiras sobre la Cuba de antes de 1959 y sobre una Cuba que no la conocen en carne propia en el día a día del cubano. Ese mercenarismo procastrista militante que practican activamente es parte de las deformaciones que reciben muchos de ellos en las escuelitas públicas de sus países capitalistas donde son formados como agentes fanáticos de la tiranía castrista y de la totalitaria ideología socialista/comunista. Si son comunicadores extranjeros los que critican a la tiranía castrista, entonces estos sujetos procastristas salen con el trillado recurso castrista de ¿""cuanto te pagan...?"" o con una tontería desesperada diciendo que ""mejor critiquen lo que pasa en...."", o simplemente soltando arcaicas consignas castristas y procastristas o mencionando el supuesto “criminal bloqueo” (los rojizurdetes carecen de autocrítica, siempre culpan a terceros de la destrucción que causan a los países). Por eso los esbirros castristas extranjeros ya perdieron toda credibilidad y están tan desacreditados.",2025-09-17T20:09:52Z,2025-09-17T20:09:52Z,1,0,youtube,2026-04-05T13:39:35.760187
bHtI3lCm8wU,Economia y Desarrollo,¿Cómo FIDEL CASTRO acabó con la economía de CUBA?,es,Alta,UgwrJU1A7VqKaKVCLTd4AaABAg,,0,@_yk9ck9hv5q,"No existen países comunistas desarrollados ni calificados ""del primer mundo"", todos los que se califican como desarrollados, son capitalistas. Ni siquiera China, y lo que ha avanzado es gracias a que adoptó una economía capitalista, igual que Vietnam, pese a que son gobernados esos países por tiranías comunistas represoras de las libertades de sus pueblos.. A Europa del este la daban por desarrollada porque mentían en sus cifras (como siempre hacen los comunistas) y no permitían verificarlas, después se supo la verdad. Cuba tuvo mas desarrollo siendo capitalista que siendo comunista, ni siquiera el multimillonario subsidio que recibió por tres décadas de la exURSS le hizo detener su cada vez mayor atraso, la prosperidad económica nunca fue un objetivo del tirano Fidel Castro (excepto la suya).",2025-09-17T12:37:30Z,2025-09-17T12:37:30Z,1,0,youtube,2026-04-05T13:39:35.760192
bHtI3lCm8wU,Economia y Desarrollo,¿Cómo FIDEL CASTRO acabó con la economía de CUBA?,es,Alta,Ugx4h6exJtmsvDKI6Lt4AaABAg,,0,@_yk9ck9hv5q,"Cada vez que al tirano Fidel Castro fuera de Cuba algún periodista le pregunta algo que le resultaba incómodo responder, enseguida iba al ataque personal al periodista preguntándole ""¿y a ti quien te paga?"". Esa fórmula torpe de ellos cuando se quedan sin argumentos, la copiaron todos los gobernantes zurdirojetes y los esbirros extranjeros de la tiranía castrista, para tratar de vender la imagen de que quien les contraríe, es un mercenario del ""imperio"". Nunca soportó a los que pensaban distinto a él, siempre fue intolerante, por eso lo que al inicio fue una revolución, luego degeneró en tiranía",2025-09-17T12:31:46Z,2025-09-17T13:19:13Z,1,0,youtube,2026-04-05T13:39:35.760197
bHtI3lCm8wU,Economia y Desarrollo,¿Cómo FIDEL CASTRO acabó con la economía de CUBA?,es,Alta,UgxQ6R5IiSNcb8pAVJR4AaABAg,,0,@kasiaignatowicz4092,"Que buen reporte. Escrito y pagado seguramente o posiblemente por gente como la CIA. No sorprendería que degenerados Cubanos como Gloria Estefan, Andy Garcia y María Conchita Alonso estuvieron apoyando videos como este.",2025-09-17T10:58:24Z,2025-09-17T10:58:24Z,0,0,youtube,2026-04-05T13:39:35.760202
bHtI3lCm8wU,Economia y Desarrollo,¿Cómo FIDEL CASTRO acabó con la economía de CUBA?,es,Alta,Ugz_gCsAKcrwMBp6PMd4AaABAg,,0,@kasiaignatowicz4092,Los que están empobrecido al pueblo Cubano son los EEUU y sus sanciónes. Gracias a Fidel Cuba no es controlando por un banco central de la familia criminal Rothschild. Bancos que atrapan a los países en usuario judío.,2025-09-17T10:43:04Z,2025-09-17T10:43:04Z,0,0,youtube,2026-04-05T13:39:35.760207
bHtI3lCm8wU,Economia y Desarrollo,¿Cómo FIDEL CASTRO acabó con la economía de CUBA?,es,Alta,Ugw0EcCRHTvfl7Hpz-94AaABAg,,0,@_yk9ck9hv5q,"El tirano Fidel Castro será considerado el gobernante de Cuba mas traidor a la Patria cubana. Hizo añicos a Cuba como nación, no solo destruyó su economía. Dejó que se destruyeran las construcciones mientras levantan hoteles de lujo para turistas extranjeros, le quitó las libertades a los cubanos y estableció el aparato represivo mas grande que ha tenido Cuba en su historia, pulverizó a las familias cubanas y peor aún, cambió antropológicamente al cubano, volviéndolo un pueblo vulgar, sin decencia y odiador. Nunca Cuba como hoy está mas cerca de poder ser tragada por los EEUU y desaparecer como nación, por culpa del tirano Fidel Castro que ha provocado desde que llegó al poder la mas alta emigración de la historia de Cuba, hacia los EEUU, dejando las familias cubanas divididas entre los dos países (por eso hoy se habla de ""las dos orillas), donde los que están en los EEUU son los sostenedores económicos de los que están en Cuba, y por lo tanto, una parte muy apreciada de la familia. La tiranía castrista dio cumplimiento así a la teoría de “la fruta madura” respecto a los EEUU de la que tanto se habló desde los finales de la guerra independentista de los mambises. A los cubanos, ante el agobio y desesperación por las penurias económicas y la falta de libertades, poco les importaría (y hasta les alegraría) que EEUU absorbiera a Cuba y así además volver a reunir a las muy divididas familias cubanas. De por sí ya Cuba perdió su soberanía económica desde los años noventa, al poner a circular una moneda ficticia equivalente a tener dólares (CUC), y mas recientemente con la absoluta dolarización de la economía cubana, algo que ni al mas pronorteamericano de los presidentes que tuvo la isla antes de 1959, se le había ocurrido ni el pueblo cubano, que entonces no era una carnero ante el poder, le hubiese permitido. Cuba ya no se puede considerar ni siquiera una colonia yanqui, sino casi una parte de los EEUU. La moneda que circula en Cuba es la de EEUU y la gente en Cuba vive de las remesas de los EEUU. Nunca Cuba había sido tan dependiente de los EEUU como ahora. La juventud cubana está miamizada, copia cuanta moda y música les llega de Miami, inclusive el lema de los jóvenes en Cuba hoy es PATRIA Y VIDA, el cual salió de Miami.",2025-09-17T02:11:48Z,2025-09-17T02:11:48Z,1,0,youtube,2026-04-05T13:39:35.760213
bHtI3lCm8wU,Economia y Desarrollo,¿Cómo FIDEL CASTRO acabó con la economía de CUBA?,es,Alta,UgzocmQ3s3TzKLSqEnt4AaABAg,,0,@_yk9ck9hv5q,"excelente video, es la muestra de esa Cuba que fue haitianizada por la tiranía castrista, convirtiéndola en uno de los países mas pobres de América, a diferencia de su crecimiento económico acelerado y avance pujante cada vez mayor de una clase media que tenía antes de 1959...en todos los países hay gente pobre, pero no son la inmensa mayoría de la población como en Cuba, donde solo la oligarquía castrista viven como ricachones en las casas y mansiones robadas en las zonas residenciales a sus dueños originales....y lo que es peor, es el pueblo con menos libertades de América Latina",2025-09-17T02:09:51Z,2025-09-17T02:09:51Z,1,0,youtube,2026-04-05T13:39:35.760218
bHtI3lCm8wU,Economia y Desarrollo,¿Cómo FIDEL CASTRO acabó con la economía de CUBA?,es,Alta,UgxvlBCkZ5JNkl9Qfbx4AaABAg,,0,@CarlosMartinez-b1v9t,"Cubanos abran los ojos, Puerto Rico es una colonia gringa y está peor que Cuba, todo país que pisan los gringos lo destruyen, el imperialismo yanky paga para desanimar a los cubanos; acusan a Venezuela de meter droga a USA, pero allá la mariguana es legal, y allá viven los grandes productores de marigua sintética, acusan a México de meter fentanilo a su país y quieren destruir los carteles mexicanos, pero ellos mismos les venden toda clase de armas.
   Los gringos lo que quieren es ser ellos los capos de la droga por el dineral que genera su venta.
   Allá en cada calle hay dos dealers , y el gobierno lo permite por el dineral que deja.
   Cubanos patriotas no se crean de esos traidores, no están solos Rusia y China están con ustedes.
Y lo del comunismo es un fantasma con lo que el clero católico asusta a los idólatras de la guadalupana, los supersticiosos que se asustan con el petate del muerto.",2025-09-17T00:15:46Z,2025-09-17T00:15:46Z,0,0,youtube,2026-04-05T13:39:35.760223
bHtI3lCm8wU,Economia y Desarrollo,¿Cómo FIDEL CASTRO acabó con la economía de CUBA?,es,Alta,Ugzpdqf-Lvp8EuGdmCd4AaABAg,,0,@_yk9ck9hv5q,"Dejó a Cuba en la ruina, solo legó para el futuro una represiva y destructiva tiranía, y un pueblo sin libertades",2025-09-16T22:55:20Z,2025-09-16T22:55:20Z,1,0,youtube,2026-04-05T13:39:35.760228
bHtI3lCm8wU,Economia y Desarrollo,¿Cómo FIDEL CASTRO acabó con la economía de CUBA?,es,Alta,UgzCpAT3NAaByUAHXJN4AaABAg,,0,@Mariana-s8g,Ese Fidel era el anticristo destruyó la isla,2025-09-14T04:59:41Z,2025-09-14T04:59:41Z,1,0,youtube,2026-04-05T13:39:35.760234
bHtI3lCm8wU,Economia y Desarrollo,¿Cómo FIDEL CASTRO acabó con la economía de CUBA?,es,Alta,Ugz4itEHvmNpx1sfmNB4AaABAg,,0,@_yk9ck9hv5q,"Comparado con el tirano Fidel Castro, hoy la gente en Cuba a Batista lo ven como un tirano light, algunos dicen que ni tirano fue. El tirano Fidel Castro y su tiranía han sido mas represores, mas crueles con el pueblo, que Batista, y al menos Cuba, que ya venía teniendo desde Grau un buen crecimiento económico constante, tuvo su mayor esplendor en su economía, llegando el peso cubano a valer mas que el dólar (hoy no sirve ni como papel sanitario, la economía está dolarizada como nunca antes de 1959, Cuba perdió su soberanía económica), en tanto el tirano Fidel Castro haitianizó a Cuba y la destruyó como nación, no solo su economía, Cuba hoy es una favela-cárcel, una especie de gueto de América. Es el Alcatraz del Caribe.",2025-09-13T11:22:07Z,2025-09-13T11:22:07Z,1,0,youtube,2026-04-05T13:39:35.760239
bHtI3lCm8wU,Economia y Desarrollo,¿Cómo FIDEL CASTRO acabó con la economía de CUBA?,es,Alta,UgzMHVpfQiPgHuVNhul4AaABAg,,0,@matiastijmesmontero8942,lo más desagradable es que no cuentan la historia completa porque cuba nunca ha tenido democracia primero tuvo una dictadura fascista con Fulgencio batista hasta el 59 y castro tomo el poder y paso a dictadura comunista hasta la actualidad con Miguel días cannel.,2025-09-13T09:02:42Z,2025-09-13T09:02:42Z,0,0,youtube,2026-04-05T13:39:35.760245
bHtI3lCm8wU,Economia y Desarrollo,¿Cómo FIDEL CASTRO acabó con la economía de CUBA?,es,Alta,Ugx4fGpozZSjk1HaiWd4AaABAg,,0,@_yk9ck9hv5q,"Cuba desde 1959 perdió la posibilidad de convertirse en un paraíso, fue durante tres décadas ficticiamente y parasitariamente mantenida en pie por la URSS hasta que pulverizaron el comunismo en ese país y los cubanos pudieran saber la verdad de la ruina causada a la economía cubana durante el período de existencia de la URSS, en el cual el tirano Fidel Castro despilfarró multimillonarios recursos recibidos de ese país para fomentar el terrorismo y la subversión en América Latina y en guerras en África, en hacer donaciones civiles (aeropuertos, hospitales, etc.) a terceros países, y en todo aquello que pudiera proyectar su imagen de supuesto mesías del tercer mundo ante todos los tontos que le han admirado, sin importarles cómo Cuba se destruía y el cubano cada vez vive peor. Recibió una economía en crecimiento, pero su egolatría y mala administración del país, y su forma totalitaria de gobernar, provocaron la ruina de Cuba hasta llevarla a ese Estado fallido que es hoy. Hoy Cuba es un país haitianizado por el tirano Fidel Castro, convirtió a toda Cuba en una gran favela-cárcel, el gueto de América, en el Alcatraz del Caribe. Después, como siempre hacen los comunistas, solo le quedó a la tiranía castrista victimizarse culpando a un tercero de la destrucción (no solo económica) que ella ha causado a Cuba, algo que no le ha funcionado.",2025-09-12T22:07:40Z,2025-09-12T22:07:40Z,1,0,youtube,2026-04-05T13:39:35.760250
bHtI3lCm8wU,Economia y Desarrollo,¿Cómo FIDEL CASTRO acabó con la economía de CUBA?,es,Alta,UgzYVy7GAeX8qrM9aoF4AaABAg,,0,@VictorAvilaEspinosa,Muy cierto la parte donde se dice que Fidel destruyó Cuba.,2025-09-12T14:40:50Z,2025-09-12T14:40:50Z,0,0,youtube,2026-04-05T13:39:35.760255
bHtI3lCm8wU,Economia y Desarrollo,¿Cómo FIDEL CASTRO acabó con la economía de CUBA?,es,Alta,UgyMZETzUbc2elQkJz14AaABAg,,0,@_yk9ck9hv5q,"¿Por qué a la tiranía castrista no le funciona hoy su propaganda basada en el recurso goebbeliano de la repetición, de tratar de culpar a los EEUU de la situación de Cuba, y ese discurso que tanto repite junto a sus esbirros extranjeros no le funciona con el pueblo de Cuba, que no repite esa mentira? Me imagino la desesperación que debe causarle que la gente en Cuba no haya hecho suya la mentira de las culpas de los EEUU sobre la miseria y destrucción de Cuba",2025-09-11T22:07:23Z,2025-09-11T22:07:23Z,1,0,youtube,2026-04-05T13:39:35.760261
bHtI3lCm8wU,Economia y Desarrollo,¿Cómo FIDEL CASTRO acabó con la economía de CUBA?,es,Alta,UgyrZ-DbJtg6aAaJx7V4AaABAg,,0,@_yk9ch9hw5q,"Toda la mafia castrista (incluyendo al tirano Fidel Castro y familia) vivieron desde 1959 en casa y mansiones robadas a sus dueños originales en zonas exclusivas de La Habana, ninguno en barrios humildes de Cuba, pese a que acusaron en 1959 a los políticos de antes, de ser ladrones. Por eso ahora prefieren ni hablar de lo que se robaba antes de 1959, pues la mafia castrista (cúpula militar incluida) han sido peores. Por eso los cubanos hoy dicen ""roboilusión""",2025-09-10T23:21:11Z,2025-09-10T23:21:11Z,1,0,youtube,2026-04-05T13:39:35.760268
bHtI3lCm8wU,Economia y Desarrollo,¿Cómo FIDEL CASTRO acabó con la economía de CUBA?,es,Alta,Ugz94E6HPtypugtg2FF4AaABAg,,0,@_yk9ch9hw5q,"Lo que hay que cambiar en Cuba es al gobierno y terminar con la tiranía castrista, igual que hicieron en Europa del este que mandaron a las tiranías comunistas al basurero de la historia. se necesita hacer una verdadera revolución, no seguir en la mentira de la fracasada otra revolución de 1959 que tan pronto se frustrara al degenerar en tiranía comunista como satélite parásito de la URSS",2025-09-10T22:04:07Z,2025-09-10T22:04:07Z,1,0,youtube,2026-04-05T13:39:35.760273
bHtI3lCm8wU,Economia y Desarrollo,¿Cómo FIDEL CASTRO acabó con la economía de CUBA?,es,Alta,UgzRMm57DgragkpOn094AaABAg,,0,@Alexisferra-v2y,Este ser a esclavizado por mucho tiempo a los seres de ese país..y esto no puede ser.. pronto será la guillotina para Fidel,2025-09-10T21:52:50Z,2025-09-10T21:52:50Z,1,0,youtube,2026-04-05T13:39:35.760278
bHtI3lCm8wU,Economia y Desarrollo,¿Cómo FIDEL CASTRO acabó con la economía de CUBA?,es,Alta,UgzYmmtDL_90N0PhyB14AaABAg,,0,@josemamani1952,Me preocupa que el gobierno de Bolivia siga muchos de esos pasos,2025-09-10T15:41:32Z,2025-09-10T15:41:32Z,0,1,youtube,2026-04-05T13:39:35.760283
bHtI3lCm8wU,Economia y Desarrollo,¿Cómo FIDEL CASTRO acabó con la economía de CUBA?,es,Alta,UgzYmmtDL_90N0PhyB14AaABAg.AMtqMbL-oP-AMuJl3yV5zJ,UgzYmmtDL_90N0PhyB14AaABAg,1,@_yk9ch9hw5q,"exgobierno, para dicha de los bolivianos",2025-09-10T20:07:09Z,2025-09-10T20:07:09Z,1,0,youtube,2026-04-05T13:39:35.760289
bHtI3lCm8wU,Economia y Desarrollo,¿Cómo FIDEL CASTRO acabó con la economía de CUBA?,es,Alta,Ugwfn5Cot8GY8lnw6tZ4AaABAg,,0,@_yk9ch9hw5q,"El oprobioso régimen castrocomunista del tirano Fidel Castro quedará ante la historia de Cuba como el más destructivo de Cuba, no solo en lo económico, sino inclusive toda Cuba como nación, pues ha destruido a las familias cubanas con la alta emigración que ha generado (la mayor que recuerde la historia de Cuba), el alto nivel de prostitución actual (como nunca antes de 1959) con su fomento al turismo sexual, e inclusive, con la destrucción física del país, pues las edificaciones se han deteriorado al extremo o simplemente ya se han derrumbado o están apuntaladas o ruinosas a punto de hacerlo, haciendo de la capital cubana una de las más feas y deterioradas del mundo luego de haber sido antes de 1959 una de las más elegantes de América...y quedará como el mas antipatriota, pues con la alta emigración de cubanos hacia EEUU ha puesto en peligro a que Cuba de ser absorbida en un futuro por EEUU dado el deseo de las familias de volverse a reunificar libres del comunismo, además de haber dolarizado la economía cubana, algo que ni el mas pronorteamericano presidente de Cuba antes de 1959 había hecho....el pueblo cubano hoy es un pueblo sin libertades, que vive bajo la constante y extrema represión de una tiranía, y eso los pueblos nunca lo olvidan en su historia.",2025-09-09T10:56:32Z,2025-09-09T10:56:32Z,1,0,youtube,2026-04-05T13:39:35.760294
bHtI3lCm8wU,Economia y Desarrollo,¿Cómo FIDEL CASTRO acabó con la economía de CUBA?,es,Alta,UgzgD105UETOMuvgfyZ4AaABAg,,0,@4pr3nd12,Viva Fidel,2025-09-09T09:27:58Z,2025-09-09T09:27:58Z,0,0,youtube,2026-04-05T13:39:35.760299
bHtI3lCm8wU,Economia y Desarrollo,¿Cómo FIDEL CASTRO acabó con la economía de CUBA?,es,Alta,Ugzp0zMBqOesqJ-Agih4AaABAg,,0,@GustavoAdolfo-i4p,El socialismo y el comunismo es una mentira ....son terroristas disfrasados ...gente mala ...secuestrar países enteros ...e instalar una monarquía..disfrasada...asesinar gente y prostituir a sus mujeres en el estranjero por culpa de ellos ....el colmo de la miseria de un pais,2025-09-07T22:08:41Z,2025-09-07T22:08:41Z,0,0,youtube,2026-04-05T13:39:35.760304
bHtI3lCm8wU,Economia y Desarrollo,¿Cómo FIDEL CASTRO acabó con la economía de CUBA?,es,Alta,UgxNimxq5aZ59McKOXZ4AaABAg,,0,@Chuckles9191991,Answer : by simply being born.,2025-09-07T10:45:28Z,2025-09-07T10:45:28Z,0,0,youtube,2026-04-05T13:39:35.760309
bHtI3lCm8wU,Economia y Desarrollo,¿Cómo FIDEL CASTRO acabó con la economía de CUBA?,es,Alta,UgwVFbNsbUYcAJVkolx4AaABAg,,0,@johnnyariasgarcia2000,En otras palabras Cuba está cómo cómo está en estos momentos gracias a las ratas sinvergüenza de Fidel Castro,2025-09-07T09:32:58Z,2025-09-07T09:32:58Z,1,0,youtube,2026-04-05T13:39:35.760314
bHtI3lCm8wU,Economia y Desarrollo,¿Cómo FIDEL CASTRO acabó con la economía de CUBA?,es,Alta,UgzGp5pQ-s2tcbBe7l14AaABAg,,0,@_yk9ch9hw5q,"En el proceso de adoctrinamiento castrista a los cubanos, siempre nos dijeron la mentira que el 20 de mayo de 1902 no nacimos como república, que solo había nacido una ""república mediatizada"" en aquel momento, todo con el objetivo de tratar de hacernos creer que Cuba no había sido república sino hasta 1959 y que el tirano Fidel Castro había sido el liberador de Cuba. Que asco de tiranía comunista, que manera de tergiversar la historia. Hasta le cortaron los pies a Estrada Palma en su monumento en la calle G del Vedado. Eso hay que hacerlo con el mojón de Castro que dicen que contiene sus cenizas y que está en el cementerio de Santa Ifigenia: echarlo a la Fosa de Bartlett. Mas bien a partir de 1959 Cuba dejó de ser república, porque degeneró en tiranía, que es la negación de una república.",2025-09-06T22:36:12Z,2025-09-06T22:36:12Z,3,0,youtube,2026-04-05T13:39:35.760319
bHtI3lCm8wU,Economia y Desarrollo,¿Cómo FIDEL CASTRO acabó con la economía de CUBA?,es,Alta,Ugw0mAuqS-uwo6n9AgJ4AaABAg,,0,@JesusdaniloVega,"Cuba nunca ha tenido libertad Batista también era un socialista Batista lo único que hizo fue cederle el poder a Fidel Castro dejarsela más fácil pero Batista también era un izquierdista socialista igual a Fidel Castro
Cuba  salió de un Guatemala para entrar a un guatepeor",2025-09-06T20:32:49Z,2025-09-06T20:32:49Z,1,0,youtube,2026-04-05T13:39:35.760325
bHtI3lCm8wU,Economia y Desarrollo,¿Cómo FIDEL CASTRO acabó con la economía de CUBA?,es,Alta,Ugw-mdR4XFyjBihP8cB4AaABAg,,0,@robertocasas629,"Solo le importaba vender una imagen de si mismo, los cubanos nunca fueron su prioridad, este tipo era en psicópata, por eso arruinó a Cuba y solo dejó como alternativa irse del país",2025-09-05T23:16:05Z,2025-09-05T23:16:05Z,1,0,youtube,2026-04-05T13:39:35.760330
bHtI3lCm8wU,Economia y Desarrollo,¿Cómo FIDEL CASTRO acabó con la economía de CUBA?,es,Alta,UgxF0M4q_msj_etl9dB4AaABAg,,0,@_yk9ch9hw5q,"El colmo es que la tiranía castrista se haya ido a buscar limosnas a Vietnam, un país que tuvo una guerra armada, primero con EEUU y luego con China, y nunca tuvo un multimillonario subsidio por tres décadas como el que tuvo el tirano Fidel Castro de la exURSS,  y hoy está mejor que Cuba. La tiranía castrista es fracaso, el tirano Fidel Castro la dejó en la ruina total a Cuba",2025-09-04T22:55:51Z,2025-09-04T22:55:51Z,1,0,youtube,2026-04-05T13:39:36.692277
bHtI3lCm8wU,Economia y Desarrollo,¿Cómo FIDEL CASTRO acabó con la economía de CUBA?,es,Alta,UgwagXIEBDK-GH8yco94AaABAg,,0,@_yk9ch9hw5q,"Que vergonzoso que en una Cuba libre de la tiranía castrista, las nuevas generaciones de cubanos sepan que durante el humillante régimen de oprobio de los Castro, los cubanos nos llamábamos a si mismo ""carneros"" para dejar patente la mansa cobardía que manifestábamos ante el yugo del poder del tirano Castro y su tiranía. La mayoría de los cubanos en la isla (simulación por razones obvias de supervivencia aparte) DETESTAN a Fidel Castro, porque dejó un legado de destrucción de la nación cubana donde las familias se están dividiendo cada vez mas porque las nuevas generaciones no quieren vivir sin libertades bajo esa tiranía sin futuro. Para las nuevas generaciones ese difunto tirano Fidel Castro ya nada representa, pues por suerte para ellos no tuvieron que vivir sus aburridos interminables discursos que nos obligaban a oir a las generaciones precedentes, y que nos obligaban a simular adorarle. Solo algunos zurdirojetes de otros países se siguen babeando por este tirano que ellos no tuvieron que sufrir y bajo cuya tiranía no tuvieron que vi",2025-09-04T22:54:05Z,2025-09-04T22:54:05Z,1,0,youtube,2026-04-05T13:39:36.692299
bHtI3lCm8wU,Economia y Desarrollo,¿Cómo FIDEL CASTRO acabó con la economía de CUBA?,es,Alta,Ugz-SJDqAoIgyMJNIgZ4AaABAg,,0,@_yk9ch9hw5q,"El sistema de salud de Cuba es hoy un fracaso. En Cuba hay un sistema de salud para el cubano de a pie y otro para los de la oligarquía castrista (y sus mas importantes voceros) y la casta militar y aquellos que tienen dólares. Los cubanos tienen que ir al hospital con sus propias sábanas, toallas, alimentos, agua, productos de aseo personal y limpieza, bombilla o colchón y material de curación (casi todo eso enviado por sus familiares en el exterior). Los extranjeros y los altos cargos de dirección en el régimen reciben otro trato en hospitales o clínicas como CIMEQ, Cira García, Ciren, la 43 y Kohly, o en plantas especiales del Hermanos Ameijeiras y del Frank País. El país que tuvo a un nominado al Nobel de Medicina antes de la llegada de los Castro, ahora manipula las estadísticas para camuflar la involución en la salud de los cubanos y prohíbe que les sean verificadas. En tanto, dado los miserables sueldos de entre 16 y 23 dólares mensuales que recibe un médico, se ha hecho práctica común que los ciudadanos para que les presten un mejor servicio médico, recurran a darle algún dinerito “bajo la cuerda” al médico y al personal de salud. Ante la crisis de materiales para la odontología, los odontólogos los recursos que le son asignados los destinan a aquellos pacientes “clientes” suyos que les hacen pagos (como se dice en Cuba ) “por debajo de la manga”. Los propios profesionales de la salud ante la crisis de medicamentos (que no son parte del embargo del EEUU) le recetan a los pacientes medicamentos que no hay dentro de Cuba pero que les sugieren que se los pidan a sus familiares emigrados. Y los hospitales y clínicas de las provincias de Cuba están en peor estado y mas desabastecidos y lo peor es que no permiten a la gente de provincia recibir atención médica en La Habana si no hay una remisión expresa de las autoridades de salud de su provincia.",2025-09-04T22:52:57Z,2025-09-04T22:52:57Z,1,0,youtube,2026-04-05T13:39:36.692305
bHtI3lCm8wU,Economia y Desarrollo,¿Cómo FIDEL CASTRO acabó con la economía de CUBA?,es,Alta,UgwCBCiywfyUnELiJn54AaABAg,,0,@_yk9ch9hw5q,"El tirano Fidel Castro no llega al poder por razones económicas (el peso cubano estaba a la par del dólar, a veces más fuerte y la clase media iba en incesante aumento como nunca antes en la historia de Cuba, lo cual demuestra la fortaleza del crecimiento económico acelerado de la economía bajo Batista), sino por el resentimiento de los cubanos con Batista por haber dado el golpe de Estado y haber violado la Constitución de 1940 de la cual se sentían tan orgullosos por haber sido la mas democrática e incluyente que ha tenido Cuba en toda su historia. Económicamente, con Batista fue el mejor período que ha tenido Cuba en toda su historia. Luego, después de 1959, comenzó el peor período que tuvo Cuba en toda su historia desde 1902, no solo económicamente, sino inclusive en materia de libertades para los cubanos, porque además, Cuba se convirtió en un país parásito de otros, primero de la URSS y luego de Venezuela, algo que nunca había ocurrido ni siquiera en la época colonial. Hoy el peso cubano no sirve ni como papel sanitario, hasta la propia tiranía castrista está vendiendo sus productos en dólares a la población, lo cual es una pérdida de la soberanía económica de Cuba.",2025-09-04T22:51:33Z,2025-09-04T22:51:33Z,1,0,youtube,2026-04-05T13:39:36.692310
bHtI3lCm8wU,Economia y Desarrollo,¿Cómo FIDEL CASTRO acabó con la economía de CUBA?,es,Alta,UgxJflmPYeWmXXDMokl4AaABAg,,0,@_yk9ch9hw5q,Cuba solo necesita una cosa: mandar a su tiranía comunista al  basurero de la historia (como hicieron en Europa del este),2025-09-04T04:55:56Z,2025-09-04T04:55:56Z,2,0,youtube,2026-04-05T13:39:36.692315
bHtI3lCm8wU,Economia y Desarrollo,¿Cómo FIDEL CASTRO acabó con la economía de CUBA?,es,Alta,UgxdjC8ugQVHcCFPJPl4AaABAg,,0,@samkhani2147,Cuba need to change,2025-09-04T04:30:19Z,2025-09-04T04:30:19Z,0,0,youtube,2026-04-05T13:39:36.692320
bHtI3lCm8wU,Economia y Desarrollo,¿Cómo FIDEL CASTRO acabó con la economía de CUBA?,es,Alta,Ugy-uMHqKmQfREvDM1h4AaABAg,,0,@_yk9ch9hw5q,"Dejó a Cuba en la ruina al morir, fue el peor gobernante que ha tenido Cuba, y pulverizó a las familias cubanas al provocar la mas alte emigración de Cuba de toda la historia de Cuba......Cuba se convirtió en un país en ruinas por los despilfarros de recursos constructivos por este tirano. La Habana pasó a ser de una de las ciudades mas modernas de América en 1959, a una versión ruinosa de capital, y los campos de Cuba se llenaron de marabú por su culpa",2025-09-03T20:34:03Z,2025-09-03T20:34:03Z,1,0,youtube,2026-04-05T13:39:36.692324
bHtI3lCm8wU,Economia y Desarrollo,¿Cómo FIDEL CASTRO acabó con la economía de CUBA?,es,Alta,UgynTndPbM49d5X491t4AaABAg,,0,@ElenaSepulveda-h1g,"La Habana era un Hermoso País y Fidel Castro se apoderó de el  y el dueño de la Isla y tiene al pueblo de Cuba con hambre y con lo justo para cada día.
A mi me consta que los Turistas les llevan toallas higienecas a las cubanas y eso me parece denigrante.",2025-09-03T03:25:19Z,2025-09-03T03:25:19Z,0,0,youtube,2026-04-05T13:39:36.692329
bHtI3lCm8wU,Economia y Desarrollo,¿Cómo FIDEL CASTRO acabó con la economía de CUBA?,es,Alta,Ugwq1Pt8VaCozBwJsjR4AaABAg,,0,@GeneralDominiqueYou,Just like Mandami will do to NYC🫵,2025-09-02T19:57:23Z,2025-09-02T19:57:23Z,0,0,youtube,2026-04-05T13:39:36.692334
bHtI3lCm8wU,Economia y Desarrollo,¿Cómo FIDEL CASTRO acabó con la economía de CUBA?,es,Alta,UgyT0_kpCyXfrEgDfR14AaABAg,,0,@MinoAndres-vv2pr,"Hablaban de una revolucion, pero en realidad. sumergieron a su pais en la miseria economica, el hambre, la analfabetizacion, malos servicios electricos, prostitucion, hundieron a un pais hacia una NACION, al olvido y abandono",2025-09-02T17:28:00Z,2025-09-02T17:28:00Z,1,0,youtube,2026-04-05T13:39:36.692339
bHtI3lCm8wU,Economia y Desarrollo,¿Cómo FIDEL CASTRO acabó con la economía de CUBA?,es,Alta,Ugy6mmAjMneLmvMGMKt4AaABAg,,0,@MinoAndres-vv2pr,FIDEL CASTRO DESTRUCTOR DE CUBA,2025-09-02T17:21:47Z,2025-09-02T17:21:47Z,1,0,youtube,2026-04-05T13:39:36.692344
bHtI3lCm8wU,Economia y Desarrollo,¿Cómo FIDEL CASTRO acabó con la economía de CUBA?,es,Alta,UgyJFuvlklrNpRzEJa54AaABAg,,0,@leonardomunoz2882,El socialismo no sirve,2025-09-01T20:49:02Z,2025-09-01T20:49:02Z,1,0,youtube,2026-04-05T13:39:36.692349
bHtI3lCm8wU,Economia y Desarrollo,¿Cómo FIDEL CASTRO acabó con la economía de CUBA?,es,Alta,Ugw2MZm6x4ufFiSeUkN4AaABAg,,0,@_yk9ch9hw5q,"Fuera como fuere, el mayor desarrollo económico de Cuba, y su modernización, ocurrió antes de 1959, con Batista",2025-08-31T22:59:47Z,2025-08-31T22:59:47Z,7,0,youtube,2026-04-05T13:39:36.692354
bHtI3lCm8wU,Economia y Desarrollo,¿Cómo FIDEL CASTRO acabó con la economía de CUBA?,es,Alta,UgyQoTZ2y6JzTBM_9lB4AaABAg,,0,@FelixTovar-m4m,Ahora la 4t va ser lo mismo con mexico,2025-08-31T21:44:17Z,2025-08-31T21:44:17Z,1,1,youtube,2026-04-05T13:39:36.692358
bHtI3lCm8wU,Economia y Desarrollo,¿Cómo FIDEL CASTRO acabó con la economía de CUBA?,es,Alta,UgyQoTZ2y6JzTBM_9lB4AaABAg.AMVjvm3-fAqAQjBWMKh6q7,UgyQoTZ2y6JzTBM_9lB4AaABAg,1,@Lray777,"Se sabe, sin seguridad sin dinero y sin ninguna esperanza cercana para México.",2025-12-14T22:29:02Z,2025-12-14T22:29:02Z,0,0,youtube,2026-04-05T13:39:36.692369
bHtI3lCm8wU,Economia y Desarrollo,¿Cómo FIDEL CASTRO acabó con la economía de CUBA?,es,Alta,Ugx4r8qvxmXS6UH1OwF4AaABAg,,0,@_yk9ch9hw5q,"Nunca antes de 1959 hubo la exagerada emigración que trajo a los cubanos el tirano Fidel Castro. Ante la imparable emigración de los cubanos que ha provocado la tiranía castrista, los cubanos jocosamente acostumbran a decir: ""el último en irse que apague el Morro""",2025-08-31T11:52:38Z,2025-08-31T11:52:38Z,1,0,youtube,2026-04-05T13:39:36.692374
bHtI3lCm8wU,Economia y Desarrollo,¿Cómo FIDEL CASTRO acabó con la economía de CUBA?,es,Alta,UgxlAaQY1AouKrqu3O54AaABAg,,0,@_yk9ch9hw5q,"Toda la concepción del tirano Fidel Castro de su dominación de los cubanos, es una concepción carcelaria. Siempre se sintió en el alcaide de la prisión cubana, vio a Cuba como su Alcatraz personal. Por eso creó las escuelas en el campo, para mantener encerrada a las nuevas generaciones y adoctrinarlas a su antojo, lejos de sus padres y lejos de las calles. Los jóvenes como manadas de presos en sus escuelas. Es uno de los despilfarros de la economía en los que incurrió.",2025-08-31T02:40:28Z,2025-08-31T02:40:28Z,1,0,youtube,2026-04-05T13:39:36.692379
bHtI3lCm8wU,Economia y Desarrollo,¿Cómo FIDEL CASTRO acabó con la economía de CUBA?,es,Alta,Ugwaf2_c-7wJFf3pk494AaABAg,,0,@Mapacheitor117,"Esta es la cuba que tanto presumen? Los veo aca en mi pais y esucho algunos diciendo ""no eh que nada como la habana"" ""no que lo medico en cuba son nada incomparables"" cuando la realidad es otra o no se porque a la gente se le olvida",2025-08-31T02:13:53Z,2025-08-31T02:13:53Z,2,1,youtube,2026-04-05T13:39:36.692384
bHtI3lCm8wU,Economia y Desarrollo,¿Cómo FIDEL CASTRO acabó con la economía de CUBA?,es,Alta,Ugwaf2_c-7wJFf3pk494AaABAg.AMTdzXKdrBVAQSL8LnBCaB,Ugwaf2_c-7wJFf3pk494AaABAg,1,@YolandaDiaz-fs7pl,"Los médicos son buenos, pero lástima que son tas mal pagados en Cuba, viven en la miseria",2025-12-08T00:06:48Z,2025-12-08T00:06:48Z,0,0,youtube,2026-04-05T13:39:36.692388
bHtI3lCm8wU,Economia y Desarrollo,¿Cómo FIDEL CASTRO acabó con la economía de CUBA?,es,Alta,UgymGwmbGZlaci9FceR4AaABAg,,0,@robertocasas629,Abajo esa basura de dictador que fue Fidel Castro!! que destruyó a Cuba y la dejó en la miseria,2025-08-28T00:09:09Z,2025-08-28T00:09:09Z,0,0,youtube,2026-04-05T13:39:36.692394
bHtI3lCm8wU,Economia y Desarrollo,¿Cómo FIDEL CASTRO acabó con la economía de CUBA?,es,Alta,Ugy1pR8OlxSgZDClSPV4AaABAg,,0,@_yk9ch9hw5q,"Los comunistas solo son valientes en discursos, en la práctica son cobardones. Miren a al tirano Maduro pidiendo ayuda internacional pero escondido donde nadie sabe donde esté. Igual de cobardóna era el ""Fifo"" de Cuba, que nunca disparó ni un solo tiro pero en los discursos se las daba de valiente mientras  hacía que oros murieran en su nombre, mientras se escondía excesivamente detrás de guardaespaldas ya una vez que estuvo en el poder",2025-08-27T04:32:55Z,2025-08-27T04:32:55Z,1,0,youtube,2026-04-05T13:39:36.692398
bHtI3lCm8wU,Economia y Desarrollo,¿Cómo FIDEL CASTRO acabó con la economía de CUBA?,es,Alta,Ugwz_Hq48KFpiC2cx1x4AaABAg,,0,@tomasch8533,Viva Fidel,2025-08-27T01:57:24Z,2025-08-27T01:57:24Z,0,0,youtube,2026-04-05T13:39:36.692403
bHtI3lCm8wU,Economia y Desarrollo,¿Cómo FIDEL CASTRO acabó con la economía de CUBA?,es,Alta,UgzO6RdTeRaHypSKBRN4AaABAg,,0,@_yk9ch9hw5q,"Ya la tiranía castrista prefiere ni hablar de Batista para criticarle, porque sabe que ella hizo cosas peores que él. Solo los esbirros extranjeros de la tiranía castrista siguen anclados en criticar a Batista a base de viejos clichés y propaganda antibatistiana de los primeros años castristas (mucha de ella ya investigada y refutada) que ya entre la gente en Cuba no funcionan, porque no es a Batista a quien odian, sino a la tiranía castrista que destruyó sus vidas y familias",2025-08-26T17:39:00Z,2025-08-26T17:39:00Z,1,0,youtube,2026-04-05T13:39:36.692407
bHtI3lCm8wU,Economia y Desarrollo,¿Cómo FIDEL CASTRO acabó con la economía de CUBA?,es,Alta,Ugy7oedTaUaNib1ERVZ4AaABAg,,0,@magiboy100,Y aun asi los zurdos  en mexico dicen que el modelo economico cubano es un gran ejemplo  a seguir que barbaridad .,2025-08-23T16:01:48Z,2025-08-23T16:01:48Z,0,0,youtube,2026-04-05T13:39:36.692412
bHtI3lCm8wU,Economia y Desarrollo,¿Cómo FIDEL CASTRO acabó con la economía de CUBA?,es,Alta,UgzTP01TSEcjqA8wwJN4AaABAg,,0,@PanfiloHenandez,AHÍ ESTA LA RRSPUESTA PARA AQUELLOS QUE CULPAN A USA. EL CULPABLE DE LA DESGRACIA DE CUBA FUE FIDEL CASTRO. POR QUITARLE LAS PROPIESADES. A LOS ESTADOUNIDENSE...SALUDOS CORDIALES,2025-08-22T16:56:12Z,2025-08-22T16:56:12Z,0,0,youtube,2026-04-05T13:39:36.692417
bHtI3lCm8wU,Economia y Desarrollo,¿Cómo FIDEL CASTRO acabó con la economía de CUBA?,es,Alta,Ugz0Lsrk4IkXXz5icSN4AaABAg,,0,@JhonVargas-k8z,El comunismo es díabolico,2025-08-22T16:34:17Z,2025-08-22T16:34:17Z,0,0,youtube,2026-04-05T13:39:36.692422
bHtI3lCm8wU,Economia y Desarrollo,¿Cómo FIDEL CASTRO acabó con la economía de CUBA?,es,Alta,Ugy2AEwO-h_AcB0uQYl4AaABAg,,0,@romniyepez5206,"Los jóvenes de hace décadas cantaban Silvio Rodríguez, soñaban con que el Socialismo llegue.  A pesar de ver la desgracia de Cuba y  la ex-URRS, les decían ""conmigo si lo lograremos...el Socialismo del Siglo 21, La Revolución Ciudadana, El Indigenismo Cocalero, El Peronismo... luchará contra el Imperialismo...habrá Libertad, Igualdad, Fraternidad...""
SE LLENARON LOS BOLSILLOS ELLOS Y SUS SOCIOS DE TURNO, TRAICIONARON A DIOS, A LA PATRIA Y A SU PROPIA FAMILIA. 
QUE DIOS TENGA COMPASIÓN DE SUS ALMAS. 
Asesinos, delincuentes, narco-traficantes, prepotentes, escoria humana.  Eso es lo que lograron hacer de jóvenes que les creyeron a estos socialistas o mejor dicho 'socio-criminales' del Siglo 21.",2025-08-19T12:31:59Z,2025-08-19T12:31:59Z,0,0,youtube,2026-04-05T13:39:36.692427
bHtI3lCm8wU,Economia y Desarrollo,¿Cómo FIDEL CASTRO acabó con la economía de CUBA?,es,Alta,Ugwjf4gLe0gcz-Rmjbx4AaABAg,,0,@_yk9ch9hw5q,"Lo mas terrible no es que el tirano Fidel Castro acabó con la economía cubana, sino que acabó con la NACIÓN CUBANA. La hizo añicos.",2025-08-17T21:34:15Z,2025-08-17T21:34:15Z,1,0,youtube,2026-04-05T13:39:36.692431
bHtI3lCm8wU,Economia y Desarrollo,¿Cómo FIDEL CASTRO acabó con la economía de CUBA?,es,Alta,UgwBQHvOdHkOXFuN14N4AaABAg,,0,@ManuelBarron-k9n,Mas que fidel.fueron los gringos,2025-08-17T04:38:45Z,2025-08-17T04:38:45Z,0,0,youtube,2026-04-05T13:39:36.692436
bHtI3lCm8wU,Economia y Desarrollo,¿Cómo FIDEL CASTRO acabó con la economía de CUBA?,es,Alta,Ugx_P_mEpSR7V9RWNR14AaABAg,,0,@_yk9ch9hw5q,"Hay un hecho inobjetable: la mayoría de los cubanos vivían mejor antes del tirano Fidel Castro, que bajo su yugo comunista. Tratar de negarlo, es mentir. Ya los moralismos de antaño a los que recurría la tiranía castrista no le funcionan con el cubano de a pie.",2025-08-16T03:02:40Z,2025-08-16T03:02:40Z,1,0,youtube,2026-04-05T13:39:36.692440
bHtI3lCm8wU,Economia y Desarrollo,¿Cómo FIDEL CASTRO acabó con la economía de CUBA?,es,Alta,Ugy24ZtsGi1gc1KBEGh4AaABAg,,0,@_yk9ch9hw5q,"Los hambreados cubanos en Cuba no tienen comida porque el tirano Fidel Castro destruyó los sectores agropecuario y de la pesca, que siempre dieron suficiente  comida y a muy  bajos precios, antes de 1959, gracias a que Cuba tiene tierras fértiles (hoy improductivas y erosionadas por estar llenas de marabú) y estar rodeadas de mar, y un clima estable todo el año. Lo poco que pueden comer es gracias a los dólares que reciben de sus familiares principalmente de EEUU",2025-08-14T20:55:37Z,2025-08-14T20:55:37Z,1,0,youtube,2026-04-05T13:39:36.692445
bHtI3lCm8wU,Economia y Desarrollo,¿Cómo FIDEL CASTRO acabó con la economía de CUBA?,es,Alta,UgykPjaYYrrlDKApy0F4AaABAg,,0,@candeladelacancan,Vaya basura neoliberal,2025-08-14T16:45:24Z,2025-08-14T16:45:24Z,0,0,youtube,2026-04-05T13:39:36.692450
bHtI3lCm8wU,Economia y Desarrollo,¿Cómo FIDEL CASTRO acabó con la economía de CUBA?,es,Alta,UgwseExsqtJcrz7nfp94AaABAg,,0,@rubyflorez9543,esos precidente piensan que por qué le cierran La boca ala unidad    no falta quien cuente la verdad de las cosas,2025-08-14T14:05:09Z,2025-08-14T14:05:09Z,0,0,youtube,2026-04-05T13:39:36.692454
bHtI3lCm8wU,Economia y Desarrollo,¿Cómo FIDEL CASTRO acabó con la economía de CUBA?,es,Alta,UgzdXoEKWy2OmFSQyO54AaABAg,,0,@rubyflorez9543,Venezuela igual y así quiere Petro  yo solo digo Dios pone reyes y quita reyes,2025-08-14T14:00:20Z,2025-08-14T14:00:20Z,0,0,youtube,2026-04-05T13:39:36.692459
bHtI3lCm8wU,Economia y Desarrollo,¿Cómo FIDEL CASTRO acabó con la economía de CUBA?,es,Alta,UgyOdza0VD_zsJK5Z0d4AaABAg,,0,@rubyflorez9543,eso cuentan cuando viva era libre y ahora solo rastros,2025-08-14T13:59:09Z,2025-08-14T13:59:09Z,0,0,youtube,2026-04-05T13:39:36.692463
bHtI3lCm8wU,Economia y Desarrollo,¿Cómo FIDEL CASTRO acabó con la economía de CUBA?,es,Alta,UgxE0ImTvMbyh56AlNR4AaABAg,,0,@Yerkosky_y2y,Y lo peor de todo es que los ciudadanos cubanos no se lo merecen ya que son muy buenas personas con un gran corazón es triste verlos a si,2025-08-14T13:10:32Z,2025-08-14T13:10:32Z,3,2,youtube,2026-04-05T13:39:36.692468
bHtI3lCm8wU,Economia y Desarrollo,¿Cómo FIDEL CASTRO acabó con la economía de CUBA?,es,Alta,UgxE0ImTvMbyh56AlNR4AaABAg.ALo2c2kAXEMAQSJlX9I-FH,UgxE0ImTvMbyh56AlNR4AaABAg,1,@YolandaDiaz-fs7pl,"Si las ahí y muchas, pero también en pleno 2025, caso 2026 existen personas que defienden ese gobierno",2025-12-07T23:54:49Z,2025-12-07T23:54:49Z,0,0,youtube,2026-04-05T13:39:36.692472
bHtI3lCm8wU,Economia y Desarrollo,¿Cómo FIDEL CASTRO acabó con la economía de CUBA?,es,Alta,UgxE0ImTvMbyh56AlNR4AaABAg.ALo2c2kAXEMAQSLMWBxbcY,UgxE0ImTvMbyh56AlNR4AaABAg,1,@Yerkosky_y2y,​@YolandaDiaz-fs7plpersonas que seguramente se sienten o están bien acomodadas,2025-12-08T00:08:44Z,2025-12-08T00:08:44Z,0,0,youtube,2026-04-05T13:39:36.692477
bHtI3lCm8wU,Economia y Desarrollo,¿Cómo FIDEL CASTRO acabó con la economía de CUBA?,es,Alta,Ugys0m5bcasBWDqV1md4AaABAg,,0,@FrayJosefo-j9u,Y co.o viven sus hijas nietos y sobrinos? Tontos los cubanos,2025-08-12T17:42:41Z,2025-08-12T17:42:41Z,0,0,youtube,2026-04-05T13:39:36.692481
bHtI3lCm8wU,Economia y Desarrollo,¿Cómo FIDEL CASTRO acabó con la economía de CUBA?,es,Alta,UgyNpJ2u7Udwh3F8YGl4AaABAg,,0,@JorgeMartinez-xb2ks,"La pregunta sería: ¿Cómo el socialismo destruye todo país donde se implanta? Porque el pueblo no tiene ninguna formación y estos listos que van de buen rollito, el rollito igualitario y progre de toda la vida (pero mi dinero que no me lo toquen, ni a mi hija), estos listos -como digo- los engañan tan ricamente y se instalan ellos en lugar de los otros, con la diferencia de que como estos no saben producir nada, lo hunden todo. Es asqueroso.",2025-08-12T16:23:42Z,2025-08-12T16:23:42Z,0,0,youtube,2026-04-05T13:39:36.692485
bHtI3lCm8wU,Economia y Desarrollo,¿Cómo FIDEL CASTRO acabó con la economía de CUBA?,es,Alta,UgyjGehEKl6r9-3vfXV4AaABAg,,0,@SergioPismanteNavarro,Ma gueones los cubanos sake echen a todos los Comunista ladrones narco la familia Castro mato Cuba,2025-08-12T14:48:39Z,2025-08-12T14:48:39Z,0,0,youtube,2026-04-05T13:39:36.692490
bHtI3lCm8wU,Economia y Desarrollo,¿Cómo FIDEL CASTRO acabó con la economía de CUBA?,es,Alta,UgzxgfdBZhrQnRbmm3x4AaABAg,,0,@robertocasas629,"Los Castro resultaron ser mas  rateros y corruptos que Batista, sos fueron lo pero que nos pudo pasar",2025-08-11T14:24:53Z,2025-08-11T14:24:53Z,0,0,youtube,2026-04-05T13:39:36.692495
bHtI3lCm8wU,Economia y Desarrollo,¿Cómo FIDEL CASTRO acabó con la economía de CUBA?,es,Alta,Ugyv94MC64KMBTMemJN4AaABAg,,0,@RafaelAponte-r4k,Es todo unidos le robaron los reales a Cuba 😂,2025-08-10T23:17:36Z,2025-08-10T23:17:36Z,0,0,youtube,2026-04-05T13:39:36.692500
bHtI3lCm8wU,Economia y Desarrollo,¿Cómo FIDEL CASTRO acabó con la economía de CUBA?,es,Alta,Ugxq4z4Y0huKcyXN-x54AaABAg,,0,@_yk9ch9hw5q,"Nunca antes de 1959 necesitó la gente en Cuba tener dólares para vivir como ahora bajo el yugo castrista, que el que no reciba dólares por alguna vía, casi todos de sus familiares afuera, no sobrevive. El peso cubano llegó a valer mas que el dólar antes de 1959, ahora no vale nada el peso cubano, Cuba perdió su soberanía monetaria, y el dólar en estos momentos es el que manda en Cuba.",2025-08-10T11:14:11Z,2025-08-10T11:14:11Z,1,0,youtube,2026-04-05T13:39:36.692508
bHtI3lCm8wU,Economia y Desarrollo,¿Cómo FIDEL CASTRO acabó con la economía de CUBA?,es,Alta,Ugz4qfvOmbchPsO3GQZ4AaABAg,,0,@krackerjack1233,Is this who inspired biden?  Sure looks like it,2025-08-10T10:31:42Z,2025-08-10T10:31:42Z,0,0,youtube,2026-04-05T13:39:36.692513
bHtI3lCm8wU,Economia y Desarrollo,¿Cómo FIDEL CASTRO acabó con la economía de CUBA?,es,Alta,UgxOe_bzvaoc6FB2Fph4AaABAg,,0,@_yk9ch9hw5q,"Antes de 1959 nunca se abrieron supermercados discriminatorios como el de 3ra. y 70 en Miramar recién abierto por la tiranía castrista, donde hay que pagar los productos con dólares del ""imperio yanqui"" (¡vaya raro criminal bloqueo!) al doble del precio que en una tienda de EEUU. Esa es la (fracasada) ""revolución"" de los humildes, por los humildes y para los humildes que prometió el tirano Fidel Castro en los inicios de su tiranía. ¡Viva el ahora comandante en jefe dólar!",2025-08-09T17:46:47Z,2025-08-09T17:46:47Z,1,0,youtube,2026-04-05T13:39:36.692518
bHtI3lCm8wU,Economia y Desarrollo,¿Cómo FIDEL CASTRO acabó con la economía de CUBA?,es,Alta,UgwL7USvsxkruiMYW1d4AaABAg,,0,@Deo-12-7,"Por más que yo soy socialista me pone triste ver eso
Porque mucha gente murio en el transurso por aquel regimen comunista extremista
Parami cualquier ideologia que es extremista deberia ser prohibida",2025-08-09T17:16:49Z,2025-08-09T17:19:27Z,0,0,youtube,2026-04-05T13:39:36.692523
bHtI3lCm8wU,Economia y Desarrollo,¿Cómo FIDEL CASTRO acabó con la economía de CUBA?,es,Alta,Ugzghg32_Wo7wxb_WDF4AaABAg,,0,@Ug8an.,"Countries that have got dictators that is how they end up. Look at DRC, Sudan, Angola, Zimbabwe, Liberia, Chad, Ethiopia among others",2025-08-08T14:53:23Z,2025-08-08T14:53:23Z,0,0,youtube,2026-04-05T13:39:36.692528
bHtI3lCm8wU,Economia y Desarrollo,¿Cómo FIDEL CASTRO acabó con la economía de CUBA?,es,Alta,UgwyPY3R9WsSTpjMzCR4AaABAg,,0,@_yk9ch9hw5q,"Puede observarse que los voceros castristas extranjeros (normalmente es uno solo con muchas cuentas el que escribe en los videos de Cuba) no se van a vivir a Cuba, solo son defensores de esa tiranía que han mitificado, pero a control remoto, desde el capitalismo. Esa falsa solidaridad no es con el cubano de a pie cuando hablan de Cuba (no les importa lo que sufre el pueblo de Cuba, son deshumanizados), sino con la tiranía castrista, ellos justifican o edulcoran cualquier cosa que pase en Cuba bajo ese régimen y siempre tratan de sacar a relucir su patológicamente enfermizo antinorteamericanismo tratando de desviar la atención hacia las supuestas culpas de los EEUU, tratando de victimizar a la tiranía castrista para intentar blanquear su culpa por tener a los cubanos en la peor miseria de toda la historia de Cuba republicana y peor aún, sin libertades como nunca antes de 1959. O simplemente usan sus trillados discursos odiadores sobre “los ricos y los pobres”, “los de la capital y los del campo”, o los ""blancos y los negros"" o “la burguesía y el proletariado” para inventar mentiras sobre la Cuba de antes de 1959 y sobre una Cuba que no la conocen en carne propia en el día a día del cubano. Ese mercenarismo procastrista militante que practican activamente es parte de las deformaciones que reciben muchos de ellos en las escuelitas públicas de sus países capitalistas donde son formados como agentes fanáticos de la tiranía castrista y de la totalitaria ideología socialista/comunista. Si son comunicadores extranjeros los que critican a la tiranía castrista, entonces estos sujetos procastristas salen con el trillado recurso castrista de ¿""cuanto te pagan...?"" o con una tontería desesperada diciendo que ""mejor critiquen lo que pasa en...."", o simplemente soltando arcaicas consignas castristas y procastristas o mencionando el supuesto “criminal bloqueo” (los rojizurdetes carecen de autocrítica, siempre culpan a terceros de la destrucción que causan a los países). Por eso los esbirros castristas extranjeros ya perdieron toda credibilidad y están tan desacreditados.",2025-08-07T22:13:40Z,2025-08-07T22:13:40Z,1,0,youtube,2026-04-05T13:39:36.692532
bHtI3lCm8wU,Economia y Desarrollo,¿Cómo FIDEL CASTRO acabó con la economía de CUBA?,es,Alta,Ugxs9Re21Fho51citep4AaABAg,,0,@_yk9ch9hw5q,Al final Cuba emergerá nuevamente como la nación económicamente  creciente y moderna que buscara Batista una vez pulverizado el yugo de la mafia castrocomunista como lo hizo Europa del este con sus tiranías comunistas},2025-08-07T22:12:09Z,2025-08-07T22:12:09Z,1,1,youtube,2026-04-05T13:39:36.692537
bHtI3lCm8wU,Economia y Desarrollo,¿Cómo FIDEL CASTRO acabó con la economía de CUBA?,es,Alta,Ugxs9Re21Fho51citep4AaABAg.ALY-1s3h3GcALbc6XTq_vd,Ugxs9Re21Fho51citep4AaABAg,1,@Deo-12-7,"Para mi cualquier ideología extremista debería ser permanentemente prohibida
Y eso era comunismo extremo",2025-08-09T17:19:17Z,2025-08-09T17:19:17Z,0,0,youtube,2026-04-05T13:39:36.692542
bHtI3lCm8wU,Economia y Desarrollo,¿Cómo FIDEL CASTRO acabó con la economía de CUBA?,es,Alta,UgxqJKTCsdENzK8yUcV4AaABAg,,0,@RichardGraham-l6f,How much is the CIA paying you to produce this crap?,2025-08-07T20:36:22Z,2025-08-07T20:36:22Z,0,0,youtube,2026-04-05T13:39:36.692546
bHtI3lCm8wU,Economia y Desarrollo,¿Cómo FIDEL CASTRO acabó con la economía de CUBA?,es,Alta,UgyyA2V5ULmWNqQFKh94AaABAg,,0,@EyaksaBbb,No veo el problema ....q fumen puros y beban ron....por q trabajar les gusta poko....siiiiiii,2025-08-07T20:00:22Z,2025-08-07T20:00:22Z,0,0,youtube,2026-04-05T13:39:36.692551
bHtI3lCm8wU,Economia y Desarrollo,¿Cómo FIDEL CASTRO acabó con la economía de CUBA?,es,Alta,Ugz_1BSBnjI6HQShb9p4AaABAg,,0,@_yk9ch9hw5q,"Antes de 1959 nunca se abrieron supermercados discriminatorios como el de 3ra. y 70 en Miramar recién abierto por la tiranía castrista, donde hay que pagar los productos con dólares del ""imperio yanqui"" (¡vaya raro criminal bloqueo!) al doble del precio que en una tienda de EEUU. Esa es la (fracasada) ""revolución"" de los humildes, por los humildes y para los humildes que prometió el tirano Fidel Castro en los inicios de su tiranía. ¡Viva el ahora comandante en jefe dólar!",2025-08-05T00:17:18Z,2025-08-05T00:17:18Z,1,0,youtube,2026-04-05T13:39:36.692556
bHtI3lCm8wU,Economia y Desarrollo,¿Cómo FIDEL CASTRO acabó con la economía de CUBA?,es,Alta,UgyK2LmQoBH0ZRRAsl94AaABAg,,0,@LorenzArabia-iy3uh,Que tanto influye el Bloqueo Económico a la destrucción de la isla?,2025-08-04T18:12:32Z,2025-08-04T18:12:32Z,0,1,youtube,2026-04-05T13:39:36.692560
bHtI3lCm8wU,Economia y Desarrollo,¿Cómo FIDEL CASTRO acabó con la economía de CUBA?,es,Alta,UgyK2LmQoBH0ZRRAsl94AaABAg.ALPqEG_hqgUAQjBj9KL9MX,UgyK2LmQoBH0ZRRAsl94AaABAg,1,@Lray777,"Nulo, solito se destruyeron, en sus inicios ""iba bien"" gracias a la URSS ahora bueno, ya ves...",2025-12-14T22:30:55Z,2025-12-14T22:30:55Z,0,0,youtube,2026-04-05T13:39:36.692565
bHtI3lCm8wU,Economia y Desarrollo,¿Cómo FIDEL CASTRO acabó con la economía de CUBA?,es,Alta,UgzWKlXMq2bvGCLkSr14AaABAg,,0,@_yk9ch9hw5q,"Hay notables diferencias entre el tirano Fidel Castro y Fulgencio Batista. Batista estuvo siete años en el poder y Castro medio siglo. Batista solo reprimió a los que le hacían asaltos armados terroristas, al Palacio Presidencial o a un cuartel militar, o que conspiraban poniendo bombas o haciendo secuestros, el tirano Fidel Castro no solo encarceló y desapareció a todo el que se le oponía, aunque fuera pacíficamente, sino inclusive a no pocos de sus colaboradores cercanos. Batista nunca organizó terrorismo con guerrillas y grupos subversivos para desestabilizar otros países cosa que Castro sí. Castro mandó a cubanos a morir a guerras en África y otros lugares (la mayoría de los cuales no deseaban participar en ellas pero sabía lo que les costaba si no iban) y Batista nunca lo hizo. Batista nunca le prohibió a la gente del campo vender leche y carne libremente, ni a los pescadores vender sus productos, cosa que Castro sí hizo. Con Batista la clase media aumentaba aceleradamente, con el tirano Fidel Castro lo que aumentó aceleradamente fueron los pobres y desapareció aceleradamente la clase media. Batista no le robó casas, propiedades y empresas a los cubanos y extranjeros, Castro sí lo hizo. A Batista nunca le hicieron marchas de protesta en las calles pidiendo comida, como acaban de hacerle a la tiranía castrista. Batista dejó una Habana con infinidad de obras modernas que la hicieron una de las capitales mas elegantes de América, y Castro dejó una capital destruida, en ruinas, y pestilente. Batista nunca creó campos de trabajo forzados ni reprimió homosexuales o personas con creencias religiosas, Castro creó campos de trabajos forzados (llamados UMAP) donde metió a todos los que no eran de su agrado, entre ellos homosexuales, personas con creencias religiosas o jóvenes con el pelo largo o que escuchaban música en inglés o a hombres que se ponían pantalones muy ajustados. Bajo el tirano Fidel Castro los cubanos adoran mas a los EEUU que cuando estaba Batista, con el cual nadie pensaba en emigrar a los EEUU antes de 1959 ni por muy mal que estuviera. Y un largo etcétera.",2025-08-04T05:25:16Z,2025-08-04T05:25:16Z,1,0,youtube,2026-04-05T13:39:36.692569
bHtI3lCm8wU,Economia y Desarrollo,¿Cómo FIDEL CASTRO acabó con la economía de CUBA?,es,Alta,UgwZOTU4tv9fTEYvD6B4AaABAg,,0,@carlosandresgarcia3815,"Tal cual en Colombia. Aquí tenemos unos funcionarios afines al gobierno que no sirven para nada. Actores porno, drogadictos, sin preparación, corruptos y el presidente Petro ni se diga, un delincuente comunista",2025-08-03T12:38:55Z,2025-08-03T12:38:55Z,0,0,youtube,2026-04-05T13:39:36.692574
bHtI3lCm8wU,Economia y Desarrollo,¿Cómo FIDEL CASTRO acabó con la economía de CUBA?,es,Alta,UgxB3LyY9mg9Ns64wR94AaABAg,,0,@_yk9ch9hw5q,"Pudo acabar no solo con la economía,  sino con toda la NACIÓN cubana, en su totalidad, por la longeva tiranía REPRESIVA TOTALITARIA que desde el mismo 1959 implantó en Cuba, y  con la cual llevó a que los cubanos se comportaran como mansos CARNEROS, tal como los propios cubanos hoy se autoetiquetaron",2025-08-01T11:06:21Z,2025-08-01T11:06:21Z,1,0,youtube,2026-04-05T13:39:36.692578
bHtI3lCm8wU,Economia y Desarrollo,¿Cómo FIDEL CASTRO acabó con la economía de CUBA?,es,Alta,UgyD9sDUz0kRCqCtzSV4AaABAg,,0,@robertoquiroz4105,Fue un traidor hacia su pueblo solo velo por sus propios intereses,2025-07-29T23:05:00Z,2025-07-29T23:05:00Z,0,0,youtube,2026-04-05T13:39:36.692583
bHtI3lCm8wU,Economia y Desarrollo,¿Cómo FIDEL CASTRO acabó con la economía de CUBA?,es,Alta,Ugw1nwQKxyvEihiglKt4AaABAg,,0,@_yk9ch9hw5q,"Aun habiendo Batista pisoteado la Constitución de 1940 con su golpe de estado, bajo su dictadura hubo mas libertades que bajo la tenebrosa tiranía castrista que desapareció el Estado de derecho y la separación de poderes en Cuba.",2025-07-29T21:25:13Z,2025-07-29T21:25:13Z,1,0,youtube,2026-04-05T13:39:36.692588
bHtI3lCm8wU,Economia y Desarrollo,¿Cómo FIDEL CASTRO acabó con la economía de CUBA?,es,Alta,UgxJ-WwKdWvL83eWHeh4AaABAg,,0,@angeldemiguarda1,"No era ni Comunista ni Marxista, era un gran mentiroso y cinico, el mismo demonio",2025-07-29T19:44:49Z,2025-07-29T19:44:49Z,0,0,youtube,2026-04-05T13:39:36.692593
bHtI3lCm8wU,Economia y Desarrollo,¿Cómo FIDEL CASTRO acabó con la economía de CUBA?,es,Alta,UgxkhJHO0A2hU946Mvx4AaABAg,,0,@EmmanuelGómez-q8o,Tranquilos que 🇨🇺 se va unir a 🇲🇽 fuerza Cubanos.,2025-07-29T19:28:23Z,2025-07-29T19:28:23Z,1,0,youtube,2026-04-05T13:39:36.692597
bHtI3lCm8wU,Economia y Desarrollo,¿Cómo FIDEL CASTRO acabó con la economía de CUBA?,es,Alta,Ugy1fIycFZZEYLq4YDx4AaABAg,,0,@_yk9ch9hw5q,"Los cubanos en la isla culpan al gobierno tiránico castrista de la destrucción y ruina de Cuba, por haberlo VIVIDO (no porque alguien desde otro país se lo dijo) y saber en carne propia que el culpable fue el tirano Fidel Castro, pero los adoratrices extranjeros rojetes de la tiranía castrista tratan de culpar a EEUU por no haberlo vivido en Cuba y repetir como cotorras de feria de la tiranía castrista las mentiras de ella para victimizarse y para no asumir su culpa por haber despilfarrado el tirano Fidel Castro  los multimillonarios recursos que tuvo Cuba desde la URSS. Que la gente en el mundo escoja a quien creerle, si al cubano que lo ha vivido o a los esbirros castristas extranjeros que tratan solamente de defender a la tiranía castrista por afinidad ideológica con ella, sin importarle la miseria y falta de libertades que vive el pueblo cubano bajo la bota castrista.",2025-07-28T20:19:54Z,2025-07-28T20:19:54Z,1,0,youtube,2026-04-05T13:39:36.692602
bHtI3lCm8wU,Economia y Desarrollo,¿Cómo FIDEL CASTRO acabó con la economía de CUBA?,es,Alta,UgwTemlyxcce-dG2Nop4AaABAg,,0,@dantepitufo2150,La ram es expandible?,2025-07-28T18:45:17Z,2025-07-28T18:45:17Z,0,1,youtube,2026-04-05T13:39:36.692607
bHtI3lCm8wU,Economia y Desarrollo,¿Cómo FIDEL CASTRO acabó con la economía de CUBA?,es,Alta,UgwTemlyxcce-dG2Nop4AaABAg.AL7sPusLz16AQjB_H28ERR,UgwTemlyxcce-dG2Nop4AaABAg,1,@Lray777,Si,2025-12-14T22:29:34Z,2025-12-14T22:29:34Z,0,0,youtube,2026-04-05T13:39:36.692612
bHtI3lCm8wU,Economia y Desarrollo,¿Cómo FIDEL CASTRO acabó con la economía de CUBA?,es,Alta,UgzgCSTk9TOXM8TScv14AaABAg,,0,@_yk9ch9hw5q,"¿Por qué a la tiranía castrista no le funciona hoy su propaganda basada en el recurso goebbeliano de la repetición, de tratar de culpar a los EEUU de la situación de Cuba, y ese discurso que tanto repite junto a sus esbirros extranjeros no le funciona con el pueblo de Cuba, que no repite esa mentira? Me imagino la desesperación que debe causarle que la gente en Cuba no haya hecho suya la mentira de las culpas de los EEUU sobre la miseria y destrucción de Cuba",2025-07-28T00:31:34Z,2025-07-28T00:31:34Z,1,0,youtube,2026-04-05T13:39:36.692616
bHtI3lCm8wU,Economia y Desarrollo,¿Cómo FIDEL CASTRO acabó con la economía de CUBA?,es,Alta,UgwaOXSb5gqaedf9KX54AaABAg,,0,@_yk9ch9hw5q,"EXCELNTE QUE LOS MEXICANOS QUITARANLAS ESTATUAS DE LOS ASESINOS  DE LATIRANÍA COMUNISTA, CASTRO Y EL APODADO ""CHE"". El tirano Fidel Castro por su criterio personal, mandó a retirar de la Avenida de los Presidentes en el Vedado, La Habana, las estatuas de todos los presidentes de Cuba anteriores a él (a uno de ellos le cortó los pies para quitar su estatua), y las tiró como basura en un museo que hizo en el exPalacio Presidencia del Cuba, pese a que ellos no habían sido tirano en Cuba, como lo fue él. ¿Por qué no se puede también tirar a la basura a una estatua suya por quienes tengan posiciones ideológicas distintas?",2025-07-26T23:00:18Z,2025-07-26T23:00:18Z,1,0,youtube,2026-04-05T13:39:36.692620
bHtI3lCm8wU,Economia y Desarrollo,¿Cómo FIDEL CASTRO acabó con la economía de CUBA?,es,Alta,UgxWvCvERVJxRi1MLjF4AaABAg,,0,@Juan-garcia2025,Premio nobel de economía para el Fidel. Vaya genio.,2025-07-26T19:00:09Z,2025-07-26T19:00:09Z,0,0,youtube,2026-04-05T13:39:36.692628
bHtI3lCm8wU,Economia y Desarrollo,¿Cómo FIDEL CASTRO acabó con la economía de CUBA?,es,Alta,Ugy1dNicsCWbm8TSVyx4AaABAg,,0,@_yk9ch9hw5q,"La gente en Cuba ahora lo que comenta es que crecimos adoctrinados en la idea de que los EEUU (en el lenguaje castrista para bobalicones extranjeros, ""el imperialismo"") invadirían a Cuba porque así nos lo hizo creer el tirano Fidel Castro, y al final fueron los cubanos los que terminaron invadiendo a los EEUU, así que de tanto esperar el supuesto enemigo, los cubanos fueron a buscarlo y a vivir con él.",2025-07-26T18:58:34Z,2025-07-26T18:58:34Z,1,0,youtube,2026-04-05T13:39:36.692633
bHtI3lCm8wU,Economia y Desarrollo,¿Cómo FIDEL CASTRO acabó con la economía de CUBA?,es,Alta,Ugy6FPD5F2UNHTplvyN4AaABAg,,0,@M.história.S,"Não adianta o YouTube se encher de vídeos falando de forma depreciativa da revolução, nunca irá convencer a todos que a culpa de Cuba está da forma wue está, é da revolução, a culpa é dos EUA, VOCÊS NÃO IRÃO MANIPULAR A OPINIÃO DE PESSOAS BEM INFORMADAS!!!!",2025-07-26T11:32:12Z,2025-07-26T11:32:12Z,0,0,youtube,2026-04-05T13:39:36.692638
bHtI3lCm8wU,Economia y Desarrollo,¿Cómo FIDEL CASTRO acabó con la economía de CUBA?,es,Alta,Ugx9Z6B_OgDZ7MSPurZ4AaABAg,,0,@_yk9ch9hw5q,"La Habana y Miami ahora son conocidas por los cubanos como ""las dos orillas"". Los cubanos dentro de Cuba imitan todo lo que les llega de Miami, en Cuba ha ocurrido una miamización de los cubanos. Somos el mismo pueblo dividido por una tiranía comunista. Y además de a sus familiares y amigos en EEUU, los cubanos adoran a los dólares (incluidos los militares de GAESA). El tirano Fidel Castro convirtió al peso cubano en basura, después de haber llegado a valer mas que el dólar antes de 1959",2025-07-25T23:58:39Z,2025-07-26T00:01:17Z,1,0,youtube,2026-04-05T13:39:36.692643
bHtI3lCm8wU,Economia y Desarrollo,¿Cómo FIDEL CASTRO acabó con la economía de CUBA?,es,Alta,Ugz8Nod2ZZj4-VSeUaV4AaABAg,,0,@caiman60,"Este sujeto que esta despotricando, lo hace como en las películas de star wars, de adelante para otras, pobre ignorante, adivino que materia fue tu dolor de cabeza en la secundaria: lectura de comprensión",2025-07-25T21:39:17Z,2025-07-25T21:39:17Z,0,0,youtube,2026-04-05T13:39:36.692647
bHtI3lCm8wU,Economia y Desarrollo,¿Cómo FIDEL CASTRO acabó con la economía de CUBA?,es,Alta,UgwBxl-ATmLnI8nl1v94AaABAg,,0,@caiman60,Pobre ignorante,2025-07-25T21:34:40Z,2025-07-25T21:34:40Z,0,0,youtube,2026-04-05T13:39:36.692652
bHtI3lCm8wU,Economia y Desarrollo,¿Cómo FIDEL CASTRO acabó con la economía de CUBA?,es,Alta,UgylasfVjKG-e06XuBR4AaABAg,,0,@mr.churromasterawesome9189,Donde nace un comunícate se aumentan las dificultades,2025-07-25T21:24:35Z,2025-07-25T21:24:35Z,0,1,youtube,2026-04-05T13:39:36.692657
bHtI3lCm8wU,Economia y Desarrollo,¿Cómo FIDEL CASTRO acabó con la economía de CUBA?,es,Alta,UgylasfVjKG-e06XuBR4AaABAg.AL0RG2xBpIdAL0RHlDFu1w,UgylasfVjKG-e06XuBR4AaABAg,1,@mr.churromasterawesome9189,Comunista,2025-07-25T21:24:49Z,2025-07-25T21:24:49Z,0,0,youtube,2026-04-05T13:39:36.692661
bHtI3lCm8wU,Economia y Desarrollo,¿Cómo FIDEL CASTRO acabó con la economía de CUBA?,es,Alta,UgxaLi4lqyqsqPqIubV4AaABAg,,0,@_yk9ch9hw5q,"Los gobiernos antes de 1959 trabajaban arduamente por atraer capitales a Cuba, inclusive sin importarles con ridículos moralismos (los países que atraen hacia ellos grandes inversiones asi lo hacen y por eso se desarrollan) de quien era ese capital. El tirano Fidel Castro alejó los capitales de Cuba, robando las empresas, tierras y propiedades a sus dueños, con lo cual el sector empresarial en Cuba se destruyó, y hubo de vivirse de parásito de las limosnas de la URSS por tres décadas, y luego de Venezuela, haciendo de Cuba una limosnera internacional bajo la máscara de victimizarse.",2025-07-24T22:03:48Z,2025-07-24T22:03:48Z,0,0,youtube,2026-04-05T13:39:36.692666
bHtI3lCm8wU,Economia y Desarrollo,¿Cómo FIDEL CASTRO acabó con la economía de CUBA?,es,Alta,UgxpcyR63ICTwgNamRF4AaABAg,,0,@_yk9ch9hw5q,Lo que tienen que hacer la tiranía castrista es acabarse de largar del poder y dar libertad a los cubanos.,2025-07-24T22:02:39Z,2025-07-24T22:02:39Z,0,0,youtube,2026-04-05T13:39:36.692670
bHtI3lCm8wU,Economia y Desarrollo,¿Cómo FIDEL CASTRO acabó con la economía de CUBA?,es,Alta,UgxgdKu-ojBdnqm6yXN4AaABAg,,0,@SalomónLorenteValdivia,Falló la revolución cubana a favor de la población el pueblo cubano está muriendo de hambre ya es hora que Raúl  castro haga algo para evitar que el pueblo cubano muera de hambre castro debe permitir que países que tienen dinero inviertan en Cuba digamos los chinos los árabes los EE UU y otros,2025-07-24T21:29:46Z,2025-07-24T21:29:46Z,0,0,youtube,2026-04-05T13:39:36.692675
bHtI3lCm8wU,Economia y Desarrollo,¿Cómo FIDEL CASTRO acabó con la economía de CUBA?,es,Alta,UgwuMb_KF97w8yvV2pp4AaABAg,,0,@waltertorres5292,"Robando y asesinando, así se destruyó Cuba.",2025-07-24T13:27:16Z,2025-07-24T13:27:16Z,0,0,youtube,2026-04-05T13:39:36.692680
bHtI3lCm8wU,Economia y Desarrollo,¿Cómo FIDEL CASTRO acabó con la economía de CUBA?,es,Alta,Ugz3cvO7kNIZR9_qvWZ4AaABAg,,0,@_yk9ch9hw5q,"Hoy los niños de Cuba carecen de leche para tomar, algo impensable antes de 1959, donde la leche la llevaban hasta la puerta de la casa, hasta la de chiva que tanto gustaba, y te la ordeñaban en la propia puerta en los pueblitos. Los años sesenta e inicios de los setenta del siglo 20, fue una época de gran cantidad de disparates destructivos juntos por la tiranía castrista en Cuba, debido al voluntarismo y ocurrencias de último minuto del tirano Fidel Castro (a quien además nadie se atrevía a cuestionarle una decisión u orden suya porque sabían lo que le pasaría a quien lo hiciera) que a pesar de que le puso nombre a todos sus disparates y ocurrencias (algo que se le agradece, pues asi pueden ser mostrados a las generaciones futuras en la enseñanza de la historia de la Cuba castrista), cuesta trabajo distinguir el efecto de cada uno por separado. No olvidamos (la peor de todas las decisiones) la llamada ""zafra de os 10 millones"" que desarticuló toda la economía cubana, pero junto a ella estuvo ligada el ""cordón de la Habana"", los planes de genética vacuna (¿quien no recuerda que el tirano quería inventar en Cuba las reses que mas leche y carne dieran, dando lugar a aquellas F1, F2 etc.) para una ganadería que para que produjese leche, se llevaron los aires acondicionados de las oficinas y lugares de trabajo y estudio de La Habana, dejando sumidos en el mas espantoso calor a los trabajadores de la isla. O quien no recuerda la eliminación de la contabilidad entre empresas y por lo tanto de la carrera de Contabilidad en las universidades, asi como de los cobros y pagos entre empresas. O las tenebrosas por represivas UMAP, donde encerraban a todo el que pareciera (aunque no lo fuera) homosexual, tuviera creencias religiosas, escuchara música en inglés, usara pantalones muy apretados (en el caso de los hombres) u tuviera el pelo largo. O la ""parametración"" que destruyó a tantos artistas e intelectuales, dentro del ""quinquenio gris"", y una de las decisiones mas destructivas del tirano Fidel Castro, aquella eufemísticamente llamada ""ofensiva revolucionaria"" (ofensiva robolucionaria) que destruyó a los pequeños comerciantes y la microempresa de Cuba, dejando un vacío comercial enorme en la población que aún hoy se paga. Y estamos hablando aquí solo de lo interno, porque en lo externo andaba fomentado y preparando desde Cuba guerrillas y grupos subversivos en América Latina e iniciando su participación en guerras en África, que tantos recursos de Cuba consumieron. Lo peor es que en el 99% de esas cosas que cité, fracasó, y solo sirvieron para acumular la destrucción causada por el tirano Fidel Castro a Cuba.",2025-07-24T03:01:09Z,2025-07-24T03:01:09Z,0,0,youtube,2026-04-05T13:39:36.692684
bHtI3lCm8wU,Economia y Desarrollo,¿Cómo FIDEL CASTRO acabó con la economía de CUBA?,es,Alta,UgzObMlvLVa3j4Ds1CV4AaABAg,,0,@_yk9ch9hw5q,"Los comunistas manejan un lenguaje de doble moral. Si los zurdirojetes hacen caer a un gobierno, le llaman a sus actos terroristas como ""revolución"", pero si lo hacen los que ideológicamente son contrarios a ellos, le llaman ""golpe de estado"". Es solo un problema de punto de vista ideológico esas etiquetas. El tirano Fidel Castro antes de 1959 no era un ""revolucionario"", era un vulgar pandillero vándalo que adoptó el terrorismo como forma de acceder al poder con su megalomanía",2025-07-24T03:00:32Z,2025-07-24T03:00:32Z,0,0,youtube,2026-04-05T13:39:36.692689
bHtI3lCm8wU,Economia y Desarrollo,¿Cómo FIDEL CASTRO acabó con la economía de CUBA?,es,Alta,UgwHqQ5eRal4JBWcWOF4AaABAg,,0,@hernanquevedo2634,"Fidel no dio ningún golpe de estado, llegaron al poder mediante una revolución, no confundas los conceptos..",2025-07-24T01:11:25Z,2025-07-24T01:11:25Z,0,1,youtube,2026-04-05T13:39:36.692693
bHtI3lCm8wU,Economia y Desarrollo,¿Cómo FIDEL CASTRO acabó con la economía de CUBA?,es,Alta,UgwHqQ5eRal4JBWcWOF4AaABAg.AKwgcfYUh3nALDybAWaumS,UgwHqQ5eRal4JBWcWOF4AaABAg,1,@avionbarato1151,"Golpe de estado: Un golpe de estado es una toma ilegal e ilegítima del poder político de un país, generalmente por parte de las fuerzas armadas o de un grupo rebelde. Implica el desplazamiento de las autoridades existentes a través de medios violentos o ilegales, con el objetivo de establecer un nuevo régimen. Es exactamente lo que hizo Fidel Castro",2025-07-31T03:34:49Z,2025-07-31T03:34:49Z,0,0,youtube,2026-04-05T13:39:36.692698
bHtI3lCm8wU,Economia y Desarrollo,¿Cómo FIDEL CASTRO acabó con la economía de CUBA?,es,Alta,UgwTPNENgSDvI7JkBo94AaABAg,,0,@_yk9ch9hw5q,"Cuba con el comunismo solo tuvo destrucción y atraso, además de pérdida de sus libertades los cubanos, por eso lo mejor es  que regrese al capitalismo, que es donde estuvo mejor. Es lo que desean la mayoría de los cubanos, por eso ahora adoran a los EEUU como nunca antes de 1959",2025-07-23T01:29:50Z,2025-07-23T01:29:50Z,0,0,youtube,2026-04-05T13:39:36.692702
bHtI3lCm8wU,Economia y Desarrollo,¿Cómo FIDEL CASTRO acabó con la economía de CUBA?,es,Alta,UgxxjT6JM7eTfFKiVcp4AaABAg,,0,@luisperez5712,y el boicot de los gringos apa?,2025-07-22T20:16:21Z,2025-07-22T20:16:21Z,0,0,youtube,2026-04-05T13:39:36.692707
bHtI3lCm8wU,Economia y Desarrollo,¿Cómo FIDEL CASTRO acabó con la economía de CUBA?,es,Alta,UgwQjE3p9wX6QHp2Oup4AaABAg,,0,@coyotehambriento2032,"Hacia allá va México con su partido en el poder NARCORENA , no lo digo yo me lo dijeron cubanos en la Habana",2025-07-22T19:04:45Z,2025-07-22T19:04:45Z,1,0,youtube,2026-04-05T13:39:36.692712
bHtI3lCm8wU,Economia y Desarrollo,¿Cómo FIDEL CASTRO acabó con la economía de CUBA?,es,Alta,UgyDfm9CFpvBPp2jZ8F4AaABAg,,0,@r591-j9z,🎉🎉🎉,2025-07-21T20:12:01Z,2025-07-21T20:12:01Z,0,0,youtube,2026-04-05T13:39:36.692716
bHtI3lCm8wU,Economia y Desarrollo,¿Cómo FIDEL CASTRO acabó con la economía de CUBA?,es,Alta,UgyPYMHDFInhwXqi5W54AaABAg,,0,@_yk9ch9hw5q,"La acabó como un tirano que era, y no solo la economía, también a las familias, las edificaciones, la cultura y el arte y hasta las libertades (que fue lo que más destruyó)",2025-07-20T22:55:55Z,2025-07-20T22:55:55Z,0,0,youtube,2026-04-05T13:39:36.692721
bHtI3lCm8wU,Economia y Desarrollo,¿Cómo FIDEL CASTRO acabó con la economía de CUBA?,es,Alta,UgzLQJvm_jcTPwYgKm54AaABAg,,0,@leonorangelicaherreravalde7109,Vaya ignorancia Cuba estaba era,2025-07-20T21:56:11Z,2025-07-20T21:56:11Z,0,0,youtube,2026-04-05T13:39:36.692725
bHtI3lCm8wU,Economia y Desarrollo,¿Cómo FIDEL CASTRO acabó con la economía de CUBA?,es,Alta,UgwErdLiZnzxna77XNN4AaABAg,,0,@IvetNordelo,La destruyó con la ayuda de España y Canadá...esos países apoyaron el gobierno cubano. Nunca al pueblo.......,2025-07-20T20:55:34Z,2025-07-20T20:55:34Z,0,0,youtube,2026-04-05T13:39:36.692729
bHtI3lCm8wU,Economia y Desarrollo,¿Cómo FIDEL CASTRO acabó con la economía de CUBA?,es,Alta,UgxxWjTpC6u2hk3HbON4AaABAg,,0,@RobertoGarciaSanz,y hoy en día se han sacado todo el dinero los militares y realmente no queda ningún servicio atendido en Cuba,2025-07-20T11:36:46Z,2025-07-20T11:36:46Z,0,0,youtube,2026-04-05T13:39:36.692733
bHtI3lCm8wU,Economia y Desarrollo,¿Cómo FIDEL CASTRO acabó con la economía de CUBA?,es,Alta,UgylqzhVeBBHvux9dgx4AaABAg,,0,@_yk9ch9hw5q,"La generación de 1959 que apoyó al tirano Fidel Castro a tomar el poder fue una generación de trogloditas. Son culpables junto a él  de la destrucción de Cuba. Y le regalaron su libertad al tirano Fidel Castro dejando que fuera su amo, una sumisión total que luego él la convirtió en ley.",2025-07-20T00:53:57Z,2025-07-20T00:53:57Z,1,0,youtube,2026-04-05T13:39:36.692738
bHtI3lCm8wU,Economia y Desarrollo,¿Cómo FIDEL CASTRO acabó con la economía de CUBA?,es,Alta,UgxK7As54rgXoMotLpF4AaABAg,,0,@ricardoramirez7513,Pura basura en ésta página!😂😂😂😂😂😂😂,2025-07-20T00:31:56Z,2025-07-20T00:31:56Z,0,0,youtube,2026-04-05T13:39:36.692742
bHtI3lCm8wU,Economia y Desarrollo,¿Cómo FIDEL CASTRO acabó con la economía de CUBA?,es,Alta,UgydaJTM71_lrpe1YXV4AaABAg,,0,@_yk9ch9hw5q,"Los cubanos saben por experiencia que su prosperidad futura depende de su alianza (¿unión?) con los EEUU. Hoy Cuba está mas norteamericanizada que antes de 1959, hasta con su moneda preferida, que es el dólar (hasta para la tiranía castrista). Por eso se habla hoy de ""las dos orillas""",2025-07-19T23:17:17Z,2025-07-19T23:17:29Z,1,0,youtube,2026-04-05T13:39:36.692747
bHtI3lCm8wU,Economia y Desarrollo,¿Cómo FIDEL CASTRO acabó con la economía de CUBA?,es,Alta,UgxKCYT8mGcceXDiIpR4AaABAg,,0,@_yk9ch9hw5q,"Antes de 1959 los cubanos odiaban a los EEUU. Ahora lo adoran. Por eso tantos músicos y artistas emigraron a los EEUU. La gente en Cuba no extraña a sus ídolos que se asentaron en Miami porque el internet les ha permitido seguirles. Hoy en Cuba las nuevas generaciones copian cuanta moda y música les llega de Miami. El tirano Fidel Castro logró en la gente de Cuba el efecto contrario a lo que buscaba con su odio hacia EEUU. Por eso se habla de ""las dos orillas"".",2025-07-18T02:36:53Z,2025-07-18T02:36:53Z,1,0,youtube,2026-04-05T13:39:36.692751
bHtI3lCm8wU,Economia y Desarrollo,¿Cómo FIDEL CASTRO acabó con la economía de CUBA?,es,Alta,Ugx1rwPlMd9_Aw6Ioct4AaABAg,,0,@enriquegonzalez3597,"Con Batista estabamo mejor. Vendíamos barato azuquita, rumba y mujere. Era economía egemplar. Oy somos malo y nos bloquean. Querrán que volvamo a aqueyó? A. Yo no",2025-07-18T01:30:19Z,2025-07-18T01:30:19Z,0,0,youtube,2026-04-05T13:39:36.692755
bHtI3lCm8wU,Economia y Desarrollo,¿Cómo FIDEL CASTRO acabó con la economía de CUBA?,es,Alta,UgzcqAB-hMfA0QZ0GK14AaABAg,,0,@_yk9ch9hw5q,"Bajo el tirano Fidel Castro y el castrocomunismo, junto a la escasez de comida, transporte y electricidad, el otro problema que más ha afectado a los cubanos es el de la vivienda. La construcción de viviendas es uno de los mayores fracasos de la tiranía castrista. Hoy el déficit habitacional de los cubanos es mucho mayor que el de antes de 1959, no solo por la falta de construcción de vivienda desde los años ochenta, sino porque las que existen carecen de mantenimiento y cada vez hay más derrumbes en Cuba. Hay personas viviendo en casas de cartón, y la mayoría de las familias viven hacinadas porque no hay adónde irse a vivir cuando contraes matrimonio y formas tu propia familia. De hecho, la otrora elegante y cada vez más floreciente Habana, una de las capitales más hermosas de América antes de 1959, parece una ciudad bombardeada (excepto en las zonas turísticas). Solo se han construido hoteles (principalmente de lujo) para el turismo extranjero, muchos de ellos de lujo cuyas habitaciones nunca han sido ocupadas pues el turismo que va a Cuba es barato, principalmente buscando sexo fácil en el turismo sexual castrista. La carencia de materiales de construcción (pese a que Cuba siempre tuvo una industria de materiales de construcción) a partir de los años ochenta obedece a que la tiranía castrista los ha destinado a construir hoteles para el turismo internacional y han sido acaparados por el consorcio militar GAESA, además de las demencias belicosas del difunto tirano Fidel Castro, que los ha destinado para construir lo que llamó eufemísticamente “túneles populares” para su supuesta posible guerras contra EEUU (todo un gigantesco despilfarro de materiales de construcción) o a construir en otros países hospitales y hasta aeropuertos (como el de Granada en tiempos de Bishop) para satisfacer sus obsesiones ególatras de ser visto como un mesías internacional del tercer mundo, patología esa de la que siempre padeció.",2025-07-17T17:50:43Z,2025-07-17T17:50:43Z,1,0,youtube,2026-04-05T13:39:36.692759
bHtI3lCm8wU,Economia y Desarrollo,¿Cómo FIDEL CASTRO acabó con la economía de CUBA?,es,Alta,Ugz6s8AmA31MvMiyKXZ4AaABAg,,0,@AldoRibas-i2n,Definitivamente SÍ!!!!,2025-07-17T17:30:16Z,2025-07-17T17:30:16Z,0,0,youtube,2026-04-05T13:39:36.692764
bHtI3lCm8wU,Economia y Desarrollo,¿Cómo FIDEL CASTRO acabó con la economía de CUBA?,es,Alta,UgxaLSILpqmcznOZr_14AaABAg,,0,@bqs4936,Cuba sufre del bloqueo económico más largo de la historia desde principio de los años 60... Pero parece que eso no tiene nada que ver con la situación económica actual?,2025-07-17T08:23:33Z,2025-07-17T08:23:33Z,0,0,youtube,2026-04-05T13:39:36.692768
bHtI3lCm8wU,Economia y Desarrollo,¿Cómo FIDEL CASTRO acabó con la economía de CUBA?,es,Alta,UgxAftKReKFyOdYs-9t4AaABAg,,0,@_yk9ch9hw5q,"Cuba perdió toda la prosperidad y modernidad que había ganado antes de 1959, es un país donde sus ciudadanos buscan emigrar desesperadamente, como nunca antes de 1959",2025-07-16T21:18:34Z,2025-07-16T21:18:34Z,1,0,youtube,2026-04-05T13:39:36.692773
bHtI3lCm8wU,Economia y Desarrollo,¿Cómo FIDEL CASTRO acabó con la economía de CUBA?,es,Alta,Ugz3Mm6shW6SLMubVd14AaABAg,,0,@_yk9ch9hw5q,Convirtió a Cuba en un país en ruinas....y sin libertades,2025-07-16T19:42:54Z,2025-07-16T19:42:54Z,1,0,youtube,2026-04-05T13:39:36.692777
bHtI3lCm8wU,Economia y Desarrollo,¿Cómo FIDEL CASTRO acabó con la economía de CUBA?,es,Alta,UgyNcXenHcb_flyW1-d4AaABAg,,0,@misaelalvarez7976,"Porque no menciona al principio la pobreza extrema en la parte oscura del país??? 
Empezamos mal",2025-07-16T18:45:33Z,2025-07-16T18:45:33Z,0,0,youtube,2026-04-05T13:39:36.692781
bHtI3lCm8wU,Economia y Desarrollo,¿Cómo FIDEL CASTRO acabó con la economía de CUBA?,es,Alta,UgzygjriacI76BOLk7B4AaABAg,,0,@juanignaciocorral4674,"Como destruyo este desgraciado a Cuba, un pais hermoso y gente buena.",2025-07-14T22:37:37Z,2025-07-14T22:37:37Z,2,0,youtube,2026-04-05T13:39:36.692786
bHtI3lCm8wU,Economia y Desarrollo,¿Cómo FIDEL CASTRO acabó con la economía de CUBA?,es,Alta,UgxTi24cgKufy255lyN4AaABAg,,0,@VicenteTorrez-c5u,"Existe un canal en YouTube llamado La Hustoria Incomprendida..allí esta este dato completo..NO solo un fragmento de este video..es poco profesional de tu parte editar un fragmento. Se llama. Violar los derechos de autor ....está bien que des a conocer la historia, pero debes investigar por tu propia cuenta",2025-07-14T18:15:49Z,2025-07-14T18:15:49Z,0,0,youtube,2026-04-05T13:39:36.692790
bHtI3lCm8wU,Economia y Desarrollo,¿Cómo FIDEL CASTRO acabó con la economía de CUBA?,es,Alta,UgwaECL57c1bBIeHRTd4AaABAg,,0,@rafaeljimenez9181,Fidel Castro mal nacido enjendroo del mal destroso un pueblo y la isla mas bella y prospera,2025-07-14T14:04:47Z,2025-07-14T14:04:47Z,0,0,youtube,2026-04-05T13:39:36.692795
bHtI3lCm8wU,Economia y Desarrollo,¿Cómo FIDEL CASTRO acabó con la economía de CUBA?,es,Alta,UgyH6v9pcRvt7SpzpQF4AaABAg,,0,@DomingoFernándezFraile,Ha dejado a Cuba hundida hundida totalmente,2025-07-13T19:49:24Z,2025-07-13T19:49:24Z,0,0,youtube,2026-04-05T13:39:36.692799
bHtI3lCm8wU,Economia y Desarrollo,¿Cómo FIDEL CASTRO acabó con la economía de CUBA?,es,Alta,UgzMQ4Di9SEDMKBSBt54AaABAg,,0,@DomingoFernándezFraile,Toda la culpa la tiene del hundimiento de Cuba Fidel Fidel Castro toda la culpa del desalojo que hay,2025-07-13T19:48:46Z,2025-07-13T19:48:46Z,0,0,youtube,2026-04-05T13:39:36.692805
bHtI3lCm8wU,Economia y Desarrollo,¿Cómo FIDEL CASTRO acabó con la economía de CUBA?,es,Alta,Ugx5ImfoHi2D97E-TTJ4AaABAg,,0,@_yk9ch9hw5q,Dejó como herencia un país en ruinas y una nación desintegrada.,2025-07-11T18:16:53Z,2025-07-11T18:16:53Z,1,0,youtube,2026-04-05T13:39:36.692809
