video_id,canal,tema,idioma_estimado,prioridad,comment_id,parent_id,is_reply,author_display_name,text_original,published_at,updated_at,like_count,reply_count,source_platform,downloaded_at
2I6B6QSY7AA,Diego Ruzzarin,Conocí al dictador más raro del mundo.,es,Baja,Ugx8XvwMWy7yLyVy-hd4AaABAg,,0,@wickfalce-q8y,"El comunismo
Se ve bonito en el papel
Pero en realidad no funciona 
Diego si tanto amas el comunismo 
Ve a vivir a cuba
Pero en las sonas pobres 
No me vengas con ideas capitalistas que no puedes que eres un turista y solo vas de paseo por cuba
No bro
Ve a vivir a cuba como un ciudadano más 
Y ésto es un reto para ti
Te sobra lengua pero te faltan huevos",2026-04-05T12:46:44Z,2026-04-05T12:46:44Z,0,0,youtube,2026-04-05T13:39:46.748770
2I6B6QSY7AA,Diego Ruzzarin,Conocí al dictador más raro del mundo.,es,Baja,Ugx88nMTrk4N1R-sYCN4AaABAg,,0,@wickfalce-q8y,"Es que el sabe a Agustín va a trapear el suelo con el 
Perdón no acepta debates ni opiniones de capitalistas
Le gusta hacer gogogo con los 🥚 de maduro",2026-04-05T12:41:39Z,2026-04-05T12:41:39Z,0,0,youtube,2026-04-05T13:39:46.748781
2I6B6QSY7AA,Diego Ruzzarin,Conocí al dictador más raro del mundo.,es,Baja,Ugz-CzJ7ZtRQsKFOVeN4AaABAg,,0,@chpp3r,Jajajajaja tu pinche picador ya está en la sombra 😂,2026-04-01T02:59:32Z,2026-04-01T02:59:32Z,0,0,youtube,2026-04-05T13:39:46.748784
2I6B6QSY7AA,Diego Ruzzarin,Conocí al dictador más raro del mundo.,es,Baja,Ugxyh1c9ZLoWFxz_B7d4AaABAg,,0,@Nahrio-y1b,Saca a tu compa de que no representa al dictador más raro,2026-03-30T07:55:54Z,2026-03-30T07:55:54Z,0,0,youtube,2026-04-05T13:39:46.748787
2I6B6QSY7AA,Diego Ruzzarin,Conocí al dictador más raro del mundo.,es,Baja,UgxseYVkBE1eAtUUmzl4AaABAg,,0,@SantiagoGarcia-o5p,El Carlos Muñoz de los filósofos,2026-03-25T13:55:26Z,2026-03-25T13:55:26Z,0,0,youtube,2026-04-05T13:39:46.748789
2I6B6QSY7AA,Diego Ruzzarin,Conocí al dictador más raro del mundo.,es,Baja,Ugw8KPp4raxkkDd85oh4AaABAg,,0,@Hunterloza,Jajajajajaj,2026-03-25T10:33:19Z,2026-03-25T10:33:19Z,0,0,youtube,2026-04-05T13:39:46.748791
2I6B6QSY7AA,Diego Ruzzarin,Conocí al dictador más raro del mundo.,es,Baja,UgwMShh5QsyW-0UOZUt4AaABAg,,0,@K1tty_k1ssxd,"Me cae bien diego, pero este video es muy ignorante y superficial",2026-03-22T12:12:59Z,2026-03-22T12:12:59Z,0,2,youtube,2026-04-05T13:39:46.748793
2I6B6QSY7AA,Diego Ruzzarin,Conocí al dictador más raro del mundo.,es,Baja,UgwMShh5QsyW-0UOZUt4AaABAg.AUeQv3aRHx5AUjbHG7GWIi,UgwMShh5QsyW-0UOZUt4AaABAg,1,@izcoalt4864,"Le pagaron, es obvio incluso tiene entrevistas con el.
Yo reconsideraria si realmente te cae bien.",2026-03-24T12:28:28Z,2026-03-24T12:28:28Z,3,0,youtube,2026-04-05T13:39:46.748796
2I6B6QSY7AA,Diego Ruzzarin,Conocí al dictador más raro del mundo.,es,Baja,UgwMShh5QsyW-0UOZUt4AaABAg.AUeQv3aRHx5AUyZzsNf2Su,UgwMShh5QsyW-0UOZUt4AaABAg,1,@Nahrio-y1b,"En qué forma te cae bien, estás porquerías de personas no deberían de por qué caerte bien",2026-03-30T07:57:06Z,2026-03-30T07:57:06Z,0,0,youtube,2026-04-05T13:39:46.748798
2I6B6QSY7AA,Diego Ruzzarin,Conocí al dictador más raro del mundo.,es,Baja,UgyBUvpiL5h3_cYgdfJ4AaABAg,,0,@Sienaude-wc9xv,"Deberías conocer a los padres de los jóvenes muertos por el régimen, anormal.",2026-03-21T21:55:39Z,2026-03-21T21:55:39Z,1,0,youtube,2026-04-05T13:39:46.748801
2I6B6QSY7AA,Diego Ruzzarin,Conocí al dictador más raro del mundo.,es,Baja,UgzLYfjEcj2QJt4Dl_h4AaABAg,,0,@madilopez8079,"También Sheinbaum tuve pre pre campaña, campaña y postcampaña.... que tiene de raro?

Claro que gano Xochitl, pero era puro teatro.

Si jaja Ruzzarin, repartidos de syole",2026-03-21T18:32:25Z,2026-03-21T18:32:25Z,0,0,youtube,2026-04-05T13:39:46.748803
2I6B6QSY7AA,Diego Ruzzarin,Conocí al dictador más raro del mundo.,es,Baja,UgzOTxcoA5tQYH7EJcB4AaABAg,,0,@HoyChino,hay gusanos que se arrastran menos diego,2026-03-20T04:35:28Z,2026-03-20T04:35:28Z,0,0,youtube,2026-04-05T13:39:46.748805
2I6B6QSY7AA,Diego Ruzzarin,Conocí al dictador más raro del mundo.,es,Baja,UgzfApklRQS5y-X57VV4AaABAg,,0,@Jaime_as,El dictador con un modelo mucho más democrático que el de el pútrido sistema de tu país,2026-03-17T18:26:46Z,2026-03-17T18:26:46Z,0,0,youtube,2026-04-05T13:39:46.748808
2I6B6QSY7AA,Diego Ruzzarin,Conocí al dictador más raro del mundo.,es,Baja,Ugw20uWzVEFdVIIJJLN4AaABAg,,0,@PazMontero-v6i,"Razzarin debería vivir como esos millones de Venezolanos que dejaron sus tierras, casas y familia por justamente el régimen. Como dice él mismo: «Hay que tener menos de dos neuronas para seguir a alguien así.»",2026-03-16T05:10:05Z,2026-03-16T05:10:05Z,0,0,youtube,2026-04-05T13:39:46.748811
2I6B6QSY7AA,Diego Ruzzarin,Conocí al dictador más raro del mundo.,es,Baja,Ugyy4sA63aZjhxBbLQ14AaABAg,,0,@CulturismoSand,Vendido!,2026-03-06T18:12:24Z,2026-03-06T18:12:24Z,2,0,youtube,2026-04-05T13:39:46.748813
2I6B6QSY7AA,Diego Ruzzarin,Conocí al dictador más raro del mundo.,es,Baja,UgyuM27q38zsUOoeeLt4AaABAg,,0,@anibalrivera6719,"Diego ""garganta profunda""",2026-03-03T22:15:28Z,2026-03-03T22:15:28Z,9,0,youtube,2026-04-05T13:39:46.748815
2I6B6QSY7AA,Diego Ruzzarin,Conocí al dictador más raro del mundo.,es,Baja,UgydW3vDYw4Uzcre9GF4AaABAg,,0,@ratamaruheadcrusher,Este video envejeció muy mal,2026-02-28T04:07:58Z,2026-02-28T04:07:58Z,3,0,youtube,2026-04-05T13:39:46.748817
2I6B6QSY7AA,Diego Ruzzarin,Conocí al dictador más raro del mundo.,es,Baja,UgxHyppd2UrjJg_tERN4AaABAg,,0,@AgustinRodriguez-rq7nx,"Ese Diego ha ido de mal en peor…
Ya es un personaje muy desgastado por tanto maquillaje y sobreactuación y sobre todo por un mal libreto que ha ido empeorando por falta de veracidad.

La misma historia lo contradice y desmiente a cada instante .",2026-02-27T23:13:18Z,2026-02-27T23:13:18Z,3,0,youtube,2026-04-05T13:39:46.748820
2I6B6QSY7AA,Diego Ruzzarin,Conocí al dictador más raro del mundo.,es,Baja,UgzBfNsq_OwmAgn6rxV4AaABAg,,0,@jeanrasquin3168,"Hacer campaña para luego hacer trampa porque tienen el consejo supremo electoral tomado terminan ganando 
Que le pasa Sr no se da cuenta del nuevo estilo México es la nueva Venezuela por culpa de gente con este tipo la reflexión es lo que Ud debiera estar haciendo y no metiendo a México en más desastre … por gente como Ud",2026-02-27T13:22:56Z,2026-02-27T13:22:56Z,1,0,youtube,2026-04-05T13:39:46.748822
2I6B6QSY7AA,Diego Ruzzarin,Conocí al dictador más raro del mundo.,es,Baja,UgxnkSlAT9UOUOIe_3N4AaABAg,,0,@NsbKiiu,"porque le dice presidente no entiendo, si es tremendo ladron de elecciones",2026-02-22T16:04:02Z,2026-02-22T16:04:02Z,6,0,youtube,2026-04-05T13:39:46.748825
2I6B6QSY7AA,Diego Ruzzarin,Conocí al dictador más raro del mundo.,es,Baja,UgwVFkQ5XUp7pf19aNt4AaABAg,,0,@marcosrequena2736,Cómo me dan risa estos comunistas aunque intenten tapar el sol con un dedo no podrán,2026-02-19T16:42:34Z,2026-02-19T16:42:34Z,3,0,youtube,2026-04-05T13:39:46.748827
2I6B6QSY7AA,Diego Ruzzarin,Conocí al dictador más raro del mundo.,es,Baja,Ugx_TCuoExJPrDLcPoV4AaABAg,,0,@izanpalaubernal3536,"Lo bueno de esa entrevista es que se vé claramente el apabullante idealismo de Ruzzarin hacia Maduro y la tremenda vanidad que tiene. Ambas cosas igual de cegadoras. Le hace preguntas a Maduro que cualquiera puede ver que están muy por encima de su nivel (ha leído pocos libros y poques libres), lo cual demuestra igualmente lo cegadora que es la vanidad de Ruzzarín.",2026-02-18T22:21:45Z,2026-02-18T22:22:44Z,4,0,youtube,2026-04-05T13:39:46.748830
2I6B6QSY7AA,Diego Ruzzarin,Conocí al dictador más raro del mundo.,es,Baja,UgxcTHCzJzt-T-zok6p4AaABAg,,0,@FaustoIvanDueñasSaraguro,Dieguiyo andapa  sha pendej,2026-02-11T00:49:44Z,2026-02-11T00:49:44Z,0,0,youtube,2026-04-05T13:39:46.748832
2I6B6QSY7AA,Diego Ruzzarin,Conocí al dictador más raro del mundo.,es,Baja,Ugyc6FWpQHAbaYQrJnN4AaABAg,,0,@patriciogonzalez3100,Eres un descarado es insoportable escucharte mentir de tantas formas y datelas de sabio eres una vergüenza,2026-02-10T20:25:01Z,2026-02-10T20:25:01Z,4,0,youtube,2026-04-05T13:39:46.748834
2I6B6QSY7AA,Diego Ruzzarin,Conocí al dictador más raro del mundo.,es,Baja,UgzUQNunNXrOi4tjfkd4AaABAg,,0,@patriciogonzalez3100,Eres un descarado sin vergüenza,2026-02-10T20:19:16Z,2026-02-10T20:19:16Z,1,0,youtube,2026-04-05T13:39:46.748837
2I6B6QSY7AA,Diego Ruzzarin,Conocí al dictador más raro del mundo.,es,Baja,Ugz9fw9mABBte20Tu314AaABAg,,0,@jeanrasquin3168,Este es un comunista no asumido como están los mexicanos de su presidenta Claudia Shem  …,2026-02-08T14:27:57Z,2026-02-08T14:27:57Z,1,0,youtube,2026-04-05T13:39:46.748839
2I6B6QSY7AA,Diego Ruzzarin,Conocí al dictador más raro del mundo.,es,Baja,UgyGor66isDzl-FfoFJ4AaABAg,,0,@JGR12689,Este periodista mexicano es afin al chavismo eso ya no esconde seguro le habran pagado para que hable bien del narco y asesino de Maduro eso ya no lo esconde se nota a leguas 😂,2026-02-08T04:21:58Z,2026-02-08T04:21:58Z,2,0,youtube,2026-04-05T13:39:46.748842
2I6B6QSY7AA,Diego Ruzzarin,Conocí al dictador más raro del mundo.,es,Baja,UgzDExBzPLztzHQrGJF4AaABAg,,0,@JorgeMartinez-oy6tw,Explícamelo a mas de 8000000 de venezolanos que  tuvieron que salir del gran gobernante maduro  o cuanto de dieron $,2026-02-06T07:07:45Z,2026-02-06T07:07:45Z,1,0,youtube,2026-04-05T13:39:46.748844
2I6B6QSY7AA,Diego Ruzzarin,Conocí al dictador más raro del mundo.,es,Baja,Ugy8IHx9Kok_3M0d7Wl4AaABAg,,0,@bigmaster_24,Diego ve a visitar a narcolas a EEUU 😂😂😂😂 habla de EEUU porque sino hablas de EEUU no comes y nadie mira tu contenido que patético,2026-02-01T21:31:48Z,2026-02-01T21:31:48Z,3,0,youtube,2026-04-05T13:39:46.748846
2I6B6QSY7AA,Diego Ruzzarin,Conocí al dictador más raro del mundo.,es,Baja,UgxrWVTmLnxAWMhnIWt4AaABAg,,0,@luisriveroarmas,"Que banal que haces ver el tema, demasiado hipocrita Zurdarin. 

Ni por el co#o te acercaste a los hospitales, carceles, ni conoces un 1% de la historia de Venezuela.
Aprende que la opinion publica no son ni las RRSS ni lo que ves en la calle, para eso estan los votos.",2026-01-31T16:50:24Z,2026-01-31T16:50:24Z,2,0,youtube,2026-04-05T13:39:46.748849
2I6B6QSY7AA,Diego Ruzzarin,Conocí al dictador más raro del mundo.,es,Baja,UgwZUDvy3IaOh-5L6Ox4AaABAg,,0,@ElOsoBabas,Jajaja pinche chairo donde está tu opinión ahora?,2026-01-30T10:04:38Z,2026-01-30T10:04:38Z,1,0,youtube,2026-04-05T13:39:46.748851
2I6B6QSY7AA,Diego Ruzzarin,Conocí al dictador más raro del mundo.,es,Baja,Ugx0pu9Zn4r6p5M8EEZ4AaABAg,,0,@Niñogelberoficial,"No... ven y te explico: lo que ocurria co Nicolaz Maduro es que ellos hicieron tal cual lo que explica rebelion en la Granja de George Owell... en venezuela el no necesita salir a buscar votos, porque ellos desde hace tiempo atras se robaron las elecciones,  porque ellos son los mismos del CNE encargados de dar los votos en las elecciones, y ellos son los mismo que compraron al CNE. Compraron a los guardias, compraron hasta el papa, ellos no son de izquierda Diego ellos tienen solo el monologo, son super capitalistas... EN VENEZUELA NO HAY DEMOCRACIAS.... bueno nadie puede llevarle la contraria al chavismo o madurismo que es la misma mierda, si tu le llevas la contraria ellos te meten preso, o te asesinan, o algo te hacen.... por que crees tu que asesinaron a canserbero? porque el si les decia las cosas de frente sin miedo, donde esta canserbero? donde estan todos aquellos que tenian opiniones distintas, el chavismos los encerros y otros los asesinaron... solo por pensar diferente solo por opinas a favor de la Justicia. Hoy EEUU le estas haciendo al chavismo lo mismo que el chavismo le hicieron al pueblo venezolano durante 26 años de una revolucion fracasada... llena de muertes, de injusticia, de desapareciones... niños presos, mujeres golpeadas y presas por defender a sus hijos... EEUU nunca hizo bloqueos.... como explicas entonces la calidad de vida y carros y todo tipo de lujos que se dan aun ls chavista... aun todo esto no ha caido... en resumen... TU FUISTE A VENEZUELA a conocer a un tipo mil veces mas peligroso que Noriega y Osama Bin laden... Y donde esta hoy ese man al que visitaste esta preso, por narcotraficante, por terrorista, por asesino, etc etc etc etc etc",2026-01-29T02:40:16Z,2026-01-29T02:40:16Z,0,0,youtube,2026-04-05T13:39:46.748854
2I6B6QSY7AA,Diego Ruzzarin,Conocí al dictador más raro del mundo.,es,Baja,UgzTNrVkZxutZrM4zn54AaABAg,,0,@UrielCruz-r2r3z,Seguro se llevo un buen billete por tratar de hacernos pensar que maduro es bueno,2026-01-28T23:50:26Z,2026-01-28T23:50:26Z,3,0,youtube,2026-04-05T13:39:46.748856
2I6B6QSY7AA,Diego Ruzzarin,Conocí al dictador más raro del mundo.,es,Baja,Ugy51CJ9pOGWvf_qx8V4AaABAg,,0,@SantiagoGarcia-o5p,"este man cree que la gente es boba. Que por qué es filósofo y sabe usar táctica socrática, sofismas y acomodar todos esos recursos a su favor para hacer parecer que tiene la razón entonces es el dueño de la verdad. Acá en colombia uno de los terroristas más sanguinarios era filósofo. Tiene razón en muchas cosas, pero querer menternos estos cuentos es triste porque la gente inteligente lo desenmascara fácilmente. Esto solo se lo creen los adoctrinados",2026-01-27T16:49:18Z,2026-01-27T16:49:18Z,2,0,youtube,2026-04-05T13:39:46.748859
2I6B6QSY7AA,Diego Ruzzarin,Conocí al dictador más raro del mundo.,es,Baja,Ugxq69NWP7Puznz0jmt4AaABAg,,0,@alanmax127,"Como que este tipo aún no esta preso, es un blanqueador de un genocida.",2026-01-27T04:44:08Z,2026-01-27T04:44:08Z,3,0,youtube,2026-04-05T13:39:46.748861
2I6B6QSY7AA,Diego Ruzzarin,Conocí al dictador más raro del mundo.,es,Baja,UgwEgpCysYDF-hryR-p4AaABAg,,0,@mariaverea3677,"La verdad que tú no vives en Venezuela y tus apreciaciones son muy superficiales. Hitler movía masas ,el de Corea del Norte también es un dictador y lo besan y abrazan",2026-01-26T21:30:28Z,2026-01-26T21:30:28Z,0,0,youtube,2026-04-05T13:39:46.748863
2I6B6QSY7AA,Diego Ruzzarin,Conocí al dictador más raro del mundo.,es,Baja,Ugy5wj_duJtafdVnvTh4AaABAg,,0,@reddot_22,Sos un enfermo que apoyo a un genocida,2026-01-26T16:35:48Z,2026-01-26T16:35:48Z,2,0,youtube,2026-04-05T13:39:46.748866
2I6B6QSY7AA,Diego Ruzzarin,Conocí al dictador más raro del mundo.,es,Baja,UgxRD1jJd8XLeqZJqkp4AaABAg,,0,@juliocesararangurenbenaven129,¡¡¡BASURA!!!,2026-01-25T21:17:23Z,2026-01-25T21:17:23Z,1,0,youtube,2026-04-05T13:39:46.748868
2I6B6QSY7AA,Diego Ruzzarin,Conocí al dictador más raro del mundo.,es,Baja,UgwEKx7txkOV-GafytN4AaABAg,,0,@vrem3481,Que si vas a ir a Estados Unidos a la visita conyugal???.....😂😂😂😂,2026-01-25T20:08:34Z,2026-01-25T20:08:34Z,6,0,youtube,2026-04-05T13:39:46.748870
2I6B6QSY7AA,Diego Ruzzarin,Conocí al dictador más raro del mundo.,es,Baja,UgyUO5b5dUKDJ1LKATF4AaABAg,,0,@fileteowo1785,LA IZQUIERDA SIMPRE ME SEGUIRA SORPRENDIENDO,2026-01-25T13:50:05Z,2026-01-25T13:50:05Z,1,0,youtube,2026-04-05T13:39:46.748872
2I6B6QSY7AA,Diego Ruzzarin,Conocí al dictador más raro del mundo.,es,Baja,Ugwa6iC_uRywLQ1DynF4AaABAg,,0,@brandoncanizales243,Maldito Bendido...,2026-01-24T19:30:00Z,2026-01-24T19:30:00Z,3,0,youtube,2026-04-05T13:39:46.748874
2I6B6QSY7AA,Diego Ruzzarin,Conocí al dictador más raro del mundo.,es,Baja,UgyZRBaVIr52u2wI-XV4AaABAg,,0,@julianalberto7035,Payaso ellos te muestran lo que quieren que veas y lo que tú quieres ver ya que eres un propagandista comunista.,2026-01-23T18:43:08Z,2026-01-23T18:44:00Z,1,0,youtube,2026-04-05T13:39:46.748877
2I6B6QSY7AA,Diego Ruzzarin,Conocí al dictador más raro del mundo.,es,Baja,UgxECdNgy09id-7u86F4AaABAg,,0,@piposoto6184,Eres un culon eso es lo raro jajajajaj pos no,2026-01-23T09:33:08Z,2026-01-23T09:33:08Z,1,0,youtube,2026-04-05T13:39:46.748879
2I6B6QSY7AA,Diego Ruzzarin,Conocí al dictador más raro del mundo.,es,Baja,UgxiVOxJSlNez2QOEtl4AaABAg,,0,@aracelioliver3748,Otro enchufado que tiene que aguantar Venezuela! Es obvio que te pagaron por ir allá y decir cosas bonitas de un dictador.,2026-01-20T20:04:50Z,2026-01-20T20:04:50Z,4,0,youtube,2026-04-05T13:39:46.748881
2I6B6QSY7AA,Diego Ruzzarin,Conocí al dictador más raro del mundo.,es,Baja,UgwcAbtcMkfTcrYdnFl4AaABAg,,0,@inal-ii,"Y en este momento tu deberías de estar haciéndole compañía en su celda, por hacerle propaganda a su gobierno criminal.",2026-01-20T05:18:58Z,2026-01-20T05:19:36Z,1,0,youtube,2026-04-05T13:39:46.748883
2I6B6QSY7AA,Diego Ruzzarin,Conocí al dictador más raro del mundo.,es,Baja,Ugzw5bbUlJlC6Uezw5p4AaABAg,,0,@todociberSV,este video envejecio tan mal  😅😅porque la enorme mayoria del pueblo Venezolano se alegraron con la caida de Maduro ante los Yankis 😅😅,2026-01-20T01:23:22Z,2026-01-20T01:23:22Z,3,0,youtube,2026-04-05T13:39:46.748885
2I6B6QSY7AA,Diego Ruzzarin,Conocí al dictador más raro del mundo.,es,Baja,Ugx9mVlUmdtciYCiont4AaABAg,,0,@franklinsarmiento3602,Buscando votos para hacer el teatro obviamente … es una dictadura que el quiere disfrazar de democracia.,2026-01-19T15:57:55Z,2026-01-19T15:57:55Z,0,0,youtube,2026-04-05T13:39:46.748888
2I6B6QSY7AA,Diego Ruzzarin,Conocí al dictador más raro del mundo.,es,Baja,Ugx6FVDk37BJcueS4n14AaABAg,,0,@abrahamalfie7045,"Ruzarin estas de la vrg wey, no mms q apoyas a este monstruo",2026-01-19T12:58:58Z,2026-01-19T12:58:58Z,2,0,youtube,2026-04-05T13:39:46.748890
2I6B6QSY7AA,Diego Ruzzarin,Conocí al dictador más raro del mundo.,es,Baja,Ugyjklpl-cWE-Lo9xed4AaABAg,,0,@LilitsMunguia,Yo admiraba a este tipo,2026-01-19T12:45:18Z,2026-01-19T12:45:18Z,3,0,youtube,2026-04-05T13:39:46.748893
2I6B6QSY7AA,Diego Ruzzarin,Conocí al dictador más raro del mundo.,es,Baja,Ugw7gnBAF_QHwBAbhsV4AaABAg,,0,@alejandro7476-x7c,Este payaso le ha hecho un daño irreparable a la filosofía como disciplina,2026-01-18T09:21:28Z,2026-01-18T09:21:28Z,4,0,youtube,2026-04-05T13:39:46.748895
2I6B6QSY7AA,Diego Ruzzarin,Conocí al dictador más raro del mundo.,es,Baja,Ugwt_Wq1wFIrQADh6jB4AaABAg,,0,@JuanPabloCastañoBuiles,"Es enserio 😢 me caías bien ruzzarin esto es penoso, ya me parecía raro tú campaña de apoyo a china",2026-01-18T09:06:14Z,2026-01-18T09:06:14Z,2,0,youtube,2026-04-05T13:39:46.748897
2I6B6QSY7AA,Diego Ruzzarin,Conocí al dictador más raro del mundo.,es,Baja,Ugzu50v5vZGArz3G6QV4AaABAg,,0,@claudiarieche511,😏😏😏😏😏Qué placer que el dictador ya esté EN LA CÁRCEL🎉🎉🎉,2026-01-16T05:53:49Z,2026-01-16T05:53:49Z,2,0,youtube,2026-04-05T13:39:46.748899
2I6B6QSY7AA,Diego Ruzzarin,Conocí al dictador más raro del mundo.,es,Baja,UgyWyrlUko8NpLap7jR4AaABAg,,0,@asmrespaldo,"Y este incompetente sigue defendiendo lo indefendible, das un asco Ruzzarin",2026-01-15T03:20:03Z,2026-01-15T03:20:03Z,5,0,youtube,2026-04-05T13:39:46.748901
2I6B6QSY7AA,Diego Ruzzarin,Conocí al dictador más raro del mundo.,es,Baja,Ugx-gvPaq5eSatE6KE14AaABAg,,0,@luisaguilera2683,"No mames Diego tú no vives en Venezuela, no sabes cómo está verdaderamente la situación , parece que no estás enterado que si bien se permita que exista la oposición en Venezuela realmente eso es entre comillas porque la gente es reprendida ante cualquier indicio de oposición contra el gobierno , es una pantalla nada más para el resto del mundo para que gente como tú que le gusta defender dictadores piense que todo está bien con Venezuela",2026-01-14T23:02:09Z,2026-01-14T23:02:09Z,3,0,youtube,2026-04-05T13:39:46.748903
2I6B6QSY7AA,Diego Ruzzarin,Conocí al dictador más raro del mundo.,es,Baja,Ugx_MzVHmM5jxaEq7g94AaABAg,,0,@Arturogutzr,"Mira este 🤡 jajajaja se la voló! Vaya manera de querer cambiar la narrativa con el hecho q Maduro saludó a gente en la calle dejó de ser socialista y dictador jajaja no bueno, el genio de los tontos sin oresentar datos y solo dejarse llevar por su paseo. Vaya Ruzzarin resultaste ser demasiado idiota ó será q fuiste demasiado vendido al regimen?",2026-01-13T15:14:16Z,2026-01-13T15:14:16Z,3,0,youtube,2026-04-05T13:39:46.748906
2I6B6QSY7AA,Diego Ruzzarin,Conocí al dictador más raro del mundo.,es,Baja,UgwOCqwfTdmrNIdJMrR4AaABAg,,0,@felipemiguelalvarezpereya9176,Un asno eres 🫏,2026-01-13T04:14:17Z,2026-01-13T04:14:17Z,2,0,youtube,2026-04-05T13:39:46.748908
2I6B6QSY7AA,Diego Ruzzarin,Conocí al dictador más raro del mundo.,es,Baja,UgzXfhXbMhRhGvQX4pp4AaABAg,,0,@benatherrera4561,tonto con ganas...,2026-01-12T23:44:43Z,2026-01-12T23:44:43Z,0,0,youtube,2026-04-05T13:39:46.748910
2I6B6QSY7AA,Diego Ruzzarin,Conocí al dictador más raro del mundo.,es,Baja,Ugxxlzc5GqjSCjTyGF14AaABAg,,0,@angeldanielnavarrofernande1498,"Asi como el le dijo una vez al super genius del masterd muñoz, sabes que lo estas haciendo a dia de hoy sera considerado un crimen a futuro? Todos esperamos con los paises capitalistas de derecha se prohiba la ideologia de izquierda, comunismo, socialismo etc. Ya han asesinado a cientos de millones de personas y que los que predican, promueven o prefesan estas ideas en internet terminen presos.",2026-01-11T18:28:13Z,2026-01-11T18:28:53Z,2,0,youtube,2026-04-05T13:39:46.748912
2I6B6QSY7AA,Diego Ruzzarin,Conocí al dictador más raro del mundo.,es,Baja,UgzjLtpVADNq4vjJ5YJ4AaABAg,,0,@NalsibellPerez11acero,😂 este tipo está en pañales!! Cuántos lingotes de oro te dieron para decir esto y armar esta propaganda a favor de maduro después de esa entrevista?,2026-01-11T13:19:01Z,2026-01-11T13:19:01Z,2,0,youtube,2026-04-05T13:39:46.748914
2I6B6QSY7AA,Diego Ruzzarin,Conocí al dictador más raro del mundo.,es,Baja,UgxtUIU3vYng-8Vd_x14AaABAg,,0,@EstradaEstradaXXI,"Es curioso que las personas que visitan Venezuela, no notan lo que los medios les dicen, y aún más raro que los venezolanos que viven en Venezuela, narran problemáticas que existen en toda Latinoamérica.",2026-01-11T06:20:31Z,2026-01-11T06:20:31Z,0,0,youtube,2026-04-05T13:39:46.748916
2I6B6QSY7AA,Diego Ruzzarin,Conocí al dictador más raro del mundo.,es,Baja,UgwjfFpkKg0ez5RGAS94AaABAg,,0,@EstradaEstradaXXI,"Maduro es el villano en un mundo donde le entregan Nobel de la Paz a una mujer que pide guerra, y que le entregan otro premio de la paz a un anaranjado que explota a personas de manera extrajudicial y encarcela a decenas de miles por ser migrantes. Además de financiar guerras",2026-01-11T06:19:15Z,2026-01-11T06:19:15Z,0,0,youtube,2026-04-05T13:39:46.748918
2I6B6QSY7AA,Diego Ruzzarin,Conocí al dictador más raro del mundo.,es,Baja,UgwNk4NK1VtKj_0iTE14AaABAg,,0,@DrWolfenstein313,"Un propagandista que celebró que en mi país se torturara y se desapareciera gente.
Prohibido olvidar.",2026-01-11T03:14:02Z,2026-01-11T03:14:02Z,2,0,youtube,2026-04-05T13:39:46.748921
2I6B6QSY7AA,Diego Ruzzarin,Conocí al dictador más raro del mundo.,es,Baja,Ugx8TE7F9FdT7c0sg4J4AaABAg,,0,@jojosyotrascosasfueradecon6855,Tu marido lleva una semana preso.,2026-01-11T00:02:55Z,2026-01-11T00:02:55Z,3,0,youtube,2026-04-05T13:39:46.748923
2I6B6QSY7AA,Diego Ruzzarin,Conocí al dictador más raro del mundo.,es,Baja,Ugzo60vfWRBlvFYUxDx4AaABAg,,0,@VictorSanchez-ro5oo,"Seguramente este wey trae en ese podcast alguna prenda hecha en ""El país de las garras imperialistas"" y se va de vacaciones a un país no socialista ni comunista.",2026-01-10T22:02:34Z,2026-01-10T22:02:34Z,2,0,youtube,2026-04-05T13:39:46.748925
2I6B6QSY7AA,Diego Ruzzarin,Conocí al dictador más raro del mundo.,es,Baja,UgyobzX9cKDpcy2EcA94AaABAg,,0,@båNchæsk4,Eres una mamada ruzzarin 😂,2026-01-10T04:40:44Z,2026-01-10T04:40:44Z,5,0,youtube,2026-04-05T13:39:46.748927
2I6B6QSY7AA,Diego Ruzzarin,Conocí al dictador más raro del mundo.,es,Baja,UgyPgPN6F6aZJ9Oqfh14AaABAg,,0,@IsaacJavierCamachoSánchez-e9m,"Admiro mucho la capacidad que tiene diego de leer tanto,informarse tanto, estudiar tanto de filosofía, ciencias políticas y geopolitica actual e histórica, además de tener una capacidad para tener un criterio con muchos fundamentos, y además de todo tener miles de documentos que respalden la información que es real, pero aun así, seas tan pobre como para vender tus principios y decir: ese hombre que a duras penas seguia vivo, por que si no tuviera sus guardias cubanos respaldando su seguridad, el pueblo que dirigio a su punto mas bajo, lo dejaria mas abajo de el piso desde hace muuuucho tiempo, no es un mal hombre. Y solo decirlo por encajar en tu ideal político de comunismo y saber vagamente de una filosofía tan compleja de llevar a cabo correctamente sin que la corrupción la convierta en miseria. Me entristece Diego, pero demostraste con pruebas, que no eres más que un hombre pobre que solo sabe venderse para ganarse la vida. A pesar de eso te respeto, por que te has ganado ese derecho, sabes que el consumismo es el cáncer y se debe aspirar a un sistema no dependiente del capital humano. Pero negar que el no es un dictador que sumió a una nación tan prospera como mi nación, y obligó a millones de sus habitantes a irse y dejarnos sin nuestra familia y amigos, a un lugar donde tuvimos que pasar hambre y estar en la intemperie en algunos casos, y quienes se revelaron y tuvieron la mala suerte se ser tomados por su ejército, fueron llevados a cárceles qué si las comparamos con lo que sea que creas que es una cárcel, aquello que creas parezca un hotel 5 estrellas, sin mencionar el hambre y miseria pasadas por aun más millones de personas que actualmente siguen en mi país, solo terminaré diciendo que si tienes un verdadero amor por la verdad, si puedes verla, dila, y no te la pases por el arco del triunfo para solo quedar bien con alguien o algo

Puto el que lo lea",2026-01-10T03:34:29Z,2026-01-10T03:34:29Z,0,0,youtube,2026-04-05T13:39:46.748929
2I6B6QSY7AA,Diego Ruzzarin,Conocí al dictador más raro del mundo.,es,Baja,UgyyAvjxMrrSL80PfVB4AaABAg,,0,@MariaLopez-z1o7w,"Esto lo hizo AMLO por 30 años en México y no veo ningún video de Diego !! 
Mmmm con razón , no es mexicano !! 🤔💪🤓🇲🇽",2026-01-10T02:33:15Z,2026-01-10T02:33:15Z,2,0,youtube,2026-04-05T13:39:46.748932
2I6B6QSY7AA,Diego Ruzzarin,Conocí al dictador más raro del mundo.,es,Baja,UgzvRMGo1dGaREMErft4AaABAg,,0,@aramer25,Ey se llevaron a tu marido payaso zurdo,2026-01-09T23:00:15Z,2026-01-09T23:00:15Z,5,0,youtube,2026-04-05T13:39:46.748934
2I6B6QSY7AA,Diego Ruzzarin,Conocí al dictador más raro del mundo.,es,Baja,UgyspLXJmvAvhHGuB2J4AaABAg,,0,@RobertLaCabra,JAJAJAJAJAJA LA EXPLICACIÓN PERFECTA DE POR QUE ESTE TIPO ES TAN ESTÚPIDO E IGNORANTE LE CREYO A MADURO JAJAAJAJAJAJJAA😂😂😂😂😂😂😂😂😂😂😂,2026-01-09T18:15:41Z,2026-01-09T18:15:41Z,3,0,youtube,2026-04-05T13:39:46.748936
2I6B6QSY7AA,Diego Ruzzarin,Conocí al dictador más raro del mundo.,es,Baja,Ugz4bkDp3UI7-_-jNuV4AaABAg,,0,@morty_041,Ojalá tu amiguito cante para quee hagas compañía después de que te pago rata asquerosa,2026-01-09T16:53:51Z,2026-01-09T16:53:51Z,3,0,youtube,2026-04-05T13:39:46.748938
2I6B6QSY7AA,Diego Ruzzarin,Conocí al dictador más raro del mundo.,es,Baja,UgxoghXANNkp8uQuIl94AaABAg,,0,@dannavalderrama4874,TA preso tu amiguito,2026-01-09T12:22:05Z,2026-01-09T12:22:05Z,1,0,youtube,2026-04-05T13:39:46.748940
2I6B6QSY7AA,Diego Ruzzarin,Conocí al dictador más raro del mundo.,es,Baja,UgztlyS1h7j2vjCBecF4AaABAg,,0,@dannavalderrama4874,Nawebona de mamaguevo,2026-01-09T12:21:47Z,2026-01-09T12:21:47Z,1,0,youtube,2026-04-05T13:39:46.748942
2I6B6QSY7AA,Diego Ruzzarin,Conocí al dictador más raro del mundo.,es,Baja,UgwlMdga-jGC3_yWY754AaABAg,,0,@helennyvillasana5932,"Y yo conocí a la persona más jala bolas del mundo, y ese eres tú 😮❤❤",2026-01-09T04:51:26Z,2026-01-09T04:51:26Z,2,0,youtube,2026-04-05T13:39:46.748944
2I6B6QSY7AA,Diego Ruzzarin,Conocí al dictador más raro del mundo.,es,Baja,UgyiwaL-Pj6x-D6X7QZ4AaABAg,,0,@joserefugiocoss2808,Saludos desde Zinacantepec Edo de México Diego gracias por tu información que Dios te bendiga siempre by,2026-01-09T03:01:04Z,2026-01-09T03:01:04Z,0,0,youtube,2026-04-05T13:39:46.748946
2I6B6QSY7AA,Diego Ruzzarin,Conocí al dictador más raro del mundo.,es,Baja,Ugzm05-0hIVXMGhc8FF4AaABAg,,0,@fernandoalmanza3185,"Excelente Diego, pero la OPOSICION VIOLENTA ni con manzanitas.",2026-01-08T18:53:53Z,2026-01-08T18:53:53Z,0,0,youtube,2026-04-05T13:39:46.748948
2I6B6QSY7AA,Diego Ruzzarin,Conocí al dictador más raro del mundo.,es,Baja,UgxlBuXXdeXNz2f8Gd14AaABAg,,0,@ynwie91,lambebotas jaja,2026-01-08T15:19:21Z,2026-01-08T15:19:21Z,4,0,youtube,2026-04-05T13:39:46.748950
2I6B6QSY7AA,Diego Ruzzarin,Conocí al dictador más raro del mundo.,es,Baja,UgzGcLGJpYAJidZEW1t4AaABAg,,0,@maurocastro5181,grande Ruzzarin!,2026-01-08T14:58:20Z,2026-01-08T14:58:20Z,0,0,youtube,2026-04-05T13:39:46.748952
2I6B6QSY7AA,Diego Ruzzarin,Conocí al dictador más raro del mundo.,es,Baja,UgyjNiUc0z1rFnL6cIV4AaABAg,,0,@miqueaseveillard-w2h,Tienes todo razon Maduro no es UN dictador.,2026-01-08T06:07:58Z,2026-01-08T06:07:58Z,0,2,youtube,2026-04-05T13:39:46.748954
2I6B6QSY7AA,Diego Ruzzarin,Conocí al dictador más raro del mundo.,es,Baja,UgyjNiUc0z1rFnL6cIV4AaABAg.ARho6gQf08xARiQwll5yjw,UgyjNiUc0z1rFnL6cIV4AaABAg,1,@andresmp3437,Exacto YA NO ES JAJAJAJAJA VIVA VENEZUELA ❤ 🇻🇪🇻🇪🇻🇪🇻🇪,2026-01-08T11:56:00Z,2026-01-08T11:56:00Z,2,0,youtube,2026-04-05T13:39:46.748956
2I6B6QSY7AA,Diego Ruzzarin,Conocí al dictador más raro del mundo.,es,Baja,UgyjNiUc0z1rFnL6cIV4AaABAg.ARho6gQf08xARzN-qZBoVK,UgyjNiUc0z1rFnL6cIV4AaABAg,1,@Jayden_24S,En efecto ya no lo es,2026-01-15T01:48:41Z,2026-01-15T01:48:41Z,0,0,youtube,2026-04-05T13:39:46.748958
2I6B6QSY7AA,Diego Ruzzarin,Conocí al dictador más raro del mundo.,es,Baja,Ugyo2DPO4xkStLepOpZ4AaABAg,,0,@a.m.69111,Calla huevonazo!,2026-01-08T04:28:19Z,2026-01-08T04:28:19Z,1,0,youtube,2026-04-05T13:39:46.748960
2I6B6QSY7AA,Diego Ruzzarin,Conocí al dictador más raro del mundo.,es,Baja,UgwFO-kq2wnVVKObZJV4AaABAg,,0,@fabianporras8585,"bastardo comprado, espero te vaya igual que tu ídolo",2026-01-08T04:23:55Z,2026-01-08T04:23:55Z,2,0,youtube,2026-04-05T13:39:46.748962
2I6B6QSY7AA,Diego Ruzzarin,Conocí al dictador más raro del mundo.,es,Baja,UgzattqaLQiKFqoyHx14AaABAg,,0,@clinteastwood8782,🤮🤮🤮🤮🤮🤮🤮💩💩💩💩🤮🤮🤮🤮🤮🤮💩💩💩🤮🤮💩💩🤮💩💩💩💩💩💩🤮🤮💩💩🤮🤮🤮🤮🤮,2026-01-08T03:32:59Z,2026-01-08T03:32:59Z,1,0,youtube,2026-04-05T13:39:46.748964
2I6B6QSY7AA,Diego Ruzzarin,Conocí al dictador más raro del mundo.,es,Baja,UgwVoN1ZYVEZFt3unW14AaABAg,,0,@MercedesGonzalez-ji8ll,🤮🤮🤮🤮🤮🤮🤮🤮🤮🤮,2026-01-08T03:27:22Z,2026-01-08T03:27:22Z,0,0,youtube,2026-04-05T13:39:46.748966
2I6B6QSY7AA,Diego Ruzzarin,Conocí al dictador más raro del mundo.,es,Baja,UgymnhwEIIXwwJ6tlOh4AaABAg,,0,@fabiobustamante-m8e,Es increíble como las ideologías nos ciegan.,2026-01-07T21:40:35Z,2026-01-07T21:40:35Z,0,0,youtube,2026-04-05T13:39:46.748968
2I6B6QSY7AA,Diego Ruzzarin,Conocí al dictador más raro del mundo.,es,Baja,UgwUlbkLEs1i4yhe3sd4AaABAg,,0,@rapr5520,"Gobiernos que no se alineen a los deseos de la élite sionista y que no sean entreguistas, les acusarán de “dictador, narco gobierno, comunista, etc”. 
La élite sionista es la que prepara el reino del anticristo y por lo visto Gaza será su sede de imperio terrenal.",2026-01-07T21:40:34Z,2026-01-07T21:44:34Z,2,0,youtube,2026-04-05T13:39:46.748970
2I6B6QSY7AA,Diego Ruzzarin,Conocí al dictador más raro del mundo.,es,Baja,Ugy8HIuphYb1tj5-q-t4AaABAg,,0,@AvilaGonzalez-o4p,"Salgan mas,viajen mas",2026-01-07T18:52:37Z,2026-01-07T18:52:37Z,1,0,youtube,2026-04-05T13:39:46.748972
2I6B6QSY7AA,Diego Ruzzarin,Conocí al dictador más raro del mundo.,es,Baja,UgzUxoZejOgxdL-Lc6p4AaABAg,,0,@TeodociaHerrera-i6c,"Maduro: 2026 Sorprendeme.jpg

2026: Ta Bien!

Xd",2026-01-07T16:04:50Z,2026-01-07T16:04:50Z,1,0,youtube,2026-04-05T13:39:46.748974
2I6B6QSY7AA,Diego Ruzzarin,Conocí al dictador más raro del mundo.,es,Baja,UgzGQFd5PXu9O8sd4hR4AaABAg,,0,@josepdasilvaoliveira1312,"No conoces historia? Hubo elecciones en la Alemania Nazi, también las ha tenido Cuba, también las hizo Stalin y Musolini. Los regímenes autoritarios hacen elecciones amañadas para fingir legitimidad. Ya que estuvistes en Venezuela, comenta quienes son los rectores del CNE todos abiertamente del partido de gobierno igual que los jueces. Que persiguen e inhabilitan políticos de oposición. Y que impidieron la inscripción a venezolanos en el extranjero para poder votar, negandoles su derecho. También diles cuál es el periodismo o prensa crítica que queda dentro de Venezuela. En fin un sistema autoritario de manual de partido único.",2026-01-07T15:21:38Z,2026-01-07T15:21:38Z,4,0,youtube,2026-04-05T13:39:46.748976
2I6B6QSY7AA,Diego Ruzzarin,Conocí al dictador más raro del mundo.,es,Baja,Ugxpz69l2ueD-p__PTN4AaABAg,,0,@danieltorresbaltierra3873,"Tu idolo cayo, no cabe duda que leer no siempre hace mejor a una persona tu defensa de gente que silencio permanentemente a cualquier otro por una ideología política hace lo que eres una basura",2026-01-07T13:44:01Z,2026-01-07T13:44:01Z,0,0,youtube,2026-04-05T13:39:46.748978
2I6B6QSY7AA,Diego Ruzzarin,Conocí al dictador más raro del mundo.,es,Baja,UgzzBVwTgfopUBO64nl4AaABAg,,0,@Hellferu,"El criterio de este influencer, parece el pensamiento de un niño de 5 años que le dicen que si no se duerme temprano, el coco se lo va a comer, y él se lo cree. 
¿Ya salió a pedirle disculpas al pueblo Venezolano y aceptar que Maduro era un dictador en toda regla?",2026-01-07T05:21:40Z,2026-01-07T05:21:40Z,1,0,youtube,2026-04-05T13:39:46.748980
2I6B6QSY7AA,Diego Ruzzarin,Conocí al dictador más raro del mundo.,es,Baja,Ugy3l92GLLkHZsE4oih4AaABAg,,0,@ulises13200,"Creo que defiendes algo que es muy distinto, quieres hacer creer algo que no es",2026-01-07T04:46:29Z,2026-01-07T04:46:29Z,0,0,youtube,2026-04-05T13:39:46.748982
2I6B6QSY7AA,Diego Ruzzarin,Conocí al dictador más raro del mundo.,es,Baja,Ugyu__PFua_BqdBvxcV4AaABAg,,0,@ulises13200,Expropiaron empresas eso es más que socialismo,2026-01-07T04:45:17Z,2026-01-07T04:45:17Z,0,0,youtube,2026-04-05T13:39:46.748985
2I6B6QSY7AA,Diego Ruzzarin,Conocí al dictador más raro del mundo.,es,Baja,Ugz-G9YnHBI3Tp4SnKR4AaABAg,,0,@ulises13200,Porque es un espectáculo,2026-01-07T04:44:45Z,2026-01-07T04:44:45Z,0,0,youtube,2026-04-05T13:39:46.748987
2I6B6QSY7AA,Diego Ruzzarin,Conocí al dictador más raro del mundo.,es,Baja,UgymJs18jjIN4HodV0F4AaABAg,,0,@AdonisFranco-j9e,Supongo que diego es tan egocentrico que no borrara esto 😂😂😂,2026-01-07T01:52:07Z,2026-01-07T01:52:07Z,1,0,youtube,2026-04-05T13:39:46.748989
2I6B6QSY7AA,Diego Ruzzarin,Conocí al dictador más raro del mundo.,es,Baja,UgwFzwmRG3q3gHeLnfx4AaABAg,,0,@yasmani462,dale basura pagada,2026-01-07T01:24:36Z,2026-01-07T01:24:36Z,1,0,youtube,2026-04-05T13:39:46.748991
2I6B6QSY7AA,Diego Ruzzarin,Conocí al dictador más raro del mundo.,es,Baja,UgySlrRFIOXV-WPRIIF4AaABAg,,0,@geraverduzco4979,Que feo ser tan pendejo y tan seguro de si mismo,2026-01-07T00:54:16Z,2026-01-07T00:54:16Z,2,0,youtube,2026-04-05T13:39:46.748993
2I6B6QSY7AA,Diego Ruzzarin,Conocí al dictador más raro del mundo.,es,Baja,UgyXT9xVpZwVohPJJ3d4AaABAg,,0,@ElOsoBabas,"Jajaja como te sientes ahora cerdo hipócrita, disfruta de tu iPhone con tu Starbucks y tu McDonald’s",2026-01-07T00:39:04Z,2026-01-07T00:39:04Z,0,0,youtube,2026-04-05T13:39:46.748996
2I6B6QSY7AA,Diego Ruzzarin,Conocí al dictador más raro del mundo.,es,Baja,Ugxl4r2cW7WAtClH6kF4AaABAg,,0,@elcaballeronegro9814,Están igual de pndejos los dos...,2026-01-07T00:20:16Z,2026-01-07T00:20:16Z,0,0,youtube,2026-04-05T13:39:46.748998
2I6B6QSY7AA,Diego Ruzzarin,Conocí al dictador más raro del mundo.,es,Baja,Ugx3XlwDW5F0517WSQp4AaABAg,,0,@peksy588,Su próximo video “Un pintor austriaco incomprendido”😢,2026-01-07T00:04:02Z,2026-01-07T00:04:02Z,1,0,youtube,2026-04-05T13:39:46.749000
2I6B6QSY7AA,Diego Ruzzarin,Conocí al dictador más raro del mundo.,es,Baja,UgxY-IxL1dfl2WRIzuB4AaABAg,,0,@urialagar7928,Tratar de blanquear una dictadura conozco a varios venezolanos y la historia es muy distinta. Me da asco escuchar esto no pensaba que eras así. En fin al final solo resultaste ser propaganda. 🎉 Felicidades,2026-01-06T23:36:02Z,2026-01-06T23:36:02Z,1,0,youtube,2026-04-05T13:39:46.749002
2I6B6QSY7AA,Diego Ruzzarin,Conocí al dictador más raro del mundo.,es,Baja,Ugym9vmUgSO9mr0b5C14AaABAg,,0,@dorysisabeltapiasbuitrago5019,"Hola Dieguito 😂😂😂😂😂 Madurito me dijo que Venezuela no era socialista 🤡🤡🤡🤡 ya tenemos el recordatorio, la presidenta de México también es un títere del narco, te falta calle pero en tu país Dieguito ☺️☺️☺️☺️ conoce tus raíces y no hables de lo que no sabes irresponsable.",2026-01-06T20:54:14Z,2026-01-06T20:54:14Z,0,0,youtube,2026-04-05T13:39:46.749004
2I6B6QSY7AA,Diego Ruzzarin,Conocí al dictador más raro del mundo.,es,Baja,UgxrnEtkocsRI13cXWV4AaABAg,,0,@GASC86,"Esperemos no les roben los recursos o ya está pasando, mientras se habla del tema",2026-01-06T20:50:37Z,2026-01-06T20:50:37Z,0,0,youtube,2026-04-05T13:39:46.749006
2I6B6QSY7AA,Diego Ruzzarin,Conocí al dictador más raro del mundo.,es,Baja,Ugzhg5Sd_Xa2NOovh7p4AaABAg,,0,@Sigarroo,"Solo vine a dejar el dislike y a burlarme de que al fin el asqueroso de maduro este tras las rejas
Saludos dieguito, has de andar triste",2026-01-06T19:04:53Z,2026-01-06T19:04:53Z,2,0,youtube,2026-04-05T13:39:46.749009
2I6B6QSY7AA,Diego Ruzzarin,Conocí al dictador más raro del mundo.,es,Baja,UgwV8M5fIt6ZZCgkqzF4AaABAg,,0,@FranciscoFaundez-pj2xs,Todos los dictadores tienen fanáticos y defensores.,2026-01-06T18:29:26Z,2026-01-06T18:29:26Z,0,0,youtube,2026-04-05T13:39:47.561007
2I6B6QSY7AA,Diego Ruzzarin,Conocí al dictador más raro del mundo.,es,Baja,UgwwCAxLLHiQFZS64Al4AaABAg,,0,@sergioguzmancanido3691,Recibió dinero de la narco dictadura,2026-01-06T18:23:33Z,2026-01-06T18:23:33Z,0,0,youtube,2026-04-05T13:39:47.561026
2I6B6QSY7AA,Diego Ruzzarin,Conocí al dictador más raro del mundo.,es,Baja,UgyzBnaq171BSTQPvyx4AaABAg,,0,@danielzapata3578,"El error de Venezuela fue que los que querian un país libre del chavismo, tocaron la puerta de los yankis .",2026-01-06T17:29:36Z,2026-01-06T17:29:36Z,0,0,youtube,2026-04-05T13:39:47.561030
2I6B6QSY7AA,Diego Ruzzarin,Conocí al dictador más raro del mundo.,es,Baja,UgxrNBczh9KIzuT-i6h4AaABAg,,0,@juanjosemartinez1955,"No mamar, el PRI hacia procesos electorales con solo 1 candidato.",2026-01-06T16:20:31Z,2026-01-06T16:20:31Z,0,0,youtube,2026-04-05T13:39:47.561034
2I6B6QSY7AA,Diego Ruzzarin,Conocí al dictador más raro del mundo.,es,Baja,UgwRc4kzfGMyTKukgRx4AaABAg,,0,@ARTUROsoy,¿Que se siente sentarse al lado de un narcoterrorista y blanquéale su imagen?,2026-01-06T15:34:54Z,2026-01-06T15:34:54Z,3,0,youtube,2026-04-05T13:39:47.561039
2I6B6QSY7AA,Diego Ruzzarin,Conocí al dictador más raro del mundo.,es,Baja,UgwyVtsG8NRArPiY7Bx4AaABAg,,0,@Rober-w8t,"Apoyalo se empático xon él y vete a NY que te encierren , jajajaja",2026-01-06T14:38:29Z,2026-01-06T14:38:29Z,2,0,youtube,2026-04-05T13:39:47.561044
2I6B6QSY7AA,Diego Ruzzarin,Conocí al dictador más raro del mundo.,es,Baja,UgxxwWw2qqbo8zLb4Np4AaABAg,,0,@tomasordoquiariza1921,"Que bien, me alegro que todo tus seguidores hayan hecho el deber social de condenarte por blanquear una dictadura de una manera tan intelectualmente deshonesta. Demagogo",2026-01-06T14:07:19Z,2026-01-06T14:07:19Z,0,0,youtube,2026-04-05T13:39:47.561048
2I6B6QSY7AA,Diego Ruzzarin,Conocí al dictador más raro del mundo.,es,Baja,UgwrcOlm9ajnyhLbtdp4AaABAg,,0,@luisfiallos1,Vendido.,2026-01-06T13:47:36Z,2026-01-06T13:47:36Z,0,0,youtube,2026-04-05T13:39:47.561068
2I6B6QSY7AA,Diego Ruzzarin,Conocí al dictador más raro del mundo.,es,Baja,UgyMmT4HtljaUuuNka54AaABAg,,0,@SoyElCheems,Pemdejos,2026-01-06T06:38:31Z,2026-01-06T06:38:31Z,1,0,youtube,2026-04-05T13:39:47.561073
2I6B6QSY7AA,Diego Ruzzarin,Conocí al dictador más raro del mundo.,es,Baja,UgxJ1tmJ6Y7y4w3pEcp4AaABAg,,0,@scarrera08,Que buen timing,2026-01-06T05:06:50Z,2026-01-06T05:06:50Z,1,0,youtube,2026-04-05T13:39:47.561078
2I6B6QSY7AA,Diego Ruzzarin,Conocí al dictador más raro del mundo.,es,Baja,UgzTycgyIQ6l9fnCKe14AaABAg,,0,@LuisMeza-r5g,"YA LO CONOCIO DONAL TRAMP, EN PERSONA TAMBIEN IGUAL QUE TU, CROMA SABLES 3MIL",2026-01-06T04:58:19Z,2026-01-06T04:58:19Z,0,0,youtube,2026-04-05T13:39:47.561082
2I6B6QSY7AA,Diego Ruzzarin,Conocí al dictador más raro del mundo.,es,Baja,UgzDs7TNNnaqbxumnAt4AaABAg,,0,@ninjagaiden8825,Le van a glasear la rosca a este wey jajajaja,2026-01-06T04:42:44Z,2026-01-06T04:42:44Z,0,0,youtube,2026-04-05T13:39:47.561086
2I6B6QSY7AA,Diego Ruzzarin,Conocí al dictador más raro del mundo.,es,Baja,UgyFW2d4jsQCoznXAjV4AaABAg,,0,@Busta93,Vengo del futuro. Jajajajajaja Diego Ruzzarin fuiste la escort de Maduro jajajaja que bajo eres.,2026-01-06T04:41:55Z,2026-01-06T04:41:55Z,1,0,youtube,2026-04-05T13:39:47.561090
2I6B6QSY7AA,Diego Ruzzarin,Conocí al dictador más raro del mundo.,es,Baja,UgwqhnAxf12OxYHGmVh4AaABAg,,0,@nolbertog,"??????? Eres tan inteligente como tragarte esos cuentos de que la gente lo abraza y le muestra ""cariño"". Ya estas viejo para tragar cuentos.",2026-01-06T04:40:41Z,2026-01-06T04:40:41Z,1,0,youtube,2026-04-05T13:39:47.561095
2I6B6QSY7AA,Diego Ruzzarin,Conocí al dictador más raro del mundo.,es,Baja,UgzY4FF21_hogRUECip4AaABAg,,0,@PabloBa3S,Quedaste 🤡,2026-01-06T04:40:11Z,2026-01-06T04:40:11Z,2,0,youtube,2026-04-05T13:39:47.561099
2I6B6QSY7AA,Diego Ruzzarin,Conocí al dictador más raro del mundo.,es,Baja,UgyccWTgHqyuHcwuABZ4AaABAg,,0,@MetalPredador,Cayo preso tu marido,2026-01-06T04:30:50Z,2026-01-06T04:30:50Z,1,0,youtube,2026-04-05T13:39:47.561103
2I6B6QSY7AA,Diego Ruzzarin,Conocí al dictador más raro del mundo.,es,Baja,UgzrwU_h_8hrv_pKXdB4AaABAg,,0,@Tomas-py5xe,"Vistes todo lo que querían que vieras, por eso te invitaron, te utilizaron como un cachorrito, y si no fue así te pagaron con un billete porque eso que viste solo se ve en el chavismo, como se nota que no has vivido en la clase media, vives en esa burbuja osea es como si te presentarán un dibujo con un paisaje bonito pero atrás está el caos",2026-01-06T03:52:18Z,2026-01-06T03:52:18Z,0,0,youtube,2026-04-05T13:39:47.561107
2I6B6QSY7AA,Diego Ruzzarin,Conocí al dictador más raro del mundo.,es,Baja,UgwljW7rPj_Qs2VhLct4AaABAg,,0,@jesusmanuelvalbuenaportill6059,Cómo se nota que te la das de intelectual y no entiendes un carajo.,2026-01-06T03:08:05Z,2026-01-06T03:08:05Z,6,0,youtube,2026-04-05T13:39:47.561111
2I6B6QSY7AA,Diego Ruzzarin,Conocí al dictador más raro del mundo.,es,Baja,UgwsRKzA4ublZjB3wzd4AaABAg,,0,@ahuertar,La mmda este Dieguito,2026-01-06T02:54:39Z,2026-01-06T02:54:39Z,1,0,youtube,2026-04-05T13:39:47.561115
2I6B6QSY7AA,Diego Ruzzarin,Conocí al dictador más raro del mundo.,es,Baja,Ugx6gkl1-Q0Fd9ZYU9R4AaABAg,,0,@spr4019,Gracias por el contrapeso Diego! Mucho bot por aquí me da,2026-01-06T02:52:03Z,2026-01-06T02:52:03Z,0,0,youtube,2026-04-05T13:39:47.561119
2I6B6QSY7AA,Diego Ruzzarin,Conocí al dictador más raro del mundo.,es,Baja,UgyfO3VInoLLkKQh-Nt4AaABAg,,0,@julioneca,"Este tarado defendiendo a un dictador, cuánto le pagaron?",2026-01-06T02:42:48Z,2026-01-06T02:42:48Z,1,0,youtube,2026-04-05T13:39:47.561123
2I6B6QSY7AA,Diego Ruzzarin,Conocí al dictador más raro del mundo.,es,Baja,Ugxn32nhD-LV4wuouCB4AaABAg,,0,@velizgab,"Funcionaron las billonadas de propaganda que le meten los gringos al odio hacia Maduro y los comentarios lo evidencian. Valiente Diego, el tiempo va dando la razón. Abrazo y abajo el imperialismo.",2026-01-06T01:13:31Z,2026-01-06T01:13:31Z,1,1,youtube,2026-04-05T13:39:47.561127
2I6B6QSY7AA,Diego Ruzzarin,Conocí al dictador más raro del mundo.,es,Baja,Ugxn32nhD-LV4wuouCB4AaABAg.ARc7pMkv9k1ARcQkh6fQHK,Ugxn32nhD-LV4wuouCB4AaABAg,1,@AzaelJVR-or1xx,Ajajaj,2026-01-06T03:58:54Z,2026-01-06T03:58:54Z,2,0,youtube,2026-04-05T13:39:47.561135
2I6B6QSY7AA,Diego Ruzzarin,Conocí al dictador más raro del mundo.,es,Baja,UgzSjTcIjXNaQBJDOhJ4AaABAg,,0,@juanGBS,"Hola, solo vine a burlarme del lameculos de Maduro (Ruzzurdín) pocos días después de que los gringos capturaran al dictador 😂",2026-01-05T23:58:41Z,2026-01-05T23:58:41Z,8,0,youtube,2026-04-05T13:39:47.561140
2I6B6QSY7AA,Diego Ruzzarin,Conocí al dictador más raro del mundo.,es,Baja,Ugx-intwlw_iXvd2Pzp4AaABAg,,0,@sergioojeda3956,Dónde está tu entrevista con el dictador?,2026-01-05T23:56:14Z,2026-01-05T23:56:14Z,6,0,youtube,2026-04-05T13:39:47.561145
2I6B6QSY7AA,Diego Ruzzarin,Conocí al dictador más raro del mundo.,es,Baja,Ugx3MuzzP1ruZ8cb3TR4AaABAg,,0,@YVL555,Brasileño pocos huevos,2026-01-05T23:52:50Z,2026-01-05T23:52:50Z,5,0,youtube,2026-04-05T13:39:47.561150
2I6B6QSY7AA,Diego Ruzzarin,Conocí al dictador más raro del mundo.,es,Baja,UgwcHykq70wSINZ-fTR4AaABAg,,0,@saleedymoreno1703,Visitarás a tu compa en USA🇺🇸 !!!,2026-01-05T23:13:23Z,2026-01-05T23:13:23Z,6,1,youtube,2026-04-05T13:39:47.561154
2I6B6QSY7AA,Diego Ruzzarin,Conocí al dictador más raro del mundo.,es,Baja,UgwcHykq70wSINZ-fTR4AaABAg.ARbv4WjxxsTARcQo7TvVUK,UgwcHykq70wSINZ-fTR4AaABAg,1,@AzaelJVR-or1xx,Si le gusta ir a los casinos.,2026-01-06T03:59:22Z,2026-01-06T03:59:22Z,1,0,youtube,2026-04-05T13:39:47.561159
2I6B6QSY7AA,Diego Ruzzarin,Conocí al dictador más raro del mundo.,es,Baja,Ugz2WDM83ii_jkrYmEt4AaABAg,,0,@Baculaquexxx,"Deberías de tener huevos para desbloquear a Dross, pinche ridículo pocos huevos",2026-01-05T23:03:49Z,2026-01-05T23:03:49Z,6,0,youtube,2026-04-05T13:39:47.561162
2I6B6QSY7AA,Diego Ruzzarin,Conocí al dictador más raro del mundo.,es,Baja,UgxNDH0dx34kjI7PLCF4AaABAg,,0,@ESTILOBIKE,"Diego, por que crees lo que crees?, humildemente tienen que aceptar que está equivocado, esto evitará que siga haciendo el ridículo",2026-01-05T22:25:07Z,2026-01-05T22:25:07Z,3,0,youtube,2026-04-05T13:39:47.561167
2I6B6QSY7AA,Diego Ruzzarin,Conocí al dictador más raro del mundo.,es,Baja,Ugy9L6s7WVbwB4QQV3J4AaABAg,,0,@ipomoeatlitliltzin7397,"Excelente!!
 puras vistas le estan dando al buen Diego; el feliz con su hate. Yo acá sigo viendo desde lejitos como sube  cada dia  su popularidad 😁 bien Diego Ruzzarin, haz tenido razón en todo!",2026-01-05T22:19:20Z,2026-01-05T22:19:20Z,0,0,youtube,2026-04-05T13:39:47.561171
2I6B6QSY7AA,Diego Ruzzarin,Conocí al dictador más raro del mundo.,es,Baja,UgydpdRrugTl1MjiZXd4AaABAg,,0,@vhugomp23,"Tienes razón, al norcoreano le escupen en la calle",2026-01-05T21:39:10Z,2026-01-05T21:39:10Z,0,0,youtube,2026-04-05T13:39:47.561175
2I6B6QSY7AA,Diego Ruzzarin,Conocí al dictador más raro del mundo.,es,Baja,Ugzow40-UZ31K2hYC9h4AaABAg,,0,@mariosanchez6879,Falto este por borrar,2026-01-05T21:29:56Z,2026-01-05T21:29:56Z,4,0,youtube,2026-04-05T13:39:47.561180
2I6B6QSY7AA,Diego Ruzzarin,Conocí al dictador más raro del mundo.,es,Baja,Ugyct-FWD9u0ri0p7mR4AaABAg,,0,@kingdeedee9237,Y este video ha empeorado kek,2026-01-05T21:23:53Z,2026-01-05T21:23:53Z,1,0,youtube,2026-04-05T13:39:47.561184
2I6B6QSY7AA,Diego Ruzzarin,Conocí al dictador más raro del mundo.,es,Baja,Ugy6QUf48shdUEpwlk94AaABAg,,0,@ZetsubouOutlow,Videos que van a seguir envejeciendo muy mal :,2026-01-05T21:15:04Z,2026-01-05T21:15:04Z,2,0,youtube,2026-04-05T13:39:47.561188
2I6B6QSY7AA,Diego Ruzzarin,Conocí al dictador más raro del mundo.,es,Baja,Ugy02uPOKDrYB-6M_sd4AaABAg,,0,@lanebulosageek4409,Ya agarraron al terrorista,2026-01-05T20:54:28Z,2026-01-05T20:54:28Z,2,0,youtube,2026-04-05T13:39:47.561192
2I6B6QSY7AA,Diego Ruzzarin,Conocí al dictador más raro del mundo.,es,Baja,Ugxqg-WN-QxpyZzVRMp4AaABAg,,0,@fideldely5988,"so, no lo borró",2026-01-05T20:13:39Z,2026-01-05T20:13:39Z,2,0,youtube,2026-04-05T13:39:47.561196
2I6B6QSY7AA,Diego Ruzzarin,Conocí al dictador más raro del mundo.,es,Baja,UgwYYDcRSHBUHQXpjEp4AaABAg,,0,@saulhernandez2028,Ruzzarin es lo mas cagante y pendejo que hay en todo internet,2026-01-05T20:11:30Z,2026-01-05T20:11:30Z,4,0,youtube,2026-04-05T13:39:47.561200
2I6B6QSY7AA,Diego Ruzzarin,Conocí al dictador más raro del mundo.,es,Baja,Ugw2jbHdTwiJPaYR7sx4AaABAg,,0,@angelvazquez9644,Dictador escondido,2026-01-05T20:10:30Z,2026-01-05T20:10:30Z,2,0,youtube,2026-04-05T13:39:47.561204
2I6B6QSY7AA,Diego Ruzzarin,Conocí al dictador más raro del mundo.,es,Baja,Ugz-UmKwbeBFeVfMdhB4AaABAg,,0,@alannungaraydev,Te video  falta este de borrar,2026-01-05T20:10:04Z,2026-01-05T20:10:04Z,2,0,youtube,2026-04-05T13:39:47.561208
2I6B6QSY7AA,Diego Ruzzarin,Conocí al dictador más raro del mundo.,es,Baja,UgzdWpd2A3YxvvIdZEZ4AaABAg,,0,@insanedb,Y tus videos con el donde están?,2026-01-05T19:57:26Z,2026-01-05T19:57:26Z,4,0,youtube,2026-04-05T13:39:47.561213
2I6B6QSY7AA,Diego Ruzzarin,Conocí al dictador más raro del mundo.,es,Baja,Ugxen94PMywQKnMzxDx4AaABAg,,0,@lordofmadness1,dejé mi yogurt abierto afuera del refri por 2 semanas y envejeció mucho mejor que este video.,2026-01-05T19:43:04Z,2026-01-05T19:43:04Z,5,0,youtube,2026-04-05T13:39:47.561217
2I6B6QSY7AA,Diego Ruzzarin,Conocí al dictador más raro del mundo.,es,Baja,UgxFLaqjT_gzL3KjTpp4AaABAg,,0,@eveciencia,Y ahora dicen que Ruzzarin borro los vídeos y la chingada pinche derecha y CIA toda meca,2026-01-05T19:30:20Z,2026-01-05T19:30:20Z,2,0,youtube,2026-04-05T13:39:47.561221
2I6B6QSY7AA,Diego Ruzzarin,Conocí al dictador más raro del mundo.,es,Baja,UgyVj0__5n4q5hzV2JN4AaABAg,,0,@jhonjimenez4642,"Bloqueo a Dross jajajaj, estos comunistas son tan estúpidos. 😅",2026-01-05T19:25:23Z,2026-01-05T19:25:42Z,5,0,youtube,2026-04-05T13:39:47.561225
2I6B6QSY7AA,Diego Ruzzarin,Conocí al dictador más raro del mundo.,es,Baja,UgzsjmYvlqqGfbKHvZN4AaABAg,,0,@jossse10,"Pinche cantinflas chairo-rebuscado, estás bien pendejo.",2026-01-05T19:23:20Z,2026-01-05T19:23:20Z,3,0,youtube,2026-04-05T13:39:47.561229
2I6B6QSY7AA,Diego Ruzzarin,Conocí al dictador más raro del mundo.,es,Baja,Ugx6mJUrhXrhbAWETcV4AaABAg,,0,@Chalacotinto,Debes estar llorando,2026-01-05T19:16:20Z,2026-01-05T19:16:20Z,4,0,youtube,2026-04-05T13:39:47.561235
2I6B6QSY7AA,Diego Ruzzarin,Conocí al dictador más raro del mundo.,es,Baja,UgwVBWgk27jJ--YqqIx4AaABAg,,0,@PEPEVICHE87,Uy! Se quedó sin camello! 🤣,2026-01-05T18:52:35Z,2026-01-05T18:52:35Z,5,0,youtube,2026-04-05T13:39:47.561239
2I6B6QSY7AA,Diego Ruzzarin,Conocí al dictador más raro del mundo.,es,Baja,UgxfDOvWPZ42zTgvFhB4AaABAg,,0,@elizar2798,"Otra ves este surdo defendiendo a sus favoritos, pero y ahora que se le llevaron a su financista maduro que va hacer 😂 a quien más le va a besar los pies para que le de algo de dinero.",2026-01-05T18:50:38Z,2026-01-05T18:50:38Z,2,0,youtube,2026-04-05T13:39:47.561243
2I6B6QSY7AA,Diego Ruzzarin,Conocí al dictador más raro del mundo.,es,Baja,UgwvU_PmNiEDHc4N2tx4AaABAg,,0,@YonniMorales-g6u,Y ahora se podrá disimular la realidad también que ya maduro aya sido atrapado??,2026-01-05T18:48:45Z,2026-01-05T18:48:45Z,2,0,youtube,2026-04-05T13:39:47.561247
2I6B6QSY7AA,Diego Ruzzarin,Conocí al dictador más raro del mundo.,es,Baja,Ugw25B1WAl1IVV3TyoN4AaABAg,,0,@hugoperezortiz4433,Payaso,2026-01-05T18:37:36Z,2026-01-05T18:37:36Z,2,0,youtube,2026-04-05T13:39:47.561251
2I6B6QSY7AA,Diego Ruzzarin,Conocí al dictador más raro del mundo.,es,Baja,UgySohXk6ZqkfZ3Iib14AaABAg,,0,@silhernandezh,"Al siguiente que le quitan la VISA será a ti, Ruzzarin",2026-01-05T18:29:23Z,2026-01-05T18:29:23Z,4,0,youtube,2026-04-05T13:39:47.561255
2I6B6QSY7AA,Diego Ruzzarin,Conocí al dictador más raro del mundo.,es,Baja,UgyprB1Rwxzmx9qiJ6F4AaABAg,,0,@codigo.olfativo,"Aquí la opinión de una venezolana, que ha vivido el gobierno que tanto defiendes. Por qué si, es muy bonito blanquear las dictaduras desde tu casa en Mèxico, con todas las comodidades, publicando mierdas desde X con tu iPhone en mano 😅 

https://youtu.be/sni7_gDfKg8?si=ZRkeSHlJFZtQlCKz",2026-01-05T18:13:57Z,2026-01-05T18:13:57Z,1,0,youtube,2026-04-05T13:39:47.561260
2I6B6QSY7AA,Diego Ruzzarin,Conocí al dictador más raro del mundo.,es,Baja,UgzL9oDauHU5-zuB33l4AaABAg,,0,@sergiovd7919,"Para todos criticando a Diego de que el vídeo “envejeció mal”: él siempre da su opinión para que la gente reflexione. En ningún momento ha dicho que “posee la verdad”. Siempre es importante analizar todos los puntos de vista.
Dicho esto, Diego, sí que pienso que a veces pecas de querer ir demasiado en contra de lo que dice la mayoría o lo que “defiende el capitalismo”. Es decir, SIEMPRE vas en contra en vez de recapacitar y pensar que quizás “el otro lado tiene razón”. Hay veces que la mayoría sí que está en la verdad. Te dejo esto para que lo reflexiones.

Además, viendo el podcast, se nota que te aburres hablando con él porque no está a tu altura intelectual. Pero aguantas porque tienes interés en anunciarte en contra del capitalismo. No le corriges cuando se equivoca o dice tonterías….",2026-01-05T17:51:11Z,2026-01-05T19:23:41Z,0,0,youtube,2026-04-05T13:39:47.561264
2I6B6QSY7AA,Diego Ruzzarin,Conocí al dictador más raro del mundo.,es,Baja,Ugw6JkkzV1YIQq98oLN4AaABAg,,0,@Caball_Music,Videos que envejecieron muy mal,2026-01-05T17:45:16Z,2026-01-05T17:45:16Z,2,0,youtube,2026-04-05T13:39:47.561268
2I6B6QSY7AA,Diego Ruzzarin,Conocí al dictador más raro del mundo.,es,Baja,UgyEIKgoMeaEJmXWsg54AaABAg,,0,@lestersalazar-vf2ds,Diego Ruzzarin  ya no tenes como caer muerto jajaj,2026-01-05T17:37:50Z,2026-01-05T17:37:50Z,4,0,youtube,2026-04-05T13:39:47.561272
2I6B6QSY7AA,Diego Ruzzarin,Conocí al dictador más raro del mundo.,es,Baja,UgwwyXyff09iWD2ylpR4AaABAg,,0,@javierbatistabuitrago1895,Le defendió todos esos que le saludaban?,2026-01-05T17:24:28Z,2026-01-05T17:24:28Z,0,0,youtube,2026-04-05T13:39:47.561276
2I6B6QSY7AA,Diego Ruzzarin,Conocí al dictador más raro del mundo.,es,Baja,UgwjBBZAzI7p0TNdl0x4AaABAg,,0,@emmanuelalfredoruizacacio4474,Solo vengo a leer las c#ingaderas jajaja,2026-01-05T16:17:43Z,2026-01-05T16:17:43Z,1,0,youtube,2026-04-05T13:39:47.561280
2I6B6QSY7AA,Diego Ruzzarin,Conocí al dictador más raro del mundo.,es,Baja,UgzescrneBVHT9Ep1jp4AaABAg,,0,@CarlosCaceres-wi8ko,"Jala bola, te pagaron para lavarle la cara a la dictadura latinoamericana más cruel e injusta de la historia, ya veremos que pague por sus delitos e injusticias que hizo por tanto tiempo",2026-01-05T16:15:07Z,2026-01-05T16:15:07Z,1,0,youtube,2026-04-05T13:39:47.561284
2I6B6QSY7AA,Diego Ruzzarin,Conocí al dictador más raro del mundo.,es,Baja,UgxL42HWBYEKGzW-OGd4AaABAg,,0,@Leonardo8166-b5k,Se te olvidó borrar este XDDD.,2026-01-05T15:59:48Z,2026-01-05T15:59:48Z,2,0,youtube,2026-04-05T13:39:47.561288
2I6B6QSY7AA,Diego Ruzzarin,Conocí al dictador más raro del mundo.,es,Baja,UgwyPsvF0kuQQM0roM94AaABAg,,0,@cesargutierrezloredo8279,😂😂😂😂😂,2026-01-05T15:55:21Z,2026-01-05T15:55:21Z,0,0,youtube,2026-04-05T13:39:47.561293
2I6B6QSY7AA,Diego Ruzzarin,Conocí al dictador más raro del mundo.,es,Baja,UgwktQfvjJigMSd7m2B4AaABAg,,0,@vg7638,Vas a caer tu sigues jajaja 🇺🇸🇺🇸🇺🇸,2026-01-05T15:48:48Z,2026-01-05T15:48:48Z,0,0,youtube,2026-04-05T13:39:47.561297
2I6B6QSY7AA,Diego Ruzzarin,Conocí al dictador más raro del mundo.,es,Baja,UgxB6bRro6_jJrnAQtV4AaABAg,,0,@PedroBrito-bk5ju,Conocí al reo más raro del mundo 🤣,2026-01-05T15:43:25Z,2026-01-05T15:43:25Z,4,0,youtube,2026-04-05T13:39:47.561301
2I6B6QSY7AA,Diego Ruzzarin,Conocí al dictador más raro del mundo.,es,Baja,UgwqYeO0eghslfQsXV94AaABAg,,0,@carlostapia3973,Acaban de capturar a tu dictador demócrata! Jajaja 🤣 seguro por buenas costumbres! Jajaja,2026-01-05T15:38:36Z,2026-01-05T15:38:36Z,1,0,youtube,2026-04-05T13:39:47.561305
2I6B6QSY7AA,Diego Ruzzarin,Conocí al dictador más raro del mundo.,es,Baja,UgzNy31SLCmd_yId0lx4AaABAg,,0,@javierarce8940,Eres un chiste Ruzardin😅,2026-01-05T15:18:48Z,2026-01-05T15:18:48Z,2,0,youtube,2026-04-05T13:39:47.561309
2I6B6QSY7AA,Diego Ruzzarin,Conocí al dictador más raro del mundo.,es,Baja,UgxgcVb6Y8D3blqwob94AaABAg,,0,@jorgeescotoolascoaga458,Porque borras tu contenido con Maduro? Lo que se sostiene con las palabras se sostiene con los webos mi estimado,2026-01-05T15:10:57Z,2026-01-05T15:10:57Z,0,0,youtube,2026-04-05T13:39:47.561313
2I6B6QSY7AA,Diego Ruzzarin,Conocí al dictador más raro del mundo.,es,Baja,UgxdM1w8CcnOvbeydOB4AaABAg,,0,@luisly3428,La dialectica de ruzarin es ahora el borrar sus cositas con maduro,2026-01-05T14:58:31Z,2026-01-05T14:58:31Z,0,0,youtube,2026-04-05T13:39:47.561317
2I6B6QSY7AA,Diego Ruzzarin,Conocí al dictador más raro del mundo.,es,Baja,UgwHZ0pt3OaHnDYhPBh4AaABAg,,0,@japwcemcreativo9769,"Ahora que vas a decir jalabolas, te mojaron la mano con dólares.",2026-01-05T14:57:48Z,2026-01-05T14:57:48Z,1,0,youtube,2026-04-05T13:39:47.561321
2I6B6QSY7AA,Diego Ruzzarin,Conocí al dictador más raro del mundo.,es,Baja,UgyAZSGzCxgHWimL_Rd4AaABAg,,0,@juanpablooliveros-zo3qq,este tipo tiene la realidad alterada,2026-01-05T14:52:45Z,2026-01-05T14:52:45Z,0,0,youtube,2026-04-05T13:39:47.561326
2I6B6QSY7AA,Diego Ruzzarin,Conocí al dictador más raro del mundo.,es,Baja,UgyGOfvWJy78QIglLkh4AaABAg,,0,@AraceliCarapiaEstrads,"y ya borraste mucho de tu material con Maduro en redes, mas que vendido eres es obvioooooo que el régimen te pagaba, tu credibilidad al suelo",2026-01-05T14:45:07Z,2026-01-05T14:45:07Z,1,0,youtube,2026-04-05T13:39:47.561330
2I6B6QSY7AA,Diego Ruzzarin,Conocí al dictador más raro del mundo.,es,Baja,Ugw_77S8ToMDfPMI1Cl4AaABAg,,0,@tripulangel,Grande Rucerdin! ahora puedes ir a Visitar a Maduro en NY mas cerca de ti,2026-01-05T14:28:07Z,2026-01-05T14:28:07Z,1,0,youtube,2026-04-05T13:39:47.561335
2I6B6QSY7AA,Diego Ruzzarin,Conocí al dictador más raro del mundo.,es,Baja,Ugzlk71QQ5C0Zg4ClvB4AaABAg,,0,@luisjavierramireztorres8873,Es increíble cómo el adoctrinamiento zurdo puede ser tan grande para blanquear a un idiota narco dictador cómo Maduro.,2026-01-05T14:25:20Z,2026-01-05T14:25:20Z,0,0,youtube,2026-04-05T13:39:47.561339
2I6B6QSY7AA,Diego Ruzzarin,Conocí al dictador más raro del mundo.,es,Baja,Ugw1vM-6y8hPngVSZIl4AaABAg,,0,@marcoshaber1677,"Saca ahora un vídeo entrevistándolo en USA mi Rezurdín, Recerdín el Jr Alucín",2026-01-05T14:18:50Z,2026-01-05T14:18:50Z,1,0,youtube,2026-04-05T13:39:47.561342
2I6B6QSY7AA,Diego Ruzzarin,Conocí al dictador más raro del mundo.,es,Baja,Ugxz4CF29fCk5k2sS2Z4AaABAg,,0,@johnhernandez1802,Ojalá te metan a la cárcel. Lacra,2026-01-05T14:11:19Z,2026-01-05T14:11:19Z,0,0,youtube,2026-04-05T13:39:47.561346
2I6B6QSY7AA,Diego Ruzzarin,Conocí al dictador más raro del mundo.,es,Baja,UgyyysvaJxe15NHhrHR4AaABAg,,0,@RyuzakiBlue1994,"*oye we, te faltó borrar este vídeo. u.u*",2026-01-05T13:54:01Z,2026-01-05T13:54:01Z,0,0,youtube,2026-04-05T13:39:47.561350
2I6B6QSY7AA,Diego Ruzzarin,Conocí al dictador más raro del mundo.,es,Baja,UgyD9WYOfrXFjzXHUGJ4AaABAg,,0,@Rose666omg,Me gustaría ver la cara de Diego ruzzarin después de lo ocurrido el 3 de enero 😂😂,2026-01-05T13:51:29Z,2026-01-05T13:51:29Z,1,0,youtube,2026-04-05T13:39:47.561355
2I6B6QSY7AA,Diego Ruzzarin,Conocí al dictador más raro del mundo.,es,Baja,UgzA9929NcfLk8fkLsh4AaABAg,,0,@MR2023Q,No tiene sangre en la cara,2026-01-05T13:38:24Z,2026-01-05T13:38:24Z,0,0,youtube,2026-04-05T13:39:47.561359
2I6B6QSY7AA,Diego Ruzzarin,Conocí al dictador más raro del mundo.,es,Baja,Ugxq0hjx-IPT89At7_V4AaABAg,,0,@luisvergara134,Jjajjajaaja estupido,2026-01-05T13:30:56Z,2026-01-05T13:30:56Z,1,0,youtube,2026-04-05T13:39:47.561363
2I6B6QSY7AA,Diego Ruzzarin,Conocí al dictador más raro del mundo.,es,Baja,Ugw0Z920MS74wZfMLJF4AaABAg,,0,@colddream556,"unas ganas de darte una cachetada con ese sarcasmo inmaduro, como mierda explicas 4 millones de venezolanos huyendo del pais.",2026-01-05T12:49:16Z,2026-01-05T12:49:16Z,3,1,youtube,2026-04-05T13:39:47.561367
2I6B6QSY7AA,Diego Ruzzarin,Conocí al dictador más raro del mundo.,es,Baja,Ugw0Z920MS74wZfMLJF4AaABAg.ARaneKJGbzSARay3CF4ymD,Ugw0Z920MS74wZfMLJF4AaABAg,1,@DYN_BenderGC,Ya son más de 8 millones xe,2026-01-05T14:20:11Z,2026-01-05T14:20:11Z,0,0,youtube,2026-04-05T13:39:47.561372
2I6B6QSY7AA,Diego Ruzzarin,Conocí al dictador más raro del mundo.,es,Baja,Ugxp05477fnADMng_0d4AaABAg,,0,@xjavier22,"Dile bye a tu Visa, Ruzurdín! 😂",2026-01-05T12:16:27Z,2026-01-05T12:16:27Z,2,0,youtube,2026-04-05T13:39:47.561375
2I6B6QSY7AA,Diego Ruzzarin,Conocí al dictador más raro del mundo.,es,Baja,Ugxhzu9-LmXuv0gtdgN4AaABAg,,0,@TecnoPunky,Que quede en evidencia que este ser apoyo siempre a Maduro.,2026-01-05T12:03:04Z,2026-01-05T12:03:04Z,2,0,youtube,2026-04-05T13:39:47.561379
2I6B6QSY7AA,Diego Ruzzarin,Conocí al dictador más raro del mundo.,es,Baja,UgwzIkF43DA0v3eBWCJ4AaABAg,,0,@juanc.mendozaf.9523,Son matices de dictador ps 💩.,2026-01-05T11:15:13Z,2026-01-05T11:15:13Z,1,0,youtube,2026-04-05T13:39:47.561383
2I6B6QSY7AA,Diego Ruzzarin,Conocí al dictador más raro del mundo.,es,Baja,UgxV66GJNJagUxhRdz94AaABAg,,0,@NancyNúñezOrtiz,"Le recomiendo leer el libro de La franquicia cubana. Una dictadura científica.
Está en Amazon México
Ahí explica lo que le pasó a Venezuela y México. 
Se puede ser ignorante. Pero promover la dictadura que ha matado y desplazado a millones de seres humanos es muy irresponsable sin certezas. O tal vez la tiene y es parte de ella.",2026-01-05T10:56:08Z,2026-01-05T10:56:08Z,1,0,youtube,2026-04-05T13:39:47.561387
2I6B6QSY7AA,Diego Ruzzarin,Conocí al dictador más raro del mundo.,es,Baja,Ugyh_miXYaRFORJ_-UB4AaABAg,,0,@T0MAAC0,Que mal envejeció este video !!!,2026-01-05T10:47:45Z,2026-01-05T10:47:45Z,1,0,youtube,2026-04-05T13:39:47.561392
2I6B6QSY7AA,Diego Ruzzarin,Conocí al dictador más raro del mundo.,es,Baja,Ugwx307htP_kpuOq_8x4AaABAg,,0,@miguelalejandrocabritaalba8488,"Guarden el video para cuando maduro comience a cantar todas la fechorias que cometio, el ultra-comunista blanqueador de dictador ladron diego ruzzarin lo investiguen por que le pago le hizo publicidad al narco y el mismo lo financio para eso",2026-01-05T09:53:23Z,2026-01-05T09:53:23Z,1,1,youtube,2026-04-05T13:39:47.561396
2I6B6QSY7AA,Diego Ruzzarin,Conocí al dictador más raro del mundo.,es,Baja,Ugwx307htP_kpuOq_8x4AaABAg.ARaUX1L0fMKARawGI1QBFK,Ugwx307htP_kpuOq_8x4AaABAg,1,@nocomments-u2i,"Cayó como un Chad, tuvo todo lo que quiso, fue en infierno para muchos y pasará solo unos años porque se entregó y luego voy vivirá tranquilo en Europa. Quien es el demonio de algunas personas es un villano, quien lo fue para millones es un Dios 🔥🔥",2026-01-05T14:04:30Z,2026-01-05T14:04:30Z,0,0,youtube,2026-04-05T13:39:47.561401
2I6B6QSY7AA,Diego Ruzzarin,Conocí al dictador más raro del mundo.,es,Baja,Ugwa15hDefRVjYcGekR4AaABAg,,0,@jesusfuentes4668,"Ya cayó tu ídolo, sigue la 4T, jajaj, llora !!",2026-01-05T07:51:58Z,2026-01-05T07:51:58Z,4,2,youtube,2026-04-05T13:39:47.561405
2I6B6QSY7AA,Diego Ruzzarin,Conocí al dictador más raro del mundo.,es,Baja,Ugwa15hDefRVjYcGekR4AaABAg.ARaGcr0fErPARaNxMGt7bR,Ugwa15hDefRVjYcGekR4AaABAg,1,@emilianorangel4580,"En ningún momento dijo que es su ídolo. En ningún momento se presentan pruebas de que Maduro haya sido un dictador. 

Todo lo que tienen los gringos es robado, por pendejos como tú, la gente se cree cualquier mamada que ve en redes como si fuera la verdad",2026-01-05T08:55:57Z,2026-01-05T08:55:57Z,1,0,youtube,2026-04-05T13:39:47.561409
2I6B6QSY7AA,Diego Ruzzarin,Conocí al dictador más raro del mundo.,es,Baja,Ugwa15hDefRVjYcGekR4AaABAg.ARaGcr0fErPARawHegixTl,Ugwa15hDefRVjYcGekR4AaABAg,1,@nocomments-u2i,"Cayó como un Chad, tuvo todo lo que quiso, fue en infierno para muchos y pasará solo unos años porque se entregó y luego voy vivirá tranquilo en Europa. Quien es el demonio de algunas personas es un villano, quien lo fue para millones es un Dios 🔥🔥",2026-01-05T14:04:41Z,2026-01-05T14:04:41Z,0,0,youtube,2026-04-05T13:39:47.561412
2I6B6QSY7AA,Diego Ruzzarin,Conocí al dictador más raro del mundo.,es,Baja,UgxiPgpVMcE7ohEd1Ll4AaABAg,,0,@adrianvv1740,Neta????? Este vato lo tenia como un persona culta estudiada y me voy dando cuenta que Maduro es su ídolo 😅.,2026-01-05T07:14:37Z,2026-01-05T07:14:37Z,4,1,youtube,2026-04-05T13:39:47.561416
2I6B6QSY7AA,Diego Ruzzarin,Conocí al dictador más raro del mundo.,es,Baja,UgxiPgpVMcE7ohEd1Ll4AaABAg.ARaCMCJGt7VARaOCWQlJNg,UgxiPgpVMcE7ohEd1Ll4AaABAg,1,@emilianorangel4580,"En ningún momento menciona que es su ídolo. Simplemente fué con él. 

Los gringos pagan para hacer creer a la gente lo que sea con tal de justificar la invasión a un país",2026-01-05T08:58:09Z,2026-01-05T08:58:09Z,0,0,youtube,2026-04-05T13:39:47.561420
2I6B6QSY7AA,Diego Ruzzarin,Conocí al dictador más raro del mundo.,es,Baja,UgyDFkZPD64gfwWgObR4AaABAg,,0,@gabrielsevilla132,compare por que borrasate todo el contenido de tu idolo? todavía tienes Visa?,2026-01-05T06:59:47Z,2026-01-05T06:59:47Z,4,1,youtube,2026-04-05T13:39:47.561424
2I6B6QSY7AA,Diego Ruzzarin,Conocí al dictador más raro del mundo.,es,Baja,UgyDFkZPD64gfwWgObR4AaABAg.ARaAecKJau1ARawKB9d5Kb,UgyDFkZPD64gfwWgObR4AaABAg,1,@nocomments-u2i,Que ves aquí?,2026-01-05T14:05:02Z,2026-01-05T14:05:02Z,1,0,youtube,2026-04-05T13:39:47.561428
2I6B6QSY7AA,Diego Ruzzarin,Conocí al dictador más raro del mundo.,es,Baja,UgyqZZ-8OwB2E_LG37Z4AaABAg,,0,@antoniozamora7415,"Yo solo veo dos cosas:

1.- Tienes el síndrome de Estocolmo. 
2.- Eres un simple comunista romántico clase turista. 

Vete a vivir a Venezuela 🇻🇪 mínimo un año con las mismas condiciones en las que vive un venezolano día a día, y luego nos cuentas en tu podcast la bella y pintoresca experiencia de vivir en un país con dictadura autoritaria.",2026-01-05T06:53:02Z,2026-01-05T06:53:02Z,3,0,youtube,2026-04-05T13:39:47.561432
2I6B6QSY7AA,Diego Ruzzarin,Conocí al dictador más raro del mundo.,es,Baja,UgxJ8XJtGnGkeDNTJrZ4AaABAg,,0,@heyNaOj,"Vaya vaya, ""yjho dhe thu pfuta mdr""",2026-01-05T06:50:24Z,2026-01-05T06:50:24Z,0,0,youtube,2026-04-05T13:39:47.561436
2I6B6QSY7AA,Diego Ruzzarin,Conocí al dictador más raro del mundo.,es,Baja,UgwsR9r658x7_vNjCAF4AaABAg,,0,@anthonyramirez9394,Descárguenlo antes de que este payaso lo borre 🤡,2026-01-05T06:40:30Z,2026-01-05T06:40:59Z,3,3,youtube,2026-04-05T13:39:47.561439
2I6B6QSY7AA,Diego Ruzzarin,Conocí al dictador más raro del mundo.,es,Baja,UgwsR9r658x7_vNjCAF4AaABAg.ARa8SQsj6y4ARaDL0hWYiC,UgwsR9r658x7_vNjCAF4AaABAg,1,@adonispalacios262,Yaaa !!!!,2026-01-05T07:23:11Z,2026-01-05T07:23:11Z,0,0,youtube,2026-04-05T13:39:47.561443
2I6B6QSY7AA,Diego Ruzzarin,Conocí al dictador más raro del mundo.,es,Baja,UgwsR9r658x7_vNjCAF4AaABAg.ARa8SQsj6y4ARaOJ_r8Nx6,UgwsR9r658x7_vNjCAF4AaABAg,1,@emilianorangel4580,"No lo va a borrar xdd

Por qué lo haría si tiene razón?",2026-01-05T08:59:07Z,2026-01-05T08:59:07Z,0,0,youtube,2026-04-05T13:39:47.561448
2I6B6QSY7AA,Diego Ruzzarin,Conocí al dictador más raro del mundo.,es,Baja,UgwsR9r658x7_vNjCAF4AaABAg.ARa8SQsj6y4ARaR9pjb19A,UgwsR9r658x7_vNjCAF4AaABAg,1,@anthonyramirez9394,"​@emilianorangel4580 Claro, 7.9 millones de venezolanos salieron del país por simple turismo. 🤦",2026-01-05T09:24:00Z,2026-01-05T09:26:47Z,0,0,youtube,2026-04-05T13:39:47.561452
2I6B6QSY7AA,Diego Ruzzarin,Conocí al dictador más raro del mundo.,es,Baja,Ugxu4wfOBvHipFs47-h4AaABAg,,0,@realgolazo,Este tipo es un verdadero Payaso 🤡,2026-01-05T06:25:27Z,2026-01-05T06:25:27Z,2,0,youtube,2026-04-05T13:39:47.561455
2I6B6QSY7AA,Diego Ruzzarin,Conocí al dictador más raro del mundo.,es,Baja,UgwgLHb8uK7FirRQE1N4AaABAg,,0,@lepablu,Vengo a burlarme,2026-01-05T06:14:28Z,2026-01-05T06:14:28Z,1,0,youtube,2026-04-05T13:39:47.561459
2I6B6QSY7AA,Diego Ruzzarin,Conocí al dictador más raro del mundo.,es,Baja,Ugw38lVE-bsKBNL1uWp4AaABAg,,0,@rodrigolarios8149,"Comunista de san Pedro garza García con IPHONE 👌 eres una belleza! Esos que defiendes, traen la misma calle que tú: ""nada""; revolucionario de podcast!!!",2026-01-05T06:12:37Z,2026-01-05T06:12:37Z,3,2,youtube,2026-04-05T13:39:47.561463
2I6B6QSY7AA,Diego Ruzzarin,Conocí al dictador más raro del mundo.,es,Baja,Ugw38lVE-bsKBNL1uWp4AaABAg.ARa5GBcqcRsARaOSDGSIm5,Ugw38lVE-bsKBNL1uWp4AaABAg,1,@emilianorangel4580,Y tú estás comentando desde tu cómoda casa muy seguramente sin haber pisado Venezuela ni leer toda la información disponible para saber si es real lo que te vendieron las redes. Que listo eres 🎉🎉,2026-01-05T09:00:17Z,2026-01-05T09:00:17Z,0,0,youtube,2026-04-05T13:39:47.561467
2I6B6QSY7AA,Diego Ruzzarin,Conocí al dictador más raro del mundo.,es,Baja,Ugw38lVE-bsKBNL1uWp4AaABAg.ARa5GBcqcRsAReMGfWCbly,Ugw38lVE-bsKBNL1uWp4AaABAg,1,@rodrigolarios8149,"​​@emilianorangel4580😂no sé por qué metes a Venezuela si yo no dije nada de de ella😂😂 pero gracias, sí me considero lo suficientemente listo para entender, por lo menos, el contexto de un comentario 😅😂👍",2026-01-06T21:58:13Z,2026-01-06T22:07:22Z,0,0,youtube,2026-04-05T13:39:47.561471
2I6B6QSY7AA,Diego Ruzzarin,Conocí al dictador más raro del mundo.,es,Baja,UgzIg-9Bk4tza7OPzKR4AaABAg,,0,@outfield257,Lástima que aquí no se puede etiquetar al departamento de inmigración de USA,2026-01-05T06:10:09Z,2026-01-05T06:10:09Z,0,0,youtube,2026-04-05T13:39:47.561474
2I6B6QSY7AA,Diego Ruzzarin,Conocí al dictador más raro del mundo.,es,Baja,Ugz1sCFrxjZL8kXLOeF4AaABAg,,0,@MArio-ku9kw,"Te pasaste de pendejo. O sea, estás diciendo que el pendejete de Maduro te llevó a su país y caíste redondito en el show que armó????? Te pensaba más inteligente cuando te ví con el pendejo del máster Muñoz. Pero veo q los 3 (incluyendo a Maduro), no valen madre.",2026-01-05T06:03:30Z,2026-01-05T06:03:30Z,2,0,youtube,2026-04-05T13:39:47.561478
2I6B6QSY7AA,Diego Ruzzarin,Conocí al dictador más raro del mundo.,es,Baja,Ugwm58SleJS64GD3uYR4AaABAg,,0,@oscarjaviermartinezmontiel5663,"Pregúntele por qué cre lo que cre. 
Viva Venezuela libre!!",2026-01-05T05:53:13Z,2026-01-05T05:53:13Z,1,0,youtube,2026-04-05T13:39:47.561482
2I6B6QSY7AA,Diego Ruzzarin,Conocí al dictador más raro del mundo.,es,Baja,UgzwvnBR1ulx-piNzaN4AaABAg,,0,@F1runs90,"Que descaro Ruzzarin, se nota luego luego que sabes que todo lo que dijiste era una mamada. Es una falta de respeto a tu audiencia, nos tomas de tontos.",2026-01-05T05:49:24Z,2026-01-05T05:49:24Z,3,0,youtube,2026-04-05T13:39:47.561486
2I6B6QSY7AA,Diego Ruzzarin,Conocí al dictador más raro del mundo.,es,Baja,Ugx1OiN90iyPdNN9Uxt4AaABAg,,0,@fabriayala2358,Le creo a Diego o a los miles de venezolanos exiliados por todo el mundo,2026-01-05T05:45:38Z,2026-01-05T05:45:38Z,4,0,youtube,2026-04-05T13:39:47.561490
2I6B6QSY7AA,Diego Ruzzarin,Conocí al dictador más raro del mundo.,es,Baja,UgyWFAclEhwvsUgG1Yt4AaABAg,,0,@CG-sp7tg,"P E N D E J O  resumido en Cuba también hacen campaña, Nicaragua, y todos lo adoran si no te matan , nadie va hablar mal de ellos,,  por eso te repito eres pendejo o te haces. Y la gente que te sigue dicen es un tipo muy culto, sabe mucho 😂😂",2026-01-05T05:33:36Z,2026-01-05T05:33:36Z,1,0,youtube,2026-04-05T13:39:47.561494
2I6B6QSY7AA,Diego Ruzzarin,Conocí al dictador más raro del mundo.,es,Baja,UgyF_9Jcwnc29STk2xR4AaABAg,,0,@waylonbell8551,"Oficialmente este tipo apoyo a un terrorista, ver como la gente de Venezuela celebró la captura de ese tipo y ver como tiraron estatuas contradicen todo lo que dijo",2026-01-05T05:01:43Z,2026-01-05T05:01:43Z,2,0,youtube,2026-04-05T13:39:47.561498
2I6B6QSY7AA,Diego Ruzzarin,Conocí al dictador más raro del mundo.,es,Baja,UgyzbmlPx3MGWk3bjQV4AaABAg,,0,@monsemujica2805,Eres un maldito chiste 😂😂😂😂😂😂😂😂😂,2026-01-05T04:51:18Z,2026-01-05T04:51:18Z,2,0,youtube,2026-04-05T13:39:47.561502
2I6B6QSY7AA,Diego Ruzzarin,Conocí al dictador más raro del mundo.,es,Baja,UgyB2Qxbs2hkTbeUtwJ4AaABAg,,0,@aeos4370,No hay que llegar con vergüenza al futuro,2026-01-05T04:49:22Z,2026-01-05T04:49:22Z,0,0,youtube,2026-04-05T13:39:47.561506
2I6B6QSY7AA,Diego Ruzzarin,Conocí al dictador más raro del mundo.,es,Baja,Ugxdqo_Te7WmhUgRd7l4AaABAg,,0,@reylagarto2908,En la nómina de la tiranía,2026-01-05T04:38:42Z,2026-01-05T04:38:42Z,5,0,youtube,2026-04-05T13:39:48.400247
2I6B6QSY7AA,Diego Ruzzarin,Conocí al dictador más raro del mundo.,es,Baja,Ugy-85FIg08r1e2v7d14AaABAg,,0,@pedrogamboa8934,Hasta los líderes de los cárteles de droga andan abrazando gente y regalan juguetes en Navidad.,2026-01-05T04:30:39Z,2026-01-05T04:30:39Z,1,0,youtube,2026-04-05T13:39:48.400267
2I6B6QSY7AA,Diego Ruzzarin,Conocí al dictador más raro del mundo.,es,Baja,Ugwp4DLA523rBrhQPhl4AaABAg,,0,@hermestri4593,Adivina a quien van a tener en una lista de investigacion?,2026-01-05T04:29:53Z,2026-01-05T04:29:53Z,1,0,youtube,2026-04-05T13:39:48.400272
2I6B6QSY7AA,Diego Ruzzarin,Conocí al dictador más raro del mundo.,es,Baja,UgxJ5Wl8buZYLxsQ7pp4AaABAg,,0,@gaxadov,Deberías de tener vergüenza y el valor de disculparte en público por hacer este teatro para maduro....,2026-01-05T04:18:32Z,2026-01-05T04:18:32Z,3,0,youtube,2026-04-05T13:39:48.400277
2I6B6QSY7AA,Diego Ruzzarin,Conocí al dictador más raro del mundo.,es,Baja,Ugzba3MdrIHR6ILpGix4AaABAg,,0,@azaelfast2433,Deberías ir a visitarlo!,2026-01-05T04:17:56Z,2026-01-05T04:17:56Z,4,0,youtube,2026-04-05T13:39:48.400282
2I6B6QSY7AA,Diego Ruzzarin,Conocí al dictador más raro del mundo.,es,Baja,UgwfEDCA9PzRLAQFn9F4AaABAg,,0,@Fenrier52,manden este video a todos los venenzolanos que conozcan y que escriban en los comentarios que opinan,2026-01-05T04:03:34Z,2026-01-05T04:03:34Z,1,0,youtube,2026-04-05T13:39:48.400286
2I6B6QSY7AA,Diego Ruzzarin,Conocí al dictador más raro del mundo.,es,Baja,Ugxm_d6PfIpCR-tU59N4AaABAg,,0,@AlexisAbayo,https://youtube.com/watch?v=ax9TtXQkMwY&si=EH_g228y-ITIjNSK,2026-01-05T03:58:58Z,2026-01-05T03:58:58Z,0,0,youtube,2026-04-05T13:39:48.400291
2I6B6QSY7AA,Diego Ruzzarin,Conocí al dictador más raro del mundo.,es,Baja,UgyHkcOxKP0ZIVZCNAt4AaABAg,,0,@valentinroman7619,Pues al “RARITO” de tu Presidente ya están por condenarlo 😂,2026-01-05T03:41:24Z,2026-01-05T03:41:24Z,1,0,youtube,2026-04-05T13:39:48.400296
2I6B6QSY7AA,Diego Ruzzarin,Conocí al dictador más raro del mundo.,es,Baja,UgytrJG7967jC9Soem54AaABAg,,0,@alexisecuaciones,Vengo del Futuro y el novio de ruzarin este vendido por unos dólares con sangre 🩸 ..😂 para publicar que los Renyer de la delta Fords estadounidenses capturaron al nefasto corrupto y dictador narcoterrorista del maduro que lo agarraron en calzones 😂 mientras se escondía abajo de la cama 😂 el cobarde ..libre Venezuela 🇺🇸,2026-01-05T03:38:59Z,2026-01-05T03:38:59Z,1,0,youtube,2026-04-05T13:39:48.400301
2I6B6QSY7AA,Diego Ruzzarin,Conocí al dictador más raro del mundo.,es,Baja,UgwnMdnzU0aCOrIi1XZ4AaABAg,,0,@CIMABIENES,Que pasó mi todo tibio,2026-01-05T03:21:48Z,2026-01-05T03:21:48Z,0,0,youtube,2026-04-05T13:39:48.400305
2I6B6QSY7AA,Diego Ruzzarin,Conocí al dictador más raro del mundo.,es,Baja,UgygVy-Xw4FLlZbEq0d4AaABAg,,0,@Samuraiovejasblancas,Que manera de hablar estupideces! Porque borras lo que borras Diego ? Caerás con maduro te paso dinero 💴 EEUU 🇺🇸 lo sabe irás a prisión!!,2026-01-05T03:19:20Z,2026-01-05T03:19:20Z,1,0,youtube,2026-04-05T13:39:48.400310
2I6B6QSY7AA,Diego Ruzzarin,Conocí al dictador más raro del mundo.,es,Baja,UgyC_-_6sgj3X9nzPkR4AaABAg,,0,@soto_realestate,Aún tendrá VISA Diego ? 😅,2026-01-05T03:15:23Z,2026-01-05T03:15:23Z,1,0,youtube,2026-04-05T13:39:48.400314
2I6B6QSY7AA,Diego Ruzzarin,Conocí al dictador más raro del mundo.,es,Baja,UgwmUuIt7s2ZfHprrv54AaABAg,,0,@LeynnSZ,“Para eso son las elecciones” JAAJAJAJAJAJA menudo imbecil el ruzzarin,2026-01-05T03:10:13Z,2026-01-05T03:10:13Z,2,0,youtube,2026-04-05T13:39:48.400319
2I6B6QSY7AA,Diego Ruzzarin,Conocí al dictador más raro del mundo.,es,Baja,UgzIePuCCAWFrG7vhTh4AaABAg,,0,@gabomoreno4367,Cayooooo MADUROOOOOOOO 🗣️🗣️🗣️🗣️🗣️ mañana lo enjuician 🎉🎉🎉🎉🎉,2026-01-05T03:05:37Z,2026-01-05T03:05:37Z,0,0,youtube,2026-04-05T13:39:48.400324
2I6B6QSY7AA,Diego Ruzzarin,Conocí al dictador más raro del mundo.,es,Baja,Ugw6tUI845GmxfRjLot4AaABAg,,0,@rodrigocastanedacano9876,Jajajaja pinche lame huevos 😂,2026-01-05T03:04:54Z,2026-01-05T03:04:54Z,2,0,youtube,2026-04-05T13:39:48.400328
2I6B6QSY7AA,Diego Ruzzarin,Conocí al dictador más raro del mundo.,es,Baja,UgxpMeGap-iPF6nCtBx4AaABAg,,0,@Gerardo_R_M,"Jajajajaja todo puñetas, cómo estarás ahora que ni tú te aguantas tu narcisismo, che vato arrogante",2026-01-05T02:52:46Z,2026-01-05T02:52:46Z,2,0,youtube,2026-04-05T13:39:48.400333
2I6B6QSY7AA,Diego Ruzzarin,Conocí al dictador más raro del mundo.,es,Baja,Ugz8NNx31D5QVK2xehZ4AaABAg,,0,@thegame6668,Comedia pura,2026-01-05T02:44:31Z,2026-01-05T02:44:31Z,0,0,youtube,2026-04-05T13:39:48.400341
2I6B6QSY7AA,Diego Ruzzarin,Conocí al dictador más raro del mundo.,es,Baja,UgydFft-qfJ-Vv7ocVt4AaABAg,,0,@JM-kx1sl,Que vendido,2026-01-05T02:18:35Z,2026-01-05T02:18:35Z,0,0,youtube,2026-04-05T13:39:48.400346
2I6B6QSY7AA,Diego Ruzzarin,Conocí al dictador más raro del mundo.,es,Baja,UgzUEJ9KnS9U7rX7rnJ4AaABAg,,0,@systemademos,este video envejeció fatal loco menos mal,2026-01-05T02:00:29Z,2026-01-05T02:00:29Z,1,0,youtube,2026-04-05T13:39:48.400350
2I6B6QSY7AA,Diego Ruzzarin,Conocí al dictador más raro del mundo.,es,Baja,UgzEGPIrY-Q_Sng1Jyp4AaABAg,,0,@FranciscoSilva-c9k,"@DiegoRuzzarin como le dijiste a Carlos Muñoz, ""no sabes lo que hablas"" y si fuiste de turista mucho menos debes opinar sobre Venezuela, tu no has vivido allá, así que tus puntos son totalmente absurdo y ridículos. Cuando vivas allá, puedes opinar, de resto, no digas ni la palabra VENEZUELA. Eres un pobre ridículo.",2026-01-05T01:54:41Z,2026-01-05T01:55:20Z,1,0,youtube,2026-04-05T13:39:48.400355
2I6B6QSY7AA,Diego Ruzzarin,Conocí al dictador más raro del mundo.,es,Baja,Ugy2sPaCyphfTMPXHbp4AaABAg,,0,@chuybriflo,Pobre pendejo jajaja,2026-01-05T01:54:38Z,2026-01-05T01:54:38Z,1,0,youtube,2026-04-05T13:39:48.400360
2I6B6QSY7AA,Diego Ruzzarin,Conocí al dictador más raro del mundo.,es,Baja,UgwhOKHwrZl68A70mr14AaABAg,,0,@joeldrummer81,"Estás muy involucrado con Maduro, tal vez Estados Unidos debería de hacerte algunas preguntas no crees?",2026-01-05T01:54:14Z,2026-01-05T01:54:14Z,1,0,youtube,2026-04-05T13:39:48.400364
2I6B6QSY7AA,Diego Ruzzarin,Conocí al dictador más raro del mundo.,es,Baja,UgzMdqs_SrXgE2655cN4AaABAg,,0,@ismaelfigueroa973,Hola  alguien del 4 enero del 2026?,2026-01-05T01:53:09Z,2026-02-14T05:10:15Z,0,0,youtube,2026-04-05T13:39:48.400369
2I6B6QSY7AA,Diego Ruzzarin,Conocí al dictador más raro del mundo.,es,Baja,UgycOlV4U-EmnYCf4aB4AaABAg,,0,@satyrmxli,MAM4SEL4 !!!,2026-01-05T01:51:59Z,2026-01-05T01:51:59Z,0,0,youtube,2026-04-05T13:39:48.400373
2I6B6QSY7AA,Diego Ruzzarin,Conocí al dictador más raro del mundo.,es,Baja,UgxCwY15OBZKu4ND3_54AaABAg,,0,@VIKTOROPJ,a este tambien le debe caer su respectiva cítica,2026-01-05T01:43:05Z,2026-01-05T01:43:05Z,0,0,youtube,2026-04-05T13:39:48.400378
2I6B6QSY7AA,Diego Ruzzarin,Conocí al dictador más raro del mundo.,es,Baja,UgyJS8Gdf9Gv_qBSUuV4AaABAg,,0,@joshutech,jajjajajajajajaja igual solo vine a burlarme del ruchairin,2026-01-05T01:38:59Z,2026-01-05T01:38:59Z,1,0,youtube,2026-04-05T13:39:48.400382
2I6B6QSY7AA,Diego Ruzzarin,Conocí al dictador más raro del mundo.,es,Baja,UgzXS_SUAdGLFIpCUuV4AaABAg,,0,@jeremiasloyola1540,"Allí está tu querido dictador que llevó a la ruina a Venezuela: en un calabozo de Estados Unidos. Ahora te toca alabar a Rodríguez, Cabello y Padrino😊",2026-01-05T01:38:01Z,2026-01-05T01:38:01Z,0,0,youtube,2026-04-05T13:39:48.400387
2I6B6QSY7AA,Diego Ruzzarin,Conocí al dictador más raro del mundo.,es,Baja,Ugx96ycUdLuNqoRpULx4AaABAg,,0,@alilu2355,Los burros de Facebook se creen todo,2026-01-05T01:36:21Z,2026-01-05T01:36:32Z,0,0,youtube,2026-04-05T13:39:48.400392
2I6B6QSY7AA,Diego Ruzzarin,Conocí al dictador más raro del mundo.,es,Baja,Ugxqy9mS5ZTHxtGA5mF4AaABAg,,0,@cxscsxcfr4669,Borras tus videos patetico comunista😂,2026-01-05T01:34:50Z,2026-01-05T01:34:50Z,0,0,youtube,2026-04-05T13:39:48.400397
2I6B6QSY7AA,Diego Ruzzarin,Conocí al dictador más raro del mundo.,es,Baja,UgzpSBiURgnjniVAVZl4AaABAg,,0,@tux_ad,"Antes, cuando te escuchaba te respetaba, pero ahora veo que solo eres un engrane más del sistema que dices reprochar, porque obviamente haces todo por dinero. ¿Qué tan idiota crees que es la gente para no saber que los que se acercan a Maburro son personas contratadas o forzadas de alguna manera, o que la supuesta campaña de ese animal era solo teatro?
Pasaste de ""filósofo barato"" (porque ni tu hermano te entiende) a un burro vendido, y repito, lo peor es que crees que la gente es idiota para comprar tu verborrea barata y satírica. Eres igual o más absurdo que Carlos Muñoz.",2026-01-05T01:30:36Z,2026-01-05T01:30:36Z,0,0,youtube,2026-04-05T13:39:48.400401
2I6B6QSY7AA,Diego Ruzzarin,Conocí al dictador más raro del mundo.,es,Baja,UgxU1k1UwUtoOKsqxB94AaABAg,,0,@DarkLeibniz,Capturaron al dictador más raro del mundo. Vamos a ver si sigues teniendo tu video de propaganda puesto.,2026-01-05T01:23:41Z,2026-01-05T01:23:41Z,1,0,youtube,2026-04-05T13:39:48.400405
2I6B6QSY7AA,Diego Ruzzarin,Conocí al dictador más raro del mundo.,es,Baja,Ugyc_plsVeACvBm1nIl4AaABAg,,0,@javymirandag.6353,Todos Sabemos Que le Pagaron bien por eso,2026-01-05T01:11:19Z,2026-01-05T01:11:19Z,0,0,youtube,2026-04-05T13:39:48.400410
2I6B6QSY7AA,Diego Ruzzarin,Conocí al dictador más raro del mundo.,es,Baja,UgzSciwXf4JvaIX1NPB4AaABAg,,0,@DanielCaladero,Todo tiene un precio mi Diego se me fue un ídolo,2026-01-05T01:05:03Z,2026-01-05T01:05:03Z,0,0,youtube,2026-04-05T13:39:48.400414
2I6B6QSY7AA,Diego Ruzzarin,Conocí al dictador más raro del mundo.,es,Baja,UgzCkFqW6um_zQwvT6B4AaABAg,,0,@RamboXDesign,usa is coming for you too 😂,2026-01-05T01:04:25Z,2026-01-05T01:04:25Z,0,0,youtube,2026-04-05T13:39:48.400419
2I6B6QSY7AA,Diego Ruzzarin,Conocí al dictador más raro del mundo.,es,Baja,Ugx_H1qHsB3BXoMhV9x4AaABAg,,0,@russoman708,Te falto eliminar este,2026-01-05T01:03:49Z,2026-01-05T01:03:49Z,1,0,youtube,2026-04-05T13:39:48.400423
2I6B6QSY7AA,Diego Ruzzarin,Conocí al dictador más raro del mundo.,es,Baja,UgxW6GqwJ-dnIENULkd4AaABAg,,0,@fabiogomez870,Solo vine a leer los comentarios..😂😂😂,2026-01-05T01:03:17Z,2026-01-05T01:03:17Z,0,0,youtube,2026-04-05T13:39:48.400428
2I6B6QSY7AA,Diego Ruzzarin,Conocí al dictador más raro del mundo.,es,Baja,UgxQEwb9hVuT8iKjZZ54AaABAg,,0,@almendravaldez705,Ojalá te lleven a ti también por mentiroso y por propagandista de un dictador.,2026-01-05T00:56:29Z,2026-01-05T00:56:29Z,0,0,youtube,2026-04-05T13:39:48.400432
2I6B6QSY7AA,Diego Ruzzarin,Conocí al dictador más raro del mundo.,es,Baja,Ugxxfwvi7rUR9JW4m0F4AaABAg,,0,@davidrios7397,Se te olvidó borrar este!! 😂😂,2026-01-05T00:29:42Z,2026-01-05T00:29:42Z,4,0,youtube,2026-04-05T13:39:48.400436
2I6B6QSY7AA,Diego Ruzzarin,Conocí al dictador más raro del mundo.,es,Baja,UgyjDRRA2mKVR3a2DsF4AaABAg,,0,@nalcow,Haz perdido toda credibilidad.,2026-01-05T00:28:04Z,2026-01-05T00:28:04Z,3,0,youtube,2026-04-05T13:39:48.400441
2I6B6QSY7AA,Diego Ruzzarin,Conocí al dictador más raro del mundo.,es,Baja,UgxrHQBBZh2xEIQsTc54AaABAg,,0,@joseflores-ks8zl,Defender lo indefendible,2026-01-05T00:12:13Z,2026-01-05T00:12:13Z,1,0,youtube,2026-04-05T13:39:48.400445
2I6B6QSY7AA,Diego Ruzzarin,Conocí al dictador más raro del mundo.,es,Baja,UgwKoBEgvGe8socCEj94AaABAg,,0,@danielveliz6505,"Te van a meter preso, por propagandista jajaja",2026-01-04T23:37:27Z,2026-01-04T23:37:27Z,0,0,youtube,2026-04-05T13:39:48.400449
2I6B6QSY7AA,Diego Ruzzarin,Conocí al dictador más raro del mundo.,es,Baja,Ugw0f97z82smUZ7tDYl4AaABAg,,0,@fabianposadalaotramitad2723,Dale la polalla,2026-01-04T23:27:43Z,2026-01-04T23:27:43Z,0,0,youtube,2026-04-05T13:39:48.400453
2I6B6QSY7AA,Diego Ruzzarin,Conocí al dictador más raro del mundo.,es,Baja,Ugz1NzjK4kZpsP8bxzB4AaABAg,,0,@MiguelRierar,"Diablos de Yare, lloré al oírte decir diablos de Yoré",2026-01-04T23:26:49Z,2026-01-04T23:26:49Z,0,0,youtube,2026-04-05T13:39:48.400457
2I6B6QSY7AA,Diego Ruzzarin,Conocí al dictador más raro del mundo.,es,Baja,UgwzcaTNjnqW8fbxpa94AaABAg,,0,@MiguelRierar,Dónde está el capítulo??? Ahora que está preso quisiera verlo 😂,2026-01-04T23:26:04Z,2026-01-04T23:26:04Z,1,0,youtube,2026-04-05T13:39:48.400461
2I6B6QSY7AA,Diego Ruzzarin,Conocí al dictador más raro del mundo.,es,Baja,UgxiVR7S6UesuLwZRbp4AaABAg,,0,@braulioduran7226,"""un dictador no hace campaña ni busca votos"" 
Y de qué sirve que haya supuesta democracia si al final todas las elecciones donde ganó fueron trucadas y la oposicion intimidada. 
Eso es lo que hace un dictador que te quiere hacer creer que existe democracia. 
Me parece muy ingenuo tu argumento siendo que la gente te llama ""inteligente""",2026-01-04T23:15:14Z,2026-01-04T23:15:14Z,1,0,youtube,2026-04-05T13:39:48.400465
2I6B6QSY7AA,Diego Ruzzarin,Conocí al dictador más raro del mundo.,es,Baja,Ugxlxd-4KtV3zvYlZNJ4AaABAg,,0,@cardenasr.2898,Cambia el título al recluso más raro del mundo,2026-01-04T23:12:09Z,2026-01-04T23:12:09Z,3,0,youtube,2026-04-05T13:39:48.400469
2I6B6QSY7AA,Diego Ruzzarin,Conocí al dictador más raro del mundo.,es,Baja,UgxggxQ4hR5r7vf5u_F4AaABAg,,0,@melodicomar,Cadena de oración para que también Ruzzaolín sea arrestado y llevado a juicio. 🎉😂 2026 pinta bien.,2026-01-04T23:11:55Z,2026-01-04T23:11:55Z,5,0,youtube,2026-04-05T13:39:48.400473
2I6B6QSY7AA,Diego Ruzzarin,Conocí al dictador más raro del mundo.,es,Baja,UgxLBHmgSu-ya_RIzKB4AaABAg,,0,@jhonatangerman1220,Cerdo asqueroso zurdo,2026-01-04T23:10:14Z,2026-01-04T23:10:14Z,3,0,youtube,2026-04-05T13:39:48.400477
2I6B6QSY7AA,Diego Ruzzarin,Conocí al dictador más raro del mundo.,es,Baja,Ugxl0rP1xatDiBVW4_B4AaABAg,,0,@negritogonzalez5128,😂🤣😂🤣😂🤣😂🤣 solo te engañas amigo yo tengo Amigos de Venezuela 🇻🇪 y ablan muy mal de maduro y ojo 👁️ soy parcial pero cada venezolano que conozco le ago la pregunta de maduro,2026-01-04T22:52:28Z,2026-01-04T22:52:28Z,1,0,youtube,2026-04-05T13:39:48.400482
2I6B6QSY7AA,Diego Ruzzarin,Conocí al dictador más raro del mundo.,es,Baja,Ugw1PPpLOSDk_jVHf0N4AaABAg,,0,@afrodomo666,"Más bien eres pendejo carnal para tu disque conocimiento histórico y no saber lo que es un dictador que miente y mata,si eres de los cree a un político y eso que viajas y lees no mames dime un dictador bueno en la historia del mundo.",2026-01-04T22:28:56Z,2026-01-04T22:28:56Z,3,0,youtube,2026-04-05T13:39:48.400486
2I6B6QSY7AA,Diego Ruzzarin,Conocí al dictador más raro del mundo.,es,Baja,Ugx8iiL-CJ-4tr_mnDJ4AaABAg,,0,@LICENCIADO_CANTINAS,En Corea del Norte también hay elecciones. Puras falacias niña.,2026-01-04T22:24:34Z,2026-01-04T22:24:34Z,3,0,youtube,2026-04-05T13:39:48.400491
2I6B6QSY7AA,Diego Ruzzarin,Conocí al dictador más raro del mundo.,es,Baja,UgwHCXbIObUzHW6HCHh4AaABAg,,0,@changoleon4185,Este no lo vas a borrar 😂😂😂,2026-01-04T22:20:51Z,2026-01-04T22:20:51Z,4,0,youtube,2026-04-05T13:39:48.400495
2I6B6QSY7AA,Diego Ruzzarin,Conocí al dictador más raro del mundo.,es,Baja,UgwnWtId-H18xUV2t_94AaABAg,,0,@Romeo.Blanco,"Definitivamente, con este vídeo 📹 que me apareció hace un año... Deje de seguirte y de caer en mi gracia, y se que ni la necesitas, pero honestamente el ver lo  contradictorio e incongruente, que siempre pregonaste, definitivamente fue decepcionante, te puedo decir que puedes hacer lo que quieras, pero tú tenías una línea y un mensaje y eres figura pública, buscando la justicia, es como si dijeras que la gente y la realidad que vivía Venezuela no te importaba e ignorarlas a la gente sufrir... Muy mal",2026-01-04T22:19:48Z,2026-01-04T22:19:48Z,0,0,youtube,2026-04-05T13:39:48.400500
2I6B6QSY7AA,Diego Ruzzarin,Conocí al dictador más raro del mundo.,es,Baja,UgyH0zqnyIpnEHL1etl4AaABAg,,0,@CarlosRamirez-wf2pn,JAJAJAJAAJAJAJ acaban de capturar a tu dictador favorito,2026-01-04T21:40:22Z,2026-01-04T21:40:22Z,6,0,youtube,2026-04-05T13:39:48.400504
2I6B6QSY7AA,Diego Ruzzarin,Conocí al dictador más raro del mundo.,es,Baja,UgzTXrRebKt1EXULE4h4AaABAg,,0,@safiro0562,Ya lo borró ;-;,2026-01-04T21:30:17Z,2026-01-04T21:30:17Z,2,1,youtube,2026-04-05T13:39:48.400509
2I6B6QSY7AA,Diego Ruzzarin,Conocí al dictador más raro del mundo.,es,Baja,UgzTXrRebKt1EXULE4h4AaABAg.AR_9UVhmUFeAR_9pBI1Zd2,UgzTXrRebKt1EXULE4h4AaABAg,1,@luisangelperezsanchez6201,Apoco,2026-01-04T21:33:15Z,2026-01-04T21:33:15Z,0,0,youtube,2026-04-05T13:39:48.400518
2I6B6QSY7AA,Diego Ruzzarin,Conocí al dictador más raro del mundo.,es,Baja,Ugwj9pVuxC0NOMbT5fZ4AaABAg,,0,@eduardomejia4895,Se te borró la sonrisa 😂😂😂😂,2026-01-04T21:28:44Z,2026-01-04T21:28:44Z,4,0,youtube,2026-04-05T13:39:48.400524
2I6B6QSY7AA,Diego Ruzzarin,Conocí al dictador más raro del mundo.,es,Baja,UgxeauA2PPLoV-IodwV4AaABAg,,0,@alejandratorres2089,Gente pendeja piensan que maduro es el malo pero estados unidos quieren el petróleo no ala gente😂,2026-01-04T20:57:05Z,2026-01-04T20:57:05Z,1,1,youtube,2026-04-05T13:39:48.400528
2I6B6QSY7AA,Diego Ruzzarin,Conocí al dictador más raro del mundo.,es,Baja,UgxeauA2PPLoV-IodwV4AaABAg.AR_5gM5Y-kkAR_AlSHRcaq,UgxeauA2PPLoV-IodwV4AaABAg,1,@andrestorres6585,Mas lagrimas de zurdos jajaja.,2026-01-04T21:41:29Z,2026-01-04T21:41:50Z,2,0,youtube,2026-04-05T13:39:48.400533
2I6B6QSY7AA,Diego Ruzzarin,Conocí al dictador más raro del mundo.,es,Baja,UgzWlWMFu5e5yiE_FdV4AaABAg,,0,@MARK01986,"JAJAJAJAJAJAJAJAJ 🤡

🤡

🤡

🤡

🤡

🤡",2026-01-04T20:55:54Z,2026-01-04T20:55:54Z,2,0,youtube,2026-04-05T13:39:48.400555
2I6B6QSY7AA,Diego Ruzzarin,Conocí al dictador más raro del mundo.,es,Baja,Ugzd8jCXctbCRfijXM54AaABAg,,0,@JoseGonzalez-wo3lz,"Llora rizzarin, llora 😂😂😂😂😂😂😂",2026-01-04T20:45:05Z,2026-01-04T20:45:05Z,3,0,youtube,2026-04-05T13:39:48.400560
2I6B6QSY7AA,Diego Ruzzarin,Conocí al dictador más raro del mundo.,es,Baja,UgwSDAtFTzAGZuEq9j54AaABAg,,0,@JavierPagos,Leí una noticia que decía que habías borrado todo el contenido relacionado con maduro.,2026-01-04T20:44:36Z,2026-01-04T20:44:36Z,1,0,youtube,2026-04-05T13:39:48.400565
2I6B6QSY7AA,Diego Ruzzarin,Conocí al dictador más raro del mundo.,es,Baja,UgxjrcL5Y1D3BKRcBVN4AaABAg,,0,@johnantezana8349,Que porque le dijo que no es socialista significa que no es socialista? O porque alguien lo abraza significa que lo quieren??? Y dicen que Diego es inteligente 😂😂😂,2026-01-04T20:32:09Z,2026-01-04T20:32:09Z,3,0,youtube,2026-04-05T13:39:48.400570
2I6B6QSY7AA,Diego Ruzzarin,Conocí al dictador más raro del mundo.,es,Baja,UgyOqO5buFbjHSy9uEF4AaABAg,,0,@johnantezana8349,Quiero que haga una reacción a este video comedia-campaña que vendió.  😂😂😂 Y que después se mude a Venezuela!!!,2026-01-04T20:30:45Z,2026-01-04T20:30:45Z,7,0,youtube,2026-04-05T13:39:48.400574
2I6B6QSY7AA,Diego Ruzzarin,Conocí al dictador más raro del mundo.,es,Baja,UgwxPtfTEYw7eHbvvkZ4AaABAg,,0,@alzeorobert,"Señor, acaban a capturar a su dictador mas raro del mundo y lo van a juzgar por narcotraficante y todos los venezolanos estan celebrando que ese cerdo narcotraficante fue capturado...",2026-01-04T20:28:32Z,2026-01-04T20:28:32Z,0,0,youtube,2026-04-05T13:39:48.400578
2I6B6QSY7AA,Diego Ruzzarin,Conocí al dictador más raro del mundo.,es,Baja,UgybWIr41xZUwuAtE-h4AaABAg,,0,@rafasq,¿Será que puedas ir a entrevistarlo a Estados Unidos? 🤡🤡🤡,2026-01-04T20:20:04Z,2026-01-04T20:20:04Z,2,0,youtube,2026-04-05T13:39:48.400583
2I6B6QSY7AA,Diego Ruzzarin,Conocí al dictador más raro del mundo.,es,Baja,UgzmusEed_E71Z-Rob94AaABAg,,0,@sinergiamarketingdigital694,Puedes ahora dar más información de la captura de maduro porfavor,2026-01-04T20:06:32Z,2026-01-04T20:06:32Z,1,0,youtube,2026-04-05T13:39:48.400587
2I6B6QSY7AA,Diego Ruzzarin,Conocí al dictador más raro del mundo.,es,Baja,UgxPs9Ki5GpoWsjW43J4AaABAg,,0,@enriquegmont,Muy ingenio para tener tantos doctorados,2026-01-04T19:57:25Z,2026-01-04T19:57:25Z,0,0,youtube,2026-04-05T13:39:48.400591
2I6B6QSY7AA,Diego Ruzzarin,Conocí al dictador más raro del mundo.,es,Baja,UgzyoHRjUctv0BwoMzt4AaABAg,,0,@MrDxCrow,Mándenle este video a los gringos,2026-01-04T19:47:44Z,2026-01-04T19:47:44Z,1,0,youtube,2026-04-05T13:39:48.400595
2I6B6QSY7AA,Diego Ruzzarin,Conocí al dictador más raro del mundo.,es,Baja,UgwnxEdgDxq_xYyMuhB4AaABAg,,0,@Arturolozano-j4i,"Aquí esperando que Saque un vídeo de como arrestaron a el ""Dictador más raro del mundo""",2026-01-04T19:22:18Z,2026-01-04T19:22:18Z,4,0,youtube,2026-04-05T13:39:48.400599
2I6B6QSY7AA,Diego Ruzzarin,Conocí al dictador más raro del mundo.,es,Baja,Ugy2ubISZsgIGFBMg7B4AaABAg,,0,@chavomarginadogr9062,"Vengo del futuro.
¿Con cuanta  vergüenza llegaste?",2026-01-04T18:55:48Z,2026-01-04T20:06:51Z,5,0,youtube,2026-04-05T13:39:48.400604
2I6B6QSY7AA,Diego Ruzzarin,Conocí al dictador más raro del mundo.,es,Baja,UgwPtzj7dOJyj4NBIpJ4AaABAg,,0,@Blancaugartequiroz,Pobrecito lo demonizaron a tu dios !!!!.,2026-01-04T18:51:13Z,2026-01-04T18:51:13Z,3,0,youtube,2026-04-05T13:39:48.400608
2I6B6QSY7AA,Diego Ruzzarin,Conocí al dictador más raro del mundo.,es,Baja,UgxVfB8SLYYloLAj9wx4AaABAg,,0,@Victoria-gc1so,"Vengo del futuro, secuestraron a Nicolás 💔😓😓😓 
Fuiste muy afortunado de conocerlo Diego, un gran honor conocer a Nicolás Maduro.",2026-01-04T18:45:44Z,2026-01-04T18:45:44Z,0,0,youtube,2026-04-05T13:39:48.400612
2I6B6QSY7AA,Diego Ruzzarin,Conocí al dictador más raro del mundo.,es,Baja,UgzJxL1XEE3LGsZprhF4AaABAg,,0,@victoranibal1,"yo creo que la apreciación de Maduro es Estética Contingente,  y la relacion material entre el petróleo y Trump sí tiene algo de Natural Necesario",2026-01-04T18:37:16Z,2026-01-04T18:37:16Z,2,0,youtube,2026-04-05T13:39:48.400617
2I6B6QSY7AA,Diego Ruzzarin,Conocí al dictador más raro del mundo.,es,Baja,Ugz9zrQ8uPBldTFeReh4AaABAg,,0,@luisalbertogomez7824,"oh, no pense escuchar a este tipo cromandole el rifle tan duro a alguien, me imagino que dirian del ""lider supremo"" de corea del norte hehe"".",2026-01-04T18:28:08Z,2026-01-04T18:28:08Z,0,0,youtube,2026-04-05T13:39:48.400621
2I6B6QSY7AA,Diego Ruzzarin,Conocí al dictador más raro del mundo.,es,Baja,UgyksFsbN6apAkrOXa14AaABAg,,0,@anthonysoto9679,estare esperando tu video reaccion sobre toooooda la data que va a confesar maduro ahora que esta en estados unidos... RIP por tu amiguito,2026-01-04T18:24:48Z,2026-01-04T18:24:48Z,0,0,youtube,2026-04-05T13:39:48.400626
2I6B6QSY7AA,Diego Ruzzarin,Conocí al dictador más raro del mundo.,es,Baja,UgzFXKiMLYWx7cmCkNp4AaABAg,,0,@nanoxsolo6873,,2026-01-04T18:23:36Z,2026-01-04T18:23:36Z,0,0,youtube,2026-04-05T13:39:48.400630
2I6B6QSY7AA,Diego Ruzzarin,Conocí al dictador más raro del mundo.,es,Baja,UgzfDuatmZT22CGGaZN4AaABAg,,0,@Esau2507,Yo sé que ruzzarin es un tipo bastante limitado intelectualmente pero no sabía que era así de sin vergüenza y lame huevos. Hasta parece que el pendejete no se ha dignado a leer un libro de historia del siglo XX.,2026-01-04T18:17:32Z,2026-01-04T18:17:32Z,3,0,youtube,2026-04-05T13:39:48.400634
2I6B6QSY7AA,Diego Ruzzarin,Conocí al dictador más raro del mundo.,es,Baja,UgzXxvH_OyQaiDXcgGR4AaABAg,,0,@marianarodriguezmartinez8263,"Que asco me da la manera que defiendes a un dictador como maduro , verdadero asco me da",2026-01-04T18:15:50Z,2026-01-04T18:15:50Z,0,0,youtube,2026-04-05T13:39:48.400638
2I6B6QSY7AA,Diego Ruzzarin,Conocí al dictador más raro del mundo.,es,Baja,UgzaulrkTKbCzDGa2fZ4AaABAg,,0,@LuisGarcia-jk2ku,A este compa no lo veo viviendo en Venezuela si tanto le gusta su dictador 😂😂,2026-01-04T18:13:15Z,2026-01-04T18:13:26Z,0,0,youtube,2026-04-05T13:39:48.400642
2I6B6QSY7AA,Diego Ruzzarin,Conocí al dictador más raro del mundo.,es,Baja,Ugw77PKjkvS8eT-9a9t4AaABAg,,0,@McGiver-l7g,Esperando la réplica 🤡,2026-01-04T17:59:52Z,2026-01-04T17:59:52Z,0,0,youtube,2026-04-05T13:39:48.400646
2I6B6QSY7AA,Diego Ruzzarin,Conocí al dictador más raro del mundo.,es,Baja,Ugzqxep23RTx8JXxB4F4AaABAg,,0,@octaviogonzalez6986,Eres un inteligente animal 🦒 🦔 🦔,2026-01-04T17:58:12Z,2026-01-04T17:58:12Z,1,0,youtube,2026-04-05T13:39:48.400651
2I6B6QSY7AA,Diego Ruzzarin,Conocí al dictador más raro del mundo.,es,Baja,UgwwR7E1pLxW1xc8wn54AaABAg,,0,@ozielvirto7667,"Se te acabó el financiamiento del régimen, payaso 😂",2026-01-04T17:57:10Z,2026-01-04T17:57:10Z,0,0,youtube,2026-04-05T13:39:48.400655
2I6B6QSY7AA,Diego Ruzzarin,Conocí al dictador más raro del mundo.,es,Baja,UgwsRAb3corNIakQNst4AaABAg,,0,@DavidSantiago-k8h,Y si borro el vídeo ?,2026-01-04T17:43:22Z,2026-01-04T17:43:22Z,0,0,youtube,2026-04-05T13:39:48.400660
2I6B6QSY7AA,Diego Ruzzarin,Conocí al dictador más raro del mundo.,es,Baja,UgyNFLuewxl6SbjNjLR4AaABAg,,0,@parissosa6313,No no no.....este tonto solo diciendo estupideces,2026-01-04T17:40:01Z,2026-01-04T17:40:01Z,1,0,youtube,2026-04-05T13:39:48.400664
2I6B6QSY7AA,Diego Ruzzarin,Conocí al dictador más raro del mundo.,es,Baja,UgxeQqLLCW65U3oRAPJ4AaABAg,,0,@parissosa6313,"Este tonto solo dice estupideces....y súper sesgado.,",2026-01-04T17:38:00Z,2026-01-04T17:38:00Z,0,0,youtube,2026-04-05T13:39:48.400668
2I6B6QSY7AA,Diego Ruzzarin,Conocí al dictador más raro del mundo.,es,Baja,UgzUL-1N_VYaNRlf6rZ4AaABAg,,0,@hylandertorres7883,JAJAJAJAJAJAJAJAJAJAJSJSJSJAJSJAJAJAJAJAJAJA,2026-01-04T17:32:13Z,2026-01-04T17:32:13Z,0,0,youtube,2026-04-05T13:39:48.400672
2I6B6QSY7AA,Diego Ruzzarin,Conocí al dictador más raro del mundo.,es,Baja,Ugwm9dmfLTugeHTaYkx4AaABAg,,0,@filosofandoxlavida,"Y qué pasó con el Podcast completo? Lo borraste? No creo que te quiten la visa por haber hecho un podcast tendencioso, o tú crees que sí? 😬
Un comunicador 'responsable' borra u oculta su material 'público'? 🙄",2026-01-04T17:24:37Z,2026-01-04T17:31:59Z,0,0,youtube,2026-04-05T13:39:48.400676
2I6B6QSY7AA,Diego Ruzzarin,Conocí al dictador más raro del mundo.,es,Baja,UgzrNmObL9w-VmJt7UB4AaABAg,,0,@mrCh3p3YT,"Q bonito es hablar paja de un vende propaganda y ver q cayo uno de sus idolos ""revolucionarios""",2026-01-04T17:21:11Z,2026-01-04T17:21:11Z,0,0,youtube,2026-04-05T13:39:48.400680
2I6B6QSY7AA,Diego Ruzzarin,Conocí al dictador más raro del mundo.,es,Baja,UgyD312ZSTq-GZGEhfV4AaABAg,,0,@luismarioteheranlopez7777,"Es completamente satisfactorio ver la caida de un hombre tan malvado como lo fue Nicolas Maduro Moros porque se encargo de llevar a cabo un meticuloso plan para destruir la que fue una de las naciones mas ricas de America Latina. Los Venezolanos finalmente veran la luz al final del tunel, pese a que se produjo el escape de los otros 4 parasitos Venezuela finalmente se librara de esos horribles individuos",2026-01-04T17:09:37Z,2026-01-04T17:09:37Z,1,0,youtube,2026-04-05T13:39:48.400684
2I6B6QSY7AA,Diego Ruzzarin,Conocí al dictador más raro del mundo.,es,Baja,UgwRRMH08rBM1JYWZtx4AaABAg,,0,@henrygordon3395,"No lo borres Diego, acá hay pruebas de tu relación con la narco-dictadura.",2026-01-04T17:09:07Z,2026-01-04T17:09:07Z,1,0,youtube,2026-04-05T13:39:48.400688
2I6B6QSY7AA,Diego Ruzzarin,Conocí al dictador más raro del mundo.,es,Baja,UgxDYdvLntDNfpRvf214AaABAg,,0,@MichelSilva-i8d,Estás bien pendejo 😂,2026-01-04T16:53:58Z,2026-01-04T16:53:58Z,5,0,youtube,2026-04-05T13:39:48.400692
2I6B6QSY7AA,Diego Ruzzarin,Conocí al dictador más raro del mundo.,es,Baja,UgyJfS0CR4Nakifcf2B4AaABAg,,0,@pedroangel4078,no llegar con verguenza al futuro decia....,2026-01-04T16:47:28Z,2026-01-04T16:47:28Z,4,0,youtube,2026-04-05T13:39:48.400698
2I6B6QSY7AA,Diego Ruzzarin,Conocí al dictador más raro del mundo.,es,Baja,UgzFkMSozEYT4y-EZZl4AaABAg,,0,@ary539,Los gringos te van a capturar también.,2026-01-04T16:41:49Z,2026-01-04T16:41:49Z,2,0,youtube,2026-04-05T13:39:48.400702
2I6B6QSY7AA,Diego Ruzzarin,Conocí al dictador más raro del mundo.,es,Baja,Ugxk-wST17C-pYxfJ8N4AaABAg,,0,@marcorodriguez2639,esta bien subjetiva tu opinión! muy tibia! pues que te va a contestar? no mames!!!,2026-01-04T16:36:58Z,2026-01-04T16:37:17Z,1,0,youtube,2026-04-05T13:39:48.400707
2I6B6QSY7AA,Diego Ruzzarin,Conocí al dictador más raro del mundo.,es,Baja,Ugxw1FINAl8x3Qldxox4AaABAg,,0,@TheGoodMan93,Mamó tu patrón. 😂,2026-01-04T16:33:15Z,2026-01-04T16:33:15Z,3,0,youtube,2026-04-05T13:39:48.400712
2I6B6QSY7AA,Diego Ruzzarin,Conocí al dictador más raro del mundo.,es,Baja,UgxCbIQeTukD1bVI1eV4AaABAg,,0,@AlejandroPadilla-t6y,"Ruzzarin chupamedias de ese dictadorzuelo, ahora está preso 😂🫵🏻",2026-01-04T16:29:35Z,2026-01-04T16:29:35Z,2,0,youtube,2026-04-05T13:39:48.400716
2I6B6QSY7AA,Diego Ruzzarin,Conocí al dictador más raro del mundo.,es,Baja,UgxKBD_bYXsWRZPiLE94AaABAg,,0,@ChuyG96,Denunciaré tu canal por promover a un TERRORISTA,2026-01-04T16:27:29Z,2026-01-04T16:27:29Z,4,0,youtube,2026-04-05T13:39:48.400720
2I6B6QSY7AA,Diego Ruzzarin,Conocí al dictador más raro del mundo.,es,Baja,Ugyyym7SzTk9UMu7rkx4AaABAg,,0,@AntonioRosales-w6j,"Su dictador más raro del mundo, que vaya a una visita conyugal a NY😂",2026-01-04T16:26:11Z,2026-01-04T16:26:11Z,1,0,youtube,2026-04-05T13:39:48.400724
2I6B6QSY7AA,Diego Ruzzarin,Conocí al dictador más raro del mundo.,es,Baja,UgySg9Mgr_SR2e1GB_h4AaABAg,,0,@omniscience9631,Tan orgulloso que borró el podcast completo donde sale con él 🤣🤣🤣🤣🤣🤣🤣🤣,2026-01-04T16:24:13Z,2026-01-04T16:24:13Z,4,0,youtube,2026-04-05T13:39:48.400728
2I6B6QSY7AA,Diego Ruzzarin,Conocí al dictador más raro del mundo.,es,Baja,UgzN1ZS7o5lsPFOgUGF4AaABAg,,0,@aderlyvaldez675,alguien me cuenta por que Ruzzarin borro su pod cast con Maduro?,2026-01-04T16:23:28Z,2026-01-04T16:23:28Z,3,0,youtube,2026-04-05T13:39:48.400733
2I6B6QSY7AA,Diego Ruzzarin,Conocí al dictador más raro del mundo.,es,Baja,Ugx691Fb_jz_oN4ztyt4AaABAg,,0,@TeatedCashew80,"Payaso, tu ídolo ya acabará el resto de su vida en una cárcel.",2026-01-04T16:19:03Z,2026-01-04T16:19:03Z,2,0,youtube,2026-04-05T13:39:48.400737
2I6B6QSY7AA,Diego Ruzzarin,Conocí al dictador más raro del mundo.,es,Baja,UgwZCk1O35my95zMvMZ4AaABAg,,0,@efravr4,A #DonaldTrump le gusta tu video,2026-01-04T16:18:26Z,2026-01-04T16:18:26Z,1,0,youtube,2026-04-05T13:39:49.176606
2I6B6QSY7AA,Diego Ruzzarin,Conocí al dictador más raro del mundo.,es,Baja,UgxcMvfHggNSPXAaaxR4AaABAg,,0,@WolfgangJules,"En palabras de el mismo: “Si no cuestionas tu forma de pensar, vas a llegar con vergüenza al futuro"".

Es increíble ver como alguien muy inteligente en ciertas cosas, es muy tonto y credulo en otras. Quiero creer eso, porque sino, significaruia que es un vendido.",2026-01-04T16:09:30Z,2026-01-04T16:10:09Z,0,0,youtube,2026-04-05T13:39:49.176617
2I6B6QSY7AA,Diego Ruzzarin,Conocí al dictador más raro del mundo.,es,Baja,UgzR98r3X-A4GnzuW6Z4AaABAg,,0,@danielgteranorozco,No hay que llegar con vergüenza al futuro.,2026-01-04T16:09:21Z,2026-01-04T16:09:21Z,0,0,youtube,2026-04-05T13:39:49.176620
2I6B6QSY7AA,Diego Ruzzarin,Conocí al dictador más raro del mundo.,es,Baja,Ugw1dbuBTcxyfFFQloh4AaABAg,,0,@gabrielverdia4611,No estaría nada mal que la ley gringa le haga rendir cuentas a los propagandistas que le dieron bola al ex dictador de Maduro.,2026-01-04T16:06:37Z,2026-01-04T16:07:00Z,0,0,youtube,2026-04-05T13:39:49.176622
2I6B6QSY7AA,Diego Ruzzarin,Conocí al dictador más raro del mundo.,es,Baja,Ugy_lm2TDOvRPDbi17N4AaABAg,,0,@efrainespinozavalencia7162,"Lo raro, es que quieras hacer que parezca raro, que un tipo como este por supuesto disimule y haga el ademán de hacerlo todo “democrático” y “legal” y quieras limpiar su nombre de DICTADOR y como hizo fraude. Cuánto te habrá pagado no? Al final te vendiste como la rata disfrazada de socialista que eres cuando en realidad eres un capitalista que se vendió sinvergüenza a un dictador por dinero 😂😂😂🐀🐀🐀",2026-01-04T16:05:34Z,2026-01-04T16:05:34Z,1,0,youtube,2026-04-05T13:39:49.176624
2I6B6QSY7AA,Diego Ruzzarin,Conocí al dictador más raro del mundo.,es,Baja,UgxymUChNBREZ1pPDqp4AaABAg,,0,@efrainespinozavalencia7162,"Parece que este kencha les toca con su varita y los hace caer. Te toca venir a conocer a otro dictador “raro” a Evo Morales para que esté igual que tu macho maduro. Y si, seguila chupando ahora 😂😂😂",2026-01-04T15:58:03Z,2026-01-04T15:58:03Z,0,0,youtube,2026-04-05T13:39:49.176627
2I6B6QSY7AA,Diego Ruzzarin,Conocí al dictador más raro del mundo.,es,Baja,UgyYft3iWekxq6B74_N4AaABAg,,0,@rl7233,"Hola ruzzarin como recibiste el año nuevo, la pasaste bien?",2026-01-04T15:38:08Z,2026-01-04T15:38:08Z,0,0,youtube,2026-04-05T13:39:49.176629
2I6B6QSY7AA,Diego Ruzzarin,Conocí al dictador más raro del mundo.,es,Baja,UgxUc73Qu3Qo-2fz_rN4AaABAg,,0,@Daniel-tg9co,"Estas bien pendejo Ruzzarin o te pagaron por hacerte pendejo. 

Y como tú siempre dices que eres bien chingón, lo que queda es que te llegaron al precio.",2026-01-04T15:20:23Z,2026-01-04T15:20:23Z,3,0,youtube,2026-04-05T13:39:49.176632
2I6B6QSY7AA,Diego Ruzzarin,Conocí al dictador más raro del mundo.,es,Baja,UgyAU5zfMySYrIj5_1Z4AaABAg,,0,@DEYVIDGÜIZA,PAYASO 🤡…… 🤣🤣🤣🤣🤣🤣🤣🤣🤣🤣🤣🤣🤣,2026-01-04T14:59:00Z,2026-01-04T14:59:00Z,0,0,youtube,2026-04-05T13:39:49.176634
2I6B6QSY7AA,Diego Ruzzarin,Conocí al dictador más raro del mundo.,es,Baja,Ugwl2y1Zg18aXSaakwR4AaABAg,,0,@Elpincheproductor,Buen Marketing :D !,2026-01-04T14:55:07Z,2026-01-04T14:55:07Z,0,0,youtube,2026-04-05T13:39:49.176636
2I6B6QSY7AA,Diego Ruzzarin,Conocí al dictador más raro del mundo.,es,Baja,UgyKwyjoUb001k_8L0d4AaABAg,,0,@A13XM4R,"Que horrible que en serio alguien con tus conocimientos este defendiendo a la basura de maduro , en fin yo estoy feliz porque ya se lo llevaron preso ❤❤",2026-01-04T14:42:28Z,2026-01-04T14:42:28Z,0,0,youtube,2026-04-05T13:39:49.176639
2I6B6QSY7AA,Diego Ruzzarin,Conocí al dictador más raro del mundo.,es,Baja,UgxFgbgNkINUIZzI7Yx4AaABAg,,0,@boykamp7443,Denuncien este canal ❌👹🚫🚫🚫🚫🚫🚫,2026-01-04T14:35:41Z,2026-01-04T14:35:41Z,3,0,youtube,2026-04-05T13:39:49.176641
2I6B6QSY7AA,Diego Ruzzarin,Conocí al dictador más raro del mundo.,es,Baja,UgyyE2gjgRaBQJkHAtN4AaABAg,,0,@boykamp7443,Por favor cuando caerá este rojito ?,2026-01-04T14:34:50Z,2026-01-04T14:34:50Z,0,0,youtube,2026-04-05T13:39:49.176644
2I6B6QSY7AA,Diego Ruzzarin,Conocí al dictador más raro del mundo.,es,Baja,UgwF0eTzCFhGLjAYM5R4AaABAg,,0,@DomingoAnzuresMusic,XD,2026-01-04T14:28:30Z,2026-01-04T14:28:30Z,0,0,youtube,2026-04-05T13:39:49.176646
2I6B6QSY7AA,Diego Ruzzarin,Conocí al dictador más raro del mundo.,es,Baja,UgwRcSoksXy35X3PiNR4AaABAg,,0,@luisarriola9504,"Ahora que se ha demostrado la relación de Maduro con el cártel de Sinaloa, lo único que demuestra este video es que fuiste a lavarle los pies a un narcotraficante. Llegaste con mucha vergüenza al futuro.",2026-01-04T14:26:39Z,2026-01-04T14:26:39Z,0,0,youtube,2026-04-05T13:39:49.176648
2I6B6QSY7AA,Diego Ruzzarin,Conocí al dictador más raro del mundo.,es,Baja,Ugxf6_rboRcPuCPr9RR4AaABAg,,0,@chicoprimi,También hay fotos de Hitler rodeado de gente..,2026-01-04T14:25:00Z,2026-01-04T14:25:00Z,3,0,youtube,2026-04-05T13:39:49.176651
2I6B6QSY7AA,Diego Ruzzarin,Conocí al dictador más raro del mundo.,es,Baja,Ugzul60iRimB9Ou6NBp4AaABAg,,0,@RobertoMartinez-u9i5s,"Te viste muy ingenuo, vive en la sociedad para que veas la realidad",2026-01-04T14:23:51Z,2026-01-04T14:23:51Z,0,0,youtube,2026-04-05T13:39:49.176654
2I6B6QSY7AA,Diego Ruzzarin,Conocí al dictador más raro del mundo.,es,Baja,UgzjCkLcfUsEbHrpwB14AaABAg,,0,@edgarcorrea6060,No le da ni pena,2026-01-04T14:16:10Z,2026-01-04T14:16:10Z,0,0,youtube,2026-04-05T13:39:49.176656
2I6B6QSY7AA,Diego Ruzzarin,Conocí al dictador más raro del mundo.,es,Baja,UgxRrmWaR6KPL_GhcFZ4AaABAg,,0,@erickallarossalas2489,Se expuso solo.,2026-01-04T14:14:49Z,2026-01-04T14:14:49Z,1,0,youtube,2026-04-05T13:39:49.176658
2I6B6QSY7AA,Diego Ruzzarin,Conocí al dictador más raro del mundo.,es,Baja,UgxkBZpfnBxXzELD9Wx4AaABAg,,0,@jhonhuinapi6211,Cayó Maduro .🤣🤣🤣,2026-01-04T14:06:53Z,2026-01-04T14:06:53Z,0,0,youtube,2026-04-05T13:39:49.176661
2I6B6QSY7AA,Diego Ruzzarin,Conocí al dictador más raro del mundo.,es,Baja,UgwijlozkbCdIp1NcR94AaABAg,,0,@juantorrezaramayo6786,😂😂😂😂😂😂😂😂😂😂😂😂😂😂😂😂😂😂😂😂😂😂😂😂😂😂😂,2026-01-04T14:01:41Z,2026-01-04T14:01:41Z,0,0,youtube,2026-04-05T13:39:49.176663
2I6B6QSY7AA,Diego Ruzzarin,Conocí al dictador más raro del mundo.,es,Baja,UgzjaDmlavVFjoF6XJJ4AaABAg,,0,@jmmenchaca0422,Ponte a las vergas por que van por todos los aliades,2026-01-04T13:58:38Z,2026-01-04T13:58:38Z,0,0,youtube,2026-04-05T13:39:49.176665
2I6B6QSY7AA,Diego Ruzzarin,Conocí al dictador más raro del mundo.,es,Baja,UgyY2BOVSaOUu3HZ4EJ4AaABAg,,0,@cgmediaproduction,"Tremenda experiencia 😂
Deberías de volver a subir la entrevista que borrastes. 

Es increíble que pretendas proyectarse como alguien intelectual y no posees la inteligencia mínima para darte cuenta que a un dictador NADIE lo va a enfrentar en su país para criticarlo. A esos, el dictador los manda a eliminar.",2026-01-04T13:14:31Z,2026-01-04T13:16:54Z,0,0,youtube,2026-04-05T13:39:49.176668
2I6B6QSY7AA,Diego Ruzzarin,Conocí al dictador más raro del mundo.,es,Baja,UgxOZoPRsY7NmLobP854AaABAg,,0,@alkairex,"""Dictador""",2026-01-04T12:54:02Z,2026-01-04T12:54:02Z,0,0,youtube,2026-04-05T13:39:49.176671
2I6B6QSY7AA,Diego Ruzzarin,Conocí al dictador más raro del mundo.,es,Baja,UgwP_u8JnQzpbypetgN4AaABAg,,0,@tobias4402,que pecao éste pobre nosabe históricamente que es un dictador.,2026-01-04T12:46:28Z,2026-01-04T12:47:18Z,0,0,youtube,2026-04-05T13:39:49.176673
2I6B6QSY7AA,Diego Ruzzarin,Conocí al dictador más raro del mundo.,es,Baja,UgyJS0wKRYphxSBeBU94AaABAg,,0,@Nuralldin69,"Bajenlo, antes de que el payaso de Ruzarin lo borre, que quede para la historia que fue el lamebolas de un dictador.",2026-01-04T12:30:02Z,2026-01-04T12:30:02Z,0,0,youtube,2026-04-05T13:39:49.176675
2I6B6QSY7AA,Diego Ruzzarin,Conocí al dictador más raro del mundo.,es,Baja,UgyrxS3r05tQLrP6_tx4AaABAg,,0,@jaci619,Quitenle la visa a este zurdo san petrino,2026-01-04T11:58:20Z,2026-01-04T11:58:20Z,0,0,youtube,2026-04-05T13:39:49.176678
2I6B6QSY7AA,Diego Ruzzarin,Conocí al dictador más raro del mundo.,es,Baja,Ugy44_O8tU5Q5HjsjX14AaABAg,,0,@hectorruiz8484,"Y qué ñero, con ganas de seguir con el man? ahorita no está tan kool",2026-01-04T11:30:28Z,2026-01-04T11:32:35Z,0,0,youtube,2026-04-05T13:39:49.176680
2I6B6QSY7AA,Diego Ruzzarin,Conocí al dictador más raro del mundo.,es,Baja,UgyfptumKwl2pO-9kdB4AaABAg,,0,@FantasticPlastik,"Como dice mi buen Brincos Dieras, ""CuLOOO""",2026-01-04T09:42:27Z,2026-01-04T09:42:27Z,0,0,youtube,2026-04-05T13:39:49.176682
2I6B6QSY7AA,Diego Ruzzarin,Conocí al dictador más raro del mundo.,es,Baja,UgwG_ED2NPZKR6y8-kh4AaABAg,,0,@Emiliano_SolisS,Hasta borro su podcast con este prisionero jajaja,2026-01-04T09:08:54Z,2026-01-04T09:08:54Z,0,0,youtube,2026-04-05T13:39:49.176684
2I6B6QSY7AA,Diego Ruzzarin,Conocí al dictador más raro del mundo.,es,Baja,Ugx39rDF0unt7okfrtZ4AaABAg,,0,@MrMoxarra,"y sí, esta cromada de rifle chaira envejeció muuuy mal XD saludos desde el 4 de enero del 2026😂✌💩",2026-01-04T08:15:56Z,2026-01-04T08:15:56Z,2,0,youtube,2026-04-05T13:39:49.176687
2I6B6QSY7AA,Diego Ruzzarin,Conocí al dictador más raro del mundo.,es,Baja,UgyZ3GDyJNYaBdOH2GR4AaABAg,,0,@perezreasantos6553,😂,2026-01-04T07:30:29Z,2026-01-04T07:30:29Z,2,0,youtube,2026-04-05T13:39:49.176689
2I6B6QSY7AA,Diego Ruzzarin,Conocí al dictador más raro del mundo.,es,Baja,UgxnB2eRXvKJD7q08994AaABAg,,0,@angelguzmanmondragon2270,te tienen que dar carcel por ser un complice de dictadores,2026-01-04T07:23:20Z,2026-01-04T07:23:20Z,4,0,youtube,2026-04-05T13:39:49.176691
2I6B6QSY7AA,Diego Ruzzarin,Conocí al dictador más raro del mundo.,es,Baja,UgyCO4Z0cc2pVoCMj2F4AaABAg,,0,@solomonramsa,"Jajajajajaja, este video también lo va a borrar",2026-01-04T07:18:21Z,2026-01-04T07:18:21Z,1,0,youtube,2026-04-05T13:39:49.176694
2I6B6QSY7AA,Diego Ruzzarin,Conocí al dictador más raro del mundo.,es,Baja,UgyoI2dcpIPJBJmFiIB4AaABAg,,0,@andresdeluna5261,Ya borraron el video de la entrevista? Alguien lo tiene?,2026-01-04T07:04:43Z,2026-01-04T07:04:43Z,4,0,youtube,2026-04-05T13:39:49.176697
2I6B6QSY7AA,Diego Ruzzarin,Conocí al dictador más raro del mundo.,es,Baja,UgzF5aP1zHHi79agYN54AaABAg,,0,@jorgeolaguibel7743,Le faltó calle al menzorin,2026-01-04T07:02:23Z,2026-01-04T07:02:23Z,3,0,youtube,2026-04-05T13:39:49.176700
2I6B6QSY7AA,Diego Ruzzarin,Conocí al dictador más raro del mundo.,es,Baja,Ugx-37w6hlwVZ_LK6Lh4AaABAg,,0,@paoberger,"Lo peor que tiene este hombre es que cree que él tiene la verdad absoluta secretan inteligente y tiene tanta verborrea que sí logra engañar a un montón de gente pero también se le olvida que afuera hay gente inteligente qué también sabemos, para llevárselas de tan inteligente y que usa palabras tan rebuscadas la verdad es que en este video demuestra que como muchos otros Solo dice lo que le conviene",2026-01-04T06:58:13Z,2026-01-04T06:58:13Z,5,0,youtube,2026-04-05T13:39:49.176702
2I6B6QSY7AA,Diego Ruzzarin,Conocí al dictador más raro del mundo.,es,Baja,UgyEvwq-EACmFNc2kzF4AaABAg,,0,@FernandoReyes-jr4wf,No me alcanzas a dar ni lástima,2026-01-04T06:24:20Z,2026-01-04T06:24:20Z,3,0,youtube,2026-04-05T13:39:49.176705
2I6B6QSY7AA,Diego Ruzzarin,Conocí al dictador más raro del mundo.,es,Baja,UgyO5tN8ZlfJYg5hRWF4AaABAg,,0,@MiguelRivera-l9g,"Cuánto dinero del Narco dictador recibiste Diego?

Espero quedes sensurado y así dejes de compartir información basura/mentiras queriendo invitar a los Mexicanos a seguir a la izquierda que sigue dañando el país y NO eres un comunicador responsable",2026-01-04T06:21:42Z,2026-01-04T06:21:42Z,1,0,youtube,2026-04-05T13:39:49.176707
2I6B6QSY7AA,Diego Ruzzarin,Conocí al dictador más raro del mundo.,es,Baja,UgwsOgr9N3ogLMMp0xZ4AaABAg,,0,@wilmaralexandercorreatuber4193,"Hola dieguito, cuentame como le vas a limpiar la cara ahora😂",2026-01-04T06:15:12Z,2026-01-04T06:15:12Z,1,0,youtube,2026-04-05T13:39:49.176709
2I6B6QSY7AA,Diego Ruzzarin,Conocí al dictador más raro del mundo.,es,Baja,Ugwt0deo4PNK-yYeVAJ4AaABAg,,0,@AdrianTheReptar,Y se marchooooooo,2026-01-04T06:13:13Z,2026-01-04T06:13:13Z,0,0,youtube,2026-04-05T13:39:49.176712
2I6B6QSY7AA,Diego Ruzzarin,Conocí al dictador más raro del mundo.,es,Baja,Ugwo6Rk4OjNFGoGj2_Z4AaABAg,,0,@ricardocummingscruz9652,"Usas palabras bonitas para ""justificar al socialismo"" te dices intelectual pero en el fondo eres un vendido!",2026-01-04T06:06:41Z,2026-01-04T06:06:41Z,1,0,youtube,2026-04-05T13:39:49.176714
2I6B6QSY7AA,Diego Ruzzarin,Conocí al dictador más raro del mundo.,es,Baja,UgwcOK1dDq-eUwxvctN4AaABAg,,0,@rbellucci8502,"Narrativa sarcástica, dejó de ser narrativa y dejó de ser sarcástica.",2026-01-04T05:54:16Z,2026-01-04T05:54:16Z,0,0,youtube,2026-04-05T13:39:49.176716
2I6B6QSY7AA,Diego Ruzzarin,Conocí al dictador más raro del mundo.,es,Baja,UgxXNAqyn7rlDyjp7DN4AaABAg,,0,@hectorbolivar6050,Asqueroso arrastrado tu ídolo cayó,2026-01-04T05:51:04Z,2026-01-04T05:51:04Z,0,0,youtube,2026-04-05T13:39:49.176718
2I6B6QSY7AA,Diego Ruzzarin,Conocí al dictador más raro del mundo.,es,Baja,Ugz_JZEXjFS0GKNRJeZ4AaABAg,,0,@luisolvera5632,Solo vine a reírme,2026-01-04T05:40:46Z,2026-01-04T05:40:46Z,0,0,youtube,2026-04-05T13:39:49.176721
2I6B6QSY7AA,Diego Ruzzarin,Conocí al dictador más raro del mundo.,es,Baja,UgzRDlbDz81E92XHXKh4AaABAg,,0,@ferdelallave,quitenle la visa XD,2026-01-04T05:36:27Z,2026-01-04T05:36:27Z,0,0,youtube,2026-04-05T13:39:49.176723
2I6B6QSY7AA,Diego Ruzzarin,Conocí al dictador más raro del mundo.,es,Baja,UgzaSUwVIE1Vrmw1lwt4AaABAg,,0,@meneodelamarisma,chicos vengo del futuro este Diego da vergüenza! envejecio mal muy mal malísimo,2026-01-04T05:24:07Z,2026-01-04T05:24:07Z,0,0,youtube,2026-04-05T13:39:49.176725
2I6B6QSY7AA,Diego Ruzzarin,Conocí al dictador más raro del mundo.,es,Baja,Ugx2GpYAg_aq0UwH6y94AaABAg,,0,@BenYaMin789,Ajajajjaajajajajajajajajajajajajajajajajajajajajajajajajajajajajajajajaajajajajajajajajajaja,2026-01-04T05:10:32Z,2026-01-04T05:10:32Z,0,0,youtube,2026-04-05T13:39:49.176727
2I6B6QSY7AA,Diego Ruzzarin,Conocí al dictador más raro del mundo.,es,Baja,Ugz6xlEIBItabk0kikl4AaABAg,,0,@ricardopasayes6068,"Este video envejecio demasiado mal, pero fatal!",2026-01-04T05:10:04Z,2026-01-04T05:10:04Z,3,0,youtube,2026-04-05T13:39:49.176730
2I6B6QSY7AA,Diego Ruzzarin,Conocí al dictador más raro del mundo.,es,Baja,Ugw-pF3SSqHJ0pN_AnR4AaABAg,,0,@KevinRodriguez-sx3wg,"¿Se viene 2da parte? , Conocí al preso más raro del mundo?",2026-01-04T04:42:17Z,2026-01-04T04:43:54Z,7,1,youtube,2026-04-05T13:39:49.176732
2I6B6QSY7AA,Diego Ruzzarin,Conocí al dictador más raro del mundo.,es,Baja,Ugw-pF3SSqHJ0pN_AnR4AaABAg.ARYM7gE21WKARYYu658Nlc,Ugw-pF3SSqHJ0pN_AnR4AaABAg,1,@d-azula,XDDDDDDDDDDDDDDDDDDDDDDDDD,2026-01-04T06:33:54Z,2026-01-04T06:33:54Z,0,0,youtube,2026-04-05T13:39:49.176737
2I6B6QSY7AA,Diego Ruzzarin,Conocí al dictador más raro del mundo.,es,Baja,Ugzl3LLHXNNpDTVZnrl4AaABAg,,0,@pablomartinez5967,TAMBIÉN VENGO A REÍRME DE TI PORQUE CAPTURARON A TU MAESTRO 🇺🇸 🇲🇽 🇻🇪,2026-01-04T04:34:15Z,2026-01-04T04:34:15Z,2,0,youtube,2026-04-05T13:39:49.176739
2I6B6QSY7AA,Diego Ruzzarin,Conocí al dictador más raro del mundo.,es,Baja,UgztLuv8Bc25GvQ8Exx4AaABAg,,0,@diegosanchez4184,😂,2026-01-04T04:21:25Z,2026-01-04T04:21:25Z,0,0,youtube,2026-04-05T13:39:49.176742
2I6B6QSY7AA,Diego Ruzzarin,Conocí al dictador más raro del mundo.,es,Baja,UgyntofcUwl2a7va2BR4AaABAg,,0,@hugocerda7573,Cuántas veces dice la palabra “dictador” en el video?……claramente se ve y se siente hacia que lado está orientado el mensaje de este clip……coco wash…..,2026-01-04T04:13:39Z,2026-01-04T04:13:39Z,0,0,youtube,2026-04-05T13:39:49.176744
2I6B6QSY7AA,Diego Ruzzarin,Conocí al dictador más raro del mundo.,es,Baja,Ugw15w9B97HLr2XkKNJ4AaABAg,,0,@misraimcruzbuy9725,pobreee diego tan idiota jajaja,2026-01-04T04:06:27Z,2026-01-04T04:06:27Z,0,0,youtube,2026-04-05T13:39:49.176747
2I6B6QSY7AA,Diego Ruzzarin,Conocí al dictador más raro del mundo.,es,Baja,Ugytcv7NELiwBElEtZp4AaABAg,,0,@obedaguilar4290,Pobre Ruzzarin hoy anda triste 😭😭,2026-01-04T03:37:56Z,2026-01-04T03:37:56Z,4,0,youtube,2026-04-05T13:39:49.176749
2I6B6QSY7AA,Diego Ruzzarin,Conocí al dictador más raro del mundo.,es,Baja,Ugzaqn3Dr1tZytg9HP94AaABAg,,0,@sandyquijano7894,Jajaha como caen los habladores,2026-01-04T03:37:27Z,2026-01-04T03:37:27Z,2,0,youtube,2026-04-05T13:39:49.176752
2I6B6QSY7AA,Diego Ruzzarin,Conocí al dictador más raro del mundo.,es,Baja,UgyPl1X8oT9XTF_NiqF4AaABAg,,0,@gabrielandaihernandez6239,3 de enero del 2026,2026-01-04T03:32:47Z,2026-01-04T03:32:47Z,1,0,youtube,2026-04-05T13:39:49.176754
2I6B6QSY7AA,Diego Ruzzarin,Conocí al dictador más raro del mundo.,es,Baja,UgwG9f_bKQcvKRTVTXF4AaABAg,,0,@paqois,Este cuate está genuinamente muy estúpido.,2026-01-04T03:29:35Z,2026-01-04T03:29:35Z,4,0,youtube,2026-04-05T13:39:49.176756
2I6B6QSY7AA,Diego Ruzzarin,Conocí al dictador más raro del mundo.,es,Baja,Ugy1VxQkIgeuxoG3gIJ4AaABAg,,0,@tacomata1,"El ""Presidente democratico"" que se lo llevaron y no salio a la calle ni 1 alma... Todo el mundo esperando a que se lleven a todos los demas para salir pero a celebrar. Esta raro, no?",2026-01-04T03:24:36Z,2026-01-04T03:24:36Z,0,0,youtube,2026-04-05T13:39:49.176759
2I6B6QSY7AA,Diego Ruzzarin,Conocí al dictador más raro del mundo.,es,Baja,UgzHIDy_DJ4OY1ckSwJ4AaABAg,,0,@Martin97144,"Wao Diego, que lindo video, casi te creemos",2026-01-04T02:56:30Z,2026-01-04T02:56:30Z,1,0,youtube,2026-04-05T13:39:49.176761
2I6B6QSY7AA,Diego Ruzzarin,Conocí al dictador más raro del mundo.,es,Baja,UgyCs746uNe5l6DprpF4AaABAg,,0,@ivanvelazquez7947,Qué te digo? Hoy llorarás mucho,2026-01-04T02:53:12Z,2026-01-04T02:53:12Z,3,0,youtube,2026-04-05T13:39:49.176763
2I6B6QSY7AA,Diego Ruzzarin,Conocí al dictador más raro del mundo.,es,Baja,Ugy7OPzijKrIn_Bap-R4AaABAg,,0,@alepertuu,Quién por acá el 03 de enero😂,2026-01-04T02:35:43Z,2026-01-04T02:35:43Z,1,0,youtube,2026-04-05T13:39:49.176765
2I6B6QSY7AA,Diego Ruzzarin,Conocí al dictador más raro del mundo.,es,Baja,UgwBn77z1Yt2bbwJznl4AaABAg,,0,@jzzzzzzzzz-t8p,Solo vine a decirte que eres un mmgvo profesional y eso no te lo quita es nadie.,2026-01-04T02:33:43Z,2026-01-04T02:33:43Z,0,0,youtube,2026-04-05T13:39:49.176767
2I6B6QSY7AA,Diego Ruzzarin,Conocí al dictador más raro del mundo.,es,Baja,Ugw0VpAwEmEi8IfQCvV4AaABAg,,0,@christianrodrigohernandezm1459,Se te borro la sonrisa...,2026-01-04T02:30:20Z,2026-01-04T02:30:20Z,1,0,youtube,2026-04-05T13:39:49.176770
2I6B6QSY7AA,Diego Ruzzarin,Conocí al dictador más raro del mundo.,es,Baja,UgyMKeTdYsP-xiGmHDB4AaABAg,,0,@JuansalvadorMartinez-e8i,Ya se lo llevaron pa,2026-01-04T02:29:02Z,2026-01-04T02:29:02Z,1,0,youtube,2026-04-05T13:39:49.176772
2I6B6QSY7AA,Diego Ruzzarin,Conocí al dictador más raro del mundo.,es,Baja,UgyAmi-LHZ63lj5PUlZ4AaABAg,,0,@Parsimomager,"Eres patético, Diego. Ya deberías de dejar de compartir tus opiniones",2026-01-04T02:13:16Z,2026-01-04T02:13:16Z,4,0,youtube,2026-04-05T13:39:49.176774
2I6B6QSY7AA,Diego Ruzzarin,Conocí al dictador más raro del mundo.,es,Baja,Ugy_o1x8tISs5-nSvVl4AaABAg,,0,@liliumyeye,jajajajaa que subnormal Ruzzarin,2026-01-04T02:07:23Z,2026-01-04T02:07:23Z,0,0,youtube,2026-04-05T13:39:49.176777
2I6B6QSY7AA,Diego Ruzzarin,Conocí al dictador más raro del mundo.,es,Baja,UgyJpsDO6gQdjxGyuZ14AaABAg,,0,@jerryquiroz5034,Este video se fue a la ñonga,2026-01-04T02:04:24Z,2026-01-04T02:04:24Z,4,0,youtube,2026-04-05T13:39:49.176779
2I6B6QSY7AA,Diego Ruzzarin,Conocí al dictador más raro del mundo.,es,Baja,Ugy_CxzJZ5MoOW__FJd4AaABAg,,0,@hugoland,"Te falta calle en las investaciones si vas como invitado que crees que te van enseñar?? La violencia que el gobierno ejerce😂😂😂😂 más bien lo que les conviene, ojalá USA te encarcele",2026-01-04T01:58:54Z,2026-01-04T06:07:24Z,1,0,youtube,2026-04-05T13:39:49.176781
2I6B6QSY7AA,Diego Ruzzarin,Conocí al dictador más raro del mundo.,es,Baja,Ugwq-8e2UduBPDyAdfp4AaABAg,,0,@miguelangelreyes-m4c,"No se preocupen,  ya esta preso 😂",2026-01-04T01:45:16Z,2026-01-04T01:45:16Z,2,0,youtube,2026-04-05T13:39:49.176784
2I6B6QSY7AA,Diego Ruzzarin,Conocí al dictador más raro del mundo.,es,Baja,UgxHuxCmGjHXNYCq2Y14AaABAg,,0,@mauriciovargascruz805esises,Ya sabes la nueva 😂,2026-01-04T01:44:57Z,2026-01-04T01:44:57Z,0,0,youtube,2026-04-05T13:39:49.176786
2I6B6QSY7AA,Diego Ruzzarin,Conocí al dictador más raro del mundo.,es,Baja,UgyKQkOplvf-RB7EKU94AaABAg,,0,@allengutierrezgomez690,Un comunicador responsable Diego? Jajaja tremendo payaso,2026-01-04T01:42:35Z,2026-01-04T01:42:35Z,2,0,youtube,2026-04-05T13:39:49.176788
2I6B6QSY7AA,Diego Ruzzarin,Conocí al dictador más raro del mundo.,es,Baja,UgwvgY_RRSGyDTY-zu14AaABAg,,0,@samuelacosta8903,Yo vine buscando la entrevista a maduro pero no la encuentro eso está muy estético contingente,2026-01-04T01:35:41Z,2026-01-04T01:35:41Z,2,2,youtube,2026-04-05T13:39:49.176791
2I6B6QSY7AA,Diego Ruzzarin,Conocí al dictador más raro del mundo.,es,Baja,UgwvgY_RRSGyDTY-zu14AaABAg.ARY0lvfCClNARY2ntlKss9,UgwvgY_RRSGyDTY-zu14AaABAg,1,@Proesky,"Yo tambien la busqué, no sé si la eliminó pero la encontré en otro canal que tiene pocas visitas",2026-01-04T01:53:25Z,2026-01-04T01:53:25Z,2,0,youtube,2026-04-05T13:39:49.176793
2I6B6QSY7AA,Diego Ruzzarin,Conocí al dictador más raro del mundo.,es,Baja,UgwvgY_RRSGyDTY-zu14AaABAg.ARY0lvfCClNARY5SlJV79F,UgwvgY_RRSGyDTY-zu14AaABAg,1,@jhonzuniga7953,La elimino al parecer 😂😂😂😂,2026-01-04T02:16:37Z,2026-01-04T02:16:37Z,2,0,youtube,2026-04-05T13:39:49.176795
2I6B6QSY7AA,Diego Ruzzarin,Conocí al dictador más raro del mundo.,es,Baja,UgxKx2TeX-oKrNKGkr54AaABAg,,0,@Batdoom,"Oye we, ya cayó el narcodictador que tanto defendías JAJAJA",2026-01-04T01:33:45Z,2026-01-04T01:33:45Z,1,0,youtube,2026-04-05T13:39:49.176797
2I6B6QSY7AA,Diego Ruzzarin,Conocí al dictador más raro del mundo.,es,Baja,UgzdyWLaTy5w1YYW7El4AaABAg,,0,@Abner-d3q,"Me imagino el llanto de la basur* de Ruzzarin, al saber que capturaron a su ídolo jajajaja... Que graciosos son lon zurdos.",2026-01-04T01:18:13Z,2026-01-04T01:18:13Z,1,0,youtube,2026-04-05T13:39:49.176800
2I6B6QSY7AA,Diego Ruzzarin,Conocí al dictador más raro del mundo.,es,Baja,Ugw_KXhu1vQXOXC1ECh4AaABAg,,0,@samuelsepulvedaneri3480,"Diego, no vales queso",2026-01-04T00:47:34Z,2026-01-04T00:47:34Z,1,0,youtube,2026-04-05T13:39:49.176802
2I6B6QSY7AA,Diego Ruzzarin,Conocí al dictador más raro del mundo.,es,Baja,UgwLnbDbKWDqgmyp38J4AaABAg,,0,@danielcontreras887,Borralo otto. Borralooooo,2026-01-04T00:46:44Z,2026-01-04T00:46:44Z,0,0,youtube,2026-04-05T13:39:49.176804
2I6B6QSY7AA,Diego Ruzzarin,Conocí al dictador más raro del mundo.,es,Baja,Ugy4pFrHJXGEkRkFEr54AaABAg,,0,@JesusGarcia-gx2nw,"Ridículo el Ruzarrin 😂😂😂. Tiene el ego alto ese chavo, es pseudointelectual y ahora hasta propagandista, dan pena esas generaciones de influencers, habla con palabras complejas que a lo mejor ni el las entiende jajajajaja. Cree saber de filosofia, pero, solo por la superficie, ha de ser de esos que dice que entiende a Kant y a Hegel jajajajaj cuando ni los doctores especialistas en Hegel lo entienden jajajajaja. Solo apantalla a la banda que no esta en el ramo, porque un verdadero especialista en filosofía le diria que se ponga a leer porque no entiende a los autores 😂😂😂😂😂",2026-01-04T00:30:08Z,2026-01-04T00:34:15Z,3,0,youtube,2026-04-05T13:39:49.176806
2I6B6QSY7AA,Diego Ruzzarin,Conocí al dictador más raro del mundo.,es,Baja,UgxSI9ihGURWiUGYiHl4AaABAg,,0,@mxajm8481,Rucerdín,2026-01-04T00:02:16Z,2026-01-04T00:02:16Z,2,0,youtube,2026-04-05T13:39:49.176809
2I6B6QSY7AA,Diego Ruzzarin,Conocí al dictador más raro del mundo.,es,Baja,UgyWS5-S44buDTPp6k54AaABAg,,0,@zesleiter,"No te preocupes Madurin
Lo vas a poder ves en las maritales 😂",2026-01-03T23:13:43Z,2026-01-03T23:13:43Z,7,0,youtube,2026-04-05T13:39:49.176812
2I6B6QSY7AA,Diego Ruzzarin,Conocí al dictador más raro del mundo.,es,Baja,UgziTj7v_JDPpcHIaIl4AaABAg,,0,@JuanLopez-hi4ig,Algún comentario Rosadin ??,2026-01-03T23:09:15Z,2026-01-03T23:09:15Z,4,0,youtube,2026-04-05T13:39:49.176814
2I6B6QSY7AA,Diego Ruzzarin,Conocí al dictador más raro del mundo.,es,Baja,UgyWiq74bWoqlsrw6KF4AaABAg,,0,@kinkifox,Solo vine a recordar cuando se empinó el estéticas contingentes,2026-01-03T23:06:10Z,2026-01-03T23:06:10Z,6,0,youtube,2026-04-05T13:39:49.176816
2I6B6QSY7AA,Diego Ruzzarin,Conocí al dictador más raro del mundo.,es,Baja,UgxZyZOLqMX-Uq3lFzp4AaABAg,,0,@HumbertoSolis-q3l,😂😂😂😂cuanto te pagaron por esa hablada  no es solo de visitar es vivir lo q se vive día con dia,2026-01-03T23:03:30Z,2026-01-03T23:03:30Z,1,0,youtube,2026-04-05T13:39:49.176818
2I6B6QSY7AA,Diego Ruzzarin,Conocí al dictador más raro del mundo.,es,Baja,UgwKleoRlut1VK3YPz94AaABAg,,0,@cervantescervantes8182,"Ya agarraron a tu amigo, que piensas hacer al respecto",2026-01-03T23:01:19Z,2026-01-03T23:01:19Z,3,0,youtube,2026-04-05T13:39:49.176821
2I6B6QSY7AA,Diego Ruzzarin,Conocí al dictador más raro del mundo.,es,Baja,UgwYbKiBbe9f97o6XvN4AaABAg,,0,@alanfernandocash6426,"Jajajaja pinche Diego, eres la mamada.",2026-01-03T22:36:50Z,2026-01-03T22:36:50Z,3,0,youtube,2026-04-05T13:39:49.176823
2I6B6QSY7AA,Diego Ruzzarin,Conocí al dictador más raro del mundo.,es,Baja,UgxGcUodjf4-ZdLdhZt4AaABAg,,0,@angelvilla9585,Hola diego soy yo... Vengo del futuro 😂😂😂😂😂😂😂😂😂😂 adivina que grande es la ironia..,2026-01-03T22:31:14Z,2026-01-03T22:31:14Z,3,0,youtube,2026-04-05T13:39:49.176825
2I6B6QSY7AA,Diego Ruzzarin,Conocí al dictador más raro del mundo.,es,Baja,Ugx_DWRCvVH4SOyXSvx4AaABAg,,0,@mythicreach7660,Lamentable donde acabo esto en la actualidad,2026-01-03T21:23:19Z,2026-01-03T21:23:19Z,1,0,youtube,2026-04-05T13:39:49.176827
2I6B6QSY7AA,Diego Ruzzarin,Conocí al dictador más raro del mundo.,es,Baja,UgzdgLRaYrTd8dsUQox4AaABAg,,0,@Mike97808,"Hoy 3 de enero de 2025 fue capturado Nicolas Maduro, por las fuerzas militares de estados unidos.❤ 

Grande Trump ❤

Venezuela libre de Socialismo. 😊",2026-01-03T20:39:08Z,2026-01-03T20:39:31Z,5,0,youtube,2026-04-05T13:39:49.176829
2I6B6QSY7AA,Diego Ruzzarin,Conocí al dictador más raro del mundo.,es,Baja,Ugx6gavM4TGhcgEZdPV4AaABAg,,0,@Proesky,"Seguía tus vídeos a partir de la papeada a Carlos Muñoz, pero resultaste ser peor que él, te fuiste por la tangente y empezaste a apoyar a Maduro, no dudo que seas una persona con mucho conocimiento, pero hasta alguien tan ignorante como Espartaco18 no congenia con tus ideas y es en lo único que estoy de acuerdo, 🤡",2026-01-03T20:27:19Z,2026-01-03T20:27:19Z,2,0,youtube,2026-04-05T13:39:49.176831
2I6B6QSY7AA,Diego Ruzzarin,Conocí al dictador más raro del mundo.,es,Baja,Ugw0VM48sE-R3VYh31t4AaABAg,,0,@ABCDDCBAAB,Gran video muchacho... Ya te pareces a tu compadre Carlos Muñoz,2026-01-03T20:21:08Z,2026-01-03T20:21:31Z,6,0,youtube,2026-04-05T13:39:49.176833
2I6B6QSY7AA,Diego Ruzzarin,Conocí al dictador más raro del mundo.,es,Baja,Ugz76jXKe3dE6lStW354AaABAg,,0,@gabrieltoc3240,Vengo del futuro. Ha caído el dictador más raro del mundo 😂😂😂😂,2026-01-03T20:13:43Z,2026-01-03T20:13:43Z,795,28,youtube,2026-04-05T13:39:49.176836
2I6B6QSY7AA,Diego Ruzzarin,Conocí al dictador más raro del mundo.,es,Baja,Ugz76jXKe3dE6lStW354AaABAg.ARXRvlEESazARZIhIg8eSM,Ugz76jXKe3dE6lStW354AaABAg,1,@ducentibusfatistellusmexicana,"​@DanyGg-c8lse podría decir que ""ha caído"" si de manera orgánica y espontánea la gente se hubiera hartado de su gobierno, pero eso estaba tan lejos de ocurrir que EU debió invadir un país y secuestrar al presidente para que unos súbditos mentales puedan decir que Maduro ""ha caído"".",2026-01-04T13:31:35Z,2026-02-25T05:39:29Z,0,0,youtube,2026-04-05T13:39:49.176838
2I6B6QSY7AA,Diego Ruzzarin,Conocí al dictador más raro del mundo.,es,Baja,Ugz76jXKe3dE6lStW354AaABAg.ARXRvlEESazAR_iR8k6Rtx,Ugz76jXKe3dE6lStW354AaABAg,1,@b787quetzalcoatl,Y tu me la chupaste bien rick bot 🤣🤣🤣🤣,2026-01-05T02:44:24Z,2026-01-05T02:44:24Z,5,0,youtube,2026-04-05T13:39:49.176840
2I6B6QSY7AA,Diego Ruzzarin,Conocí al dictador más raro del mundo.,es,Baja,Ugz76jXKe3dE6lStW354AaABAg.ARXRvlEESazAR_pYTiIyhi,Ugz76jXKe3dE6lStW354AaABAg,1,@maxberg-ij7dn,lo secuestraron los terroristas quedras decir mijo,2026-01-05T03:46:34Z,2026-01-05T03:46:34Z,8,0,youtube,2026-04-05T13:39:49.176842
2I6B6QSY7AA,Diego Ruzzarin,Conocí al dictador más raro del mundo.,es,Baja,Ugz76jXKe3dE6lStW354AaABAg.ARXRvlEESazARaUbeiLUj3,Ugz76jXKe3dE6lStW354AaABAg,1,@carlosquintana6032,​​@maxberg-ij7dntu descocada  madre fue quise decir pt,2026-01-05T09:54:09Z,2026-01-05T09:54:09Z,0,0,youtube,2026-04-05T13:39:49.176844
2I6B6QSY7AA,Diego Ruzzarin,Conocí al dictador más raro del mundo.,es,Baja,Ugz76jXKe3dE6lStW354AaABAg.ARXRvlEESazARaXTU5B788,Ugz76jXKe3dE6lStW354AaABAg,1,@cabroncitoist,Jajajajjajaja,2026-01-05T10:19:06Z,2026-01-05T10:19:06Z,4,0,youtube,2026-04-05T13:39:49.176845
2I6B6QSY7AA,Diego Ruzzarin,Conocí al dictador más raro del mundo.,es,Baja,UgwA8PV_lsR6kHgHDhl4AaABAg,,0,@alfonsoortiz7212,"Una vergüenza oír a este tío hablar, da vergüenza ajena.",2026-01-03T20:11:12Z,2026-01-03T20:11:12Z,3,0,youtube,2026-04-05T13:39:49.176847
2I6B6QSY7AA,Diego Ruzzarin,Conocí al dictador más raro del mundo.,es,Baja,UgzaPia64Sn14cuaxcd4AaABAg,,0,@joseeduardo1992_.1,No eran ni llegaron hacer socialistas 03/01/2026,2026-01-03T20:08:27Z,2026-01-03T20:08:27Z,1,0,youtube,2026-04-05T13:39:49.176850
2I6B6QSY7AA,Diego Ruzzarin,Conocí al dictador más raro del mundo.,es,Baja,UgyR4qceROF1jHkHDIJ4AaABAg,,0,@arcanicidio,Cayó tu ídolo. A llorar al río.,2026-01-03T20:02:59Z,2026-01-03T20:02:59Z,11,0,youtube,2026-04-05T13:39:49.176852
2I6B6QSY7AA,Diego Ruzzarin,Conocí al dictador más raro del mundo.,es,Baja,Ugx3Wt09XgeQ3-OXNiJ4AaABAg,,0,@DisturbardEspañol,"Que tranza Octavio, ya viste el desmadre en el que se metió tu perro?",2026-01-03T19:38:20Z,2026-01-03T19:38:20Z,6,0,youtube,2026-04-05T13:39:49.176854
2I6B6QSY7AA,Diego Ruzzarin,Conocí al dictador más raro del mundo.,es,Baja,Ugzr3H5BAbRMkiF7vIp4AaABAg,,0,@kairoward7738,esto envejeció muy mal jajajaaja miles de venezolanos que sufrieron trajedias por culpa de ese maldito chavista,2026-01-03T19:30:55Z,2026-01-03T19:30:55Z,1,0,youtube,2026-04-05T13:39:49.176856
2I6B6QSY7AA,Diego Ruzzarin,Conocí al dictador más raro del mundo.,es,Baja,Ugwpq9hZeU-pW7WTS7J4AaABAg,,0,@cristianvillagrana5059,Feliz 2026 Nicolas Maduro,2026-01-03T19:02:41Z,2026-01-03T19:02:41Z,5,0,youtube,2026-04-05T13:39:49.176858
2I6B6QSY7AA,Diego Ruzzarin,Conocí al dictador más raro del mundo.,es,Baja,UgwZsEp3dsm56aDu_rd4AaABAg,,0,@elmoradordelrefugio8910,"Tu y Maduro shinguen a su madre, aguante Estados Unidos CARAJO!!!",2026-01-03T18:49:19Z,2026-01-03T18:49:19Z,3,0,youtube,2026-04-05T13:39:49.176860
2I6B6QSY7AA,Diego Ruzzarin,Conocí al dictador más raro del mundo.,es,Baja,UgwysRvyqEhxfGjV-vx4AaABAg,,0,@alfredor.4574,YA CAYÓ TU DICTADOR SIMPÁTICO,2026-01-03T18:44:42Z,2026-01-03T18:44:42Z,2,0,youtube,2026-04-05T13:39:49.176862
2I6B6QSY7AA,Diego Ruzzarin,Conocí al dictador más raro del mundo.,es,Baja,UgyHGV7g_eMlg98tA-d4AaABAg,,0,@josalcocer7162,"Creo que sigue sin darse cuenta que ha perdido credibilidad y solo da risa... 


En vdd que vergüenza este tipo.",2026-01-03T18:33:49Z,2026-01-03T18:33:49Z,2,0,youtube,2026-04-05T13:39:49.176864
2I6B6QSY7AA,Diego Ruzzarin,Conocí al dictador más raro del mundo.,es,Baja,Ugx6gFI0t1HMDBsZHJ54AaABAg,,0,@AlcyonePleyades-45,No sabia que Ruzzarin era comediante,2026-01-03T18:32:27Z,2026-01-03T18:32:27Z,1,0,youtube,2026-04-05T13:39:49.982547
2I6B6QSY7AA,Diego Ruzzarin,Conocí al dictador más raro del mundo.,es,Baja,UgxsvksLFi4dAhI_AGt4AaABAg,,0,@AlcyonePleyades-45,XD,2026-01-03T18:31:56Z,2026-01-03T18:31:56Z,0,0,youtube,2026-04-05T13:39:49.982566
2I6B6QSY7AA,Diego Ruzzarin,Conocí al dictador más raro del mundo.,es,Baja,UgxNgNKqIovsgZkWc494AaABAg,,0,@antoniortiz,Vengo antes de que lo borre,2026-01-03T18:03:51Z,2026-01-03T18:03:51Z,24,1,youtube,2026-04-05T13:39:49.982572
2I6B6QSY7AA,Diego Ruzzarin,Conocí al dictador más raro del mundo.,es,Baja,UgxNgNKqIovsgZkWc494AaABAg.ARXD3_2zUmLARXGzYeTPj3,UgxNgNKqIovsgZkWc494AaABAg,1,@dvasiagg,Mejor descargalo,2026-01-03T18:38:07Z,2026-01-03T18:38:07Z,4,0,youtube,2026-04-05T13:39:49.982581
2I6B6QSY7AA,Diego Ruzzarin,Conocí al dictador más raro del mundo.,es,Baja,UgxCEhRg2I17ryB5hix4AaABAg,,0,@karloskamposs,Solo vine a reirme,2026-01-03T17:59:32Z,2026-01-03T17:59:32Z,9,0,youtube,2026-04-05T13:39:49.982586
2I6B6QSY7AA,Diego Ruzzarin,Conocí al dictador más raro del mundo.,es,Baja,UgyNtG17JFFH2tgGZbB4AaABAg,,0,@ElSrFeynman,"Pues llegaste con vergüenza al futuro, ya capturaron a tu ídolo. Nunca aplicaste lo que dijiste",2026-01-03T17:56:24Z,2026-01-03T17:56:24Z,9,0,youtube,2026-04-05T13:39:49.982591
2I6B6QSY7AA,Diego Ruzzarin,Conocí al dictador más raro del mundo.,es,Baja,UgwZddvfyCLooDX8NiR4AaABAg,,0,@Alfaroz13,"Ojalá maduro hable de cuando te contrato, si tato te gusta el comunismo que haces en México?",2026-01-03T17:43:31Z,2026-01-03T17:43:31Z,4,0,youtube,2026-04-05T13:39:49.982596
2I6B6QSY7AA,Diego Ruzzarin,Conocí al dictador más raro del mundo.,es,Baja,Ugx8FIsOtwealAnv4kF4AaABAg,,0,@rodrigarcia1411,¿Ya te despediste del dictador más raro del mundo? 😂🤣,2026-01-03T17:27:14Z,2026-01-03T17:27:14Z,5,0,youtube,2026-04-05T13:39:49.982601
2I6B6QSY7AA,Diego Ruzzarin,Conocí al dictador más raro del mundo.,es,Baja,UgwKpLVmMYnRObPn_ZZ4AaABAg,,0,@hugoaguilargomez4902,Jajajaja jajajaja,2026-01-03T17:16:40Z,2026-01-03T17:16:40Z,2,0,youtube,2026-04-05T13:39:49.982606
2I6B6QSY7AA,Diego Ruzzarin,Conocí al dictador más raro del mundo.,es,Baja,Ugx3PzsjMxlOKqk6noZ4AaABAg,,0,@GabrielAlvarez-t2z,No disimulas la plata que te pagaron para dar una visión favorable de Maburro 😂,2026-01-03T17:14:47Z,2026-01-03T17:14:47Z,7,0,youtube,2026-04-05T13:39:49.982611
2I6B6QSY7AA,Diego Ruzzarin,Conocí al dictador más raro del mundo.,es,Baja,UgwMtg7tRT-JrPYdLV54AaABAg,,0,@stefanomorales1204,JAJAJAJAJAJAJAJAJAJAJAJAJAJAJAJAJAJA,2026-01-03T17:11:53Z,2026-01-03T17:11:53Z,3,0,youtube,2026-04-05T13:39:49.982616
2I6B6QSY7AA,Diego Ruzzarin,Conocí al dictador más raro del mundo.,es,Baja,Ugxrf2ziw8rTVkQIh4R4AaABAg,,0,@bii3175,"Maduro capturado, lloralo chavista.",2026-01-03T16:59:57Z,2026-01-03T16:59:57Z,5,0,youtube,2026-04-05T13:39:49.982622
2I6B6QSY7AA,Diego Ruzzarin,Conocí al dictador más raro del mundo.,es,Baja,UgylXmLLs-MXzUmlgiF4AaABAg,,0,@eljuezcesar,como se etiqueta a trump para que venga por este vato junto con sheinbaum y amlo?,2026-01-03T16:58:00Z,2026-01-03T16:58:00Z,10,0,youtube,2026-04-05T13:39:49.982627
2I6B6QSY7AA,Diego Ruzzarin,Conocí al dictador más raro del mundo.,es,Baja,Ugzn56xNQ49P3pL0XUd4AaABAg,,0,@SuperBearxDDD,😂,2026-01-03T16:55:36Z,2026-01-03T16:55:36Z,2,0,youtube,2026-04-05T13:39:49.982632
2I6B6QSY7AA,Diego Ruzzarin,Conocí al dictador más raro del mundo.,es,Baja,UgxKbPor8Vv0yHPJlUJ4AaABAg,,0,@ElWeyDeGorra,Me pregunto qué estará pensando ruzzarín sobre los acontecimientos recientes…,2026-01-03T16:33:56Z,2026-01-03T16:33:56Z,18,1,youtube,2026-04-05T13:39:49.982637
2I6B6QSY7AA,Diego Ruzzarin,Conocí al dictador más raro del mundo.,es,Baja,UgxKbPor8Vv0yHPJlUJ4AaABAg.ARX2m0dy5sxARbsuI_bsUg,UgxKbPor8Vv0yHPJlUJ4AaABAg,1,@jeffreyvargas4637,El compa tiene el ego muy elevado para reconocer que se  equivocó,2026-01-05T22:54:23Z,2026-01-05T22:54:23Z,2,0,youtube,2026-04-05T13:39:49.982641
2I6B6QSY7AA,Diego Ruzzarin,Conocí al dictador más raro del mundo.,es,Baja,UgzLOHO9ZVc99xGMsQ54AaABAg,,0,@victorpontigo539,"Anda dejarle cigarros a tu héroe de
Maduro jajajjajajajajaajajajjajaqj😂😂😂😂",2026-01-03T16:00:34Z,2026-01-03T16:00:34Z,7,0,youtube,2026-04-05T13:39:49.982646
2I6B6QSY7AA,Diego Ruzzarin,Conocí al dictador más raro del mundo.,es,Baja,Ugwsprq6KB5CAYwHjSZ4AaABAg,,0,@jovanihernandezsantana5193,"Y volviste a llegar con vergüenza mi diego, viviste lo suficiente y te conversite en villano xd",2026-01-03T15:39:48Z,2026-01-03T15:39:48Z,8,0,youtube,2026-04-05T13:39:49.982650
2I6B6QSY7AA,Diego Ruzzarin,Conocí al dictador más raro del mundo.,es,Baja,UgwHPqKvAgAFRGxL1Xx4AaABAg,,0,@gyozafreak,Este envejeció peor que la leche,2026-01-03T15:22:56Z,2026-01-03T15:22:56Z,11,0,youtube,2026-04-05T13:39:49.982656
2I6B6QSY7AA,Diego Ruzzarin,Conocí al dictador más raro del mundo.,es,Baja,Ugxc1onblpcOZt5NkBx4AaABAg,,0,@DON_CHAPA,JAJAJAJAAJAJ SE LE CAYO,2026-01-03T15:17:41Z,2026-01-03T15:17:41Z,23,0,youtube,2026-04-05T13:39:49.982661
2I6B6QSY7AA,Diego Ruzzarin,Conocí al dictador más raro del mundo.,es,Baja,UgzF7Ol22B8YDA36xxZ4AaABAg,,0,@Mrchaos4048,"Diego…porque crees lo que crees?

Te olvidaste de esa reflexion",2026-01-03T15:05:14Z,2026-01-03T15:05:14Z,7,0,youtube,2026-04-05T13:39:49.982665
2I6B6QSY7AA,Diego Ruzzarin,Conocí al dictador más raro del mundo.,es,Baja,Ugxeg-YbKmQP1C9LRZR4AaABAg,,0,@TheMarcusMaD,Y que capturan hoy a Maduro 😂,2026-01-03T14:24:03Z,2026-01-03T14:24:03Z,6,0,youtube,2026-04-05T13:39:49.982669
2I6B6QSY7AA,Diego Ruzzarin,Conocí al dictador más raro del mundo.,es,Baja,UgyqlRFVUISnopidyr14AaABAg,,0,@pedroangel4078,Acaban de agarrar a tu dictador.,2026-01-03T13:56:26Z,2026-01-03T13:56:26Z,11,0,youtube,2026-04-05T13:39:49.982675
2I6B6QSY7AA,Diego Ruzzarin,Conocí al dictador más raro del mundo.,es,Baja,UgyZ3KR0f-fa5vLzajl4AaABAg,,0,@betorivero78,Ojalá te capturen también 😅😅😅,2026-01-03T10:45:31Z,2026-01-03T10:45:31Z,135,1,youtube,2026-04-05T13:39:49.982679
2I6B6QSY7AA,Diego Ruzzarin,Conocí al dictador más raro del mundo.,es,Baja,UgyZ3KR0f-fa5vLzajl4AaABAg.ARWQuAPv9oBARZzONSnXUb,UgyZ3KR0f-fa5vLzajl4AaABAg,1,@leonroblox1917,Ya lo capturaron con su colección de motos 😂,2026-01-04T19:53:20Z,2026-01-04T19:53:20Z,4,0,youtube,2026-04-05T13:39:49.982684
2I6B6QSY7AA,Diego Ruzzarin,Conocí al dictador más raro del mundo.,es,Baja,Ugw548i2uCFbrppkLJd4AaABAg,,0,@HeyFren,Vine solo a reírme porque acaban de capturar a tu ídolo JAJAJAJAJA 🇺🇸🇺🇸🇺🇸🇺🇸🇺🇸,2026-01-03T10:03:02Z,2026-01-03T10:03:02Z,912,38,youtube,2026-04-05T13:39:49.982688
2I6B6QSY7AA,Diego Ruzzarin,Conocí al dictador más raro del mundo.,es,Baja,Ugw548i2uCFbrppkLJd4AaABAg.ARWM20xqsMuARXEVaS9D4P,Ugw548i2uCFbrppkLJd4AaABAg,1,@Luis-t6o8n,Y?,2026-01-03T18:16:25Z,2026-01-03T18:16:25Z,3,0,youtube,2026-04-05T13:39:49.982692
2I6B6QSY7AA,Diego Ruzzarin,Conocí al dictador más raro del mundo.,es,Baja,Ugw548i2uCFbrppkLJd4AaABAg.ARWM20xqsMuARXPdOZLI_t,Ugw548i2uCFbrppkLJd4AaABAg,1,@TheRavermusic,​@Luis-t6o8nY se lo cargo la chingada jajajja,2026-01-03T19:53:44Z,2026-01-03T19:53:44Z,2,0,youtube,2026-04-05T13:39:49.982696
2I6B6QSY7AA,Diego Ruzzarin,Conocí al dictador más raro del mundo.,es,Baja,Ugw548i2uCFbrppkLJd4AaABAg.ARWM20xqsMuARXRxUK-5hM,Ugw548i2uCFbrppkLJd4AaABAg,1,@gaelmunozpadron2524,"Dónde dijo que es su ídolo? JAJAJAJA solo visito el país y dijo lo vio, no te la mames jajajajajaja",2026-01-03T20:13:57Z,2026-01-03T20:13:57Z,10,0,youtube,2026-04-05T13:39:49.982700
2I6B6QSY7AA,Diego Ruzzarin,Conocí al dictador más raro del mundo.,es,Baja,Ugw548i2uCFbrppkLJd4AaABAg.ARWM20xqsMuARXbMY4UG6x,Ugw548i2uCFbrppkLJd4AaABAg,1,@miguelmedrano940,😂😂😂😂😂😂 ya no habrá quien le arroje migajas,2026-01-03T21:44:53Z,2026-01-03T21:44:53Z,53,0,youtube,2026-04-05T13:39:49.982704
2I6B6QSY7AA,Diego Ruzzarin,Conocí al dictador más raro del mundo.,es,Baja,Ugw548i2uCFbrppkLJd4AaABAg.ARWM20xqsMuARXtBoVtWhQ,Ugw548i2uCFbrppkLJd4AaABAg,1,@luisfenixmusic1240,😂,2026-01-04T00:20:42Z,2026-01-04T00:20:42Z,7,0,youtube,2026-04-05T13:39:49.982712
2I6B6QSY7AA,Diego Ruzzarin,Conocí al dictador más raro del mundo.,es,Baja,Ugxc1vOLSFs73AqPgvB4AaABAg,,0,@CristianGomez-c6g,"Un par de cosas medio raras ,creo que se refiere a un par de billetes",2026-01-02T14:26:38Z,2026-01-02T14:26:38Z,1,0,youtube,2026-04-05T13:39:49.982717
2I6B6QSY7AA,Diego Ruzzarin,Conocí al dictador más raro del mundo.,es,Baja,Ugz9TaA7FELAAbeTBf94AaABAg,,0,@PabloCarmona-m2r,Jomrron de ninolAs❤❤❤❤❤,2026-01-01T04:53:51Z,2026-01-01T04:53:51Z,0,0,youtube,2026-04-05T13:39:49.982722
2I6B6QSY7AA,Diego Ruzzarin,Conocí al dictador más raro del mundo.,es,Baja,UgyYkIWCx8INExGh2wZ4AaABAg,,0,@reguloalvarez5447,"Por favor, debemos gritar a los cuatro vientos, sin miedo, que EE.UU es un estado TERRORISTA.",2026-01-01T02:42:17Z,2026-01-01T02:42:17Z,1,1,youtube,2026-04-05T13:39:49.982727
2I6B6QSY7AA,Diego Ruzzarin,Conocí al dictador más raro del mundo.,es,Baja,UgyYkIWCx8INExGh2wZ4AaABAg.ARQQ00MOqWvARWtLc2Zyhc,UgyYkIWCx8INExGh2wZ4AaABAg,1,@oscardelangel1895,hahahahahha gritalo!!!,2026-01-03T15:02:48Z,2026-01-03T15:02:48Z,1,0,youtube,2026-04-05T13:39:49.982731
2I6B6QSY7AA,Diego Ruzzarin,Conocí al dictador más raro del mundo.,es,Baja,UgwB189-B-FB-bJwcqd4AaABAg,,0,@vladimiremerioperezmata1245,"Diego, todo el que se opone a la lógica imperial se convierte en dictador para los medios de comunicación dominantes.",2025-12-26T06:24:30Z,2025-12-26T06:24:30Z,0,0,youtube,2026-04-05T13:39:49.982736
2I6B6QSY7AA,Diego Ruzzarin,Conocí al dictador más raro del mundo.,es,Baja,Ugw8ndWOELe5TAO1GnV4AaABAg,,0,@mariob.g.ressiniordonez4909,LAMEBOLAS DE SEMEJANTE REPRESOR,2025-12-26T04:36:22Z,2025-12-26T04:36:22Z,7,0,youtube,2026-04-05T13:39:49.982740
2I6B6QSY7AA,Diego Ruzzarin,Conocí al dictador más raro del mundo.,es,Baja,UgyP52w2flg8NoNZw654AaABAg,,0,@RAPELHOMBREDELOVEROL1982,Buen día!! Gracias por compartir!! Excelente programa!! 🇲🇽💪✊✌️,2025-12-24T13:07:00Z,2025-12-24T13:07:00Z,0,0,youtube,2026-04-05T13:39:49.982745
2I6B6QSY7AA,Diego Ruzzarin,Conocí al dictador más raro del mundo.,es,Baja,UgzsTGaZqrk2QE77HbB4AaABAg,,0,@RodneyPineda-qp3qo,Creo que te paso un billete raro es que despuej de recibir esa plata hables mal de el rataaaa,2025-12-23T10:50:30Z,2025-12-23T10:50:30Z,1,0,youtube,2026-04-05T13:39:49.982750
2I6B6QSY7AA,Diego Ruzzarin,Conocí al dictador más raro del mundo.,es,Baja,UgwdbLUED1zktaXrw_t4AaABAg,,0,@sergiordgz1000,Que decepción con este video de Ruzzarin.,2025-12-22T02:07:06Z,2025-12-22T02:07:06Z,3,0,youtube,2026-04-05T13:39:49.982754
2I6B6QSY7AA,Diego Ruzzarin,Conocí al dictador más raro del mundo.,es,Baja,UgyXPNHJ3LxsAzXNfmV4AaABAg,,0,@GGateway,Indefendible.,2025-12-21T16:44:59Z,2025-12-21T16:44:59Z,1,0,youtube,2026-04-05T13:39:49.982759
2I6B6QSY7AA,Diego Ruzzarin,Conocí al dictador más raro del mundo.,es,Baja,Ugw_AgQYSnVa9B2OO3Z4AaABAg,,0,@PabloMereles-p9s,Aguante Diego,2025-12-21T10:22:44Z,2025-12-21T10:22:44Z,0,0,youtube,2026-04-05T13:39:49.982764
2I6B6QSY7AA,Diego Ruzzarin,Conocí al dictador más raro del mundo.,es,Baja,Ugyh1gamTAFIDuJ6B8t4AaABAg,,0,@victorraullopezdelgadillo7004,"Voy a defender a Diego
Aunque no parezca Maduro sigue teniendo simpatizantes y seguidores",2025-12-21T04:00:54Z,2025-12-21T04:00:54Z,0,0,youtube,2026-04-05T13:39:49.982769
2I6B6QSY7AA,Diego Ruzzarin,Conocí al dictador más raro del mundo.,es,Baja,UgzTvgjsEmFhj5EHlaR4AaABAg,,0,@Noa-db5zt,"Qué padre tu experiencia, Diego. Bravo por ser un profesional en lo que haces.",2025-12-20T14:29:48Z,2025-12-20T14:29:48Z,0,0,youtube,2026-04-05T13:39:49.982773
2I6B6QSY7AA,Diego Ruzzarin,Conocí al dictador más raro del mundo.,es,Baja,UgzsKmmaeW0x27fR6Zx4AaABAg,,0,@rogercastillo7730,Y pensar que un dia pense (por fin un youtuber inteligente) y resultaste ser peor porque mientras miles suben videos haciendo estupideces en you tube tu asumiste el roll de ser un estupid0 por obtener $$ sucio de políticos corruptos que viven de pisar a sus países esta clara tu estrategia de subirte al tren de los gobiernos socialistas buscando ser un hijo consentido de morena pero tu mismo tiraste tu poco legado que habias construido al justamente tirar pseudo influencers estafadores y asi te volviste el villano de una historia,2025-12-15T19:46:33Z,2025-12-15T19:46:33Z,5,1,youtube,2026-04-05T13:39:49.982777
2I6B6QSY7AA,Diego Ruzzarin,Conocí al dictador más raro del mundo.,es,Baja,UgzsKmmaeW0x27fR6Zx4AaABAg.AQlTi9B5gUPAQzEHN_w_r-,UgzsKmmaeW0x27fR6Zx4AaABAg,1,@victorraullopezdelgadillo7004,😂😂😂,2025-12-21T04:01:03Z,2025-12-21T04:01:03Z,1,0,youtube,2026-04-05T13:39:49.982781
2I6B6QSY7AA,Diego Ruzzarin,Conocí al dictador más raro del mundo.,es,Baja,UgzS32-ABGn7IHuCm7h4AaABAg,,0,@mishinka0007,Les falta calle dice jajajaj que no se te ocurra pisar Cuba so singao mamalón. Tu también estás en la lista de gente que tiene que pagar por los destrozos del comunismo,2025-12-15T14:15:32Z,2025-12-15T14:15:32Z,1,0,youtube,2026-04-05T13:39:49.982784
2I6B6QSY7AA,Diego Ruzzarin,Conocí al dictador más raro del mundo.,es,Baja,UgzXz3epJKLANfqwCod4AaABAg,,0,@mishinka0007,"Que idiota éste chico. La ironía que usa para decir que Maduro no es un dictador está a la altura de la mas alta estupidez. ""La gente lo saludaba y le daba cartas en campaña"" Dictadores cómo Hitler, Pinochet y Musolinni también tenían fanáticos tan o más tontos que tú que también los adoraban y eso no los exonera de culpa. Hay que ser no sólo idiota pero cobarde para pensar así.",2025-12-15T14:10:36Z,2025-12-15T14:10:36Z,1,0,youtube,2026-04-05T13:39:49.982789
2I6B6QSY7AA,Diego Ruzzarin,Conocí al dictador más raro del mundo.,es,Baja,UgyYu3uDeEn22Orx9IJ4AaABAg,,0,@CarlosRodriguez-w5t,Qué tipo más desagradable este tipo. Defendiendo a un dictador manchado de Sangre.,2025-12-11T07:49:58Z,2025-12-11T07:49:58Z,1,0,youtube,2026-04-05T13:39:49.982793
2I6B6QSY7AA,Diego Ruzzarin,Conocí al dictador más raro del mundo.,es,Baja,UgwdUxyY5Ql_zgla8N94AaABAg,,0,@arsup7456,Que asco da este mae,2025-12-10T14:31:51Z,2025-12-10T14:31:51Z,1,0,youtube,2026-04-05T13:39:49.982797
2I6B6QSY7AA,Diego Ruzzarin,Conocí al dictador más raro del mundo.,es,Baja,UgzByYcANziSEnLxZIJ4AaABAg,,0,@Santiagoarango1994,Que asco de tipo,2025-12-10T04:22:51Z,2025-12-10T04:22:51Z,1,0,youtube,2026-04-05T13:39:49.982801
2I6B6QSY7AA,Diego Ruzzarin,Conocí al dictador más raro del mundo.,es,Baja,UgwRcP44atqEV0-Gr8N4AaABAg,,0,@arturocaldino6468,Qpdo we,2025-12-07T03:35:44Z,2025-12-07T03:35:44Z,0,0,youtube,2026-04-05T13:39:49.982805
2I6B6QSY7AA,Diego Ruzzarin,Conocí al dictador más raro del mundo.,es,Baja,UgxtgRX_yzBu9ggY8jh4AaABAg,,0,@deidadmc9142,Defendía a terroristas 😂😂😂😂 maduro está amenazado por EEUU y cuba para desvivirlor.,2025-12-06T02:11:56Z,2025-12-06T02:11:56Z,1,0,youtube,2026-04-05T13:39:49.982809
2I6B6QSY7AA,Diego Ruzzarin,Conocí al dictador más raro del mundo.,es,Baja,Ugz0JaMg3qOV8-n_5sV4AaABAg,,0,@luismarquezgallardo5009,"Como c Nota que Este ""Guebon"" No Vive Alla'?-(En Venezuela!)??",2025-12-05T17:06:27Z,2025-12-05T17:06:59Z,1,0,youtube,2026-04-05T13:39:49.982813
2I6B6QSY7AA,Diego Ruzzarin,Conocí al dictador más raro del mundo.,es,Baja,UgwED1lin6O6goSsuVV4AaABAg,,0,@renatoburneo,"Ruzzarin: Maduro eres socialista?
Maduro: No
Ruzzarin: ok te creo",2025-12-02T08:44:15Z,2025-12-02T08:44:15Z,8,0,youtube,2026-04-05T13:39:49.982816
2I6B6QSY7AA,Diego Ruzzarin,Conocí al dictador más raro del mundo.,es,Baja,Ugw8Vblll_avYHH0rhB4AaABAg,,0,@davocontrecarv,Fui con maduro y me dijo que no era socialista ni dictador que raro no?,2025-12-01T22:56:09Z,2025-12-01T22:56:09Z,1,0,youtube,2026-04-05T13:39:49.982821
2I6B6QSY7AA,Diego Ruzzarin,Conocí al dictador más raro del mundo.,es,Baja,UgwCsBdi2U7Xv6DqLwJ4AaABAg,,0,@JglHernandez-cy2gr,😂 ruzzarin cuando te pago maduro . Por publicidad  mínimo el viaje y hospedaje y viáticos te pago maduro luego de la cromaste en vivo 😮 en el podcast😅. Deja de mentir a tus suscriptores ya vas muchas veces mintiendo sobre varios temas 😅,2025-11-30T04:32:24Z,2025-11-30T04:34:31Z,3,0,youtube,2026-04-05T13:39:49.982825
2I6B6QSY7AA,Diego Ruzzarin,Conocí al dictador más raro del mundo.,es,Baja,UgxvhyYMp54aJijaiQ14AaABAg,,0,@jkaka4750,Hay denunciare por promocion del terrorismo,2025-11-29T17:08:54Z,2025-11-29T17:08:54Z,4,0,youtube,2026-04-05T13:39:49.982829
2I6B6QSY7AA,Diego Ruzzarin,Conocí al dictador más raro del mundo.,es,Baja,Ugx83pozy3xIplBXW8Z4AaABAg,,0,@PSSICO,"De cuantos millone$$$$  fue este video?? Tengo entendido que ""masBurro"" le paga bien a los ""sicópatas"" quienes lo Defienden$$$$$$$!!!",2025-11-28T20:39:40Z,2025-11-28T20:40:18Z,5,0,youtube,2026-04-05T13:39:49.982833
2I6B6QSY7AA,Diego Ruzzarin,Conocí al dictador más raro del mundo.,es,Baja,UgwWSGl7q48dUsc6jcN4AaABAg,,0,@enriquegalvez2861,"Preguntales a los mas de 8 millones de venezolanos que se han visto obligados a dejar sus casas, sus familias, y a las victimas, de los cientos de familia es de presos politicos, sin duda alguna eres defensor de ABRAZOS NO BALASOS, preguntales la opinion de la corrupcion de lo que defiendes en la hermosura de seguridad de TU Pais, a la vida de Carlos Manso",2025-11-26T16:43:13Z,2025-11-26T16:43:13Z,3,0,youtube,2026-04-05T13:39:49.982837
2I6B6QSY7AA,Diego Ruzzarin,Conocí al dictador más raro del mundo.,es,Baja,UgwR_cP7FPq6-A9ah014AaABAg,,0,@miguelsanchezmtz,Lord Hombre de Paja,2025-11-23T20:13:55Z,2025-11-23T20:13:55Z,3,0,youtube,2026-04-05T13:39:49.982841
2I6B6QSY7AA,Diego Ruzzarin,Conocí al dictador más raro del mundo.,es,Baja,UgyJeiBOkLdCH68bubh4AaABAg,,0,@diegochanamebaca4155,Con un video borró lo que hizo en todo su canal,2025-11-23T18:02:38Z,2025-11-23T18:02:38Z,3,0,youtube,2026-04-05T13:39:49.982845
2I6B6QSY7AA,Diego Ruzzarin,Conocí al dictador más raro del mundo.,es,Baja,UgxhNDR2QMtJ8acAq9x4AaABAg,,0,@berthareyes8768,Tienes que vivir en Venezuela para que tus opiniones den un giro completo,2025-11-23T17:17:58Z,2025-11-23T17:17:58Z,3,1,youtube,2026-04-05T13:39:49.982848
2I6B6QSY7AA,Diego Ruzzarin,Conocí al dictador más raro del mundo.,es,Baja,UgxhNDR2QMtJ8acAq9x4AaABAg.APsZDkWSgcRAQ1cGMOKold,UgxhNDR2QMtJ8acAq9x4AaABAg,1,@sebastianvillavicencio836,o Cuba,2025-11-27T15:05:41Z,2025-11-27T15:05:41Z,0,0,youtube,2026-04-05T13:39:49.982852
2I6B6QSY7AA,Diego Ruzzarin,Conocí al dictador más raro del mundo.,es,Baja,UgyXK6XjxyXslu0fVF94AaABAg,,0,@YeisonSerrano,"10K de bots dándole la razón. Probablemente gente que cobra bonos del gobierno, agachados.
Y mi país cada vez mas y mas en la mielda, quizás nos lo merecemos.",2025-11-23T14:49:51Z,2025-11-23T14:49:51Z,3,0,youtube,2026-04-05T13:39:49.982856
2I6B6QSY7AA,Diego Ruzzarin,Conocí al dictador más raro del mundo.,es,Baja,Ugx3F3kvynLNarKnxZ94AaABAg,,0,@RobertoAdolfoH,"Carlos manzo vive, México no olvida 🇲🇽🫂",2025-11-23T07:13:53Z,2025-11-23T07:13:53Z,3,0,youtube,2026-04-05T13:39:49.982860
2I6B6QSY7AA,Diego Ruzzarin,Conocí al dictador más raro del mundo.,es,Baja,UgyxLBcvEdBsfzLMgrJ4AaABAg,,0,@mckurgan,Este video debería mostrarse en las universidades como ejemplo de la ceguera del fanatismo,2025-11-22T21:24:05Z,2025-11-22T21:24:05Z,4,0,youtube,2026-04-05T13:39:49.982864
2I6B6QSY7AA,Diego Ruzzarin,Conocí al dictador más raro del mundo.,es,Baja,UgyovAcyt8RjCBnX_kB4AaABAg,,0,@edwins2764,"Ok Diego, ¿ y las Actas?.

Aun las siguen esperando.",2025-11-22T17:34:18Z,2025-11-22T17:34:55Z,4,0,youtube,2026-04-05T13:39:49.982867
2I6B6QSY7AA,Diego Ruzzarin,Conocí al dictador más raro del mundo.,es,Baja,UgyUyp_gg4i36iK-sOt4AaABAg,,0,@ROBEERDAVID,Cuanta cocaina le dieron?,2025-11-22T15:10:27Z,2025-11-22T15:10:27Z,4,0,youtube,2026-04-05T13:39:49.982871
2I6B6QSY7AA,Diego Ruzzarin,Conocí al dictador más raro del mundo.,es,Baja,UgxzmVdiJRDHNpbGnqF4AaABAg,,0,@serchroy34,Feliz navidad escoria!,2025-11-21T06:05:02Z,2025-11-21T06:05:02Z,6,0,youtube,2026-04-05T13:39:49.982875
2I6B6QSY7AA,Diego Ruzzarin,Conocí al dictador más raro del mundo.,es,Baja,UgwdzUv6Hlmu3MULqHd4AaABAg,,0,@drxavierbenavides9906,"Dice alguien aue tenga criterio, cuando justo acaba diciendo su libreto que le dejaron",2025-11-20T20:50:00Z,2025-11-20T20:50:00Z,1,0,youtube,2026-04-05T13:39:49.982879
2I6B6QSY7AA,Diego Ruzzarin,Conocí al dictador más raro del mundo.,es,Baja,UgwSebU4n-lr4OX-YEJ4AaABAg,,0,@poporroncio,"Maduro es un crac, pues yo no entiendo por qué le dicen dictador, el mayor demócrata del mundo.😂😂😂",2025-11-20T16:56:30Z,2025-11-20T16:56:30Z,2,0,youtube,2026-04-05T13:39:49.982883
2I6B6QSY7AA,Diego Ruzzarin,Conocí al dictador más raro del mundo.,es,Baja,UgzndNmb47COJQO3LG94AaABAg,,0,@lalomakina7190,Este wey es el clasico charlatan embustero,2025-11-17T16:43:56Z,2025-11-17T16:43:56Z,4,0,youtube,2026-04-05T13:39:49.982887
2I6B6QSY7AA,Diego Ruzzarin,Conocí al dictador más raro del mundo.,es,Baja,UgwuJ684ECvqGurBZsJ4AaABAg,,0,@oleniarojas3747,Por favor quien te va a crecer.    Nadieeeeeee,2025-11-16T19:43:35Z,2025-11-16T19:43:35Z,3,0,youtube,2026-04-05T13:39:49.982890
2I6B6QSY7AA,Diego Ruzzarin,Conocí al dictador más raro del mundo.,es,Baja,UgxuKz6kvUItNI-54Hp4AaABAg,,0,@oleniarojas3747,"Esq ellos perdieron  las votaciones ...quien ganó fue gonzalez urrutia ...
Y no quieren entregar el pais 😮😮😮😮😮😮",2025-11-16T19:42:06Z,2025-11-16T19:42:06Z,2,0,youtube,2026-04-05T13:39:49.982894
2I6B6QSY7AA,Diego Ruzzarin,Conocí al dictador más raro del mundo.,es,Baja,UgzkUdl6yL-7caubVmh4AaABAg,,0,@djgomezm88,"Yo normalmente apoyo a este creador de contenido pero sinceramente en este punto no puedo estar más en desacuerdo, y la razón es muy obvia María Corina apoyo el proceso democratico en Venezuela pero el gobierno de Maduro no respetó el proceso democratico sancionando a candidatos de la oposición hasta que por fin Edmundo logró incribirse contando con el apoyo de María Corina ganar y luego ser desconocido por el gobierno de Maduro al no presentar las actas electorales y exiliar a Edmundo. Entonces no nadie se es un traidor cuando el gobierno no es legítimo y millones de venezolanos que votaron por Edmundo y que están artados de Maduro no ven esperanza atravez del cambio democrático si no a través de la intervención de los EEUU pero la prefieren a continuar Maduro lo que resulta siendo el mal menor. Lo siento pero no sé puede justificar lo injusficable posponiendo la voluntad del pueblo venezolano por encima de la opinión de la alineación ideológica.",2025-11-14T19:55:16Z,2025-11-14T19:55:16Z,3,0,youtube,2026-04-05T13:39:49.982898
2I6B6QSY7AA,Diego Ruzzarin,Conocí al dictador más raro del mundo.,es,Baja,UgxBcjsWE-J3hD95OAx4AaABAg,,0,@luisprada1121,De verdad que eres un lame botas del dictador camino la caye del pueblo sin estar rodeado de la gente del gobierno y veras la realidad de la gente,2025-11-12T18:47:29Z,2025-11-12T18:47:29Z,3,0,youtube,2026-04-05T13:39:49.982902
2I6B6QSY7AA,Diego Ruzzarin,Conocí al dictador más raro del mundo.,es,Baja,UgwsHJIhX7oTXci4knp4AaABAg,,0,@cami2485,Payaso de la izquierda 😂,2025-11-10T01:10:09Z,2025-11-10T01:10:09Z,1,0,youtube,2026-04-05T13:39:49.982906
2I6B6QSY7AA,Diego Ruzzarin,Conocí al dictador más raro del mundo.,es,Baja,Ugz6xMH4sLn1pij8mjx4AaABAg,,0,@pabloefrainortegaortega4889,La única forma de que esté pseudo filósofo le gana al capitalismo es debatiendo con el mamaster Muñoz,2025-11-10T01:08:00Z,2025-11-10T01:08:00Z,2,0,youtube,2026-04-05T13:39:49.982909
2I6B6QSY7AA,Diego Ruzzarin,Conocí al dictador más raro del mundo.,es,Baja,Ugy9mC73q1dAq1oRb4B4AaABAg,,0,@victorlobo240,En 2025 y sigo sintiéndome decepcionado,2025-11-09T20:26:54Z,2025-11-09T20:26:54Z,1,0,youtube,2026-04-05T13:39:49.982913
2I6B6QSY7AA,Diego Ruzzarin,Conocí al dictador más raro del mundo.,es,Baja,UgxI_TCSriGbzM13_714AaABAg,,0,@Insertname2010,Y pensar que varios parientes veían tus videos.,2025-11-09T20:26:48Z,2025-11-09T20:26:48Z,1,0,youtube,2026-04-05T13:39:49.982917
2I6B6QSY7AA,Diego Ruzzarin,Conocí al dictador más raro del mundo.,es,Baja,UgzzATmvzpnD43WI1MR4AaABAg,,0,@victorlobo240,"Que vergüenza Ruzzarin la soberbia cesga tu visión, el exceso de sobre pensamiento crítico el de argumentar todo, porque si el materialismo para ti es ley, que vergüenza das",2025-11-09T20:25:57Z,2025-11-09T20:25:57Z,1,0,youtube,2026-04-05T13:39:49.982921
2I6B6QSY7AA,Diego Ruzzarin,Conocí al dictador más raro del mundo.,es,Baja,UgzN0-_z49GkVVh2LTJ4AaABAg,,0,@LFR3D0,Defendes a maduro???? Jajaja pense q este muchacho era una persona seri...bien por ti señor todos tienen derecho de meter la caveza en el ano del buey q quiera.,2025-11-09T15:36:21Z,2025-11-09T15:36:21Z,1,0,youtube,2026-04-05T13:39:49.982925
2I6B6QSY7AA,Diego Ruzzarin,Conocí al dictador más raro del mundo.,es,Baja,UgzspxaXOzxuA285pWV4AaABAg,,0,@TERCOYNECIO,quien comprara sus libros basura?,2025-11-08T18:59:50Z,2025-11-08T18:59:50Z,4,0,youtube,2026-04-05T13:39:49.982929
2I6B6QSY7AA,Diego Ruzzarin,Conocí al dictador más raro del mundo.,es,Baja,UgxkQVF8gU78-NqOa4Z4AaABAg,,0,@rogercoloniauribe7962,"Anda a vivir ahí Dieguito, si tanto te gusta jajaja. Claro ejemplo de que la intelectualidad no es lo mismo que la inteligencia.",2025-11-08T08:15:38Z,2025-11-08T08:15:38Z,1,0,youtube,2026-04-05T13:39:49.982933
2I6B6QSY7AA,Diego Ruzzarin,Conocí al dictador más raro del mundo.,es,Baja,UgyVV6YmRoPaeicxQnp4AaABAg,,0,@lorkayzer2161,"Pura mierda, como puedes defender a Maduro?",2025-11-07T23:19:36Z,2025-11-07T23:19:36Z,3,0,youtube,2026-04-05T13:39:49.982937
2I6B6QSY7AA,Diego Ruzzarin,Conocí al dictador más raro del mundo.,es,Baja,Ugyu0Aw7yWQkrshZaFR4AaABAg,,0,@justbarkloke5601,Que le pasa a este tipoooo,2025-11-07T17:49:12Z,2025-11-07T17:49:12Z,5,0,youtube,2026-04-05T13:39:49.982941
2I6B6QSY7AA,Diego Ruzzarin,Conocí al dictador más raro del mundo.,es,Baja,UgzRxV2s1-b6-rMDv814AaABAg,,0,@Mel-sto0p,mmgbo,2025-11-07T16:05:57Z,2025-11-07T16:05:57Z,1,0,youtube,2026-04-05T13:39:49.982945
2I6B6QSY7AA,Diego Ruzzarin,Conocí al dictador más raro del mundo.,es,Baja,UgxGdNRrwzl6fWNkoVd4AaABAg,,0,@untipocualquiera781,La miniatura de este video estaba en tantas páginas de memes que tenia que venir a comprobarlo jajajaja nmms como vas a defender a maduro Literalmente hasta saludaban al hitl..,2025-11-07T14:40:30Z,2025-11-07T14:40:30Z,4,0,youtube,2026-04-05T13:39:49.982948
2I6B6QSY7AA,Diego Ruzzarin,Conocí al dictador más raro del mundo.,es,Baja,UgxOwmXzxxud9ccb27t4AaABAg,,0,@andresfernandez5035,"0:38 ¿De verdad crees que Maduro no es dictador, por que la gente sale a saludarlo? De ser así entonces Pinochet en Chile nunca fue un dictador, por esa lógica tampoco Hitler.  Todo dictador SIEMPRE tiene un sequito de lamebotas que lo van a seguir hasta el final y esos son, precisamente, los que les celebran todas las payasadas.
Diría que es una lógica bastante ingenua digna de un niño, pero se ve que tienes mas de 30 años, así que creo que es solo estupidez o pero aun, no reconocer lo evidente por que no te conviene.",2025-11-07T01:41:05Z,2025-11-07T01:41:05Z,4,0,youtube,2026-04-05T13:39:49.982952
2I6B6QSY7AA,Diego Ruzzarin,Conocí al dictador más raro del mundo.,es,Baja,Ugy3Ziwm9jawGG2Jww94AaABAg,,0,@carlosparra7665,Un payaso es lo que eres.  Que barrio pobre o popular visitaste en venezuela.??,2025-11-05T00:24:10Z,2025-11-05T00:24:10Z,6,0,youtube,2026-04-05T13:39:49.982956
2I6B6QSY7AA,Diego Ruzzarin,Conocí al dictador más raro del mundo.,es,Baja,UgwkLHAadY6NBDxbxQ94AaABAg,,0,@ridesmontana4985,"Que onda con tu vídeo Diego no mames, tu y Laje están iguales.",2025-11-03T04:12:12Z,2025-11-03T04:12:12Z,1,0,youtube,2026-04-05T13:39:49.982960
2I6B6QSY7AA,Diego Ruzzarin,Conocí al dictador más raro del mundo.,es,Baja,UgwKfXyNce2zPmzYJSZ4AaABAg,,0,@FelipeMarcosTorres,"Por eso no sigo a este wey, porque habla pura mmd",2025-11-03T03:01:43Z,2025-11-03T03:01:43Z,7,0,youtube,2026-04-05T13:39:49.982964
2I6B6QSY7AA,Diego Ruzzarin,Conocí al dictador más raro del mundo.,es,Baja,UgwJrOWcMqjv7G8YtlB4AaABAg,,0,@bayronandres4488,Man encerio creen que esta persona es inteligente?,2025-11-02T16:01:21Z,2025-11-02T16:01:21Z,7,0,youtube,2026-04-05T13:39:49.982968
2I6B6QSY7AA,Diego Ruzzarin,Conocí al dictador más raro del mundo.,es,Baja,UgyhNnxgNepML7cx_ut4AaABAg,,0,@aliciavaldelomar3984,"SON TÁCTICAS 
POR FAVORRRR",2025-11-02T12:24:34Z,2025-11-02T12:24:34Z,2,0,youtube,2026-04-05T13:39:49.982974
2I6B6QSY7AA,Diego Ruzzarin,Conocí al dictador más raro del mundo.,es,Baja,Ugyo4d34LfC1eVJWkLJ4AaABAg,,0,@maruorteg8141,te creo,2025-10-31T05:50:42Z,2025-10-31T05:50:42Z,1,0,youtube,2026-04-05T13:39:49.982977
2I6B6QSY7AA,Diego Ruzzarin,Conocí al dictador más raro del mundo.,es,Baja,UgzdpQl4dobfcqxaMSB4AaABAg,,0,@Nokard,"Nada mas con el ratio de dislikes se me quito lo enojado, haras tu vida de engañar a estupidos pero la realidad es que nada mas eres un muchachito pequeño, con muchos problemas de envidia, y tu unico talento es este, chillar en un medio hecho por el capitalismo y cobrando tu dinerito de la manera mas capitalista posible. Y ahi te quedaras para siempre.",2025-10-30T16:50:37Z,2025-10-30T16:50:37Z,8,0,youtube,2026-04-05T13:39:49.982983
2I6B6QSY7AA,Diego Ruzzarin,Conocí al dictador más raro del mundo.,es,Baja,UgxUbAD40OpOMBhOo794AaABAg,,0,@winne5091,bro.... que bajo cayo,2025-10-29T18:15:29Z,2025-10-29T18:15:29Z,1,0,youtube,2026-04-05T13:39:49.982987
2I6B6QSY7AA,Diego Ruzzarin,Conocí al dictador más raro del mundo.,es,Baja,UgxmBRPqkPlr63mvPAJ4AaABAg,,0,@EduardoGaticaLópez-t4d,"Das vergüenza. Te quejas de los vendehúmos y de la gente que estafa a las personas, pero tú hiciste algo mucho peor: le diste publicidad a un asesino. No solo robaste a los venezolanos porque el dinero que te pagó Maduro no es suyo, sino de Venezuela, sino que además apoyaste a un asesino, a un dictador, a alguien que en el fondo sabes que es un estúpido y que jamás tendría la suficiente inteligencia para liderar un país.

Tal vez intentas justificarte con tu frase de que “un dictador bueno puede ser mejor que un país con democracia”, pero este no es el caso. Defendiste al dictador más estúpido, corrupto, cruel e irresponsable. Das vergüenza, Diego, y espero que pagues por todo el daño que estás causando. No entiendo cómo puedes vivir contigo mismo. Sin duda, llegarás al futuro con mucha vergüenza. Eres una mala persona. Vendiste el ano bien barato.",2025-10-28T04:26:12Z,2025-10-28T04:26:12Z,6,0,youtube,2026-04-05T13:39:49.982991
2I6B6QSY7AA,Diego Ruzzarin,Conocí al dictador más raro del mundo.,es,Baja,UgxNXZR2ql5cWpaBZX14AaABAg,,0,@z46642,🫵🐷🫵🐷🫵🐷🫵🐷,2025-10-27T22:39:19Z,2025-10-27T22:39:19Z,1,0,youtube,2026-04-05T13:39:49.982994
2I6B6QSY7AA,Diego Ruzzarin,Conocí al dictador más raro del mundo.,es,Baja,UgxCHkmScjzji04DEqh4AaABAg,,0,@rodrigoalbizo6895,Vengo de ver el nuevo video de dross que habla del iceberg chavista y es una verguenza tratar de defender a estos delincuentes.,2025-10-24T16:39:16Z,2025-11-07T16:48:53Z,2,0,youtube,2026-04-05T13:39:49.982998
2I6B6QSY7AA,Diego Ruzzarin,Conocí al dictador más raro del mundo.,es,Baja,UgxhZosu3GUg_8vyw794AaABAg,,0,@JAIMELOPEZ-id7hh,"Y ahora en 2025, quien diría, jajajja payaso",2025-10-22T22:38:08Z,2025-10-22T22:38:08Z,1,0,youtube,2026-04-05T13:39:49.983002
2I6B6QSY7AA,Diego Ruzzarin,Conocí al dictador más raro del mundo.,es,Baja,UgzvQrXHwJESvOxDKoN4AaABAg,,0,@sinideologia,Que Bien Hablas!,2025-10-19T18:59:27Z,2025-10-19T18:59:27Z,0,0,youtube,2026-04-05T13:39:49.983006
2I6B6QSY7AA,Diego Ruzzarin,Conocí al dictador más raro del mundo.,es,Baja,Ugx_ci6RlOu3D9CJ2AB4AaABAg,,0,@ochoseis7049,Pero dinos cuanto te pagaron??,2025-10-18T13:25:38Z,2025-10-18T13:25:38Z,1,0,youtube,2026-04-05T13:39:49.983010
2I6B6QSY7AA,Diego Ruzzarin,Conocí al dictador más raro del mundo.,es,Baja,Ugy5LZLdnaPIbnZsbJN4AaABAg,,0,@sebastianvillavicencio836,27.002 DISlikes,2025-10-17T20:55:15Z,2025-10-17T20:55:15Z,5,0,youtube,2026-04-05T13:39:49.983013
2I6B6QSY7AA,Diego Ruzzarin,Conocí al dictador más raro del mundo.,es,Baja,UgxjjTfOsVzeflIzmJV4AaABAg,,0,@JoseMeneses-y7j,Este tipo no sabe nada.,2025-10-17T18:43:34Z,2025-10-17T18:43:34Z,3,0,youtube,2026-04-05T13:39:49.983017
2I6B6QSY7AA,Diego Ruzzarin,Conocí al dictador más raro del mundo.,es,Baja,Ugwy13HQBCeNKvL6F3p4AaABAg,,0,@diegongonzalez3230,Cromadon,2025-10-17T16:21:17Z,2025-10-17T16:21:17Z,3,0,youtube,2026-04-05T13:39:49.983021
2I6B6QSY7AA,Diego Ruzzarin,Conocí al dictador más raro del mundo.,es,Baja,UgwgBrEmI4XLeBU04Ip4AaABAg,,0,@c3sar49,P A T É T I C O,2025-10-15T03:44:37Z,2025-10-15T03:44:37Z,4,0,youtube,2026-04-05T13:39:49.983025
2I6B6QSY7AA,Diego Ruzzarin,Conocí al dictador más raro del mundo.,es,Baja,Ugw9rMI7dS2TZ1V-BzB4AaABAg,,0,@hugoaldermoisesojedacabral4007,"El Dr. Polo Guerrero se vendió por 40 mil pesos para hablar mal de una bebida energética ""Electrolict""; hago este comentario nomás para demostrar los niveles de cinismo de los influencers que pueden llegar, en especial cuando se trata de algo importante como la SALUD.",2025-10-11T04:25:56Z,2025-10-11T04:25:56Z,3,0,youtube,2026-04-05T13:39:49.983028
2I6B6QSY7AA,Diego Ruzzarin,Conocí al dictador más raro del mundo.,es,Baja,Ugx9noVa013eWoI_On94AaABAg,,0,@betorivero78,"Si lo hiciste gratis que estupidez, si te gusto tanto Venezuela quédate allá.........",2025-10-09T13:31:44Z,2025-10-09T13:32:04Z,5,1,youtube,2026-04-05T13:39:49.983032
2I6B6QSY7AA,Diego Ruzzarin,Conocí al dictador más raro del mundo.,es,Baja,Ugx9noVa013eWoI_On94AaABAg.AO3HZNTpuo9AOOfpN3-rST,Ugx9noVa013eWoI_On94AaABAg,1,@sebastianvillavicencio836,le pagaron y mucho,2025-10-17T20:56:34Z,2025-10-17T20:56:34Z,1,0,youtube,2026-04-05T13:39:49.983036
2I6B6QSY7AA,Diego Ruzzarin,Conocí al dictador más raro del mundo.,es,Baja,UgwLGHIAnlFDEyscNOZ4AaABAg,,0,@gabrielgonzalez-ob2eo,Se que algun día te iras al infierno,2025-10-08T15:11:43Z,2025-10-08T15:11:43Z,3,0,youtube,2026-04-05T13:39:49.983039
