video_id,canal,tema,idioma_estimado,prioridad,comment_id,parent_id,is_reply,author_display_name,text_original,published_at,updated_at,like_count,reply_count,source_platform,downloaded_at
srH80O3G_uQ,Diego Ruzzarin,"
El error de Estados Unidos en el conflicto con Irán.",es,Media,UgzEeGDu_1kTLiNvk9t4AaABAg,,0,@alejandrovazquez6406,Hermano ese cambio beneficia a México o a los gobernantes de ahora pon atención ya vistes los cambios  y no hubo nada yo vote por el pero fueron cambios radicales  pon atención,2026-04-05T01:41:31Z,2026-04-05T01:41:31Z,0,0,youtube,2026-04-05T13:39:43.381987
srH80O3G_uQ,Diego Ruzzarin,"
El error de Estados Unidos en el conflicto con Irán.",es,Media,UgxT8hSMnlYNi2LUovd4AaABAg,,0,@Drotaku911,Ojalá bomaberdeen pero tu casa porque eres un insoportable,2026-04-05T01:07:08Z,2026-04-05T01:07:08Z,0,0,youtube,2026-04-05T13:39:43.382001
srH80O3G_uQ,Diego Ruzzarin,"
El error de Estados Unidos en el conflicto con Irán.",es,Media,UgwfhcxO8OHNRBrMRG94AaABAg,,0,@semillaespectral,"Gracias Diego, saludos desde Uruguay",2026-04-02T14:05:42Z,2026-04-02T14:05:42Z,0,0,youtube,2026-04-05T13:39:43.382004
srH80O3G_uQ,Diego Ruzzarin,"
El error de Estados Unidos en el conflicto con Irán.",es,Media,UgywOIg5j5aMpBKPDHB4AaABAg,,0,@eliasmeneses6470,❤♥️♥️🇻🇪🇮🇷🇵🇸🇰🇵🇷🇺🇨🇳♥️♥️,2026-04-01T07:08:06Z,2026-04-01T07:08:06Z,0,0,youtube,2026-04-05T13:39:43.382007
srH80O3G_uQ,Diego Ruzzarin,"
El error de Estados Unidos en el conflicto con Irán.",es,Media,Ugz8EQxs59hBVI1rQpV4AaABAg,,0,@oscarjaviermartinezmontiel5663,Imperio en decadencia ?? Jaja sueña Diego sueña.,2026-04-01T07:02:13Z,2026-04-01T07:02:13Z,0,0,youtube,2026-04-05T13:39:43.382009
srH80O3G_uQ,Diego Ruzzarin,"
El error de Estados Unidos en el conflicto con Irán.",es,Media,UgzYnoN1cYlBLcnlFCB4AaABAg,,0,@geovannicorteslopez5127,"Carnal la CIA y Washintong ya te están censurado, debo decirte que entrevistar al embajador fue muy riesgoso, muy.",2026-03-30T23:36:33Z,2026-03-30T23:36:33Z,0,0,youtube,2026-04-05T13:39:43.382012
srH80O3G_uQ,Diego Ruzzarin,"
El error de Estados Unidos en el conflicto con Irán.",es,Media,UgwTysJLBFU28kxqrGF4AaABAg,,0,@Syntek2025,"😂😂 resulta que si han penetrado sus escudos anti misiles (USA e Israel), y como dices no han usado los mejores misiles.",2026-03-30T08:21:49Z,2026-03-30T08:22:49Z,0,0,youtube,2026-04-05T13:39:43.382014
srH80O3G_uQ,Diego Ruzzarin,"
El error de Estados Unidos en el conflicto con Irán.",es,Media,UgyHGCPTAFf6kRap1_l4AaABAg,,0,@franciscojesusgarciahernan6313,"Una guerra es muy costosa y eeuu ha hecho mal las cuentas con ese sinvergüenza inmoral que les preside.
Lo siento por la buena gente que viva allí. Las cosas se van a poner muy feas.
El suelo americano se convertirá en una pesadilla.",2026-03-29T15:59:56Z,2026-03-29T15:59:56Z,0,0,youtube,2026-04-05T13:39:43.382016
srH80O3G_uQ,Diego Ruzzarin,"
El error de Estados Unidos en el conflicto con Irán.",es,Media,UgxAp1LJUFAGDg02QYV4AaABAg,,0,@jjmejiae,"Dios te oye, Diego.  

Que así sea, y este ""imperio"" pase a ser un mal recuerdo.",2026-03-28T15:50:25Z,2026-03-28T15:50:25Z,0,0,youtube,2026-04-05T13:39:43.382018
srH80O3G_uQ,Diego Ruzzarin,"
El error de Estados Unidos en el conflicto con Irán.",es,Media,UgxnzQ06ooJgtBixTI14AaABAg,,0,@BryanBustillos-t9u8c,"Una vez consumido por el nihilismo al que llegue gracias a mi busqueda por el pensamiento critico que fomenta Diego comente en uno de sus videos. Buscaba una guia de que hacer con mi vida, no se si llegue a borrar el mensaje pero creo nunca hubo respuesta. Hoy en dia dos anhos o mas despues, al haber encontrado el debate con Munhoz, y al haber leido un poco mas a Nietzsche me doy cuenta que ahora tengo un criterio con un poco mas de fundamentos. Soy una persona en constante actividad sobre mi vida y no un ninho en busca de salvacion. Llegue al resultado al que llegue, ahora me enfoco en la forma en la que decido llevar mi vida y en por que decido hacerlo. Y por eso te agradezco Diego Ruzzarin, por que gracias a ti me atrevi y atrevo a leer y cuestionar mas que antes.",2026-03-28T09:13:40Z,2026-03-28T09:13:40Z,0,2,youtube,2026-04-05T13:39:43.382021
srH80O3G_uQ,Diego Ruzzarin,"
El error de Estados Unidos en el conflicto con Irán.",es,Media,UgxnzQ06ooJgtBixTI14AaABAg.AUtZ9wfG8mDAUtZGvvyxX4,UgxnzQ06ooJgtBixTI14AaABAg,1,@BryanBustillos-t9u8c,"Perdon por la falta de tildes, no quise cambiar los ajustes de mi teclado tan solo por un comentario.",2026-03-28T09:14:37Z,2026-03-28T09:14:37Z,0,0,youtube,2026-04-05T13:39:43.382024
srH80O3G_uQ,Diego Ruzzarin,"
El error de Estados Unidos en el conflicto con Irán.",es,Media,UgxnzQ06ooJgtBixTI14AaABAg.AUtZ9wfG8mDAUtZqlYcAJi,UgxnzQ06ooJgtBixTI14AaABAg,1,@BryanBustillos-t9u8c,"En cuanto al tema del video, les quiero dejar saber que aqui en Estados Unidos, especialmente en las Universidades, todos toman al gobierno como una broma y una farsa. Aun asi hay mucha mal informacion, frustacion y radicalizacion, me preocupa.",2026-03-28T09:19:39Z,2026-03-28T09:19:39Z,0,0,youtube,2026-04-05T13:39:43.382026
srH80O3G_uQ,Diego Ruzzarin,"
El error de Estados Unidos en el conflicto con Irán.",es,Media,Ugz01G1DpNbR6DkkhzZ4AaABAg,,0,@jairosantacruz7405,El mismo fiasco de Vietnam!! 😅,2026-03-28T02:31:01Z,2026-03-28T02:31:01Z,0,0,youtube,2026-04-05T13:39:43.382028
srH80O3G_uQ,Diego Ruzzarin,"
El error de Estados Unidos en el conflicto con Irán.",es,Media,UgwaS1uJzOehJNF26MR4AaABAg,,0,@alejandroo8252,Diego si logras comunicar a cualquier gobierno se propone que pongan el impuesto a cada dolar de acuerdo el valor de cada pais como la de mexico si vale 20 pesos si el impuesto es 100% sera 40 pesos por dolar no es devaluacion es valor agregado eso es un arma para ma-tar a la fed y mas profundo que los aranceles de trump aparte eso nadie va a invertir a eeuu ni ingresar el turismo,2026-03-26T19:20:14Z,2026-03-26T19:20:14Z,1,0,youtube,2026-04-05T13:39:43.382030
srH80O3G_uQ,Diego Ruzzarin,"
El error de Estados Unidos en el conflicto con Irán.",es,Media,UgxkjOQ8u_BaUCV_rZt4AaABAg,,0,@fernandomartinezgarcia5564,"Canal en decadencia, sin tu amigo maduro no eres nadie verdad RuzZZzarin? 🔥",2026-03-26T18:37:12Z,2026-03-26T18:37:12Z,0,0,youtube,2026-04-05T13:39:43.382033
srH80O3G_uQ,Diego Ruzzarin,"
El error de Estados Unidos en el conflicto con Irán.",es,Media,UgwMgVR4bTyWs5P8LQV4AaABAg,,0,@BhrayanHernandez,"Oye Pero a Trump le enviaron un regalito que no BA a decir que regalito es Pero es un regalito que le dió irán por eso Trump BA a pausar sus ataques 

Irán : ""weeee yo no te eh dado ni madres pinche Lokito"" 😂",2026-03-26T17:42:53Z,2026-03-26T17:42:53Z,0,0,youtube,2026-04-05T13:39:43.382035
srH80O3G_uQ,Diego Ruzzarin,"
El error de Estados Unidos en el conflicto con Irán.",es,Media,UgwEP6wL6cek-koOWv54AaABAg,,0,@SebastianSanchez-u3y,"No estoy de acuerdo en lo que dices sobre Iran, pero tampoco estoy de acuerdo con EUA. Despues de la conferencia que tuviste sobre Iran me gustaria expresarte que ojala tengas mas sentido critico, y no solo por darle la contra a EU, me imagino que qpoyas mucho a china, iran y venezuela que si te vas a vivir a ahi viviriar tambien como en Mexico o como en EU.",2026-03-26T16:26:00Z,2026-03-26T16:26:00Z,0,0,youtube,2026-04-05T13:39:43.382037
srH80O3G_uQ,Diego Ruzzarin,"
El error de Estados Unidos en el conflicto con Irán.",es,Media,UgyDyKLdcpUMqHGQOBt4AaABAg,,0,@fuerzaotan6378,Les recuerdo a los mexicanos que gran parte de la población se sostiene de las remesas que envían sus familiares trabajando en USA.  Si tanto odian a USA emigren a Irán para ver lo lindo que la van a pasar allá.,2026-03-26T12:52:37Z,2026-03-26T12:52:37Z,0,0,youtube,2026-04-05T13:39:43.382040
srH80O3G_uQ,Diego Ruzzarin,"
El error de Estados Unidos en el conflicto con Irán.",es,Media,Ugwjk04-cvW-jRjyO514AaABAg,,0,@gilbertoquiroz2002,Apta!,2026-03-26T08:29:05Z,2026-03-26T08:29:05Z,0,0,youtube,2026-04-05T13:39:43.382042
srH80O3G_uQ,Diego Ruzzarin,"
El error de Estados Unidos en el conflicto con Irán.",es,Media,UgzGyGFZkVe4GepEABh4AaABAg,,0,@yofomeferofo285,Quitarle las armas nucleares a Iran🤣🤣🤣🤣🤣🤣🤣🤣🤣🤣🤣🤣🤣,2026-03-26T01:51:20Z,2026-03-26T01:51:20Z,0,0,youtube,2026-04-05T13:39:43.382044
srH80O3G_uQ,Diego Ruzzarin,"
El error de Estados Unidos en el conflicto con Irán.",es,Media,UgyggoOuf6l2naMR-k94AaABAg,,0,@javierchacondavila5801,Hablas huevadas.,2026-03-26T01:42:58Z,2026-03-26T01:42:58Z,0,0,youtube,2026-04-05T13:39:43.382046
srH80O3G_uQ,Diego Ruzzarin,"
El error de Estados Unidos en el conflicto con Irán.",es,Media,Ugz_G_WJQ0vJ07w8Au14AaABAg,,0,@luisrodriguez727,"Hola Diego, espero te encuentres muy bien, sabes espero algún día se me haga debatir contigo 😮❤❤❤",2026-03-26T00:25:28Z,2026-03-26T00:25:28Z,0,0,youtube,2026-04-05T13:39:43.382049
srH80O3G_uQ,Diego Ruzzarin,"
El error de Estados Unidos en el conflicto con Irán.",es,Media,UgyelAQT1EWl2sxTKkZ4AaABAg,,0,@merky_boy,Impopular? Dices...,2026-03-25T21:35:33Z,2026-03-25T21:35:33Z,0,0,youtube,2026-04-05T13:39:43.382051
srH80O3G_uQ,Diego Ruzzarin,"
El error de Estados Unidos en el conflicto con Irán.",es,Media,UgwXhhUgwU_KqGvqdmx4AaABAg,,0,@U2213L,"Viendo a la sociedad de USA y al mismo al trompas así como está, que pasaría si detuvieramos el envío de mugre (DR0G4S) al gabacho para acábarlos de ch1ng4r??? Eso sería épico verlos j0d1d05 en la gu3rr4 y sin su respectiva mugre, para ver que hacen según ellos muy ch1ng0n3s...!!! Jajajaja 🤣🤣🤣",2026-03-25T19:45:57Z,2026-03-25T19:45:57Z,0,0,youtube,2026-04-05T13:39:43.382053
srH80O3G_uQ,Diego Ruzzarin,"
El error de Estados Unidos en el conflicto con Irán.",es,Media,Ugxi7nq4LaFQOx21vbB4AaABAg,,0,@rubifarfan8924,Viva el pueblo digno y valiente de Irán ❤️🇮🇷,2026-03-25T13:27:32Z,2026-03-25T13:27:32Z,0,0,youtube,2026-04-05T13:39:43.382056
srH80O3G_uQ,Diego Ruzzarin,"
El error de Estados Unidos en el conflicto con Irán.",es,Media,UgwikYCA4mc24ciF_Yx4AaABAg,,0,@omarrodriguezvillezcas3978,Yo creo que Diego Ruzzarin va a convertirse en creyente de Dios. Creo que va a entregarse a Dios en algún momento.,2026-03-25T04:09:25Z,2026-03-25T04:09:25Z,0,0,youtube,2026-04-05T13:39:43.382058
srH80O3G_uQ,Diego Ruzzarin,"
El error de Estados Unidos en el conflicto con Irán.",es,Media,Ugy2EUha0I4qmaK6fdB4AaABAg,,0,@JPcruz007,Cuando vas a debatir con el Dr. Pablo Muñoz Iturrieta?,2026-03-24T17:03:26Z,2026-03-24T17:03:26Z,0,0,youtube,2026-04-05T13:39:43.382061
srH80O3G_uQ,Diego Ruzzarin,"
El error de Estados Unidos en el conflicto con Irán.",es,Media,UgwjiHhAZZxGr8-5Qmh4AaABAg,,0,@arsiqsanchez,"Jajaja me encanta como lo dices, decrépito 🤣",2026-03-24T12:41:44Z,2026-03-24T12:41:44Z,0,0,youtube,2026-04-05T13:39:43.382063
srH80O3G_uQ,Diego Ruzzarin,"
El error de Estados Unidos en el conflicto con Irán.",es,Media,UgzBKqOh7iQgArZf0Qx4AaABAg,,0,@Isaac123-o5f,Diego haz colaboración con Danny bilvao,2026-03-24T10:53:31Z,2026-03-24T10:53:31Z,0,0,youtube,2026-04-05T13:39:43.382065
srH80O3G_uQ,Diego Ruzzarin,"
El error de Estados Unidos en el conflicto con Irán.",es,Media,UgxOMcf_QQqE9fB-7fN4AaABAg,,0,@hectorc6872,"Diego, no encuentro el vídeo donde Irán da sus condiciones para parar.la guerra.
Lo censuraron? 
O dónde como lo busco?",2026-03-24T02:47:06Z,2026-03-24T02:47:06Z,1,0,youtube,2026-04-05T13:39:43.382067
srH80O3G_uQ,Diego Ruzzarin,"
El error de Estados Unidos en el conflicto con Irán.",es,Media,UgwbcOg1SB5wkO6olPV4AaABAg,,0,@AlexBG9,ola bro que te parece si jugamos unos terrarias?,2026-03-22T19:34:56Z,2026-03-22T19:34:56Z,0,0,youtube,2026-04-05T13:39:43.382070
srH80O3G_uQ,Diego Ruzzarin,"
El error de Estados Unidos en el conflicto con Irán.",es,Media,UgxARifji-47YWJrDYB4AaABAg,,0,@tijerasinfilo,Esperemos que tomen hasta la ultima gota de sangre  de los terroristas,2026-03-22T14:47:38Z,2026-03-22T14:47:38Z,0,0,youtube,2026-04-05T13:39:43.382072
srH80O3G_uQ,Diego Ruzzarin,"
El error de Estados Unidos en el conflicto con Irán.",es,Media,UgxRqO9bowJT4nhRtnh4AaABAg,,0,@AlejandroPadilla-t6y,Diego Ruzzarin es el típico envidioso disfrazado de revolucionario,2026-03-21T11:51:25Z,2026-03-21T11:51:25Z,1,0,youtube,2026-04-05T13:39:43.382074
srH80O3G_uQ,Diego Ruzzarin,"
El error de Estados Unidos en el conflicto con Irán.",es,Media,UgxgkuroR8DjjC2gi_14AaABAg,,0,@joserosas399,Una mas de diego pizarrin,2026-03-21T04:50:52Z,2026-03-21T04:50:52Z,2,0,youtube,2026-04-05T13:39:43.382077
srH80O3G_uQ,Diego Ruzzarin,"
El error de Estados Unidos en el conflicto con Irán.",es,Media,UgyNT9ood_kAd0E2EdZ4AaABAg,,0,@IvanMoreno-s1i,"Ay mi Diego . Terco de apostarle a los perdedores. Bueno, yo también lo haría si es parte de mi agenda zurda.   Mira mi Diego. Te voy a aclarar el pensamiento: no sabías que todo lo que se gasta en una guerra es recuperado con creces al ganar esa guerra ?    Velo como una inversión . Yo sé que el chip de zurdo que te cargas no te permite ver esto. Pero al menos inténtalo . 🙂. No verdad terminarás  odiándome cuando veas que el estrecho de Ormuz quedará en manos de USA POR DÉCADAS AL IGUAL QUE LO ESTUVO EL CANAL DE PANAMÁ.   Apostamos?",2026-03-20T22:24:42Z,2026-03-20T22:31:38Z,0,0,youtube,2026-04-05T13:39:43.382079
srH80O3G_uQ,Diego Ruzzarin,"
El error de Estados Unidos en el conflicto con Irán.",es,Media,UgzQbUz-vH-9A8zUBzN4AaABAg,,0,@AnawithA,https://youtu.be/3v060vBWCC0?si=AjI-yv_doEJLVPWb,2026-03-20T18:16:44Z,2026-03-20T18:16:44Z,0,0,youtube,2026-04-05T13:39:43.382082
srH80O3G_uQ,Diego Ruzzarin,"
El error de Estados Unidos en el conflicto con Irán.",es,Media,UgyMp-UHZ2j4DwcUp0x4AaABAg,,0,@artofcode7,Este we ya chole,2026-03-19T15:27:11Z,2026-03-19T15:27:11Z,0,0,youtube,2026-04-05T13:39:43.382084
srH80O3G_uQ,Diego Ruzzarin,"
El error de Estados Unidos en el conflicto con Irán.",es,Media,Ugy3wySz_ch26RbLR9R4AaABAg,,0,@luigi1911,Ojalá y ya definitivamente se acaben los petrodólares que por eso USA se siente dueño del mundo y el universo entero.,2026-03-19T15:05:07Z,2026-03-19T15:05:07Z,0,0,youtube,2026-04-05T13:39:43.382086
srH80O3G_uQ,Diego Ruzzarin,"
El error de Estados Unidos en el conflicto con Irán.",es,Media,UgyF3auqu6lvwkASKdB4AaABAg,,0,@YANVLOGS_,Yo soy youtuber colombiano y la realidad es que ¡Estas cosas me sorprenden si llegan a bogotá!,2026-03-18T18:26:44Z,2026-03-18T18:26:44Z,0,0,youtube,2026-04-05T13:39:43.382089
srH80O3G_uQ,Diego Ruzzarin,"
El error de Estados Unidos en el conflicto con Irán.",es,Media,Ugz2bN4YvLqcYFGd6Jh4AaABAg,,0,@karensenriqf,"¿OYE DIEGO PORQUE NO HAS SIDO CAPAZ DE DECIRLE A TU AUDIENCIA QUE CARL M∆RX M∆T0 A SUS HIJ0S DE H∆MBR€ Y QUE ERA UN J@B0N JU|)I0 Y ESTABA FINANCIADO POR LOS R0STCHILD(una de las cabezas más poderosas del sistema corrupt0 mundi@l) Y QUE DE HECHO UNA VEZ QUE CAYO ALEMANIA MARX ESTABA CON LOS ROSTCHILD EN UNA FIESTA CELEBRANDO.

¿COMO ES POSIBLE QUE L0S PENSAMIENTOS Y LAS IDEAS DE UN JU|)I0 QUE NO MOLESTABAN A UNOS DE LOS OLIGARCAS PODEROSOS DE LA TIERRA COMO LO SON LOS R0STCH|LD SEAN LAS IDEAS QUE SUPUESTAMENTE NOS DARÁN LIBERTAD?, ¿NO TIENE SENTIDO?

ESCUCHEN, SI QUIEREN SABER LA VERDAD DE QUIÉN CONTROLA EL SISTEMA POR FAVOR REVISEN A ESTE USUARIO:

""Samuel cruz revisionismo y geopolítica""",2026-03-18T15:02:27Z,2026-03-21T23:03:28Z,2,1,youtube,2026-04-05T13:39:43.382091
srH80O3G_uQ,Diego Ruzzarin,"
El error de Estados Unidos en el conflicto con Irán.",es,Media,Ugz2bN4YvLqcYFGd6Jh4AaABAg.AUVR7mSAo1xAU_vOKvHXsw,Ugz2bN4YvLqcYFGd6Jh4AaABAg,1,@NOVELROYAL,"Por que ni sus seguidores leen libros, solo por lo elocuente que suena se dejan llevar por una narrativa manipulada. 😂",2026-03-20T18:11:48Z,2026-03-20T18:11:48Z,2,0,youtube,2026-04-05T13:39:43.382093
srH80O3G_uQ,Diego Ruzzarin,"
El error de Estados Unidos en el conflicto con Irán.",es,Media,UgyeOQi6ZMxzBanMZlF4AaABAg,,0,@MANY.MARLEY-01,Y lo que le falta por vía terrestre y emboscada militar sorpresa a Estados Unidos el problema será que tiene que venir a México a qué le haga el paro y como siempre gana y a México lo hace como quiera en todo incluyendo en sus dólares 😂 en fin así son los políticos que creen que son invencibles,2026-03-18T04:52:37Z,2026-03-18T04:52:37Z,0,0,youtube,2026-04-05T13:39:43.382096
srH80O3G_uQ,Diego Ruzzarin,"
El error de Estados Unidos en el conflicto con Irán.",es,Media,UgwOzNwBxuPCZ9mUFg14AaABAg,,0,@QUANTUM-SINERGY,No soy analista político pero Trump de hundirá aun mas profundo que el Titatic...,2026-03-18T04:28:58Z,2026-03-18T04:28:58Z,0,0,youtube,2026-04-05T13:39:43.382098
srH80O3G_uQ,Diego Ruzzarin,"
El error de Estados Unidos en el conflicto con Irán.",es,Media,UgxODwIToMNrWpA0cfl4AaABAg,,0,@daleamigo4707,"Q opinas de la hasta ahora no ayuda china a cuba, eso demuestra q los chinos no son alternativa",2026-03-17T08:11:29Z,2026-03-17T08:11:29Z,0,0,youtube,2026-04-05T13:39:43.382100
srH80O3G_uQ,Diego Ruzzarin,"
El error de Estados Unidos en el conflicto con Irán.",es,Media,UgzXLs6PFR7JFnb7aNV4AaABAg,,0,@carloscarvajl4987,Se DESQUITARA con Cuba o atacará Nuclear mente ??,2026-03-17T02:31:43Z,2026-03-17T02:31:43Z,0,0,youtube,2026-04-05T13:39:43.382103
srH80O3G_uQ,Diego Ruzzarin,"
El error de Estados Unidos en el conflicto con Irán.",es,Media,UgxKRiGIXd285bhOPHJ4AaABAg,,0,@carloscarvajl4987,Al perder se DESQUITARA con Cuba??,2026-03-17T02:30:58Z,2026-03-17T02:30:58Z,0,0,youtube,2026-04-05T13:39:43.382105
srH80O3G_uQ,Diego Ruzzarin,"
El error de Estados Unidos en el conflicto con Irán.",es,Media,Ugxge69wGNiamJffjip4AaABAg,,0,@intieditz5637,Cuando se puso tan mamado Diego?,2026-03-17T02:13:32Z,2026-03-17T02:13:32Z,0,0,youtube,2026-04-05T13:39:43.382107
srH80O3G_uQ,Diego Ruzzarin,"
El error de Estados Unidos en el conflicto con Irán.",es,Media,UgxzAaV74WCSVhlwFmN4AaABAg,,0,@CesarPATIÑO-m1z,Plática con iru landucci por favaaaar,2026-03-16T18:46:43Z,2026-03-16T18:46:43Z,0,0,youtube,2026-04-05T13:39:43.382109
srH80O3G_uQ,Diego Ruzzarin,"
El error de Estados Unidos en el conflicto con Irán.",es,Media,Ugxvzw2alN2BqvzO1RB4AaABAg,,0,@SalvadorJacinto-f9e,Iran❤❤❤❤,2026-03-16T13:44:53Z,2026-03-16T13:44:53Z,0,0,youtube,2026-04-05T13:39:43.382111
srH80O3G_uQ,Diego Ruzzarin,"
El error de Estados Unidos en el conflicto con Irán.",es,Media,Ugxf9x_Dvx-G0k-uVtF4AaABAg,,0,@silviasalas272,"Está muy lejos Irán, pero así mandan todo el equipo necesario. Puerto Rico ese si estaba muy muy lejos rodeado de agua para llevar de manera rápida ayuda cuando hubo huracán.",2026-03-16T00:48:41Z,2026-03-16T00:48:41Z,0,1,youtube,2026-04-05T13:39:43.382114
srH80O3G_uQ,Diego Ruzzarin,"
El error de Estados Unidos en el conflicto con Irán.",es,Media,Ugxf9x_Dvx-G0k-uVtF4AaABAg.AUOkps7KcINAUOzpt4KGqY,Ugxf9x_Dvx-G0k-uVtF4AaABAg,1,@forgetmenot-573,"Exactamente, asi mismo el gobierno esta super lejos cuando estan los capitales de turno obedeciendo los intereses de Wallstreet

Pero cuando hay un minimo movimiento  de independecia aqui estran rapidito para sacarlos",2026-03-16T02:59:46Z,2026-03-16T02:59:46Z,0,0,youtube,2026-04-05T13:39:43.382116
srH80O3G_uQ,Diego Ruzzarin,"
El error de Estados Unidos en el conflicto con Irán.",es,Media,Ugx0hvz7B4_25QciMDR4AaABAg,,0,@tonipiers,"Cualquier cojudez dice este gordo, pero allí va la gente a comerse las tonterías.",2026-03-15T16:32:01Z,2026-03-15T16:32:01Z,1,0,youtube,2026-04-05T13:39:43.382118
srH80O3G_uQ,Diego Ruzzarin,"
El error de Estados Unidos en el conflicto con Irán.",es,Media,UgxigwcWMxHI99mqMVt4AaABAg,,0,@romasked,A ver zurdo. No le has atinado a ningún video tuyo. Estás perdido.,2026-03-15T14:41:01Z,2026-03-15T14:41:01Z,1,0,youtube,2026-04-05T13:39:43.382120
srH80O3G_uQ,Diego Ruzzarin,"
El error de Estados Unidos en el conflicto con Irán.",es,Media,UgyETDMKQQd01ZJjEtZ4AaABAg,,0,@JesusSerrano-d3t,Los norteamericanos y los israelíes se van a ir de la guerra como las ratas,2026-03-15T11:35:39Z,2026-03-15T11:35:39Z,0,0,youtube,2026-04-05T13:39:43.382123
srH80O3G_uQ,Diego Ruzzarin,"
El error de Estados Unidos en el conflicto con Irán.",es,Media,UgwrI0RhV8-7L9E4mql4AaABAg,,0,@mariajuliabolonci6926,Que asi sea!🙌🙏,2026-03-15T04:56:34Z,2026-03-15T04:56:34Z,0,0,youtube,2026-04-05T13:39:43.382125
srH80O3G_uQ,Diego Ruzzarin,"
El error de Estados Unidos en el conflicto con Irán.",es,Media,UgyChmNmXinBMOaqRhJ4AaABAg,,0,@leonardor7403,Vendido izquierdista pro comunista,2026-03-15T02:24:22Z,2026-03-15T02:24:22Z,1,0,youtube,2026-04-05T13:39:43.382127
srH80O3G_uQ,Diego Ruzzarin,"
El error de Estados Unidos en el conflicto con Irán.",es,Media,UgzK95xxHgv7mtims4t4AaABAg,,0,@mozkitooo,Este wey habla demasiada pendejada,2026-03-15T02:01:34Z,2026-03-15T02:01:34Z,2,0,youtube,2026-04-05T13:39:43.382129
srH80O3G_uQ,Diego Ruzzarin,"
El error de Estados Unidos en el conflicto con Irán.",es,Media,UgwVyablg4lrrU2xSNR4AaABAg,,0,@depoliticayotrascosas5692,Ya destruyeron microsoft,2026-03-14T06:09:32Z,2026-03-14T06:09:32Z,0,0,youtube,2026-04-05T13:39:43.382132
srH80O3G_uQ,Diego Ruzzarin,"
El error de Estados Unidos en el conflicto con Irán.",es,Media,UgwEjJyURub60Rjg7dx4AaABAg,,0,@fyrengard,"Ah caray, un misil hipersonico ronda entre uno y dos millones de dólares y con eso está atacando Irán… se me hace que la seguridad en querer predecir el futuro es el más grande error de los comunistas, y de Diego quitarle ceros a los costos de lo que está usando Iran 🤔",2026-03-13T21:45:49Z,2026-03-13T21:45:49Z,0,0,youtube,2026-04-05T13:39:43.382134
srH80O3G_uQ,Diego Ruzzarin,"
El error de Estados Unidos en el conflicto con Irán.",es,Media,UgyP81bmnpAKYpweOmZ4AaABAg,,0,@LuchomelniK,"Independientemente del poderío económico (petrodolar) de estados unidos, la balanza económica mundial ya no se mide tan solo por la moneda, sino por la capacidad de producción (China, amiguitos) Estados Unidos en una guerra de desgaste contra Irán  es recontra boleta. Lo loco que dice el Diegote, que es muy cierto es que esta guerra es super impopular, incluso con toda la desinformación de los medios occidentales, ahí es donde te das cuenta, quienes siempre gobernaron, esta guerra no es por el pueblo, esta guerra es por los grandes Capitales que siempre tuvieron el poder, y no lo quieren soltar ni aun perdido. Hasta donde van a llegar con esto, cuanta gente va a verse exprimida por estas políticas extorsionistas a favor de una guerra que no nos pertenece? A estas alturas solo me queda creer que es un mal necesario. Saludos desde Argentina!",2026-03-13T19:18:21Z,2026-03-13T19:18:21Z,0,0,youtube,2026-04-05T13:39:43.382136
srH80O3G_uQ,Diego Ruzzarin,"
El error de Estados Unidos en el conflicto con Irán.",es,Media,UgwYFEd6WvWvmFIq_ON4AaABAg,,0,@JesúsChávez-h1v,"Error 😂😂😂😂
Dónde si Estados Unidos le está poniendo un putizon.
Que bárbaro mi estético contingente",2026-03-13T08:17:26Z,2026-03-13T08:17:26Z,0,0,youtube,2026-04-05T13:39:43.382138
srH80O3G_uQ,Diego Ruzzarin,"
El error de Estados Unidos en el conflicto con Irán.",es,Media,UgyVbPKgFgTrPYkKJPd4AaABAg,,0,@JuanRuiz-up3xt,Que onda eso,2026-03-13T05:49:40Z,2026-03-13T05:49:40Z,0,0,youtube,2026-04-05T13:39:43.382140
srH80O3G_uQ,Diego Ruzzarin,"
El error de Estados Unidos en el conflicto con Irán.",es,Media,UgzgM9cHH3Q417eCC6N4AaABAg,,0,@JuanRuiz-up3xt,A veer que pasa,2026-03-13T05:44:48Z,2026-03-13T05:44:48Z,0,0,youtube,2026-04-05T13:39:43.382142
srH80O3G_uQ,Diego Ruzzarin,"
El error de Estados Unidos en el conflicto con Irán.",es,Media,Ugxz4m6bfaaylZ_z8B94AaABAg,,0,@JuanRuiz-up3xt,Que onda con eso,2026-03-13T05:44:23Z,2026-03-13T05:44:23Z,0,0,youtube,2026-04-05T13:39:43.382145
srH80O3G_uQ,Diego Ruzzarin,"
El error de Estados Unidos en el conflicto con Irán.",es,Media,UgyV8pzH8IQokmd-fEd4AaABAg,,0,@gilbertomartinez2642,todo esta diseñado para que siempre los malos ganen de una o de otra forma al igual que si pierden ganan pues sin que nos demos cuenta esta comprando latinoamericana o por lo menos a todos sus representantes presidenciales o gubernamentales...,2026-03-13T02:38:37Z,2026-03-13T02:38:37Z,0,0,youtube,2026-04-05T13:39:43.382147
srH80O3G_uQ,Diego Ruzzarin,"
El error de Estados Unidos en el conflicto con Irán.",es,Media,Ugyjr7PZExE-S59a0hR4AaABAg,,0,@felixgarciarosario7802,"Por favor alguien podría decirme si EUA se viera perdido, podría disparar un bomba atómica como hizo en Japón, que haría el mundo?",2026-03-12T21:17:41Z,2026-03-12T21:17:41Z,0,0,youtube,2026-04-05T13:39:43.382149
srH80O3G_uQ,Diego Ruzzarin,"
El error de Estados Unidos en el conflicto con Irán.",es,Media,Ugz31zTS3ij26_PxEfh4AaABAg,,0,@CoromotoClemente,Es tanta la soberbia y la egolatria que olvidan que Irán tiene siglos defendiendo su tierra a capa y espada. Tienen en su ADN las herramientas y ahora conocen al enemigo y las usan. Prefieren morir que dejarse avasallar.  Veamos un encuentro bíblico: David y Goliat.,2026-03-12T14:04:55Z,2026-03-12T14:04:55Z,0,0,youtube,2026-04-05T13:39:43.382152
srH80O3G_uQ,Diego Ruzzarin,"
El error de Estados Unidos en el conflicto con Irán.",es,Media,UgzxmvsOTWiTnPZeG_54AaABAg,,0,@CesarDanielEspinozaSosa,"Irán pueda aplicar el mismo dicho  que China,... Irán ha estado mucho antes de existiera USA e Israel y existiera, despues de que USA y Israhell desparezcan",2026-03-12T06:35:52Z,2026-03-12T06:35:52Z,0,0,youtube,2026-04-05T13:39:43.382154
srH80O3G_uQ,Diego Ruzzarin,"
El error de Estados Unidos en el conflicto con Irán.",es,Media,UgySYX3vuATV18ivT5V4AaABAg,,0,@reneorozco4494,"Hola Diego que opinas del vídeo que subió tu tocayo Diego Saul reina de la corrupción? Aquí te dejo el link espero y puedas verlo yo sé que tú eres muy analítico y tus videos también tienen mucho impacto y me gustaría que hicieras un vídeo de tu opinión acerca d eso!
https://youtu.be/gU9al-DrusM?si=SNungE7CR5_FRJ7I",2026-03-12T05:29:32Z,2026-03-12T05:29:32Z,0,0,youtube,2026-04-05T13:39:43.382157
srH80O3G_uQ,Diego Ruzzarin,"
El error de Estados Unidos en el conflicto con Irán.",es,Media,UgwtNfAgz-h796WANhV4AaABAg,,0,@Bruno32938,"Hola, te hice un video: https://youtu.be/kVZeXV8RIlI?is=scezcoOXuYyOuBiN",2026-03-12T04:49:50Z,2026-03-12T04:49:50Z,0,0,youtube,2026-04-05T13:39:43.382159
srH80O3G_uQ,Diego Ruzzarin,"
El error de Estados Unidos en el conflicto con Irán.",es,Media,Ugyob8o1CK7440VaTyJ4AaABAg,,0,@carloscarrillo7000,"Mira Ruzzarin yo sé que eres chisto,buen comediante pero si hablas de la guerra no digas tonterías. USA tiene armas para se mierda el planeta entero obviamente nadie quiere ese verdad????😮😮😮😮😮",2026-03-12T03:32:00Z,2026-03-12T03:32:00Z,0,0,youtube,2026-04-05T13:39:43.382162
srH80O3G_uQ,Diego Ruzzarin,"
El error de Estados Unidos en el conflicto con Irán.",es,Media,UgxHtvuUAsioqVTIZKJ4AaABAg,,0,@eliudvillarreal1336,"platica con JACOB del canal filosofia Judia,, el en cambio tiene la contra historia y anda por ahi ganando debates facilmente",2026-03-11T21:25:22Z,2026-03-11T21:25:22Z,0,0,youtube,2026-04-05T13:39:43.382164
srH80O3G_uQ,Diego Ruzzarin,"
El error de Estados Unidos en el conflicto con Irán.",es,Media,UgxceNffGQzNx2wONkt4AaABAg,,0,@baphomet9435,"A los Disparos Unidos les ha pasado como a la ""mitad"" de la humanidad que confunde Austria (Europa) con Australia (Oceanía), o en este caso Iraq (cobardes) con Irán (leones)",2026-03-11T20:39:31Z,2026-03-11T20:40:07Z,0,0,youtube,2026-04-05T13:39:43.382167
srH80O3G_uQ,Diego Ruzzarin,"
El error de Estados Unidos en el conflicto con Irán.",es,Media,UgyNJ7eQ4AEzMolb-wd4AaABAg,,0,@JoseRojas-mb8ry,Ahora sí no es lo mismo Venezuela e Irán!,2026-03-11T18:35:14Z,2026-03-11T18:35:14Z,0,0,youtube,2026-04-05T13:39:43.382169
srH80O3G_uQ,Diego Ruzzarin,"
El error de Estados Unidos en el conflicto con Irán.",es,Media,Ugy9AQ5RoTtmuedffXV4AaABAg,,0,@rubenzapata5131,"la caída del monstruo estadounidense estába cantado pero el pedófilo ha acelerado el proceso de descomposición con toda la cobarde coalision epstein contra La República Islámica de IRÁN no han podido,se equivocaron IRANno es venezuela,bien afirmas Diego más tiempo aguanta IRÁN más estrepitosa la caída del imperio anglonazisionista",2026-03-11T16:44:41Z,2026-03-11T16:44:41Z,0,0,youtube,2026-04-05T13:39:43.382172
srH80O3G_uQ,Diego Ruzzarin,"
El error de Estados Unidos en el conflicto con Irán.",es,Media,Ugyd0Qz0Ok_X3A2qOk94AaABAg,,0,@armandohernandezhernande2986,Que bueno que irán ponga esas acciones ya que ellos nunca provocaron esa guerra,2026-03-11T15:20:27Z,2026-03-11T15:20:27Z,0,0,youtube,2026-04-05T13:39:43.382174
srH80O3G_uQ,Diego Ruzzarin,"
El error de Estados Unidos en el conflicto con Irán.",es,Media,UgyCYSi_M5SB5dDVnmN4AaABAg,,0,@dodongodo,"Yo me pregunto si al ver que Irán no puede ser derrotado por los medios convencionales, Israel se atreverá a lanzarle bombas nucleares 🤔",2026-03-11T14:04:48Z,2026-03-11T14:04:48Z,0,0,youtube,2026-04-05T13:39:43.382176
srH80O3G_uQ,Diego Ruzzarin,"
El error de Estados Unidos en el conflicto con Irán.",es,Media,Ugxa_64nPPkZXsc2jMJ4AaABAg,,0,@JorgeSinger3117,"El gran error de estados Unidos por el cual la mayoría lo repudia es por qué nos inculcaron que debemos defender al débil combatir el mal, en la películas salvan al mundo pero en la realidad son el vergudo apresor",2026-03-11T04:03:27Z,2026-03-11T04:03:43Z,0,0,youtube,2026-04-05T13:39:43.382179
srH80O3G_uQ,Diego Ruzzarin,"
El error de Estados Unidos en el conflicto con Irán.",es,Media,UgzAfaO9N416qCAqiwh4AaABAg,,0,@djacircarvalho9738,"Prezado: Só esperamos que a sua análise não seja fundamentada em seu próprio ""wishing thinking""!!! É só...",2026-03-11T01:12:50Z,2026-03-11T01:12:50Z,0,0,youtube,2026-04-05T13:39:43.382181
srH80O3G_uQ,Diego Ruzzarin,"
El error de Estados Unidos en el conflicto con Irán.",es,Media,UgwhKGTpE8Gnkac9AcV4AaABAg,,0,@efrainteran5880,El mundo está con Irán 🇮🇷 en contra del cartel pdfilosionista 👊,2026-03-10T22:59:42Z,2026-03-10T22:59:42Z,1,0,youtube,2026-04-05T13:39:43.382183
srH80O3G_uQ,Diego Ruzzarin,"
El error de Estados Unidos en el conflicto con Irán.",es,Media,Ugx4Djt_lTU5kg9K3aZ4AaABAg,,0,@jmaldunate6320,Excelente,2026-03-10T22:52:19Z,2026-03-10T22:52:19Z,0,0,youtube,2026-04-05T13:39:43.382185
srH80O3G_uQ,Diego Ruzzarin,"
El error de Estados Unidos en el conflicto con Irán.",es,Media,Ugxn-VU-3BdDjMobvH14AaABAg,,0,@Leon-ew7gi,"Trump También es humano, y así el se odie, el desgaste, es real.",2026-03-10T22:21:59Z,2026-03-10T22:21:59Z,0,0,youtube,2026-04-05T13:39:43.382187
srH80O3G_uQ,Diego Ruzzarin,"
El error de Estados Unidos en el conflicto con Irán.",es,Media,Ugwsqb3rufW2WV2aPId4AaABAg,,0,@Akumalive,El pensamiento religioso una vez más haciendo daño a la humanidad,2026-03-10T20:26:57Z,2026-03-10T20:26:57Z,0,0,youtube,2026-04-05T13:39:43.382190
srH80O3G_uQ,Diego Ruzzarin,"
El error de Estados Unidos en el conflicto con Irán.",es,Media,UgzA0QESnRqnHqFPvNV4AaABAg,,0,@RodriguezAnaLucia,Fuentes ?,2026-03-10T19:01:44Z,2026-03-10T19:01:44Z,0,0,youtube,2026-04-05T13:39:43.382192
srH80O3G_uQ,Diego Ruzzarin,"
El error de Estados Unidos en el conflicto con Irán.",es,Media,UgzUbhuzFS_Svq0t1EN4AaABAg,,0,@IMJP4,Diego esta mas perdido de la realidad que un liberal🤣,2026-03-10T15:07:30Z,2026-03-10T15:07:30Z,0,0,youtube,2026-04-05T13:39:43.382194
srH80O3G_uQ,Diego Ruzzarin,"
El error de Estados Unidos en el conflicto con Irán.",es,Media,UgzM0ve-tkt3_l8nm7t4AaABAg,,0,@deyvitarob755,LOS DICTADORES DE IRAN se esconden dentro de infraestructura CIVIL. / ESO NO LO MENCIONAS? 🤦🏻‍♂️🤦🏻‍♂️🤦🏻‍♂️🤦🏻‍♂️🤦🏻‍♂️ LANZAR MISILES Y LUEGO ESCONDERSE ENTRE CIVILES ? 😅😅😅😅,2026-03-10T13:31:53Z,2026-03-10T13:31:53Z,0,0,youtube,2026-04-05T13:39:43.382196
srH80O3G_uQ,Diego Ruzzarin,"
El error de Estados Unidos en el conflicto con Irán.",es,Media,Ugw2HevSzjiQxoUuX2t4AaABAg,,0,@Crisol_psicologia,"No estoy de acuerdo con un punto: Trump jamás se quedará atrapado en esta guerra por miedo a perder aún más popularidad. Lo que hará es decir que ya ganó y retirarse “a tiempo” dejando posiblemente Israel seguir la tarea o reduciendo la intensidad del conflicto con su vecino. Trump es jillipollas pero no tonto: sabe que hacer y no hacer para ganar elecciones.

Además, el imperio americano no se destruirá por eso solamente. Creo que ahí confundes tus deseos y la realidad a corto plazo. Que se pueda derrocar si, pero será con la acumulación conjunta de otros factores y con un plazo mucho más amplio de tiempo.",2026-03-10T12:48:26Z,2026-03-10T12:50:16Z,1,0,youtube,2026-04-05T13:39:43.382198
srH80O3G_uQ,Diego Ruzzarin,"
El error de Estados Unidos en el conflicto con Irán.",es,Media,Ugy8uzvrrNIl9xz0dVl4AaABAg,,0,@danielapastorio2295,"Lamentablemente paises satellites de USA, como el mio, (Italia) y otros en Europa, van a enviar ayuda militares y de defensa al costo de los ciudadanos italianos y europeos.😢😢",2026-03-10T10:37:27Z,2026-03-10T10:37:27Z,0,0,youtube,2026-04-05T13:39:43.382201
srH80O3G_uQ,Diego Ruzzarin,"
El error de Estados Unidos en el conflicto con Irán.",es,Media,UgwBax77jP99ltrQoVJ4AaABAg,,0,@nitro1246,EEUU mucho musculo poco cerebro.,2026-03-10T10:17:56Z,2026-03-10T10:17:56Z,0,0,youtube,2026-04-05T13:39:43.382203
srH80O3G_uQ,Diego Ruzzarin,"
El error de Estados Unidos en el conflicto con Irán.",es,Media,Ugz8-3t4N0P1paidRN14AaABAg,,0,@juanrios6256,JAJAJAJAAÁ!!!!  .,2026-03-10T10:10:21Z,2026-03-10T10:10:21Z,0,0,youtube,2026-04-05T13:39:43.382205
srH80O3G_uQ,Diego Ruzzarin,"
El error de Estados Unidos en el conflicto con Irán.",es,Media,Ugwv2oJNDyEQL1w7xZ14AaABAg,,0,@trakass-v5w,Los ciudadanls de estados unidos todos zombies y el gobierno haciendo lo que quiere,2026-03-10T05:01:43Z,2026-03-10T05:01:43Z,0,0,youtube,2026-04-05T13:39:43.382207
srH80O3G_uQ,Diego Ruzzarin,"
El error de Estados Unidos en el conflicto con Irán.",es,Media,UgxG5VhT9BtrAimZsN14AaABAg,,0,@Boini9465,Que muchas películas has visto 😅,2026-03-10T03:52:20Z,2026-03-10T03:52:20Z,0,0,youtube,2026-04-05T13:39:43.382210
srH80O3G_uQ,Diego Ruzzarin,"
El error de Estados Unidos en el conflicto con Irán.",es,Media,UgzBHNVknAxD7ubszYN4AaABAg,,0,@MiguelCano-p2o,"No comprar productos de los gringos ni de los judíos, comprar productos locales y en la tienda de la esquina",2026-03-10T03:28:44Z,2026-03-10T03:28:44Z,0,0,youtube,2026-04-05T13:39:43.382212
srH80O3G_uQ,Diego Ruzzarin,"
El error de Estados Unidos en el conflicto con Irán.",es,Media,UgzIDqqpRx3qrJ1grjF4AaABAg,,0,@alesalv8881,Ojalá!,2026-03-10T02:44:17Z,2026-03-10T02:44:17Z,0,0,youtube,2026-04-05T13:39:43.382214
srH80O3G_uQ,Diego Ruzzarin,"
El error de Estados Unidos en el conflicto con Irán.",es,Media,UgxveksAWAoxest77iJ4AaABAg,,0,@karinaalejandra3946,"sigo viendo el mundo como madre, todos son hijos de alguien NADIE MERECE LA GUERRA
NADIE FUE ELEGIDO PARA DESTRUIR A OTROS
Si creen en lo divino, unámonos en fe",2026-03-10T02:27:51Z,2026-03-10T02:27:51Z,0,0,youtube,2026-04-05T13:39:43.382216
srH80O3G_uQ,Diego Ruzzarin,"
El error de Estados Unidos en el conflicto con Irán.",es,Media,UgxlsUP_gMepdoiKGbh4AaABAg,,0,@orlandooriana8344,"2:18 Ahora que el tío Sam se las ve negras, es cuando quiere acuerdo de paz, después que desvivió al líder iraní.

Sabe bien que Irán no aceptará y va a darle sus buenas bofetadas al tío Sam 🤭🤣😆",2026-03-10T02:05:29Z,2026-03-10T02:05:29Z,1,0,youtube,2026-04-05T13:39:43.382218
srH80O3G_uQ,Diego Ruzzarin,"
El error de Estados Unidos en el conflicto con Irán.",es,Media,UgyEZm9nWrbN8bsIED14AaABAg,,0,@masterbruce4010,Gran Análisis,2026-03-09T22:04:27Z,2026-03-09T22:04:27Z,0,0,youtube,2026-04-05T13:39:43.382220
srH80O3G_uQ,Diego Ruzzarin,"
El error de Estados Unidos en el conflicto con Irán.",es,Media,UgwrDTPI_V93Ef26vHl4AaABAg,,0,@fuensantacegarra7049,"En España estamos en contra de los sionistas genocidas y de EEUU,  no a las guerras imperialistas",2026-03-09T21:10:18Z,2026-03-09T21:10:18Z,1,0,youtube,2026-04-05T13:39:43.382223
srH80O3G_uQ,Diego Ruzzarin,"
El error de Estados Unidos en el conflicto con Irán.",es,Media,Ugw4KqKrmRNKwYa1nSx4AaABAg,,0,@fernandoruizgomez1668,"Se está perdiendo el honor  militar porque están utilizando armamento prohibido como las bombas sucias (químicas de fósforo) y las bombas de racimo, si Israel o usa utilizan las bombas nucleares ahí si van a entrar todos en su contra",2026-03-09T20:43:35Z,2026-03-09T20:43:35Z,0,0,youtube,2026-04-05T13:39:43.382225
srH80O3G_uQ,Diego Ruzzarin,"
El error de Estados Unidos en el conflicto con Irán.",es,Media,UgzFOSPQ9eOe6Qn3Z_x4AaABAg,,0,@yoyayo5054,Ojala que tus palbras sean profeticas que ya acabe este desmadre de este tipo loco,2026-03-09T20:29:24Z,2026-03-09T20:29:24Z,3,0,youtube,2026-04-05T13:39:43.382227
srH80O3G_uQ,Diego Ruzzarin,"
El error de Estados Unidos en el conflicto con Irán.",es,Media,UgzZLbLgkTqdO3QU5u14AaABAg,,0,@SánchezBasurto777,"Apenas está iniciando y las cosas ya se están poniendo muy feas, no me imagino como va a estar las cosas cuando estemos en la semana 4 o 5",2026-03-09T20:02:48Z,2026-03-09T20:02:48Z,2,0,youtube,2026-04-05T13:39:43.382229
srH80O3G_uQ,Diego Ruzzarin,"
El error de Estados Unidos en el conflicto con Irán.",es,Media,UgzlZU2btOyuXfOkICN4AaABAg,,0,@pedromora4832,"Esas condiciones que impone Irán indican que  están preparados para aguantar y que está armado hasta los dientes con armas poderosas que va a usar cuando pasen las 5 semanas en las que EEUU e Israel agoten esos misiles millonarios, ahí cabe el refrán : ""cuando gasten toda su pólvora en zamuros"" y luego vendrá la contraofensiva con el armamento pesado que tiene guardado Irán en sus búnkers subterráneos.",2026-03-09T18:57:22Z,2026-03-09T18:57:22Z,0,0,youtube,2026-04-05T13:39:43.382231
srH80O3G_uQ,Diego Ruzzarin,"
El error de Estados Unidos en el conflicto con Irán.",es,Media,UgzXYLTW0a5jLG7WBpJ4AaABAg,,0,@brendazenil171,Que así sea!!!,2026-03-09T18:56:46Z,2026-03-09T18:56:46Z,0,0,youtube,2026-04-05T13:39:43.382233
srH80O3G_uQ,Diego Ruzzarin,"
El error de Estados Unidos en el conflicto con Irán.",es,Media,UgwjryyLQ0cdSh5GBUF4AaABAg,,0,@JoseMiguelLoor,"Por lo que dice Diego, y por la mayor parte de comentarios que leo, parece que los iraníes fueran unas santas palomas. El ataque a Irán es totalmente injustificado, no hay ninguna duda al respecto, pero los iraníes no son ningunos inocentes. Ya lo dije en otra ocasión, en esta guerra no hay buenos y malos; hay malos y peores",2026-03-09T18:43:15Z,2026-03-09T18:43:15Z,0,0,youtube,2026-04-05T13:39:43.382235
srH80O3G_uQ,Diego Ruzzarin,"
El error de Estados Unidos en el conflicto con Irán.",es,Media,UgyX9DWOsny3XhN9vS94AaABAg,,0,@kirapoodle,Que pasó con los vídeos de Maduro?,2026-03-09T18:04:54Z,2026-03-09T18:04:54Z,0,0,youtube,2026-04-05T13:39:44.265411
srH80O3G_uQ,Diego Ruzzarin,"
El error de Estados Unidos en el conflicto con Irán.",es,Media,UgzpcL1nZSYEYtxdfXV4AaABAg,,0,@reyskywalker115,"Fuera de lo politico, ese pais esta super endeudado ya esta tirando patadas de ahogado.... es el fin del dolar y fue por su avaricia. estamos viviendo la caida del imperio usa",2026-03-09T17:44:56Z,2026-03-09T17:44:56Z,0,0,youtube,2026-04-05T13:39:44.265421
srH80O3G_uQ,Diego Ruzzarin,"
El error de Estados Unidos en el conflicto con Irán.",es,Media,Ugy8_LFDY78AGcT6Lo14AaABAg,,0,@MAESTRAN,Apoyo la iniciativa de IRÁN,2026-03-09T15:53:38Z,2026-03-09T15:53:38Z,2,0,youtube,2026-04-05T13:39:44.265424
srH80O3G_uQ,Diego Ruzzarin,"
El error de Estados Unidos en el conflicto con Irán.",es,Media,Ugzt4pfSirXnBmmh4zF4AaABAg,,0,@MAESTRAN,"USA, HUELE A GOLPE DE ESTADO",2026-03-09T15:50:54Z,2026-03-09T15:50:54Z,1,0,youtube,2026-04-05T13:39:44.265426
srH80O3G_uQ,Diego Ruzzarin,"
El error de Estados Unidos en el conflicto con Irán.",es,Media,UgxMkW4EuiahHoh0GUN4AaABAg,,0,@Antoniocastillo-vj1co,Y mientras tanto  el pueblo Iraní que sufra la miseria y la pobreza más extrema que  han sufrido en toda su historia.,2026-03-09T15:45:05Z,2026-03-09T15:45:05Z,0,0,youtube,2026-04-05T13:39:44.265429
srH80O3G_uQ,Diego Ruzzarin,"
El error de Estados Unidos en el conflicto con Irán.",es,Media,UgyLN8ZWPG4FsawfOnR4AaABAg,,0,@TuxedoMask-nb4ws,"Yo creo q la solucion seria q todos los paises puedan tener sus armas nucleares..porq desafortunadamente los q actualmente SI las tienen, son los principales agresores del mundo  y agreden a aquellos q NO las tienen...es una medida de intimidacion..",2026-03-09T15:39:02Z,2026-03-09T15:39:02Z,0,0,youtube,2026-04-05T13:39:44.265432
srH80O3G_uQ,Diego Ruzzarin,"
El error de Estados Unidos en el conflicto con Irán.",es,Media,Ugyjqb2XHmuqNdMZSal4AaABAg,,0,@Rigoshue7713,Que buenísima idea usar misiles obsoletos BASURA ...es como las protestas en que la policía usa todo su arsenal contra manifestantes con barricadas y piedras.😅🤣😂😝😅😂,2026-03-09T15:08:40Z,2026-03-09T15:08:40Z,0,0,youtube,2026-04-05T13:39:44.265434
srH80O3G_uQ,Diego Ruzzarin,"
El error de Estados Unidos en el conflicto con Irán.",es,Media,UgwPEvFkJFSPqhL_W0d4AaABAg,,0,@iandaca7448,Dead dead to the IDF,2026-03-09T14:56:11Z,2026-03-09T14:56:11Z,0,0,youtube,2026-04-05T13:39:44.265436
srH80O3G_uQ,Diego Ruzzarin,"
El error de Estados Unidos en el conflicto con Irán.",es,Media,UgxdBSsHMof61Rp9sj54AaABAg,,0,@ulisesalvarez7773,Como en el ajedrez hay que sacrificar algunas piezas para llegar con el arsenal a destruir,2026-03-09T14:50:23Z,2026-03-09T14:50:23Z,0,0,youtube,2026-04-05T13:39:44.265439
srH80O3G_uQ,Diego Ruzzarin,"
El error de Estados Unidos en el conflicto con Irán.",es,Media,Ugzf3tdw7QMIdzrsfB54AaABAg,,0,@cesartrejo8310,VIVA EL CAPITALISMO,2026-03-09T14:44:15Z,2026-03-09T14:44:15Z,0,0,youtube,2026-04-05T13:39:44.265441
srH80O3G_uQ,Diego Ruzzarin,"
El error de Estados Unidos en el conflicto con Irán.",es,Media,UgwoQzIAR7ddTnmGgx14AaABAg,,0,@elcheque2933,El vídeo completo para cuando,2026-03-09T14:14:55Z,2026-03-09T14:14:55Z,0,0,youtube,2026-04-05T13:39:44.265443
srH80O3G_uQ,Diego Ruzzarin,"
El error de Estados Unidos en el conflicto con Irán.",es,Media,Ugwm0YMp74OKNC20LzB4AaABAg,,0,@yacoubfaqih9866,"Y ojo aparte de esto todos los lanzamientos contra las bases de usa en el golofo son muy precisa... Sabiendo que el sistema de navigation GPS ya esta fuera de servicio en Irán.
Y eso nos lleva a saber que los rusos y incluso los chinos estan dando apoyo de inteligencia y logístico..muy muy grande.",2026-03-09T14:05:27Z,2026-03-09T14:05:27Z,0,0,youtube,2026-04-05T13:39:44.265445
srH80O3G_uQ,Diego Ruzzarin,"
El error de Estados Unidos en el conflicto con Irán.",es,Media,Ugz_so6YBMVf6wnqtgx4AaABAg,,0,@alexandramillan3011,"GRACIAS POR TU INFORMACION 
TU ERES DE LOS POCOS ESTUDIADOS Y QUE SABE LO QUE HABLA",2026-03-09T12:25:49Z,2026-03-09T12:25:49Z,0,0,youtube,2026-04-05T13:39:44.265448
srH80O3G_uQ,Diego Ruzzarin,"
El error de Estados Unidos en el conflicto con Irán.",es,Media,UgzK956j3F88_mmFZt14AaABAg,,0,@MarthaGarcia-t6f,"Y mientras tanto, montones de muertos.",2026-03-09T12:04:15Z,2026-03-09T12:04:15Z,0,0,youtube,2026-04-05T13:39:44.265450
srH80O3G_uQ,Diego Ruzzarin,"
El error de Estados Unidos en el conflicto con Irán.",es,Media,UgyL1-wNyciYDSaFxcN4AaABAg,,0,@ricardoagudelo8354,Ojalá q así sea.....,2026-03-09T11:20:15Z,2026-03-09T11:20:15Z,0,0,youtube,2026-04-05T13:39:44.265453
srH80O3G_uQ,Diego Ruzzarin,"
El error de Estados Unidos en el conflicto con Irán.",es,Media,Ugw89VJWVM-sYgsza6V4AaABAg,,0,@loretokh,Tambien irán  esta mande y mande drones no tan caros y con ellos igual los hacen gastar en defensa de alto costo y equipo que destruyen. Que buen baile le esta pegando a los sionistas que quieren dominar el mundo para satanas.,2026-03-09T10:52:42Z,2026-03-09T10:52:42Z,0,0,youtube,2026-04-05T13:39:44.265455
srH80O3G_uQ,Diego Ruzzarin,"
El error de Estados Unidos en el conflicto con Irán.",es,Media,Ugz2DfsQphxeVRwKFkR4AaABAg,,0,@gabrielcarlosarias572,Verguenza como argentino por tener un inpresentable a cafgo del estado apoyando a este otro demencial presidente ...,2026-03-09T10:42:11Z,2026-03-09T10:42:11Z,0,0,youtube,2026-04-05T13:39:44.265457
srH80O3G_uQ,Diego Ruzzarin,"
El error de Estados Unidos en el conflicto con Irán.",es,Media,UgzdslIjXb1ro5bYOP14AaABAg,,0,@fernandocontrerasmartinez7681,Iranios y afganos son inconquistables,2026-03-09T10:26:06Z,2026-03-09T10:26:06Z,0,0,youtube,2026-04-05T13:39:44.265460
srH80O3G_uQ,Diego Ruzzarin,"
El error de Estados Unidos en el conflicto con Irán.",es,Media,UgybVCVLXbS-n8ThkFF4AaABAg,,0,@RAFAELMORFFE-h7r,😧,2026-03-09T10:09:38Z,2026-03-09T10:09:38Z,0,0,youtube,2026-04-05T13:39:44.265462
srH80O3G_uQ,Diego Ruzzarin,"
El error de Estados Unidos en el conflicto con Irán.",es,Media,UgwoN5J3PXzbJlMFEkV4AaABAg,,0,@thebloxer3413,Irán un país que financia el terrorismo global,2026-03-09T10:09:01Z,2026-03-09T10:09:01Z,0,0,youtube,2026-04-05T13:39:44.265464
srH80O3G_uQ,Diego Ruzzarin,"
El error de Estados Unidos en el conflicto con Irán.",es,Media,UgxK-5QGRu6fmL6gSPB4AaABAg,,0,@MariaelenaCamara-l7t,"¿Tal es el resentimiento de la izquierda?

Este muchacho ignora que Irán es como el perro con rabia.

🤣🇵🇪",2026-03-09T10:03:26Z,2026-03-09T10:03:26Z,0,0,youtube,2026-04-05T13:39:44.265466
srH80O3G_uQ,Diego Ruzzarin,"
El error de Estados Unidos en el conflicto con Irán.",es,Media,UgyHxCZ7XCzytGzFq114AaABAg,,0,@Najmoudinmiralemfahroudin197,"Dios mediante que este MALVADO sistema estadounidense caiga pronto.

Viva la resistencia 
Viva la revolución 
Viva la verdadera libertad 🆓 
No esa que promueve el sionismo",2026-03-09T09:09:07Z,2026-03-09T09:09:07Z,1,0,youtube,2026-04-05T13:39:44.265469
srH80O3G_uQ,Diego Ruzzarin,"
El error de Estados Unidos en el conflicto con Irán.",es,Media,UgxkQgf_yywK65tGRmV4AaABAg,,0,@marinvazquez3749,No digan Estados Unidos.  Digan Trump.  No estas culpando al violador de Niñas al decir Estados Unidos.  Todo esto es por el caso Epstein no des vien la narrativa.!! Es Trump el culpable de todo este desastre . Se save Que todo lo Que toca lo hace kk.,2026-03-09T08:47:12Z,2026-03-09T08:47:12Z,0,0,youtube,2026-04-05T13:39:44.265471
srH80O3G_uQ,Diego Ruzzarin,"
El error de Estados Unidos en el conflicto con Irán.",es,Media,Ugy5FsH2Mh3uJpnlZod4AaABAg,,0,@rosagrueiro3522,Trump comendo a sua propia medicina,2026-03-09T08:23:46Z,2026-03-09T08:23:46Z,0,0,youtube,2026-04-05T13:39:44.265473
srH80O3G_uQ,Diego Ruzzarin,"
El error de Estados Unidos en el conflicto con Irán.",es,Media,Ugyw_5VfQFoNu_Jp-4N4AaABAg,,0,@sebaqwerty,"jajaj cuanto delirio, vuelvo en cinco semanas. Espero que no borres el video si te equivocas",2026-03-09T07:55:56Z,2026-03-09T07:55:56Z,0,0,youtube,2026-04-05T13:39:44.265476
srH80O3G_uQ,Diego Ruzzarin,"
El error de Estados Unidos en el conflicto con Irán.",es,Media,UgyYQemWBabgoSBZlxd4AaABAg,,0,@jjskyers8650,"Como puedes decir que Iran se está guardando los misiles cuando está atacando a todas las petro monarquías. Lo que hablaste de los misiles basura son en realidad drones, los mismos que les vende a Rusia para su plan imperialista de invadir Ucrania. Lo que si está pasando y se te olvidó comentar😉 es que a Rusia no le importa está guerra y China está más pendiente que a los iraníes no se les ocurra cerrar el estrecho de Hormuz y esperar el momento perfecto para ejecutar el plan colonial para invadir  Taiwán. También olvidaste decir que Irán amenazó a los países de la Unión Europea con bombardeos si no lo defendían de la furia del tío Sam pero de seguro se te olvido pensando en tu amigo Nicolás Maduro 😅 un saludo de un cubano próximamente libre gracias al presidente Donal Trump y al secretario Marco Rubio.",2026-03-09T06:26:45Z,2026-03-09T06:26:45Z,0,0,youtube,2026-04-05T13:39:44.265479
srH80O3G_uQ,Diego Ruzzarin,"
El error de Estados Unidos en el conflicto con Irán.",es,Media,Ugxyy7AbhI6IaGB6sGB4AaABAg,,0,@jeniffermontesdeoca4920,"Amén, y todos esperamos que tengas razón. Estamos hasta la coronilla de EU y su adicción a la guerra y a las matanzas de inocentes.",2026-03-09T06:25:17Z,2026-03-09T06:25:17Z,1,0,youtube,2026-04-05T13:39:44.265481
srH80O3G_uQ,Diego Ruzzarin,"
El error de Estados Unidos en el conflicto con Irán.",es,Media,UgzxHCyKDSB0bb6vWCx4AaABAg,,0,@michaelparada4349,"🕵
Aloha Genios",2026-03-09T06:16:52Z,2026-03-09T06:16:52Z,0,0,youtube,2026-04-05T13:39:44.265483
srH80O3G_uQ,Diego Ruzzarin,"
El error de Estados Unidos en el conflicto con Irán.",es,Media,UgzvMPq--LXe0yFxTvF4AaABAg,,0,@caseregamarralucianoisaias9710,Estás siendo muy optimista con la capacidad de irán frente a décadas de planificación estadounidense. No creo que sean tan ingenuos. Hasta parece propaganda más que un análisis.,2026-03-09T05:05:39Z,2026-03-09T05:05:39Z,0,0,youtube,2026-04-05T13:39:44.265485
srH80O3G_uQ,Diego Ruzzarin,"
El error de Estados Unidos en el conflicto con Irán.",es,Media,UgxOpcYWxn1tXBSiMc94AaABAg,,0,@fernandobarrera1370,Un genocida y un pedófilo la combinación perfecta para las desgracias. Misma mentira de Irak ahora con irán. Lo lograra la operación furia de Epstein?,2026-03-09T04:48:41Z,2026-03-09T04:48:41Z,0,0,youtube,2026-04-05T13:39:44.265488
srH80O3G_uQ,Diego Ruzzarin,"
El error de Estados Unidos en el conflicto con Irán.",es,Media,UgxRh7IrEEqpRXa7OEZ4AaABAg,,0,@rigobertogonzalez1229,Cuántos  comunistas odiando a EEUU lol,2026-03-09T04:25:44Z,2026-03-09T04:25:44Z,0,0,youtube,2026-04-05T13:39:44.265490
srH80O3G_uQ,Diego Ruzzarin,"
El error de Estados Unidos en el conflicto con Irán.",es,Media,UgwUiGjPs5lBqs5-oWZ4AaABAg,,0,@orionorion4877.z.A.J,Totalmente de acuerdo 👽👽👽,2026-03-09T04:10:53Z,2026-03-09T04:10:53Z,0,0,youtube,2026-04-05T13:39:44.265493
srH80O3G_uQ,Diego Ruzzarin,"
El error de Estados Unidos en el conflicto con Irán.",es,Media,Ugx0oMvBe2nSijVfeyR4AaABAg,,0,@RubenGamasdelaCruz,Estados sumidos esta valiendo de eso k les CUELGA a los MACHOS! Jajajaja 😅😂,2026-03-09T03:49:28Z,2026-03-09T03:49:28Z,0,0,youtube,2026-04-05T13:39:44.265495
srH80O3G_uQ,Diego Ruzzarin,"
El error de Estados Unidos en el conflicto con Irán.",es,Media,Ugxj-L3zHjcdVmmYpvh4AaABAg,,0,@GabrielGali-n2w,"Jiang Xueqin lo predijo.
Cuando un feat con Gabriel Bulgakov?",2026-03-09T03:34:08Z,2026-03-09T03:34:08Z,0,0,youtube,2026-04-05T13:39:44.265497
srH80O3G_uQ,Diego Ruzzarin,"
El error de Estados Unidos en el conflicto con Irán.",es,Media,Ugwa8wfWmKXb-wG3mc94AaABAg,,0,@ChristianCarstensen-l4g,"Tiene mi apoyo y el de toda ka derecha , lyego siguwn 8 añis mas de Marco Rubio . Te lo reputo  es imposible una derrota de una superpotenciaxen una gyerra",2026-03-09T02:55:31Z,2026-03-09T02:55:31Z,0,0,youtube,2026-04-05T13:39:44.265500
srH80O3G_uQ,Diego Ruzzarin,"
El error de Estados Unidos en el conflicto con Irán.",es,Media,Ugz1We9cl-AJT_c6T7R4AaABAg,,0,@victoralfonsosoto6634,Esta Guerra será conocida como la guerra Epstein,2026-03-09T02:36:45Z,2026-03-09T02:36:45Z,0,0,youtube,2026-04-05T13:39:44.265502
srH80O3G_uQ,Diego Ruzzarin,"
El error de Estados Unidos en el conflicto con Irán.",es,Media,Ugw2agJ5VD9i6xTs5G14AaABAg,,0,@GAELZAIDZAMORARAVELO,Si cometió un gran error. Empezar el conflicto,2026-03-09T02:31:27Z,2026-03-09T02:31:27Z,0,0,youtube,2026-04-05T13:39:44.265504
srH80O3G_uQ,Diego Ruzzarin,"
El error de Estados Unidos en el conflicto con Irán.",es,Media,UgwDCUeuilCl8Yyuo5p4AaABAg,,0,@sg24680,El verdadero peligro para el mundo es Estados Unidos de Israhell.,2026-03-09T01:58:40Z,2026-03-09T01:58:40Z,2,0,youtube,2026-04-05T13:39:44.265517
srH80O3G_uQ,Diego Ruzzarin,"
El error de Estados Unidos en el conflicto con Irán.",es,Media,UgxJsOp6m22ofau74Xl4AaABAg,,0,@moisito7638,Ya lo estamos viviendo aqui,2026-03-09T01:47:04Z,2026-03-09T01:47:04Z,0,0,youtube,2026-04-05T13:39:44.265520
srH80O3G_uQ,Diego Ruzzarin,"
El error de Estados Unidos en el conflicto con Irán.",es,Media,UgxJcicFiL_aOwwy8nh4AaABAg,,0,@MultiMauriciojavier,https://youtu.be/UFPXaeFTCbM?si=y2I21uear6XJpG38,2026-03-09T01:34:25Z,2026-03-09T01:34:25Z,0,0,youtube,2026-04-05T13:39:44.265522
srH80O3G_uQ,Diego Ruzzarin,"
El error de Estados Unidos en el conflicto con Irán.",es,Media,UgziIF013S0ponmIGtt4AaABAg,,0,@NachoHdez-qo9ju,Físicamente decrepito... De que hablas. El sr naranja siempre ha estado decrepito,2026-03-09T01:05:07Z,2026-03-09T01:05:07Z,1,0,youtube,2026-04-05T13:39:44.265524
srH80O3G_uQ,Diego Ruzzarin,"
El error de Estados Unidos en el conflicto con Irán.",es,Media,UgwO4rAiMbQs6EFFDM14AaABAg,,0,@miguelsalazar-mn8wr,"Ay Diego, todas nuestras oraciones están puestas es tus pronósticos",2026-03-09T01:01:47Z,2026-03-09T01:01:47Z,3,0,youtube,2026-04-05T13:39:44.265526
srH80O3G_uQ,Diego Ruzzarin,"
El error de Estados Unidos en el conflicto con Irán.",es,Media,Ugx71fLNN--Rh5gMXcR4AaABAg,,0,@Kap.Vm20,"Irán sabe muy bien eso de que no podrá contra USA e Israel, pero están dispuestos a morir en el intento, ya que mentalidad es pelear hasta las ultimas consecuencias pero no caerá solo, muchos caerán conmigo. Serán los nuevos mártires de la guerra.",2026-03-09T00:58:03Z,2026-03-09T00:58:03Z,2,0,youtube,2026-04-05T13:39:44.265529
srH80O3G_uQ,Diego Ruzzarin,"
El error de Estados Unidos en el conflicto con Irán.",es,Media,UgxHRnwQD6vBedIVFzJ4AaABAg,,0,@MaradelcarmenDejesus,"Bravo irán, la fuerza está conty.",2026-03-09T00:47:29Z,2026-03-09T00:47:29Z,0,0,youtube,2026-04-05T13:39:44.265531
srH80O3G_uQ,Diego Ruzzarin,"
El error de Estados Unidos en el conflicto con Irán.",es,Media,UgxlsF4eh2QmACfrwtF4AaABAg,,0,@elberxxx1892,Trump idiota,2026-03-09T00:22:33Z,2026-03-09T00:22:33Z,0,0,youtube,2026-04-05T13:39:44.265533
srH80O3G_uQ,Diego Ruzzarin,"
El error de Estados Unidos en el conflicto con Irán.",es,Media,UgygNQY64UXXRONzDW14AaABAg,,0,@mambisilvestre,"¿Trump está desmoralizado? Trump a librado dos pueblos de sus dictaduras asesinas, Venezuela e Irán, ¿No vas a decir nada de los 30 mil asesinatos del Ayatola Iraní? .. Trump está a punto de poner fin a otra dictadura, la dictadura Castro-comunista que ha destruido a Cuba. 
¡tú Diego Ruzarin eres un zurdo hipócrita!",2026-03-09T00:17:26Z,2026-03-09T00:17:26Z,0,0,youtube,2026-04-05T13:39:44.265536
srH80O3G_uQ,Diego Ruzzarin,"
El error de Estados Unidos en el conflicto con Irán.",es,Media,Ugw55_Lt-qydII63GIB4AaABAg,,0,@guadalupecolinguillen5792,Estados unidos perderá esta guerra,2026-03-08T23:58:46Z,2026-03-08T23:58:46Z,0,0,youtube,2026-04-05T13:39:44.265538
srH80O3G_uQ,Diego Ruzzarin,"
El error de Estados Unidos en el conflicto con Irán.",es,Media,Ugy86dLpa5Smj5qZqKd4AaABAg,,0,@urieldelavega13,👍👍,2026-03-08T23:21:06Z,2026-03-08T23:21:06Z,0,0,youtube,2026-04-05T13:39:44.265541
srH80O3G_uQ,Diego Ruzzarin,"
El error de Estados Unidos en el conflicto con Irán.",es,Media,UgyStJjKRePptgOuPvh4AaABAg,,0,@fergu2857,"Donal en un año saco a china de América, les jodió sus aliados irán y Venezuela, saco los narcos del poder y dejo los demás callados, mato a los retrógrados violadores de niñas de irán y todo eso lo hizo puteando a Europa poniéndola bajo sus pies, todo en un año 👏👏💪",2026-03-08T23:13:55Z,2026-03-08T23:13:55Z,0,0,youtube,2026-04-05T13:39:44.265543
srH80O3G_uQ,Diego Ruzzarin,"
El error de Estados Unidos en el conflicto con Irán.",es,Media,UgxtIyKhbfI5oVVL1AZ4AaABAg,,0,@Ovsat-v6k,Todo bien... Pero tampoco son tontos los de Israel.,2026-03-08T22:34:05Z,2026-03-08T22:34:05Z,0,0,youtube,2026-04-05T13:39:44.265545
srH80O3G_uQ,Diego Ruzzarin,"
El error de Estados Unidos en el conflicto con Irán.",es,Media,UgztYczI-fp3VazkRQh4AaABAg,,0,@JesusMartinez-d4d7t,Esplicame como es que mojames existía antes de Cristo,2026-03-08T21:38:05Z,2026-03-08T21:38:05Z,0,0,youtube,2026-04-05T13:39:44.265547
srH80O3G_uQ,Diego Ruzzarin,"
El error de Estados Unidos en el conflicto con Irán.",es,Media,Ugyhk7Nx-mK5ktgmcPR4AaABAg,,0,@cawintenek7265,Muy buenos análisis de señor Ruzzarin,2026-03-08T21:20:56Z,2026-03-08T21:20:56Z,0,0,youtube,2026-04-05T13:39:44.265549
srH80O3G_uQ,Diego Ruzzarin,"
El error de Estados Unidos en el conflicto con Irán.",es,Media,Ugx_XVxnVlB38nPLX3Z4AaABAg,,0,@juancamus802,Esta guerra y el anuncio de descalificar archivos secretos de ovnis son cortinas de humo para desviar la atención por el caso de la isla y su vínculo con escándalos que involucran a niñas menores de edad!!!,2026-03-08T21:11:56Z,2026-03-08T21:11:56Z,1,0,youtube,2026-04-05T13:39:44.265552
srH80O3G_uQ,Diego Ruzzarin,"
El error de Estados Unidos en el conflicto con Irán.",es,Media,UgzjZt0qcVRSZ3W5myl4AaABAg,,0,@SilviaCastillo-zr5be,Si Estados Unidos pierde la guerra . De dónde van a sacar el dinero los gringos ?,2026-03-08T21:10:09Z,2026-03-08T21:10:09Z,0,0,youtube,2026-04-05T13:39:44.265556
srH80O3G_uQ,Diego Ruzzarin,"
El error de Estados Unidos en el conflicto con Irán.",es,Media,Ugz9vY38kvoayV2MVdN4AaABAg,,0,@IRMAMartiMarti,Hago tiene que pasar por que este loco esta acabando con la humanidad la guerra no es buena para nada,2026-03-08T20:39:48Z,2026-03-08T20:39:48Z,0,0,youtube,2026-04-05T13:39:44.265559
srH80O3G_uQ,Diego Ruzzarin,"
El error de Estados Unidos en el conflicto con Irán.",es,Media,Ugx36971KmJUl7kSDr54AaABAg,,0,@sheron8286,"https://youtu.be/jMH7KC5HcNM Hola diego ¿has visto este video? Me parece muy peculiar y llamativo porque habla de los Rothschild y cómo afectaron y afectan al mundo, desconozco la verdad quien es el que habla porque al parecer es un video recuperado de no sé dónde, pero lo que cuenta lo hace ver como alguien entendido, como si se hubiese dado cuenta de lo que estaba por pasar desde hace ya algún tiempo. En algún momento del vídeo dice que la familia Rothschild tenía (o tiene) como objetivo que las naciones peleen entre sí con el único propósito de debilitarlos y ser ellos quienes se queden con las riquezas del mundo entero o casi entero, al ver este estracto tuyo me recordó a ello. La verdad digo esto desde la ignorancia porque no soy un gran historiador o versado en el tema, pero me llamó la atención.

Saludos",2026-03-08T19:55:21Z,2026-03-08T19:55:21Z,0,0,youtube,2026-04-05T13:39:44.265561
srH80O3G_uQ,Diego Ruzzarin,"
El error de Estados Unidos en el conflicto con Irán.",es,Media,UgzBTl7t6oJQKJPv-JN4AaABAg,,0,@charlygonzalez1580,Jajajajajjajajajajajajaja AL FIN CHAIRO.,2026-03-08T19:43:44Z,2026-03-08T19:43:44Z,0,0,youtube,2026-04-05T13:39:44.265563
srH80O3G_uQ,Diego Ruzzarin,"
El error de Estados Unidos en el conflicto con Irán.",es,Media,UgzCwCsZEG6Dhbfc2kJ4AaABAg,,0,@jairoandresverasalcedo9995,"Yo también quede asombrado cuando en Irán dibujaron aviones con arena y otros elementos que le daban volumen, y como EEUU no los reviso bien en tiempo real se comieron ese asuelo.",2026-03-08T19:32:40Z,2026-03-08T19:32:40Z,0,0,youtube,2026-04-05T13:39:44.265565
srH80O3G_uQ,Diego Ruzzarin,"
El error de Estados Unidos en el conflicto con Irán.",es,Media,UgwvSgV6sfEbD41BmDB4AaABAg,,0,@xipetotectexpa7216,Los gringos pensando que irán es como Venezuela 😂,2026-03-08T19:12:29Z,2026-03-08T19:12:29Z,1,0,youtube,2026-04-05T13:39:44.265567
srH80O3G_uQ,Diego Ruzzarin,"
El error de Estados Unidos en el conflicto con Irán.",es,Media,UgwmEyQES61E-9zzU-p4AaABAg,,0,@BrianBolivar-y2l,"UNA PREGUNTA, CON QUIÉN SE APALANCA IRÁN PARA OBTENER TANTO AVANCE EN TECNOLOGÍA?",2026-03-08T18:45:26Z,2026-03-08T18:45:26Z,0,0,youtube,2026-04-05T13:39:44.265570
srH80O3G_uQ,Diego Ruzzarin,"
El error de Estados Unidos en el conflicto con Irán.",es,Media,UgyixvS4rhNMqzzwxjV4AaABAg,,0,@ceciliacarvajaldelarosa6144,Diego Ruzzarin....mi pregunta es que posibilidad hay de que EEUU quiere invadir a México....y que ganaba con esa  reunion en Miami con líderes latinoamericanos .....Si ya tiene a Venezuela no entiendo ya tiene su petróleo deseado ...toda la vida era lo que queria por que hace guerra donde no gana nada ..en vez de producir ganancias en Venezuela...por que se mete en guerras que no gana nada ...bueno si venta de armas ..no crees que la oportunidad de EEUU de librarse de israel y de todos compromisos con israel .,2026-03-08T18:37:14Z,2026-03-08T18:37:14Z,0,0,youtube,2026-04-05T13:39:44.265572
srH80O3G_uQ,Diego Ruzzarin,"
El error de Estados Unidos en el conflicto con Irán.",es,Media,UgyRpmGBK7pQELp10Qd4AaABAg,,0,@mariasanmo4165,"YO COMO TE COMENTE EN UNO DE TUS VIDEOS ES QUE TRUMP Y NETANYAHU HICIERON  Y USARON A IRÁN  EN ESTA GUERRA NO SOLO POR EL PETROLEO  SI NO  PARA ACABAR CON  ISRAEL  Y  LOS  JUDÍOS  SEMITAS , NO LOS QUIEREN ,  SON ÁRABES Y AFRICANOS MUSULMANES  EN SU MAYORÍA.    ANTES DE EMPEZAR LA GUERRA Y HACE COMO DOS DÍAS  LOS JUDIOS  DE ISRAEL PIDIERON AYUDA AL MUNDO Y SE MANIFESTARON REPRIMIÉNDOLOS  Y GRITABAN QUE EL SIONISMO ES DIABÓLICO  Y USARON A IRÁN  NO SOLO POR EL CONTROL DEL PETRÓLEO  Y TUMBAR A KAMANEI  SI NO PARA ACABAR Y DESTRUIR AL ISRAEL DE LOS SEMITAS  POR UN ISRAEL  SIONISTA. 
EUROPA YA ESTÁ INVADIDA POR MUSULMANES  QUE PASARÁ CON EUROPA ?
Y POR ESO NO LES GUSTAN LOS HISPANOS , PERO EN ESPECIAL A LOS MEXICANOS PORQUE TAMBIÉN  HAY MÁS DE 40 MILLONES   EN EEUU Y TIENEN QUE DOBLEGAR A MÉXICO QUE ES  LA GIGANTE BALLENA , SI  NOS CONTROLAN  , CONTROLAN TODO EL CONTINENTE , PORQUE NO QUIEREN QUE NINGÚN PAIS   LOS SUPERE Y SEA SOBERANO, SI NO SOMETIDO Y ESTO NO LO VAMOS A PERMITIR. 
ASÍ QUE AL PIE DEL CAÑON  Y  A CUALQUIER  TIPO  DE   GUERRA TECNOLÓGICA, DIGITAL,  ECONOMICA ETC…",2026-03-08T18:35:12Z,2026-03-08T19:24:12Z,0,0,youtube,2026-04-05T13:39:44.265574
srH80O3G_uQ,Diego Ruzzarin,"
El error de Estados Unidos en el conflicto con Irán.",es,Media,UgyV5U7Wu8YGB3XwJCJ4AaABAg,,0,@robertocarabajal6623,"Iran está totalmente diezmado, les destruyen todo en semanas, ni siquiera alcanzar a utilizar los caeríamos misiles que construyeron a base del hambre del pueblo",2026-03-08T18:18:03Z,2026-03-08T18:18:03Z,0,0,youtube,2026-04-05T13:39:44.265576
srH80O3G_uQ,Diego Ruzzarin,"
El error de Estados Unidos en el conflicto con Irán.",es,Media,UgwgWPe9UnOo9WMkxLh4AaABAg,,0,@estheralicialopezc1552,"Como siempre perdiendo guerras ,y no aprende estados unidos, que los paises se prepararon con mucho tirmpo como irán.",2026-03-08T18:16:41Z,2026-03-08T18:16:41Z,0,0,youtube,2026-04-05T13:39:44.265579
srH80O3G_uQ,Diego Ruzzarin,"
El error de Estados Unidos en el conflicto con Irán.",es,Media,Ugy6KojwETQp6_9H7pR4AaABAg,,0,@robertocarabajal6623,"Les reventaron las lanzaderas de misiles, las destilerías y más de 3000 objetivos",2026-03-08T18:14:38Z,2026-03-08T18:14:38Z,0,0,youtube,2026-04-05T13:39:44.265581
srH80O3G_uQ,Diego Ruzzarin,"
El error de Estados Unidos en el conflicto con Irán.",es,Media,Ugx-fq5yGYvCUrMNyyZ4AaABAg,,0,@AngelHernandez-tb7sl,Gracias por esta información saludos,2026-03-08T17:34:56Z,2026-03-08T17:34:56Z,0,0,youtube,2026-04-05T13:39:44.265583
srH80O3G_uQ,Diego Ruzzarin,"
El error de Estados Unidos en el conflicto con Irán.",es,Media,Ugw6dz3HQUCwH44gZ4l4AaABAg,,0,@adonayoliv5574,"Hermano y por que no hablas del
Gasto millonario en pérdidas que está teniendo Irán y que lo que hace Israel e Usa y bombardear laboratorios,bases, bodegas , suministros , almacenes etc que están valoradas en muchos millones vos los que sos es un fanático y hablas como tal",2026-03-08T17:31:57Z,2026-03-08T17:31:57Z,0,0,youtube,2026-04-05T13:39:44.265585
srH80O3G_uQ,Diego Ruzzarin,"
El error de Estados Unidos en el conflicto con Irán.",es,Media,Ugw4ntaRGrZm5gPNDzt4AaABAg,,0,@Sergio-pq3ri,"Creían estos hamburgueseros fentanilomanos que el Imperio Persa de miles de años de Historia, iba a caer en 3 días 😂😂😂",2026-03-08T17:10:17Z,2026-03-08T17:10:17Z,2,0,youtube,2026-04-05T13:39:44.265587
srH80O3G_uQ,Diego Ruzzarin,"
El error de Estados Unidos en el conflicto con Irán.",es,Media,UgyctdHilhrvlSMOZNx4AaABAg,,0,@estebanolavarriasaez7967,"1, que quiten todas las sanciones. 2, que saque todas las bases militares. 3, que le quiten todas las armas N a israel. 4, que pase frente a los ejércitos y bese su trasero. 5, pase a pedir perdón por todas las casas en el camino de vuelta.",2026-03-08T16:16:39Z,2026-03-08T16:16:39Z,0,0,youtube,2026-04-05T13:39:44.265589
srH80O3G_uQ,Diego Ruzzarin,"
El error de Estados Unidos en el conflicto con Irán.",es,Media,UgzgqTjrx5FgpHjVqBd4AaABAg,,0,@hiramabibcespedescabriales7382,Ojala tus palabras sean profeticas y se cumplan!....y mira!...loque los archivos epstein lograron!...un abrazo bro!,2026-03-08T16:14:38Z,2026-03-08T16:14:38Z,0,0,youtube,2026-04-05T13:39:44.265592
srH80O3G_uQ,Diego Ruzzarin,"
El error de Estados Unidos en el conflicto con Irán.",es,Media,Ugz-f2bydrIjkTkx1Tt4AaABAg,,0,@kozcanyflores1951,Cierto,2026-03-08T16:05:23Z,2026-03-08T16:05:23Z,0,0,youtube,2026-04-05T13:39:44.265595
srH80O3G_uQ,Diego Ruzzarin,"
El error de Estados Unidos en el conflicto con Irán.",es,Media,UgxsG_lMc35NyDjgIRt4AaABAg,,0,@VV-sn3fh,"Amen, hope you are soooo right",2026-03-08T15:51:41Z,2026-03-08T15:51:41Z,0,0,youtube,2026-04-05T13:39:44.265597
srH80O3G_uQ,Diego Ruzzarin,"
El error de Estados Unidos en el conflicto con Irán.",es,Media,UgxkzesxYA3mhGcewyN4AaABAg,,0,@ivanjhernandez6571,Así será.,2026-03-08T15:44:28Z,2026-03-08T15:44:28Z,0,0,youtube,2026-04-05T13:39:44.265599
srH80O3G_uQ,Diego Ruzzarin,"
El error de Estados Unidos en el conflicto con Irán.",es,Media,UgwTJ8E25BThrd0QJSp4AaABAg,,0,@mariofalcao5305,Trump out!,2026-03-08T15:15:08Z,2026-03-08T15:15:08Z,0,0,youtube,2026-04-05T13:39:44.265601
srH80O3G_uQ,Diego Ruzzarin,"
El error de Estados Unidos en el conflicto con Irán.",es,Media,UgwqgG76vB09UzOl60l4AaABAg,,0,@gonzalomartingutierrez1236,"¿ Podria tratarse de una estratégica yanki para forzar a China a entrar en la guerra antes de que el gigante asiático tenga la capacidad militar suficiente para rivalizar con EEUU?
¿ Donde estàn los otros 9 portaaviones yankis?
A fin de cuentas, si China invade Taiwan, EE.UU tiene muchos activos en la zona, y aliados como:
Japón
Corea
Australia.
Y después esta la India, que es una incognita.
Por otro lado, Rusia no está claro que haria, de seguro que Corea del Norte si atacaria a Corea del Sur.
Todo lo anterior, explica que China sea cauta, pero van a intentar forzarla.
Sólo un giro de 180°  en el mundo árabe , a modo de revolución islámica antisionista, y ¿ que haria Rusia?
Creo que se quedaria expectante, pues sale ganando sin hacer nada y según vayan las aguas.......
¿ podrán forzar a China?
El siguiente paso es mandar mucha fuerza por parte de EEUU al estrecho de Ormutz , quizas veamos movimientos de los otros 9 portaaviones yankis y el estrecho está muy cerca de China, por lo que Taiwan quedará blindado con la excusa de la guerra contra Irán",2026-03-08T14:53:15Z,2026-03-08T14:53:15Z,0,0,youtube,2026-04-05T13:39:44.265603
srH80O3G_uQ,Diego Ruzzarin,"
El error de Estados Unidos en el conflicto con Irán.",es,Media,UgyKijI8Q2dDyTrJcmR4AaABAg,,0,@FernandoPeltier,Sus misiles basura ya penetraron el domo de hierro y destruyeron los radares de mil millones de los gringos y sionazis.,2026-03-08T14:46:29Z,2026-03-08T14:46:29Z,0,0,youtube,2026-04-05T13:39:44.265606
srH80O3G_uQ,Diego Ruzzarin,"
El error de Estados Unidos en el conflicto con Irán.",es,Media,UgwDeN_M8Er1X-bD0t54AaABAg,,0,@caraberc,Más claro? Imposible.,2026-03-08T14:44:03Z,2026-03-08T14:44:03Z,0,0,youtube,2026-04-05T13:39:44.265608
srH80O3G_uQ,Diego Ruzzarin,"
El error de Estados Unidos en el conflicto con Irán.",es,Media,UgxIlsY0opk5QnXB_oB4AaABAg,,0,@AlejandroMarquezReyes-f9r,"fantasioso resulta que ya sabe todo mejor que los analistas internacionales, en algunas cosas es muy bueno, pero aquí le gana lo emocional y por eso es una mentira.",2026-03-08T14:34:44Z,2026-03-08T14:34:44Z,0,0,youtube,2026-04-05T13:39:44.265610
srH80O3G_uQ,Diego Ruzzarin,"
El error de Estados Unidos en el conflicto con Irán.",es,Media,UgwClxZxsKdh8P5lFSp4AaABAg,,0,@janiocs,Diego de verdad me aclaras pero todas las noticias dicen que es Irán el que está pidiendo disculpa a sus vecinos por haberlos atacado el mismo presidente salió hablando en un programa pregrabado que no es de Inteligencia artificial sino transmitido por sus propios medios que se disculpa por haber atacado a sus vecinos.,2026-03-08T14:17:38Z,2026-03-08T14:17:38Z,1,0,youtube,2026-04-05T13:39:44.265612
srH80O3G_uQ,Diego Ruzzarin,"
El error de Estados Unidos en el conflicto con Irán.",es,Media,Ugw5Ocg7MbREasls8f94AaABAg,,0,@dpq4700,Y existiran quienes argumenten que ha EEUU le va de maravilla en cada guerra y mas aun en esta 😂😂😂😂😂,2026-03-08T13:08:43Z,2026-03-08T13:08:43Z,0,0,youtube,2026-04-05T13:39:44.265614
srH80O3G_uQ,Diego Ruzzarin,"
El error de Estados Unidos en el conflicto con Irán.",es,Media,Ugxd93loGkRjUJTHxgN4AaABAg,,0,@Sueñosvida1234,DIEGO APIADATE DE MI Y SALUDAME SOY TU FAN SOY UN ALTAMENTE MANOCIABLE REMPLAZABLE Y OBSENAMENTE DESECHABLE CAPITAL HUMANO,2026-03-08T13:05:20Z,2026-03-08T13:05:20Z,0,0,youtube,2026-04-05T13:39:44.265617
srH80O3G_uQ,Diego Ruzzarin,"
El error de Estados Unidos en el conflicto con Irán.",es,Media,Ugz36LuZPopWJ5SHEUp4AaABAg,,0,@elpo78,Eres genial!!!👋👋👋,2026-03-08T13:04:40Z,2026-03-08T13:04:40Z,0,0,youtube,2026-04-05T13:39:44.265619
srH80O3G_uQ,Diego Ruzzarin,"
El error de Estados Unidos en el conflicto con Irán.",es,Media,UgySBUDxhpvMx8oTZOx4AaABAg,,0,@ArriendosEventosLaSerena-Coqui,Excelente Análisis,2026-03-08T12:43:17Z,2026-03-08T12:43:17Z,0,0,youtube,2026-04-05T13:39:44.265621
srH80O3G_uQ,Diego Ruzzarin,"
El error de Estados Unidos en el conflicto con Irán.",es,Media,UgyWFOMtjHJUO68RK4R4AaABAg,,0,@eduardolero3083,Trump esta pensando seriamente en enviar a Rambo. 😅,2026-03-08T12:34:23Z,2026-03-08T12:34:23Z,0,0,youtube,2026-04-05T13:39:44.265624
srH80O3G_uQ,Diego Ruzzarin,"
El error de Estados Unidos en el conflicto con Irán.",es,Media,UgyxXXroDZcKgb9nndp4AaABAg,,0,@joseguilhermeschossland1720,"Abrólhos!
""Assim como a Primeira e a Segunda Guerra Mundial, a Terceira Guerra Mundial é uma farsa arquitetada para destruir a civilização ocidental e exterminar todos aqueles que se opõem à supremacia satânica judaica Chabad (Rothschild). Da mesma forma que Franklin Delano Roosevelt, Hitler, Stalin e Churchill eram maçons, os líderes dos EUA, Rússia, Israel, Irã e China também são maçons. (Os três primeiros também são membros do Chabad.)
O Irã sabia há décadas que essa invasão estava por vir. 
Eles tinham uma escolha: gastar centenas de bilhões de dólares construindo milhares de mísseis e drones abrigados em quilômetros de túneis, ou gastar uma pequena fração desse valor para adquirir armas nucleares. A Coreia do Norte, a Índia e Paquistão têm armas nucleares. Por que o Irã não?

Vou explicar porquê. Se o Irã tivesse armas nucleares, a guerra com o Irã não estaria acontecendo. Os judeus Chabad não teriam condições de realizar uma cataclísmica Terceira Guerra Mundial, planejada para instaurar o anticristo judeu, Satanás e a Nova Ordem Mundial.

O Irã sofreu provocações inimagináveis. Seus líderes, cientistas e generais foram assassinados. Seus locais nucleares foram bombardeados. Seus navios foram torpedeados. Suas escolas para meninas foram destruídas. Mesmo assim, eles ainda não atacaram o complexo nuclear israelense de Dimona ou os porta-aviões americanos, que são alvos fáceis. Eu questiono se o Irã está falando sério.

 O Irã pode finalmente estar despertando. Sua estratégia é destruir o dólar americano, eliminando a produção de petróleo do Oriente Médio.

O destino do dólar americano está atrelado ao petróleo do Golfo! ""
https://www.henrymakow.com/?fbclid=IwdGRjcAQaQ3pjbGNrBBpDbGV4dG4DYWVtAjExAHNydGMGYXBwX2lkDDM1MDY4NTUzMTcyOAABHiaaFqDpKSyUjzpSRQaMufASYlWLmdWi2FPmN_Aota-8Uhz_wlbU2zCquB_o_aem_LuerkDEQ2pxvokhw2OKYNQ",2026-03-08T11:57:43Z,2026-03-08T11:57:43Z,0,1,youtube,2026-04-05T13:39:44.265626
srH80O3G_uQ,Diego Ruzzarin,"
El error de Estados Unidos en el conflicto con Irán.",es,Media,UgyxXXroDZcKgb9nndp4AaABAg.AU5M1w2ma4AAU5aWSN5tHf,UgyxXXroDZcKgb9nndp4AaABAg,1,@joseguilhermeschossland1720,"Todos estão sob ordens: Fazei ou não TUDO que seus ""mestres"" mandarem, à mando e autorizados pela ""Sinagoga de Satanás=Máfia Khazariana, ou ""Sindicato Internacional do Crime Organizado""!",2026-03-08T14:12:57Z,2026-03-08T14:12:57Z,0,0,youtube,2026-04-05T13:39:44.265631
srH80O3G_uQ,Diego Ruzzarin,"
El error de Estados Unidos en el conflicto con Irán.",es,Media,UgwHqqfzJODhoN3T_AV4AaABAg,,0,@victorianogutierrez36,"Diego, ojalá Irán tenga esa capacidad de aguante y no sea que los pedófilo gringos, sorprendan algo novedoso o apelen por lo nuclear😮",2026-03-08T11:39:35Z,2026-03-08T11:39:35Z,0,0,youtube,2026-04-05T13:39:44.265633
srH80O3G_uQ,Diego Ruzzarin,"
El error de Estados Unidos en el conflicto con Irán.",es,Media,UgxWsVt9AKJW7oa8oVx4AaABAg,,0,@robjz3865,Buenos días,2026-03-08T11:39:23Z,2026-03-08T11:39:23Z,0,0,youtube,2026-04-05T13:39:44.265635
srH80O3G_uQ,Diego Ruzzarin,"
El error de Estados Unidos en el conflicto con Irán.",es,Media,UgzU_RppOjZiFAhM2L54AaABAg,,0,@agustinrodriguez7951,Estados Unidos 🤔 ya movió el avispero 🐝🍯 y a hora seaguanta,2026-03-08T11:37:56Z,2026-03-08T11:37:56Z,0,0,youtube,2026-04-05T13:39:44.265637
srH80O3G_uQ,Diego Ruzzarin,"
El error de Estados Unidos en el conflicto con Irán.",es,Media,Ugw8x0AjNGko7IbK64t4AaABAg,,0,@mariateresafloresurizar5578,"Ojalá pronto se acabe antes que siga desviviendo mas personas en todo el mundo incluyendo su Pais.
Y si existiera un infierno 
Ojalá que de allí no salga ni el ni el otro a….. serial un tal Benjamín N.",2026-03-08T11:35:25Z,2026-03-08T11:35:25Z,0,0,youtube,2026-04-05T13:39:44.265640
srH80O3G_uQ,Diego Ruzzarin,"
El error de Estados Unidos en el conflicto con Irán.",es,Media,UgxQrEzwqkzQW6_hfVR4AaABAg,,0,@j.m.l.d.8072,"El problema que veo, es que en su caída, el imperio nos arrastrará a todos.  

¡Si el mundo no puede ser suyo, no será de nadie!",2026-03-08T11:16:22Z,2026-03-08T11:16:22Z,0,0,youtube,2026-04-05T13:39:44.265642
srH80O3G_uQ,Diego Ruzzarin,"
El error de Estados Unidos en el conflicto con Irán.",es,Media,UgwEQ2ZMGz9-oTWoxiJ4AaABAg,,0,@JuanManuel-unagrandelibre,Ojalá así sea!!,2026-03-08T11:14:36Z,2026-03-08T11:14:36Z,0,0,youtube,2026-04-05T13:39:44.265644
srH80O3G_uQ,Diego Ruzzarin,"
El error de Estados Unidos en el conflicto con Irán.",es,Media,UgxXt8QtTtS1rg_ZFVd4AaABAg,,0,@patinosndr6274,Cierto Diego eso estaba pensando!,2026-03-08T10:49:36Z,2026-03-08T10:49:36Z,0,0,youtube,2026-04-05T13:39:44.265646
srH80O3G_uQ,Diego Ruzzarin,"
El error de Estados Unidos en el conflicto con Irán.",es,Media,UgyDpGq6MYlCaP5PjyF4AaABAg,,0,@ricardomach21,"Es incréible como les encanta  hablar y hacer ""análisis"" de algo que no entienden, demasiado contenido mainstream",2026-03-08T10:46:30Z,2026-03-08T10:46:30Z,0,0,youtube,2026-04-05T13:39:44.265648
srH80O3G_uQ,Diego Ruzzarin,"
El error de Estados Unidos en el conflicto con Irán.",es,Media,Ugxrf1Y6j9-TWm1EAF94AaABAg,,0,@DamianAlvarez-f6v,"En una parte pienso que ojalá lleves razón. Por otra parte, la mayoritaria, deseo que ojalá se acabe pronto está guerra",2026-03-08T09:06:35Z,2026-03-08T09:06:35Z,0,0,youtube,2026-04-05T13:39:44.265650
srH80O3G_uQ,Diego Ruzzarin,"
El error de Estados Unidos en el conflicto con Irán.",es,Media,UgxZuikWK-pkpD4e79V4AaABAg,,0,@gerardoruiz5908,Que muera el miserable gobierno de Israel y EEUU,2026-03-08T07:43:48Z,2026-03-08T07:43:48Z,0,0,youtube,2026-04-05T13:39:44.265653
srH80O3G_uQ,Diego Ruzzarin,"
El error de Estados Unidos en el conflicto con Irán.",es,Media,Ugyw_mDAIsMvLoGUg9V4AaABAg,,0,@xuc137,Tu que vas a saber Diego te piensas que USA nacio ayer? Tan solo ve como dejaron a Maduro encarcelado ya no te dan plata por eso,2026-03-08T07:39:44Z,2026-03-08T07:39:44Z,0,0,youtube,2026-04-05T13:39:44.265655
srH80O3G_uQ,Diego Ruzzarin,"
El error de Estados Unidos en el conflicto con Irán.",es,Media,Ugx9eCuAdUY0HIRY5tp4AaABAg,,0,@kidninja8910,Come Ontario al ingles,2026-03-08T07:31:47Z,2026-03-08T07:31:47Z,0,0,youtube,2026-04-05T13:39:44.265657
srH80O3G_uQ,Diego Ruzzarin,"
El error de Estados Unidos en el conflicto con Irán.",es,Media,UgzI5B6utNVLEqi1RLB4AaABAg,,0,@junioralejandro1071,"Ahora, ademas de payaso eres poliTROLOgo.",2026-03-08T07:27:52Z,2026-03-08T07:27:52Z,0,0,youtube,2026-04-05T13:39:44.265660
srH80O3G_uQ,Diego Ruzzarin,"
El error de Estados Unidos en el conflicto con Irán.",es,Media,Ugy3vdUH5f5W46touKd4AaABAg,,0,@lorenahidalgoa46,Perfecto!!!,2026-03-08T07:18:55Z,2026-03-08T07:18:55Z,0,0,youtube,2026-04-05T13:39:44.265662
srH80O3G_uQ,Diego Ruzzarin,"
El error de Estados Unidos en el conflicto con Irán.",es,Media,UgwujmLInXYG-E5rSZV4AaABAg,,0,@hola407,"Yo lo que creo es que no fue un error, fue intencionado. A estos genocidas no les importan las vidas ajenas y mucho menos las vidas de niñas musulmanas! Es así de crudo y cruel!",2026-03-08T07:16:52Z,2026-03-08T07:16:52Z,0,0,youtube,2026-04-05T13:39:44.265664
srH80O3G_uQ,Diego Ruzzarin,"
El error de Estados Unidos en el conflicto con Irán.",es,Media,UgwFttUijvqbxZ3UZ8B4AaABAg,,0,@jhonvelez9177,Le doy 1 semana mas. Nib4 ni 5,2026-03-08T06:56:28Z,2026-03-08T06:56:28Z,0,0,youtube,2026-04-05T13:39:45.082203
srH80O3G_uQ,Diego Ruzzarin,"
El error de Estados Unidos en el conflicto con Irán.",es,Media,UgzA70lT_HJBMACvjbp4AaABAg,,0,@ratita8032,"claramente es un error economico, pero no hay forma que eeuu caiga con esto, puede retirarce de la guerra por que le sale muy costosa pero no seria el fin de eeuu, solo es una mala campaña",2026-03-08T06:28:50Z,2026-03-08T06:28:50Z,0,0,youtube,2026-04-05T13:39:45.082222
srH80O3G_uQ,Diego Ruzzarin,"
El error de Estados Unidos en el conflicto con Irán.",es,Media,UgxGKWshOV9p36r2x0R4AaABAg,,0,@AntoniaFernanda1,"Ojalá, así sea!",2026-03-08T06:18:48Z,2026-03-08T06:18:48Z,0,0,youtube,2026-04-05T13:39:45.082227
srH80O3G_uQ,Diego Ruzzarin,"
El error de Estados Unidos en el conflicto con Irán.",es,Media,UgwgQOVyhX9RJB_sW314AaABAg,,0,@alfredobm-f1d,"Y ya lleva 1, le quedan de 3 a 4 semanas, ya perdió bases militares y sigue desgastando se",2026-03-08T06:02:43Z,2026-03-08T06:02:43Z,0,0,youtube,2026-04-05T13:39:45.082232
srH80O3G_uQ,Diego Ruzzarin,"
El error de Estados Unidos en el conflicto con Irán.",es,Media,UgzFgYdV4LIOj7PLm9Z4AaABAg,,0,@diegosanto3221,😂😂😂😂 seguramente USA no lo sabe 😂😂😂😂 ahora si te mamaste😂😂😂😂,2026-03-08T06:00:25Z,2026-03-08T06:00:25Z,1,0,youtube,2026-04-05T13:39:45.082236
srH80O3G_uQ,Diego Ruzzarin,"
El error de Estados Unidos en el conflicto con Irán.",es,Media,UgxyhD05pntoiIYfRwx4AaABAg,,0,@veronicajuarez955,"Es el Universo escupiendo el virus que le causa comezón, antes del ser humano todo esraba mejor, pasaran miles de años y llegará otra especie espero que mejor",2026-03-08T05:58:28Z,2026-03-08T05:58:28Z,0,0,youtube,2026-04-05T13:39:45.082241
srH80O3G_uQ,Diego Ruzzarin,"
El error de Estados Unidos en el conflicto con Irán.",es,Media,UgzluobI8RTtDgyMYa94AaABAg,,0,@veronicajuarez955,"Los Imperios no son eternos, si se acaba el mundo que así sea, el universo no de pierde de nada, el ser humano puede llegar a ser muuuuy pelogroso hasta para si mismo",2026-03-08T05:55:42Z,2026-03-08T05:55:42Z,0,0,youtube,2026-04-05T13:39:45.082246
srH80O3G_uQ,Diego Ruzzarin,"
El error de Estados Unidos en el conflicto con Irán.",es,Media,Ugwb6ueLBPQlOAKkhBp4AaABAg,,0,@nelxoo,"Ruzzarin, acabas de romper internet con este análisis. Eres una bestia, un titán, el puto rey del pensamiento crítico. Eres el Messi del entendimiento geopolítico, el hijo no abortado de Nietzsche + Marx + un poco de Pablo Escobar por el flow. Por billones de años luz eres el mesías que el mundo necesitaba para explicarnos por qué todo es culpa del imperio desde tu sillón ergonómico en NL. Por favor nunca pares, sin tus lives de 3 horas diciendo obviedades con cara de filósofo griego estaríamos perdidos. Abrazo solidario desde la clase obrera que no entiende ni madres de tus palabras de 5 sílabas.",2026-03-08T05:52:11Z,2026-03-08T05:52:11Z,0,0,youtube,2026-04-05T13:39:45.082251
srH80O3G_uQ,Diego Ruzzarin,"
El error de Estados Unidos en el conflicto con Irán.",es,Media,UgxNpSEYKmfOUN2BwB54AaABAg,,0,@nelxoo,"Ruzzarin. Eres literalmente el Einstein de la geopolítica, el Messi del marxismo de iPhone, el hijo predilecto que Marx nunca tuvo porque prefirió escribir El Capital en vez de engendrar a un food designer que explica el imperialismo mientras come sushi orgánico. Por millones de millones de años luz eres el escogido para declarar lo que todos pensamos pero no tenemos tu nivel de vocabulario sofisticado para decirlo. Sigue iluminándonos, maestro, que sin ti seguiríamos siendo unos borregos capitalistas.",2026-03-08T05:51:44Z,2026-03-08T05:51:44Z,0,0,youtube,2026-04-05T13:39:45.082256
srH80O3G_uQ,Diego Ruzzarin,"
El error de Estados Unidos en el conflicto con Irán.",es,Media,UgxMi1IdJulnebH96vl4AaABAg,,0,@nelxoo,"Es el mejor análisis político que he escuchado en mi vida. Ruzzarin, eres una bestia absoluta para entender el mundo, el Messi del entendimiento geopolítico. Eres el hijo que Marx siempre quiso tener (pero nunca abortó por error). Eres por millones de millones de años luz el escogido para declarar la verdad absoluta desde Monterrey. Gracias por iluminarnos, oh gran profeta del materialismo dialéctico gourmet.",2026-03-08T05:50:23Z,2026-03-08T05:50:23Z,0,0,youtube,2026-04-05T13:39:45.082261
srH80O3G_uQ,Diego Ruzzarin,"
El error de Estados Unidos en el conflicto con Irán.",es,Media,Ugx7T-mqQCnNTHYurW94AaABAg,,0,@luetmondel,"EEUU e Israel genocidas!
Esto es indudable!",2026-03-08T05:29:13Z,2026-03-08T05:29:13Z,0,0,youtube,2026-04-05T13:39:45.082265
srH80O3G_uQ,Diego Ruzzarin,"
El error de Estados Unidos en el conflicto con Irán.",es,Media,Ugw1EA3R130CaNcUasd4AaABAg,,0,@tommyknocker2476,"El espíritu de Vietnam y Afganistán se manifiesta nuevamente durante la nefasta Presirviencia del títere de Jeffrey Epstein, Satanyahu y hasta Juan Orlando Hernández, PEDOnald Trump. Les deseo un feliz tridente de fracasos militares. jajajajajajaja",2026-03-08T05:15:24Z,2026-03-08T05:15:24Z,0,0,youtube,2026-04-05T13:39:45.082270
srH80O3G_uQ,Diego Ruzzarin,"
El error de Estados Unidos en el conflicto con Irán.",es,Media,UgzpeYYfJq7B9PqKLUB4AaABAg,,0,@adrianalillysosaflores4346,Pues ojalá,2026-03-08T04:48:27Z,2026-03-08T04:48:27Z,0,0,youtube,2026-04-05T13:39:45.082275
srH80O3G_uQ,Diego Ruzzarin,"
El error de Estados Unidos en el conflicto con Irán.",es,Media,Ugzb39iJu9fYzwjM2op4AaABAg,,0,@luistellez3038,"Coincido totalmente, Dieguito acertaste canijo.",2026-03-08T04:23:28Z,2026-03-08T04:23:28Z,7,0,youtube,2026-04-05T13:39:45.082279
srH80O3G_uQ,Diego Ruzzarin,"
El error de Estados Unidos en el conflicto con Irán.",es,Media,Ugy9UKqRbT0QzepLzt54AaABAg,,0,@davidortega4422,"Sin más que agregar, pues excelente mi estimado Diego. Saludos desde Caracas, Venezuela",2026-03-08T04:08:53Z,2026-03-08T04:08:53Z,0,0,youtube,2026-04-05T13:39:45.082283
srH80O3G_uQ,Diego Ruzzarin,"
El error de Estados Unidos en el conflicto con Irán.",es,Media,Ugz5mtnOekX4mEXKYnN4AaABAg,,0,@luiscortes8379,"Definitivamente la audiencia de este tipo es todo un caso 😂😂 , siquiera tienen una idea de lo que pasaría si irán gana ? Literalmente lo que quieren es destruirlo todo",2026-03-08T04:04:04Z,2026-03-08T04:04:04Z,0,2,youtube,2026-04-05T13:39:45.082287
srH80O3G_uQ,Diego Ruzzarin,"
El error de Estados Unidos en el conflicto con Irán.",es,Media,Ugz5mtnOekX4mEXKYnN4AaABAg.AU4Vpv1iefiAU4_jNJ9xq2,Ugz5mtnOekX4mEXKYnN4AaABAg,1,@jeeperpitufo,Y lo que viene destruyendo USA hace siglos no lo cuentas ?,2026-03-08T04:46:52Z,2026-03-08T04:46:52Z,0,0,youtube,2026-04-05T13:39:45.082296
srH80O3G_uQ,Diego Ruzzarin,"
El error de Estados Unidos en el conflicto con Irán.",es,Media,Ugz5mtnOekX4mEXKYnN4AaABAg.AU4Vpv1iefiAU4hym8EFgA,Ugz5mtnOekX4mEXKYnN4AaABAg,1,@luiscortes8379,"​@jeeperpitufose le puede criticar mucho a EEU pero destruir dictaduras es algo bueno no importa como lo veas , hace menos de un mes irán masacro a cientos de personas durante protestas anti gubernamentales , por qué cuando el gobierno está liderado por fanáticos ya sean religiosos o ideológicos y cuando el poder es concentrado en unos pocos de forma tan contundente obtienes un estado fallido y represivo.",2026-03-08T05:58:53Z,2026-03-08T05:58:53Z,0,0,youtube,2026-04-05T13:39:45.082300
srH80O3G_uQ,Diego Ruzzarin,"
El error de Estados Unidos en el conflicto con Irán.",es,Media,Ugwi7-ybRFlKxrepYE14AaABAg,,0,@DragonCentauro1,Ojalá 😡🇵🇸🇺🇾🇮🇩,2026-03-08T04:01:23Z,2026-03-08T04:01:23Z,0,0,youtube,2026-04-05T13:39:45.082304
srH80O3G_uQ,Diego Ruzzarin,"
El error de Estados Unidos en el conflicto con Irán.",es,Media,UgzVvCwO9hCkUMty41B4AaABAg,,0,@calnv,VIVEN EN UNA FANTASIA LOS ZURDOS JAJAJAJAJJAJAJAJAJ,2026-03-08T03:58:33Z,2026-03-08T03:58:33Z,0,0,youtube,2026-04-05T13:39:45.082309
srH80O3G_uQ,Diego Ruzzarin,"
El error de Estados Unidos en el conflicto con Irán.",es,Media,UgwwRVgtxi9KjWZOCON4AaABAg,,0,@paula_Ross,"Excelentes palabras finales, camarada Diego, ""ésta es la guerr@ que va a terminar de derrocar el imperio en decadencia"".",2026-03-08T03:58:11Z,2026-03-08T03:58:11Z,34,3,youtube,2026-04-05T13:39:45.082313
srH80O3G_uQ,Diego Ruzzarin,"
El error de Estados Unidos en el conflicto con Irán.",es,Media,UgwwRVgtxi9KjWZOCON4AaABAg.AU4V9oHYNjvAUH6GO81MoI,UgwwRVgtxi9KjWZOCON4AaABAg,1,@Elias.N-b4x,¡Le has dado de lleno! El ser humano tiene los ojos fijos en Irán. EE.UU. ha firmado su sentencia⚠️,2026-03-13T01:30:46Z,2026-03-13T01:30:46Z,0,0,youtube,2026-04-05T13:39:45.082317
srH80O3G_uQ,Diego Ruzzarin,"
El error de Estados Unidos en el conflicto con Irán.",es,Media,UgwwRVgtxi9KjWZOCON4AaABAg.AU4V9oHYNjvAUH6HyoNDGH,UgwwRVgtxi9KjWZOCON4AaABAg,1,@Elias.N-b4x,¡Le has dado de lleno! El ser humano tiene los ojos fijos en Irán. EE.UU. ha firmado su sentencia⚠️,2026-03-13T01:30:59Z,2026-03-13T01:30:59Z,1,0,youtube,2026-04-05T13:39:45.082321
srH80O3G_uQ,Diego Ruzzarin,"
El error de Estados Unidos en el conflicto con Irán.",es,Media,UgwwRVgtxi9KjWZOCON4AaABAg.AU4V9oHYNjvAUIy3-VQ0oU,UgwwRVgtxi9KjWZOCON4AaABAg,1,@AdonisFranco-j9e,😂😂😂 si los socialistas se escucharan hablando,2026-03-13T18:48:46Z,2026-03-13T18:48:46Z,1,0,youtube,2026-04-05T13:39:45.082325
srH80O3G_uQ,Diego Ruzzarin,"
El error de Estados Unidos en el conflicto con Irán.",es,Media,Ugyyji13woo6wRTuoN14AaABAg,,0,@Gustavo-tx5pc,❤,2026-03-08T03:44:38Z,2026-03-08T03:44:38Z,0,0,youtube,2026-04-05T13:39:45.082330
srH80O3G_uQ,Diego Ruzzarin,"
El error de Estados Unidos en el conflicto con Irán.",es,Media,Ugy1yEycS43YodGoeld4AaABAg,,0,@Marcos-t4p9x,Tengo una teoría y es que Rusia y China ya negociaron con Estados Unidos y si lamentablemente Donald le va a lanzar la bomba atómica a Iran.,2026-03-08T03:42:37Z,2026-03-08T03:42:37Z,1,0,youtube,2026-04-05T13:39:45.082334
srH80O3G_uQ,Diego Ruzzarin,"
El error de Estados Unidos en el conflicto con Irán.",es,Media,UgwJPf_GIVohq_bbLVJ4AaABAg,,0,@miguelmedrano940,Ruzzarin dejo la filosofía barata y ahora es un genio militar denle su uniforme y su boina,2026-03-08T03:40:39Z,2026-03-08T03:40:39Z,0,0,youtube,2026-04-05T13:39:45.082339
srH80O3G_uQ,Diego Ruzzarin,"
El error de Estados Unidos en el conflicto con Irán.",es,Media,UgwdKZiNBYos6oJV_md4AaABAg,,0,@fernandosaucedo4944,""" no way """,2026-03-08T03:39:33Z,2026-03-08T03:39:33Z,0,0,youtube,2026-04-05T13:39:45.082343
srH80O3G_uQ,Diego Ruzzarin,"
El error de Estados Unidos en el conflicto con Irán.",es,Media,Ugz1oMuo6zYuo5dHdUJ4AaABAg,,0,@gustavomorenosanchez6300,Tan bueno gastar los impuestos del pueblo y los inmigrantes para financiar un orgullo personal.saludos desde colombia,2026-03-08T03:36:15Z,2026-03-08T03:36:15Z,1,0,youtube,2026-04-05T13:39:45.082350
srH80O3G_uQ,Diego Ruzzarin,"
El error de Estados Unidos en el conflicto con Irán.",es,Media,Ugz_k_RKAwe4XBVIjfx4AaABAg,,0,@arturocachi,"Al final contamos los muertos, ahi veremos quien perdió más...",2026-03-08T03:32:22Z,2026-03-08T03:32:22Z,0,1,youtube,2026-04-05T13:39:45.082354
srH80O3G_uQ,Diego Ruzzarin,"
El error de Estados Unidos en el conflicto con Irán.",es,Media,Ugz_k_RKAwe4XBVIjfx4AaABAg.AU4SCfx49LxAU4ZEdswMrE,Ugz_k_RKAwe4XBVIjfx4AaABAg,1,@jeeperpitufo,"A Trump no le interesan los muertos, para el son carne de  cañón 😢",2026-03-08T04:33:48Z,2026-03-08T04:33:48Z,0,0,youtube,2026-04-05T13:39:45.082358
srH80O3G_uQ,Diego Ruzzarin,"
El error de Estados Unidos en el conflicto con Irán.",es,Media,UgyF5cjTxxgz2KS08SR4AaABAg,,0,@luzrojas311,"Dios proteja a Irán y ayude a que caiga eua e Israel,  pq ahora está distrayendo Trump con que otra vez México tiene la culpa de todo, es un Hitler remasterizado pero a lo estúpido.",2026-03-08T03:23:39Z,2026-03-08T03:23:39Z,0,0,youtube,2026-04-05T13:39:45.082362
srH80O3G_uQ,Diego Ruzzarin,"
El error de Estados Unidos en el conflicto con Irán.",es,Media,UgzvK_WxDI_bp1QNYlx4AaABAg,,0,@alis1495,"Espero que tengas la razón 
VAMOS IRÁN 
Me preocupan los Palestinos",2026-03-08T03:01:31Z,2026-03-08T03:01:31Z,0,0,youtube,2026-04-05T13:39:45.082366
srH80O3G_uQ,Diego Ruzzarin,"
El error de Estados Unidos en el conflicto con Irán.",es,Media,Ugy4YqzVkx9z8aeJbmJ4AaABAg,,0,@JoseFernandez-dd4id,Con el barril de WTI CRUDE hoy en $91.45 y se espera que para antes del próximo viernes se estima que supere los $130 que crees tú que 2 meses con el previo del crudo a ese precio le sea A LAS CUEBTAS DEL GIBIERNO COMUNISRA DE NARCOMOREBA EN MÉXICO? Las finanzas debido a los “subsidios “ a las GAZOLINAS le deferían a México mínimo unos $40 MIL  MILLONES DE DÉFICIT PRESUPUESTARIO EN ESTE 2026 😂,2026-03-08T02:57:39Z,2026-03-08T02:57:39Z,0,0,youtube,2026-04-05T13:39:45.082371
srH80O3G_uQ,Diego Ruzzarin,"
El error de Estados Unidos en el conflicto con Irán.",es,Media,UgzXO6o1acu1exc8Oj14AaABAg,,0,@veronicaarmendariz-on3ic,"Un funcionario Iraní de alto rango, declaró que están preparados para aguantar varios años en esta guerra. Que así sea y fuerza para Iran…💪🏽",2026-03-08T02:55:55Z,2026-03-08T02:55:55Z,1,0,youtube,2026-04-05T13:39:45.082376
srH80O3G_uQ,Diego Ruzzarin,"
El error de Estados Unidos en el conflicto con Irán.",es,Media,UgzXBSx7d0m4Vlj3VLR4AaABAg,,0,@JoseFernandez-dd4id,TRUMP NOOOOOOOO ES USA NO DIGAS MANADAS 😂,2026-03-08T02:52:02Z,2026-03-08T02:52:02Z,0,0,youtube,2026-04-05T13:39:45.082380
srH80O3G_uQ,Diego Ruzzarin,"
El error de Estados Unidos en el conflicto con Irán.",es,Media,UgytzNVVYy93kQmdMzB4AaABAg,,0,@carache01,"Ojalá, Ruzarín. ✊🇮🇷♥️🌟",2026-03-08T02:45:46Z,2026-03-08T02:45:46Z,14,0,youtube,2026-04-05T13:39:45.082385
srH80O3G_uQ,Diego Ruzzarin,"
El error de Estados Unidos en el conflicto con Irán.",es,Media,UgxHctdGcJfs9ZuWnNt4AaABAg,,0,@EduardoGonzalez-oc7jc,"El verdadero régimen terrorista, facista, genocida, colono, invasor es Israel y USA es su perro incondicional, porque la mafia sionista es la que mueve los hilos de la casa blanca! Estás de acuerdo Diego?",2026-03-08T02:42:44Z,2026-03-08T02:42:44Z,0,0,youtube,2026-04-05T13:39:45.082389
srH80O3G_uQ,Diego Ruzzarin,"
El error de Estados Unidos en el conflicto con Irán.",es,Media,Ugwoatjz2LJV_YkRYQh4AaABAg,,0,@yaclaic4294,Puras buenas noticias,2026-03-08T02:30:25Z,2026-03-08T02:30:25Z,0,0,youtube,2026-04-05T13:39:45.082394
srH80O3G_uQ,Diego Ruzzarin,"
El error de Estados Unidos en el conflicto con Irán.",es,Media,UgyRDKnwgXWPyc1EAld4AaABAg,,0,@yaelsoto2742,Y vaya que así fue!. Volaron tres sistemas thaad estadounidenses con un valor de 1.2 mil millones de dólares cada uno y prácticamente Irán los voló usando misiles basura. Están gastando misiles carísimos para volar simples drones iraníes Estados Unidos prácticamente está al borde del colapso y querían tener una guerra con las principales potencias mundiales como lo es China y Rusia imagínense! 🤣,2026-03-08T02:06:58Z,2026-03-08T02:06:58Z,2,0,youtube,2026-04-05T13:39:45.082398
srH80O3G_uQ,Diego Ruzzarin,"
El error de Estados Unidos en el conflicto con Irán.",es,Media,UgwiZyrdGZPkf_NqAfJ4AaABAg,,0,@EdithAraceliCamachoCorrea,Dios te oiga Diego,2026-03-08T02:03:46Z,2026-03-08T02:03:46Z,0,0,youtube,2026-04-05T13:39:45.082402
srH80O3G_uQ,Diego Ruzzarin,"
El error de Estados Unidos en el conflicto con Irán.",es,Media,UgwILpE9XxP4Fyh-vJN4AaABAg,,0,@carlosantoniomartinezargue5522,Darles por el *😢,2026-03-08T02:03:36Z,2026-03-08T02:03:36Z,0,0,youtube,2026-04-05T13:39:45.082407
srH80O3G_uQ,Diego Ruzzarin,"
El error de Estados Unidos en el conflicto con Irán.",es,Media,UgxUzmfctqYSEQnjC154AaABAg,,0,@liannam6544,Nos vemos en la inflación mundial... muy pronto... todos dicen que mexico se volvera un venezuela un cuba... yo veo que el mundo entra en recesión.,2026-03-08T01:52:18Z,2026-03-08T01:52:18Z,0,0,youtube,2026-04-05T13:39:45.082411
srH80O3G_uQ,Diego Ruzzarin,"
El error de Estados Unidos en el conflicto con Irán.",es,Media,UgzT-IdcK22nViFDsZh4AaABAg,,0,@hls9,"De echo china vigila  todos los mo imientos segundo a segundo de este conflicto y  están calculando al milímetro todos los movimientos y estrategias de  Estados Unidos.  

Todo esto para calcular la recuperación de Taiwan el hijo rebelde.

En el momento que llegue no van a dejar cabo suelto y se van a cojer literalmentea EU.

Parte de esta informacion  es compartida de China  a Irán.  

Es por eso que han tenido tanto éxito  desmierdando todas las base de EU en  medio Oriente.🔥🔥🔥",2026-03-08T01:49:17Z,2026-03-08T01:52:54Z,0,0,youtube,2026-04-05T13:39:45.082415
srH80O3G_uQ,Diego Ruzzarin,"
El error de Estados Unidos en el conflicto con Irán.",es,Media,Ugx9mKc5bhzyGOiIL0Z4AaABAg,,0,@gonzalocontreras6196,"Que tu boca sea profética estimado Diego, ya basta de tanta felonía del imperio, tantas atrocidades grin gas, tanta prepotencia cri minal de este Trompetas y del ente geno cida de Satanyahu!",2026-03-08T01:27:39Z,2026-03-08T01:27:39Z,0,0,youtube,2026-04-05T13:39:45.082420
srH80O3G_uQ,Diego Ruzzarin,"
El error de Estados Unidos en el conflicto con Irán.",es,Media,Ugx4En5LPK_2fvpJ_5x4AaABAg,,0,@ChapodesinaloaSinaloa,Nos vamos en mismo biaje el fin del mundo esta cerca solo por el petroleo y que en nada nos beneficia a todos en el mundo ! POR QUE DIOS PERMITES ESTO ?,2026-03-08T01:25:59Z,2026-03-08T01:25:59Z,0,1,youtube,2026-04-05T13:39:45.082424
srH80O3G_uQ,Diego Ruzzarin,"
El error de Estados Unidos en el conflicto con Irán.",es,Media,Ugx4En5LPK_2fvpJ_5x4AaABAg.AU4Dk2iYTDtAU4_SJO7cyg,Ugx4En5LPK_2fvpJ_5x4AaABAg,1,@jeeperpitufo,"Y por qué dios permite que seas un burro escribiendo ?
😂",2026-03-08T04:44:24Z,2026-03-08T04:44:24Z,0,0,youtube,2026-04-05T13:39:45.082429
srH80O3G_uQ,Diego Ruzzarin,"
El error de Estados Unidos en el conflicto con Irán.",es,Media,Ugw7Z20rGfRwxnTrxUF4AaABAg,,0,@tonyyycarl7444,"este diego el zurdo, menos objetivo ni en tus sueños hermano estados unidos tiene ganada la guerra ya no se de que hablas",2026-03-08T01:18:30Z,2026-03-08T01:18:30Z,0,0,youtube,2026-04-05T13:39:45.082433
srH80O3G_uQ,Diego Ruzzarin,"
El error de Estados Unidos en el conflicto con Irán.",es,Media,UgxLQxchSyzTUxZkv0d4AaABAg,,0,@carlosthompsonlenz,SSSIIIIIIIIIII!!!!!,2026-03-08T01:15:21Z,2026-03-08T01:15:21Z,0,0,youtube,2026-04-05T13:39:45.082438
srH80O3G_uQ,Diego Ruzzarin,"
El error de Estados Unidos en el conflicto con Irán.",es,Media,UgzknDULha-Oa4krxG14AaABAg,,0,@nerfestos35,"Seeeeeeeeee!!!!
✊🇮🇷🇵🇸",2026-03-08T01:14:52Z,2026-03-08T01:14:52Z,0,0,youtube,2026-04-05T13:39:45.082442
srH80O3G_uQ,Diego Ruzzarin,"
El error de Estados Unidos en el conflicto con Irán.",es,Media,Ugwu3TdOAmuBn909BYV4AaABAg,,0,@cocfay,Decrépito 😂😂😂😂 si es cierto,2026-03-08T01:09:59Z,2026-03-08T01:09:59Z,1,0,youtube,2026-04-05T13:39:45.082446
srH80O3G_uQ,Diego Ruzzarin,"
El error de Estados Unidos en el conflicto con Irán.",es,Media,UgzpVxLVBVVyMbHW3EF4AaABAg,,0,@miguel.guerena,USA Y EL VATICANO SERAN QUIEN GOBIERNE EL MUNDO Y PONDRA LA LEY DOMINICAL,2026-03-08T01:06:35Z,2026-03-08T01:06:35Z,0,0,youtube,2026-04-05T13:39:45.082450
srH80O3G_uQ,Diego Ruzzarin,"
El error de Estados Unidos en el conflicto con Irán.",es,Media,UgxzIVqX6qGs54jcu994AaABAg,,0,@busblu1475,"Irán está rendida, ya le pidieron perdón a sus vecinos, fue demasiado el castigo inflingido por EEUU e Israel. No pudieron responder.",2026-03-08T00:50:47Z,2026-03-08T00:50:47Z,0,0,youtube,2026-04-05T13:39:45.082454
srH80O3G_uQ,Diego Ruzzarin,"
El error de Estados Unidos en el conflicto con Irán.",es,Media,UgyY7dIlCRRwcMVopyx4AaABAg,,0,@alejandrocorteslopez4067,Se viene el retumbar 🗣️💀,2026-03-08T00:44:43Z,2026-03-08T00:44:43Z,0,0,youtube,2026-04-05T13:39:45.082458
srH80O3G_uQ,Diego Ruzzarin,"
El error de Estados Unidos en el conflicto con Irán.",es,Media,UgyhSjL7Byl_B4iiMC54AaABAg,,0,@UsaMex1883,"Pero si al final del día trump sabe que tiene el dólar que lo apoya, nadien del gobierno le va a decir que no puede gastar el dinero de E.u
Está gastando en Inmigración, en la guerra, apoyando a Ucrania y muchas otras cosas que no se dicen.. el dinero no es un problema para el oh Estados Unidos",2026-03-08T00:42:03Z,2026-03-08T00:42:03Z,0,0,youtube,2026-04-05T13:39:45.082462
srH80O3G_uQ,Diego Ruzzarin,"
El error de Estados Unidos en el conflicto con Irán.",es,Media,Ugw5J4CSSy3RRfLwH7R4AaABAg,,0,@UsaMex1883,"Pero que irán no empezó ah pedir disculpas ya?? 
I la verdad no, trump sabe que tiene el dinero de e.u para gastar I nadie que lo detenga.",2026-03-08T00:39:50Z,2026-03-08T00:39:50Z,0,0,youtube,2026-04-05T13:39:45.082467
srH80O3G_uQ,Diego Ruzzarin,"
El error de Estados Unidos en el conflicto con Irán.",es,Media,UgzwI5EIktJhNsR5BS94AaABAg,,0,@HorVa-fk7my,Diego un abrazo desde Argentina✌,2026-03-08T00:31:12Z,2026-03-08T00:31:12Z,6,0,youtube,2026-04-05T13:39:45.082471
srH80O3G_uQ,Diego Ruzzarin,"
El error de Estados Unidos en el conflicto con Irán.",es,Media,UgzDlwI_OXorx5NKg8d4AaABAg,,0,@misaelvazquezcruz879,Los gringos pensaron que los iraníes se dejarían someter fácilmente 😂,2026-03-08T00:24:10Z,2026-03-08T00:24:10Z,74,6,youtube,2026-04-05T13:39:45.082475
srH80O3G_uQ,Diego Ruzzarin,"
El error de Estados Unidos en el conflicto con Irán.",es,Media,UgzDlwI_OXorx5NKg8d4AaABAg.AU46fISvgx5AU8jdvxY_UP,UgzDlwI_OXorx5NKg8d4AaABAg,1,@xaviercortesnava1589,Pensaron que iba a ser como Venezuela 😂,2026-03-09T19:30:29Z,2026-03-09T19:30:29Z,7,0,youtube,2026-04-05T13:39:45.082479
srH80O3G_uQ,Diego Ruzzarin,"
El error de Estados Unidos en el conflicto con Irán.",es,Media,UgzDlwI_OXorx5NKg8d4AaABAg.AU46fISvgx5AUD_SSNIGZn,UgzDlwI_OXorx5NKg8d4AaABAg,1,@luishernandez-ej3gp,Pensaron que iba a ser facil como el mencho,2026-03-11T16:37:35Z,2026-03-11T16:37:35Z,1,0,youtube,2026-04-05T13:39:45.082483
srH80O3G_uQ,Diego Ruzzarin,"
El error de Estados Unidos en el conflicto con Irán.",es,Media,UgzDlwI_OXorx5NKg8d4AaABAg.AU46fISvgx5AUPD2dfyBZp,UgzDlwI_OXorx5NKg8d4AaABAg,1,@gilbertonava645,"Y quién tiene más baja y quién va perdiendo? Irán en cuestión sus líderes muertos como el hijo de el ,q no aparece ,a pesar de q no sea fácil ,se unió el golfo persico en contra de irán y china le dijo hey no cierres el estrecho me vas a afectar .",2026-03-16T05:03:58Z,2026-03-16T05:03:58Z,1,0,youtube,2026-04-05T13:39:45.082487
srH80O3G_uQ,Diego Ruzzarin,"
El error de Estados Unidos en el conflicto con Irán.",es,Media,UgzDlwI_OXorx5NKg8d4AaABAg.AU46fISvgx5AUQgfRHw5jO,UgzDlwI_OXorx5NKg8d4AaABAg,1,@alexrenderos5478,"​@gilbertonava645el estrecho sigue cerrado, y así estará aunque solo 1 irani quede vivo",2026-03-16T18:50:47Z,2026-03-16T18:50:47Z,0,0,youtube,2026-04-05T13:39:45.082490
srH80O3G_uQ,Diego Ruzzarin,"
El error de Estados Unidos en el conflicto con Irán.",es,Media,UgzDlwI_OXorx5NKg8d4AaABAg.AU46fISvgx5AUboXm5JHqc,UgzDlwI_OXorx5NKg8d4AaABAg,1,@AlejandroPadilla-t6y,Pues tampoco es que Irán se esté defendiendo muy bien,2026-03-21T11:50:24Z,2026-03-21T11:50:24Z,0,0,youtube,2026-04-05T13:39:45.082494
srH80O3G_uQ,Diego Ruzzarin,"
El error de Estados Unidos en el conflicto con Irán.",es,Media,UgxMpz5BVOvU3MFUxip4AaABAg,,0,@mariaeugeniasilvacastrejon7460,"Sabemos que EUA es el país más poderoso militarmente hablando, del mundo y aunque estén muy lejos de Irán y gasten súper armamento, aún tienen para más y de hecho buscarán alargar la guerra porque el poder  de Irán se irá acabando y los gringos, además de armamento, tiene aranceles, amenazas, cinismo y poder. Pero no solo eso, también tiene la posibilidad de cortar suministro alimentario y estallar las salinizadoras, por lo tanto, acabar con el agua de una tierra que no tiene agua potable al alcance de la mano. Eso va a acabar con Irán, aunque en realidad, deseo que no sea así. Los gringos no son tontos, aunque lo parezcan y a Trump le vale madres el pueblo y el congreso americano, se los pasa por el arco del triunfo porque se siente  y muchos le hacen sentir, omnipotente.",2026-03-08T00:21:22Z,2026-03-08T00:21:22Z,0,0,youtube,2026-04-05T13:39:45.082498
srH80O3G_uQ,Diego Ruzzarin,"
El error de Estados Unidos en el conflicto con Irán.",es,Media,Ugy5K4eX1lVEJbXu4SB4AaABAg,,0,@Albert-dq5us,"Tengo 10 años trabajando en New Jersey y desde que entró ese mald1it0o viejo naranja, la mald1it@ vida es más costosa y para ahorrar dinero ahora hay que tener prácticamente 2 trabajos (trabajar muchas más horas al día )",2026-03-08T00:09:36Z,2026-03-08T00:11:07Z,0,0,youtube,2026-04-05T13:39:45.082504
srH80O3G_uQ,Diego Ruzzarin,"
El error de Estados Unidos en el conflicto con Irán.",es,Media,UgxoYtCPJ8GOjN8N9oN4AaABAg,,0,@sergioisaac2800,"Hasta la victoria Irán!!!
Rusia y aliados 🏆🇷🇺🇨🇳🇮🇷🇰🇵😃🤟🇲🇽",2026-03-08T00:06:38Z,2026-03-08T00:06:38Z,55,4,youtube,2026-04-05T13:39:45.082508
srH80O3G_uQ,Diego Ruzzarin,"
El error de Estados Unidos en el conflicto con Irán.",es,Media,UgxoYtCPJ8GOjN8N9oN4AaABAg.AU44epJVtRdAU5UmffJykV,UgxoYtCPJ8GOjN8N9oN4AaABAg,1,@SAN-cd1px,"jaja que lame botas, no aguantarías ni medio día en el frente ruso. Mejor ve a seguir con tu vida de Therian",2026-03-08T13:14:08Z,2026-03-08T13:14:08Z,9,0,youtube,2026-04-05T13:39:45.082512
srH80O3G_uQ,Diego Ruzzarin,"
El error de Estados Unidos en el conflicto con Irán.",es,Media,UgxoYtCPJ8GOjN8N9oN4AaABAg.AU44epJVtRdAU5ll4ZfJcf,UgxoYtCPJ8GOjN8N9oN4AaABAg,1,@sergioisaac2800,​@SAN-cd1px😂😂😂 ternura,2026-03-08T15:51:12Z,2026-03-08T15:51:12Z,1,0,youtube,2026-04-05T13:39:45.082516
srH80O3G_uQ,Diego Ruzzarin,"
El error de Estados Unidos en el conflicto con Irán.",es,Media,UgxoYtCPJ8GOjN8N9oN4AaABAg.AU44epJVtRdAU76yDRUvHE,UgxoYtCPJ8GOjN8N9oN4AaABAg,1,@rigobertogonzalez1229,Comunista !,2026-03-09T04:24:29Z,2026-03-09T04:24:29Z,0,0,youtube,2026-04-05T13:39:45.082520
srH80O3G_uQ,Diego Ruzzarin,"
El error de Estados Unidos en el conflicto con Irán.",es,Media,UgxoYtCPJ8GOjN8N9oN4AaABAg.AU44epJVtRdAUU8A5OLepV,UgxoYtCPJ8GOjN8N9oN4AaABAg,1,@Mexicano100PorcientoReal,Israel 🇮🇱 no es enemigo de Rusia xd,2026-03-18T02:57:30Z,2026-03-18T02:57:30Z,0,0,youtube,2026-04-05T13:39:45.082523
srH80O3G_uQ,Diego Ruzzarin,"
El error de Estados Unidos en el conflicto con Irán.",es,Media,Ugw48xQNZjB_ManChoR4AaABAg,,0,@argelisgracielasalamin5579,TOTALMENTE. POR HACERLE CASO AL GENOCIDA SATANYAHU,2026-03-08T00:03:02Z,2026-03-08T00:03:02Z,0,0,youtube,2026-04-05T13:39:45.082528
srH80O3G_uQ,Diego Ruzzarin,"
El error de Estados Unidos en el conflicto con Irán.",es,Media,UgyN_d3I4G_BmKAR1Dl4AaABAg,,0,@Oliver-k3d,El agua ahora es clave guerra 🎉🎉🎉,2026-03-07T23:58:51Z,2026-03-07T23:58:51Z,0,0,youtube,2026-04-05T13:39:45.082532
srH80O3G_uQ,Diego Ruzzarin,"
El error de Estados Unidos en el conflicto con Irán.",es,Media,UgyHwxNsPdNB9svKQGZ4AaABAg,,0,@TodoSomosMexico8,"Me gustó mucho quien renombró como Estados Hundidos.
¡Cierto!",2026-03-07T23:55:34Z,2026-03-07T23:55:34Z,55,4,youtube,2026-04-05T13:39:45.082537
srH80O3G_uQ,Diego Ruzzarin,"
El error de Estados Unidos en el conflicto con Irán.",es,Media,UgyHwxNsPdNB9svKQGZ4AaABAg.AU43Ojjp3M2AU4V7xvartR,UgyHwxNsPdNB9svKQGZ4AaABAg,1,@calnv,Y porque va perdiendo Irán ?,2026-03-08T03:57:56Z,2026-03-08T03:57:56Z,2,0,youtube,2026-04-05T13:39:45.082541
srH80O3G_uQ,Diego Ruzzarin,"
El error de Estados Unidos en el conflicto con Irán.",es,Media,UgyHwxNsPdNB9svKQGZ4AaABAg.AU43Ojjp3M2AUg906hGaoS,UgyHwxNsPdNB9svKQGZ4AaABAg,1,@marcoaeb,​@calnvel tiempo lo dira,2026-03-23T04:15:00Z,2026-03-23T04:15:00Z,0,0,youtube,2026-04-05T13:39:45.082545
srH80O3G_uQ,Diego Ruzzarin,"
El error de Estados Unidos en el conflicto con Irán.",es,Media,UgyHwxNsPdNB9svKQGZ4AaABAg.AU43Ojjp3M2AUuGdY1Xe_F,UgyHwxNsPdNB9svKQGZ4AaABAg,1,@jjmejiae,DETESTADOS HUNDIDOS...,2026-03-28T15:51:04Z,2026-03-28T15:51:04Z,0,0,youtube,2026-04-05T13:39:45.082548
srH80O3G_uQ,Diego Ruzzarin,"
El error de Estados Unidos en el conflicto con Irán.",es,Media,UgyHwxNsPdNB9svKQGZ4AaABAg.AU43Ojjp3M2AUwMk57Du78,UgyHwxNsPdNB9svKQGZ4AaABAg,1,@calnv,​@jjmejiaey porque si tienen la oportunidad muchos prefieren Estados Unidos a sus mierdas de países ???,2026-03-29T11:22:52Z,2026-03-29T11:22:52Z,0,0,youtube,2026-04-05T13:39:45.082552
srH80O3G_uQ,Diego Ruzzarin,"
El error de Estados Unidos en el conflicto con Irán.",es,Media,Ugzz8tEKtWv6hcIvm2J4AaABAg,,0,@SuperTitiyo,Gracias por compartir noticias,2026-03-07T23:54:57Z,2026-03-07T23:54:57Z,0,0,youtube,2026-04-05T13:39:45.082555
srH80O3G_uQ,Diego Ruzzarin,"
El error de Estados Unidos en el conflicto con Irán.",es,Media,UgynmTGwPKsX0B1AoJN4AaABAg,,0,@EduardoMenes,Rusia y china están apoyando bajo el agua a Irán ya que para nadie es un secreto que ellos son los objetivos reales de los nazisionista de Israel y los gorilas imperialistas de eeuu,2026-03-07T23:49:36Z,2026-03-07T23:49:36Z,1,0,youtube,2026-04-05T13:39:45.082560
srH80O3G_uQ,Diego Ruzzarin,"
El error de Estados Unidos en el conflicto con Irán.",es,Media,UgzlZcErvawhuWe-Jyx4AaABAg,,0,@anaramirez6968,A Rusia y China nos les conviene que caiga Irán 🇮🇷 porque se les acerca el imperialismo mucho🤔,2026-03-07T23:48:42Z,2026-03-07T23:48:42Z,3,0,youtube,2026-04-05T13:39:45.082564
srH80O3G_uQ,Diego Ruzzarin,"
El error de Estados Unidos en el conflicto con Irán.",es,Media,UgwUlLBCT75DVZK-BRN4AaABAg,,0,@jaquelin7791,👏👏👏,2026-03-07T23:46:27Z,2026-03-07T23:46:27Z,0,0,youtube,2026-04-05T13:39:45.082568
srH80O3G_uQ,Diego Ruzzarin,"
El error de Estados Unidos en el conflicto con Irán.",es,Media,UgwmAldNUphfjprlYdp4AaABAg,,0,@nadiezhda,Fuerza para el pueblo de Irán,2026-03-07T23:44:12Z,2026-03-07T23:44:12Z,25,0,youtube,2026-04-05T13:39:45.082572
srH80O3G_uQ,Diego Ruzzarin,"
El error de Estados Unidos en el conflicto con Irán.",es,Media,UgzyEmw6Wjr_oJjuSSl4AaABAg,,0,@nadiezhda,"EEUU imperio en decadencia
Trump en decadencia",2026-03-07T23:41:29Z,2026-03-07T23:41:29Z,12,0,youtube,2026-04-05T13:39:45.082576
srH80O3G_uQ,Diego Ruzzarin,"
El error de Estados Unidos en el conflicto con Irán.",es,Media,UgzmKT9-QQA-Xo7YJx94AaABAg,,0,@bichodesavor,"Estás disociado de la realidad, deja de consumir tu información sesgada,  irán fue el que mandó el acuerdo de rendición y no se lo admitió USA. 

Y lo Publicó el dique líder nuevo de IRAN.",2026-03-07T23:16:17Z,2026-03-07T23:16:17Z,1,0,youtube,2026-04-05T13:39:45.082581
srH80O3G_uQ,Diego Ruzzarin,"
El error de Estados Unidos en el conflicto con Irán.",es,Media,UgwwcbJWkHAsS2oawWh4AaABAg,,0,@brunodiazbat,"Irán es el imperio Persa, jamás lo han derrotado, suerte con eso.",2026-03-07T23:16:04Z,2026-03-07T23:16:04Z,0,0,youtube,2026-04-05T13:39:45.082585
srH80O3G_uQ,Diego Ruzzarin,"
El error de Estados Unidos en el conflicto con Irán.",es,Media,UgxndWF9jUB9-ujCl3N4AaABAg,,0,@ces492,"Diego, a Irán le están reventando a bombazos los laberintos de stock subterráneo  de misiles... Misiles, logística... todo se lo están haciendo pedazos... Y va un tercer portaaviones... No sé si les vaya a funcionar la estrategia. Por el contrario, si la estrategia de Irán si logra hacerles gran daño, ¿crees que Israel o USA dudarán en meterle un bombazo atómico? Trump es un delirante y los sionistas están llenos de odio. Son  capaces de cualquier cosa. Slds.",2026-03-07T23:04:42Z,2026-03-07T23:07:57Z,2,1,youtube,2026-04-05T13:39:45.082589
srH80O3G_uQ,Diego Ruzzarin,"
El error de Estados Unidos en el conflicto con Irán.",es,Media,UgxndWF9jUB9-ujCl3N4AaABAg.AU3y_E_rg-DAU4jpj4OLGL,UgxndWF9jUB9-ujCl3N4AaABAg,1,@gabrielzanotto6283,"¿Dónde leíste esa boludez de ""los laberintos de stock""? Informate bien, no es tan así. Le atacaron pero Irán los está desgastando con una guerra prolongada además hay misiles escondidos de los iraníes que ya los altos mandos del ejército iraní dijeron que no van a dudar en usarlos y no estan hechos pedazos para nada....",2026-03-08T06:15:07Z,2026-03-08T06:15:34Z,0,0,youtube,2026-04-05T13:39:45.082593
srH80O3G_uQ,Diego Ruzzarin,"
El error de Estados Unidos en el conflicto con Irán.",es,Media,UgwGH2dhJ0TUSYYzAOh4AaABAg,,0,@cesaraguirre8019,"Tu fanatismo te ciega , es Iran que se preparaba para desaparecer a Israel es lo que siempre a querido hacer y tú dices que defenderse jajajajaja aaaaa y a Estados Unidos hace décadas le a jurado muerte a estados unidos quemando su bandera nooooo en la calle si no que en el mismísimo congreso de políticos que tienen jajajajajay pretendes que los gringos dejarán que encima de eso son personas terroristas capaz de montarse o amarrarse en la misma bomba pretendes que los
Gringos dejarán que tengan bomba nuclear jajajajajajaja aaaaaa y tan preparados estaban que les mataron a todos los líderes del grupo A y también a los que seguían del grupo B jajaja y los del grupo C ya se fueron del país jajajaja",2026-03-07T23:03:38Z,2026-03-07T23:03:38Z,1,0,youtube,2026-04-05T13:39:45.082597
srH80O3G_uQ,Diego Ruzzarin,"
El error de Estados Unidos en el conflicto con Irán.",es,Media,UgzKRjH0AnNkVS0V28l4AaABAg,,0,@pelisnet8395,"Diego, para los cabeza cuadrada de Occidente Irán está perdiendo la guerra porque Trump en su desvarío pide una rendición incondicional. Se les olvida que Trump pasó por Hollywood como extra.",2026-03-07T22:57:59Z,2026-03-07T22:57:59Z,0,0,youtube,2026-04-05T13:39:45.082601
srH80O3G_uQ,Diego Ruzzarin,"
El error de Estados Unidos en el conflicto con Irán.",es,Media,UgwGmPr_cqy9BrZCC8R4AaABAg,,0,@capitanbrulote9052,👍👍👍👍👍👍👍👍👍👍👍👍👍👍👍👍👍👍👍👍👍👍👍👍👍👍👍👍,2026-03-07T22:57:13Z,2026-03-07T22:57:13Z,0,0,youtube,2026-04-05T13:39:45.082605
srH80O3G_uQ,Diego Ruzzarin,"
El error de Estados Unidos en el conflicto con Irán.",es,Media,UgzeXlYfZpCPPEGp5up4AaABAg,,0,@gil-j4s,Gracias por tus vídeos 💪🏻,2026-03-07T22:43:29Z,2026-03-07T22:43:29Z,0,0,youtube,2026-04-05T13:39:45.082610
srH80O3G_uQ,Diego Ruzzarin,"
El error de Estados Unidos en el conflicto con Irán.",es,Media,Ugy5KxQwEfZG2byAtTN4AaABAg,,0,@hjg9227,"Por eso atacaron primero Venezuela, requieren esos suministros para forzar la duración de la guerra, los dirigentes venezolanos deberían hablar con la verdad y decir si continúan las amenazas y presiones para que suelten el petróleo por las buenas",2026-03-07T22:39:13Z,2026-03-07T22:39:13Z,0,0,youtube,2026-04-05T13:39:45.082614
srH80O3G_uQ,Diego Ruzzarin,"
El error de Estados Unidos en el conflicto con Irán.",es,Media,Ugw-5_bpPZfTJWU91oZ4AaABAg,,0,@yomismo6219,"Deje de soñar el imperio tiene una jauría de países serviles... y muchas armas... y va a patalear para no rendirse y segurito que al final en un berrinche suicida volverá todo una hecatombe con ataques nucleares... yo ya estaría buscabando yesca.   Practicando tiros con flechas.., estudiando botánica para saber qué demonios comer y no envenenarme y que yerbajo es medicinal.... no hay de otra... ¿sabe usted dónde hay una Altamira cerca? Pues múdese cerca... que los bichos fosforescentes que sobrevivan con usted lo pueden masticar.., y olvídese de las clase de arte... cualquier basura que pinte admirarán los arqueólogos verdes y con antenas dentro de unos 30,000 años",2026-03-07T22:33:15Z,2026-03-07T22:33:15Z,1,0,youtube,2026-04-05T13:39:45.082618
srH80O3G_uQ,Diego Ruzzarin,"
El error de Estados Unidos en el conflicto con Irán.",es,Media,Ugyg8Xvu-gmcRQBqXaJ4AaABAg,,0,@MarkRomero2268,Ojala que tu pronosctico se haga realidad bro,2026-03-07T22:32:52Z,2026-03-07T22:32:52Z,39,0,youtube,2026-04-05T13:39:45.082622
srH80O3G_uQ,Diego Ruzzarin,"
El error de Estados Unidos en el conflicto con Irán.",es,Media,Ugw-5s0iMYmGA6B8iwl4AaABAg,,0,@Mastercrack_GS,"No hay nada más difícil que y desgastante que la ""guerra de guerrillas"", y #EEUU lo experimentó en #Vietnam. . . .🔥🔥💀💀🔥🔥",2026-03-07T22:32:41Z,2026-03-07T22:40:55Z,26,4,youtube,2026-04-05T13:39:45.082626
srH80O3G_uQ,Diego Ruzzarin,"
El error de Estados Unidos en el conflicto con Irán.",es,Media,Ugw-5s0iMYmGA6B8iwl4AaABAg.AU3uulfWbqnAU4V0-QgoDw,Ugw-5s0iMYmGA6B8iwl4AaABAg,1,@calnv,Y porque va perdiendo Irán ?,2026-03-08T03:56:51Z,2026-03-08T03:56:51Z,0,0,youtube,2026-04-05T13:39:45.082629
srH80O3G_uQ,Diego Ruzzarin,"
El error de Estados Unidos en el conflicto con Irán.",es,Media,Ugw-5s0iMYmGA6B8iwl4AaABAg.AU3uulfWbqnAU5BQik2XC9,Ugw-5s0iMYmGA6B8iwl4AaABAg,1,@alexberdejo7,@calnvque va perdiendo?,2026-03-08T10:24:58Z,2026-03-08T10:24:58Z,1,0,youtube,2026-04-05T13:39:45.082633
srH80O3G_uQ,Diego Ruzzarin,"
El error de Estados Unidos en el conflicto con Irán.",es,Media,Ugw-5s0iMYmGA6B8iwl4AaABAg.AU3uulfWbqnAU6_rF2eMsi,Ugw-5s0iMYmGA6B8iwl4AaABAg,1,@wilderpaz9129,​@calnvpobre....pareces un loro que nomás aprendió a decir esa estupidez 🤣🤣🤣🤣🖕🖕🖕🖕🖕🖕🖕🖕🖕🖕🖕🖕,2026-03-08T23:26:26Z,2026-03-08T23:26:26Z,0,0,youtube,2026-04-05T13:39:45.082637
srH80O3G_uQ,Diego Ruzzarin,"
El error de Estados Unidos en el conflicto con Irán.",es,Media,Ugw-5s0iMYmGA6B8iwl4AaABAg.AU3uulfWbqnAUGXiEqklMX,Ugw-5s0iMYmGA6B8iwl4AaABAg,1,@vadgabrieltv,​@calnvjaja dijo el que ve noticias en Latinus,2026-03-12T20:11:23Z,2026-03-12T20:11:23Z,0,0,youtube,2026-04-05T13:39:45.082640
srH80O3G_uQ,Diego Ruzzarin,"
El error de Estados Unidos en el conflicto con Irán.",es,Media,UgzScQidWaKPET9B7Tt4AaABAg,,0,@danielgallegos7181,Alguna vez alguien tiene que ponerles un límite a los más grandes TERRORISTAS que existen llamados ee uu e israel .,2026-03-07T22:28:32Z,2026-03-07T22:28:32Z,40,2,youtube,2026-04-05T13:39:45.082644
srH80O3G_uQ,Diego Ruzzarin,"
El error de Estados Unidos en el conflicto con Irán.",es,Media,UgzScQidWaKPET9B7Tt4AaABAg.AU3uRNLM64FAU4V38CEjAU,UgzScQidWaKPET9B7Tt4AaABAg,1,@calnv,Y porque va perdiendo Irán ?,2026-03-08T03:57:17Z,2026-03-08T03:57:17Z,0,0,youtube,2026-04-05T13:39:45.082648
srH80O3G_uQ,Diego Ruzzarin,"
El error de Estados Unidos en el conflicto con Irán.",es,Media,UgzScQidWaKPET9B7Tt4AaABAg.AU3uRNLM64FAU6VsPT6jeG,UgzScQidWaKPET9B7Tt4AaABAg,1,@JorgeHeidenreich,​@calnv será porque está peleando sólo? ustedes los libertarios necesitan que les expliquen todo con palos y palitos..😂😂,2026-03-08T22:42:54Z,2026-03-08T22:42:54Z,0,0,youtube,2026-04-05T13:39:45.082651
srH80O3G_uQ,Diego Ruzzarin,"
El error de Estados Unidos en el conflicto con Irán.",es,Media,Ugyr3-OQdRn64BtLQ214AaABAg,,0,@ronaldortiz-i4g,"Los huties y  libaneses tienen q invadir terrestremente israel y devolverlos a todos a europa ,,",2026-03-07T22:24:01Z,2026-03-07T22:24:01Z,0,0,youtube,2026-04-05T13:39:45.082655
srH80O3G_uQ,Diego Ruzzarin,"
El error de Estados Unidos en el conflicto con Irán.",es,Media,UgyoN4b6tVnEECu99kF4AaABAg,,0,@juliomatos9340,"Eeuu usara los 53mil millones de dolares de la supuesta junta de paz en la guerra contra iran y Rusia es parte de eso, Putin es un caballo de troya una marioneta sionista",2026-03-07T22:17:48Z,2026-03-07T22:17:48Z,0,0,youtube,2026-04-05T13:39:45.082659
srH80O3G_uQ,Diego Ruzzarin,"
El error de Estados Unidos en el conflicto con Irán.",es,Media,UgzIp1oZPGdQPfb_W014AaABAg,,0,@felipeandressotoaraya,IRAN DEBE ATACAR PRIMERO LA PLANTA DESSALINIZADORA DE ASHKELON Y COMO ULTIMO RECURSO DEBE ATACAR LA PLANTA DE DIMONA .,2026-03-07T22:16:08Z,2026-03-07T22:16:08Z,0,0,youtube,2026-04-05T13:39:45.082664
srH80O3G_uQ,Diego Ruzzarin,"
El error de Estados Unidos en el conflicto con Irán.",es,Media,UgzK8hta8_l1p_PA6Sx4AaABAg,,0,@guillermobarronramirez4616,"Mientras tanto Rusia sw hace rico con el incremento de gas y petróleo!!!
Nadie sabe para quien trabaja!!!😂",2026-03-07T22:15:03Z,2026-03-07T22:15:03Z,0,0,youtube,2026-04-05T13:39:45.082668
srH80O3G_uQ,Diego Ruzzarin,"
El error de Estados Unidos en el conflicto con Irán.",es,Media,UgzD_Eoy0NNqaRCq4kd4AaABAg,,0,@maverickcuellar7737,"Mientras que por el otro lado, se dice todo lo contrario...Obviamente endulzando el oído del contribuyente...",2026-03-07T22:13:20Z,2026-03-07T22:13:20Z,0,0,youtube,2026-04-05T13:39:45.082672
srH80O3G_uQ,Diego Ruzzarin,"
El error de Estados Unidos en el conflicto con Irán.",es,Media,Ugwp_g3Bh9G93mjWqF94AaABAg,,0,@victordancr5362,✨🤗✨,2026-03-07T22:12:23Z,2026-03-07T22:12:23Z,0,0,youtube,2026-04-05T13:39:45.082676
srH80O3G_uQ,Diego Ruzzarin,"
El error de Estados Unidos en el conflicto con Irán.",es,Media,Ugw5YWn9F9iTidjhAiF4AaABAg,,0,@renombra,"Irán también ha usado pinturas en el suelo simulando armamento, aviones y helicópteros, los genocidas han gastado muchos misiles bombardeando esas pinturas.",2026-03-07T22:12:01Z,2026-03-07T22:12:01Z,2,0,youtube,2026-04-05T13:39:45.082680
srH80O3G_uQ,Diego Ruzzarin,"
El error de Estados Unidos en el conflicto con Irán.",es,Media,UgzlcuKuJT9ZZTUpmk54AaABAg,,0,@jmarquezt,"está bien querer que Irán les vuele la raja a estos hijos de su madre, pero decir que están perparados para solo 4 o 5 semanas es a lo menos cuestionable",2026-03-07T22:08:32Z,2026-03-07T22:08:32Z,0,0,youtube,2026-04-05T13:39:45.082684
srH80O3G_uQ,Diego Ruzzarin,"
El error de Estados Unidos en el conflicto con Irán.",es,Media,UgyiP58SEDynp2V1gkF4AaABAg,,0,@sotoescalantejonathan1120,Todo es alreves vas alreves y tiene Razon Diego Ruzzarin,2026-03-07T22:02:20Z,2026-03-07T22:02:20Z,0,0,youtube,2026-04-05T13:39:45.082688
srH80O3G_uQ,Diego Ruzzarin,"
El error de Estados Unidos en el conflicto con Irán.",es,Media,UgzBrhlzu2aIQoPLhZ94AaABAg,,0,@oscarsandoval-ke2ri,Diego y por que Rusia y China no se meten?,2026-03-07T22:01:22Z,2026-03-07T22:01:22Z,0,0,youtube,2026-04-05T13:39:45.082692
srH80O3G_uQ,Diego Ruzzarin,"
El error de Estados Unidos en el conflicto con Irán.",es,Media,UgyZJN42XCznrN-opv14AaABAg,,0,@guillermobarronramirez4616,Imaginemos que el medio oriente se uniera e hiciera un frente vs E.U.!!!😮😮😮,2026-03-07T22:00:49Z,2026-03-07T22:00:49Z,12,3,youtube,2026-04-05T13:39:45.082695
srH80O3G_uQ,Diego Ruzzarin,"
El error de Estados Unidos en el conflicto con Irán.",es,Media,UgyZJN42XCznrN-opv14AaABAg.AU3rGLwPXMtAU4Y6fpUKoW,UgyZJN42XCznrN-opv14AaABAg,1,@jeeperpitufo,"Ya lo quería Ghadafi, por eso lo asesinaron😢",2026-03-08T04:23:59Z,2026-03-08T04:23:59Z,5,0,youtube,2026-04-05T13:39:45.082699
srH80O3G_uQ,Diego Ruzzarin,"
El error de Estados Unidos en el conflicto con Irán.",es,Media,UgyZJN42XCznrN-opv14AaABAg.AU3rGLwPXMtAU5GAZofZeP,UgyZJN42XCznrN-opv14AaABAg,1,@CeeTorices,"Todas las potencias de la zona están cooptadas por el imperio. La península arábiga es un nido de ratas sionistas, Marruecos es aliado histórico de EEUU y Siria ya no existe. El resto de paises no tienen capacidad real para medirse a nadie.",2026-03-08T11:06:28Z,2026-03-08T11:06:28Z,0,0,youtube,2026-04-05T13:39:45.082703
srH80O3G_uQ,Diego Ruzzarin,"
El error de Estados Unidos en el conflicto con Irán.",es,Media,UgyZJN42XCznrN-opv14AaABAg.AU3rGLwPXMtAUFtAhpUSiz,UgyZJN42XCznrN-opv14AaABAg,1,@CoromotoClemente,Sería muy arrecho... Igual que un frente desde México a la patagonia... Indestructibles!!!!!!!,2026-03-12T14:08:25Z,2026-03-12T14:08:25Z,1,0,youtube,2026-04-05T13:39:45.082706
srH80O3G_uQ,Diego Ruzzarin,"
El error de Estados Unidos en el conflicto con Irán.",es,Media,UgzIFT0VFBpSFF8P7HB4AaABAg,,0,@mchumbert2,"Qué sensación tan reconfortante de ver cómo la humanidad entera se une, no por la paz o el progreso, sino para babear colectivamente frente al depredador más espectacular de la historia. Es enternecedor, de verdad. Ver cómo besan el suelo que pisa un tipo que necesita una agenda para cuadrar sus horarios de violación y asesinato, 🤗 y aún así la gente hace cola para lamerle las botas. Es un espectáculo conmovedor; la capacidad del ser humano para mirar un charco de sangre y exclamar ""¡qué bonito reflejo tiene el agua!"".

Me encanta esa parte donde la moral se doblega tan sumisa ante el carisma y el poder. Es como si de repente a todos les diera un ictus ético y confundieran el asesinato de más de 180 bebitas, con una escena de Strangers Things. ¿Quien tiene las manos manchadas con la sangre de cientos de niñas? ¡Detalles! Lo importante es que vende humo con estilacho y tiene un séquito de miserables dispuestos a justificar cualquier cosa con tal de sentirse parte de las bestias ganadoras.

Así qué, ¿cómo lo sientes?  Los sientes como una paz interior que te embarga, mis queridos..

Ver tanta coherencia, tanta dignidad y tanto sentido crítico en acción me hace recuperar la fe en la humanidad. Es un auténtico privilegio ser testigo de cómo el mundo entero se convierte en una enorme y feliz familia que vitorea a su nuevo emperador moderno mientras este estira su prepucio para involucrarselo a cada uno de ustedes. 😉 ¡Un escupitajo en el glande. Una hermosa grosería, vivimos una epsteintosa y hermosa grosería, no es la 3ra Guerra Mundial, nos llevaron a la 1ra Orgía Mundial! ❤❤❤",2026-03-07T22:00:17Z,2026-03-07T22:00:17Z,0,0,youtube,2026-04-05T13:39:45.082710
srH80O3G_uQ,Diego Ruzzarin,"
El error de Estados Unidos en el conflicto con Irán.",es,Media,Ugw6CnIzf0xRKoaXpkZ4AaABAg,,0,@sotoescalantejonathan1120,A ver quiero ver su Enfoque es esto.,2026-03-07T21:59:31Z,2026-03-07T21:59:31Z,0,0,youtube,2026-04-05T13:39:45.082714
srH80O3G_uQ,Diego Ruzzarin,"
El error de Estados Unidos en el conflicto con Irán.",es,Media,UgziGPm5UJd2D3pF2MB4AaABAg,,0,@claudiachaveztapia9908,OJALÁ,2026-03-07T21:57:05Z,2026-03-07T21:57:05Z,0,0,youtube,2026-04-05T13:39:45.082718
srH80O3G_uQ,Diego Ruzzarin,"
El error de Estados Unidos en el conflicto con Irán.",es,Media,Ugy8LDvuuGqtjeiZNE14AaABAg,,0,@mariorvaldivia7332,Ojalá,2026-03-07T21:53:31Z,2026-03-07T21:53:31Z,0,0,youtube,2026-04-05T13:39:45.082721
srH80O3G_uQ,Diego Ruzzarin,"
El error de Estados Unidos en el conflicto con Irán.",es,Media,Ugx8zCmpBW1u3cs77nJ4AaABAg,,0,@JhonSan-ko4ww,Está  ASERCA el final de USA 🤡🤡🇺🇸🤡🤡,2026-03-07T21:50:38Z,2026-03-07T21:50:38Z,10,5,youtube,2026-04-05T13:39:45.082725
srH80O3G_uQ,Diego Ruzzarin,"
El error de Estados Unidos en el conflicto con Irán.",es,Media,Ugx8zCmpBW1u3cs77nJ4AaABAg.AU3q5hUUSwFAU421oPiV4X,Ugx8zCmpBW1u3cs77nJ4AaABAg,1,@fabianlobo2709,"Dios te oiga, o al menos que dejen ser ser gandallas, no puedes ser una mierda con todos y esperar respeto y obediencia... Saludos",2026-03-07T23:43:41Z,2026-03-07T23:43:41Z,0,0,youtube,2026-04-05T13:39:45.082729
srH80O3G_uQ,Diego Ruzzarin,"
El error de Estados Unidos en el conflicto con Irán.",es,Media,Ugx8zCmpBW1u3cs77nJ4AaABAg.AU3q5hUUSwFAU4CVsxDWgK,Ugx8zCmpBW1u3cs77nJ4AaABAg,1,@BPhaseHBINC,🤣🤣🤣🤣🤣🤣,2026-03-08T01:15:11Z,2026-03-08T01:15:11Z,0,0,youtube,2026-04-05T13:39:45.082732
srH80O3G_uQ,Diego Ruzzarin,"
El error de Estados Unidos en el conflicto con Irán.",es,Media,Ugx8zCmpBW1u3cs77nJ4AaABAg.AU3q5hUUSwFAU4V5MfSPdc,Ugx8zCmpBW1u3cs77nJ4AaABAg,1,@calnv,Y porque va perdiendo Irán ?,2026-03-08T03:57:35Z,2026-03-08T03:57:35Z,0,0,youtube,2026-04-05T13:39:45.082736
srH80O3G_uQ,Diego Ruzzarin,"
El error de Estados Unidos en el conflicto con Irán.",es,Media,Ugx8zCmpBW1u3cs77nJ4AaABAg.AU3q5hUUSwFAU4_hKLkAoL,Ugx8zCmpBW1u3cs77nJ4AaABAg,1,@JhonSan-ko4ww,​@calnv deja de mirar noticias gringas 😅😅😅🐀,2026-03-08T04:46:36Z,2026-03-08T04:46:36Z,4,0,youtube,2026-04-05T13:39:45.082739
srH80O3G_uQ,Diego Ruzzarin,"
El error de Estados Unidos en el conflicto con Irán.",es,Media,Ugx8zCmpBW1u3cs77nJ4AaABAg.AU3q5hUUSwFAU8IAhCGq09,Ugx8zCmpBW1u3cs77nJ4AaABAg,1,@massimoyaell4924,​@JhonSan-ko4ww En dónde te informas tú?,2026-03-09T15:21:41Z,2026-03-09T15:21:41Z,0,0,youtube,2026-04-05T13:39:45.082742
srH80O3G_uQ,Diego Ruzzarin,"
El error de Estados Unidos en el conflicto con Irán.",es,Media,Ugzw7-CuVLLeQ8tCTVh4AaABAg,,0,@rubenifc,"O pones USA o pones U.S.A., aprende algo Ruzzarin.",2026-03-07T21:49:17Z,2026-03-07T21:49:17Z,0,0,youtube,2026-04-05T13:39:45.082746
srH80O3G_uQ,Diego Ruzzarin,"
El error de Estados Unidos en el conflicto con Irán.",es,Media,UgzHysdBnBHCjRTesC14AaABAg,,0,@jacknearchurch2262,"Como era aquel dicho sobre vivir tiempos interesantes, ... pues eso.",2026-03-07T21:39:20Z,2026-03-07T21:39:20Z,3,0,youtube,2026-04-05T13:39:45.082750
srH80O3G_uQ,Diego Ruzzarin,"
El error de Estados Unidos en el conflicto con Irán.",es,Media,UgxnzUU0XBAqB8Tp7kZ4AaABAg,,0,@enriquegd8084,No creo jaja,2026-03-07T21:39:12Z,2026-03-07T21:39:12Z,0,0,youtube,2026-04-05T13:39:45.082754
srH80O3G_uQ,Diego Ruzzarin,"
El error de Estados Unidos en el conflicto con Irán.",es,Media,UgwwUbJCpSUL3_9VCxJ4AaABAg,,0,@carlosdelvenunez2902,Duos quiera que paren toda esta locura porque la paz es lo mejor para todos los países del mundo,2026-03-07T21:35:47Z,2026-03-07T21:35:47Z,2,0,youtube,2026-04-05T13:39:45.082758
srH80O3G_uQ,Diego Ruzzarin,"
El error de Estados Unidos en el conflicto con Irán.",es,Media,UgxGq1ZR3078wMfsWfJ4AaABAg,,0,@jlclc6796,De que hablas jajajaja nombre estan desmantelando al ejército completo de IRAN entiendo que quieras irle a IRAN pero es imposible él escenario que dices 😂😂😂 pero bueno el tiempo lo dirá,2026-03-07T21:33:49Z,2026-03-07T21:33:49Z,0,0,youtube,2026-04-05T13:39:45.082761
srH80O3G_uQ,Diego Ruzzarin,"
El error de Estados Unidos en el conflicto con Irán.",es,Media,UgwkIgIbgHaV537VQzt4AaABAg,,0,@miguelangelleonospina8080,"DESDE PERÚ, TRUMP Y HITLERYAHU COBARDES MISERABLES MATANIÑOS, IRAN TIENE TODO EL DERECHO A DEFENDERSE DE ESTOS CSM, DESQUICIADOS Y GENOCIDAS DE GAZA TRUMP Y HITLERYAHU ( TAMBIÉN MATARON A MAS DE 150 NIÑAS EN UNA ESCUELA EN EL ATAQUE ILEGAL A IRAN)  QUE HACEN LO QUE SE LES DA LA GANA, PRIMERO,  2026 SCOTT BESSENT SECRETARIO DEL TESORO DE EEUU, CONFIRMO LA ESTRATEGIA DE TRUMP ASFIXIAR A IRAN FINANCIERAMENTE, SANCIONES ECONOMICAS Y CONGELAMIENTOS DE ACTIVOS ( MEJOR DICHO TERRORISMO FINANCIERO)  Y DIJO QUE FUNCIONO, POR QUE EN DICIEMBRE 2025 SU ECONOMIA SE DERRUMBO Y POR ESO LA GENTE SALIO A LA CALLE ETC, EL MUNDO NO PUEDE PERMITIR ESTO, BASTA YA, TODA LA INFORMACIÓN ESTA EN INTERNET VEANLO Y NO SE DEJEN ENGAÑAR",2026-03-07T21:23:07Z,2026-03-07T21:23:07Z,2,0,youtube,2026-04-05T13:39:45.082765
srH80O3G_uQ,Diego Ruzzarin,"
El error de Estados Unidos en el conflicto con Irán.",es,Media,Ugzk2GKxPpKUhV1mjX54AaABAg,,0,@benbenijaspers,¡Qué analisis más estúpido y mentiroso!,2026-03-07T21:06:36Z,2026-03-07T21:06:36Z,0,0,youtube,2026-04-05T13:39:45.082769
srH80O3G_uQ,Diego Ruzzarin,"
El error de Estados Unidos en el conflicto con Irán.",es,Media,UgxZ04JLD5Sw9lry9qh4AaABAg,,0,@juancho99910,Ya perdió la guerra usa,2026-03-07T21:06:10Z,2026-03-07T21:06:10Z,3,0,youtube,2026-04-05T13:39:45.082773
srH80O3G_uQ,Diego Ruzzarin,"
El error de Estados Unidos en el conflicto con Irán.",es,Media,Ugy9csRlItJqbsjHDh94AaABAg,,0,@samibarruecos,"Ruzzarin, puedes hablar de los Poemas Islamicos que fueron millones de años antes de Cristo? Y como Muhamed existió miles de años antes de Jesus? Please quiero saber más de eso que hablas con confianza",2026-03-07T21:05:01Z,2026-03-07T21:05:01Z,3,3,youtube,2026-04-05T13:39:45.082777
srH80O3G_uQ,Diego Ruzzarin,"
El error de Estados Unidos en el conflicto con Irán.",es,Media,Ugy9csRlItJqbsjHDh94AaABAg.AU3ksd7fTOMAU3lqSC3eNm,Ugy9csRlItJqbsjHDh94AaABAg,1,@EduardoAlfonso1,Yo creo que Ruzzarin de meterse algo raro para decir algo así🤣,2026-03-07T21:13:27Z,2026-03-07T21:13:34Z,0,0,youtube,2026-04-05T13:39:45.082781
srH80O3G_uQ,Diego Ruzzarin,"
El error de Estados Unidos en el conflicto con Irán.",es,Media,Ugy9csRlItJqbsjHDh94AaABAg.AU3ksd7fTOMAU3mP9gaaP8,Ugy9csRlItJqbsjHDh94AaABAg,1,@samibarruecos,"Claro que si lo dijo en el video con Farid “Análisis de canción: Es épico - Canserbero” minuto 17:00

Una prueba más de que Ruzzarin solo es un ignorante con mucha convicción",2026-03-07T21:18:20Z,2026-03-07T21:18:20Z,2,0,youtube,2026-04-05T13:39:45.082787
srH80O3G_uQ,Diego Ruzzarin,"
El error de Estados Unidos en el conflicto con Irán.",es,Media,Ugy9csRlItJqbsjHDh94AaABAg.AU3ksd7fTOMAU3n9m5hq4f,Ugy9csRlItJqbsjHDh94AaABAg,1,@EduardoAlfonso1,​@samibarruecos ahhhh ya vi 🤣,2026-03-07T21:24:58Z,2026-03-07T21:24:58Z,0,0,youtube,2026-04-05T13:39:45.082790
srH80O3G_uQ,Diego Ruzzarin,"
El error de Estados Unidos en el conflicto con Irán.",es,Media,UgzATznuWuk83v3EsmR4AaABAg,,0,@AlexandraNarváez-i4h,"De alguna manera,  Trump nos está haciendo ""el favor "", de hundir al imperio,  sin querer la máscara se les ha caído,  así como Roma",2026-03-07T20:55:20Z,2026-03-07T20:55:20Z,76,11,youtube,2026-04-05T13:39:45.929804
srH80O3G_uQ,Diego Ruzzarin,"
El error de Estados Unidos en el conflicto con Irán.",es,Media,UgzATznuWuk83v3EsmR4AaABAg.AU3jlhwAa2OAU4Ur39-59B,UgzATznuWuk83v3EsmR4AaABAg,1,@erickalexisgarciasoria1091,"EXACTO
Pierden aliados, su propia base votante, su credibilidad con cada golpe de estado",2026-03-08T03:55:29Z,2026-03-08T03:55:29Z,7,0,youtube,2026-04-05T13:39:45.929833
srH80O3G_uQ,Diego Ruzzarin,"
El error de Estados Unidos en el conflicto con Irán.",es,Media,UgzATznuWuk83v3EsmR4AaABAg.AU3jlhwAa2OAU4_jEFN5GL,UgzATznuWuk83v3EsmR4AaABAg,1,@Detodounpoco-ib2xo,"Eso sí, mucha razón",2026-03-08T04:46:51Z,2026-03-08T04:46:51Z,3,0,youtube,2026-04-05T13:39:45.929838
srH80O3G_uQ,Diego Ruzzarin,"
El error de Estados Unidos en el conflicto con Irán.",es,Media,UgzATznuWuk83v3EsmR4AaABAg.AU3jlhwAa2OAU6EyA_k1nA,UgzATznuWuk83v3EsmR4AaABAg,1,@juliochavez1660,Con mas debilidades que fortalezas,2026-03-08T20:15:08Z,2026-03-08T20:15:08Z,0,0,youtube,2026-04-05T13:39:45.929841
srH80O3G_uQ,Diego Ruzzarin,"
El error de Estados Unidos en el conflicto con Irán.",es,Media,UgzATznuWuk83v3EsmR4AaABAg.AU3jlhwAa2OAU8XeOfQoSX,UgzATznuWuk83v3EsmR4AaABAg,1,@jeg8674,"Nos ? RECUERDEN, Si US cae que creen que pasara con MX? AGUAS !",2026-03-09T17:36:56Z,2026-03-09T17:36:56Z,0,0,youtube,2026-04-05T13:39:45.929845
srH80O3G_uQ,Diego Ruzzarin,"
El error de Estados Unidos en el conflicto con Irán.",es,Media,UgzATznuWuk83v3EsmR4AaABAg.AU3jlhwAa2OAU8ctyPFhfW,UgzATznuWuk83v3EsmR4AaABAg,1,@AlexandraNarváez-i4h,"​@jeg8674 parcero ...con todo respeto,  no conoce la ironía? Por otro lado,  los gringos siempre han hecho lo de Trump,  pero solapadamente,  simplemente que Trump ha mostrado al mundo,  lo que siempre ha existido detrás de su discurso,  es un descarado,  cínico,  igual que el resto de la élite,  o es que el se manda sólo???",2026-03-09T18:31:30Z,2026-03-09T18:31:30Z,0,0,youtube,2026-04-05T13:39:45.929849
srH80O3G_uQ,Diego Ruzzarin,"
El error de Estados Unidos en el conflicto con Irán.",es,Media,UgzZi1rhVq7oEmBFinN4AaABAg,,0,@ManuelMedinaGamero,"El mayor problema en la percepción del común de los ciudadanos de Gringolandia es que este guerra no les pertenece y ya llevan varios años financiando otra que tampoco les pertenece y el costo es de los contribuyentes de su pais
Está última, además tiene un gran aroma de camuflaje por los problemas de entrepierna del presidente en particular y de un grupo de millonarios en general que no tienen por qué encubrirlos y menos desangrando sus economías y sus cuerpos",2026-03-07T20:54:28Z,2026-03-07T20:54:28Z,9,0,youtube,2026-04-05T13:39:45.929854
srH80O3G_uQ,Diego Ruzzarin,"
El error de Estados Unidos en el conflicto con Irán.",es,Media,UgzVlXtsWWvZtJH-XRB4AaABAg,,0,@riomateos4631,"Espero llegar a ver
A Washington ardiendo
Ni sus túneles les van a salvar 😅",2026-03-07T20:53:49Z,2026-03-07T20:53:49Z,2,0,youtube,2026-04-05T13:39:45.929860
srH80O3G_uQ,Diego Ruzzarin,"
El error de Estados Unidos en el conflicto con Irán.",es,Media,Ugx00HbA_cvz-KIbK1J4AaABAg,,0,@ameebamx,"Dice Loret que las armas de racimo están prohibidas, por que matan a muchos civiles. Pero no dice que Israel las usaba contra Gaza que estaba indefensa.",2026-03-07T20:53:44Z,2026-03-07T20:54:34Z,286,18,youtube,2026-04-05T13:39:45.929865
srH80O3G_uQ,Diego Ruzzarin,"
El error de Estados Unidos en el conflicto con Irán.",es,Media,Ugx00HbA_cvz-KIbK1J4AaABAg.AU3j_ub_hZ9AU4JIigP67y,Ugx00HbA_cvz-KIbK1J4AaABAg,1,@erickalexisgarciasoria1091,Y te falto decir el fosforo blanco,2026-03-08T02:14:33Z,2026-03-08T02:14:33Z,33,0,youtube,2026-04-05T13:39:45.929870
srH80O3G_uQ,Diego Ruzzarin,"
El error de Estados Unidos en el conflicto con Irán.",es,Media,Ugx00HbA_cvz-KIbK1J4AaABAg.AU3j_ub_hZ9AU58PhKdkdU,Ugx00HbA_cvz-KIbK1J4AaABAg,1,@armandopleitos1202,"El detalle es que no son armas de racimo, son armas que desplegando submuniciones. Aunque para nosotros que no entendemos de estos temas parecen lo mismo. Para gente del ambito militar claramente no son lo mismo",2026-03-08T09:58:37Z,2026-03-08T09:58:37Z,3,0,youtube,2026-04-05T13:39:45.929876
srH80O3G_uQ,Diego Ruzzarin,"
El error de Estados Unidos en el conflicto con Irán.",es,Media,Ugx00HbA_cvz-KIbK1J4AaABAg.AU3j_ub_hZ9AU5VPam0Uus,Ugx00HbA_cvz-KIbK1J4AaABAg,1,@Joaquincho2019,Creo que US es la que no quiere negociar,2026-03-08T13:19:35Z,2026-03-08T13:19:35Z,0,0,youtube,2026-04-05T13:39:45.929880
srH80O3G_uQ,Diego Ruzzarin,"
El error de Estados Unidos en el conflicto con Irán.",es,Media,Ugx00HbA_cvz-KIbK1J4AaABAg.AU3j_ub_hZ9AU5l3Om7VzZ,Ugx00HbA_cvz-KIbK1J4AaABAg,1,@ameebamx,​@armandopleitos1202 Pero matan igual Hermano.,2026-03-08T15:45:06Z,2026-03-08T15:45:06Z,5,0,youtube,2026-04-05T13:39:45.929884
srH80O3G_uQ,Diego Ruzzarin,"
El error de Estados Unidos en el conflicto con Irán.",es,Media,Ugx00HbA_cvz-KIbK1J4AaABAg.AU3j_ub_hZ9AU5lBx_PZCT,Ugx00HbA_cvz-KIbK1J4AaABAg,1,@ameebamx,​@Joaquincho2019 irán es la que no quiere negociar. Su pueblo pide venganza. Y todo se va ir a la mrd si declaran una guerra santa.,2026-03-08T15:46:16Z,2026-03-08T15:46:16Z,5,0,youtube,2026-04-05T13:39:45.929887
srH80O3G_uQ,Diego Ruzzarin,"
El error de Estados Unidos en el conflicto con Irán.",es,Media,UgyFOb69Tnt5MJ2X6S94AaABAg,,0,@catalinaperez2923,Ojalacito,2026-03-07T20:53:39Z,2026-03-07T20:53:39Z,0,0,youtube,2026-04-05T13:39:45.929892
srH80O3G_uQ,Diego Ruzzarin,"
El error de Estados Unidos en el conflicto con Irán.",es,Media,UgwN6Yp9CbEybozomSx4AaABAg,,0,@djtobi69,Los Árabes bien enojados porque les vendieron cohetes de 10 millones de dólares como los mejores del mundo y toda la publicidad y resulta que los de 10 mil dólares de Irán son más efectivos 😂😂😂,2026-03-07T20:52:05Z,2026-03-07T20:52:05Z,32,6,youtube,2026-04-05T13:39:45.929897
srH80O3G_uQ,Diego Ruzzarin,"
El error de Estados Unidos en el conflicto con Irán.",es,Media,UgwN6Yp9CbEybozomSx4AaABAg.AU3jOw20zBFAU4QU9ibynY,UgwN6Yp9CbEybozomSx4AaABAg,1,@otacuboy,"Bueno, en realidad sí son los mejores del mundo, el problema es como piensan la guerra. Piensan que todos la piensan como ellos, tipo Hollywood, apantallar, sorprender, como decía Townsend Ward, creador del ejército invencible en la rebelión Taiping: están enamorados del mito de clavar la espada o la lanza en el enemigo y hacer un grito de victoria.

No, la guerra no es gloriosa. No es peliculable. No es emocionante. No son números los muertos ni héroes los que masacran.",2026-03-08T03:17:17Z,2026-03-08T03:17:17Z,4,0,youtube,2026-04-05T13:39:45.929901
srH80O3G_uQ,Diego Ruzzarin,"
El error de Estados Unidos en el conflicto con Irán.",es,Media,UgwN6Yp9CbEybozomSx4AaABAg.AU3jOw20zBFAU4Uvz678yL,UgwN6Yp9CbEybozomSx4AaABAg,1,@calnv,Y porque va perdiendo Irán ?,2026-03-08T03:56:10Z,2026-03-08T03:56:10Z,1,0,youtube,2026-04-05T13:39:45.929905
srH80O3G_uQ,Diego Ruzzarin,"
El error de Estados Unidos en el conflicto con Irán.",es,Media,UgwN6Yp9CbEybozomSx4AaABAg.AU3jOw20zBFAU4XGBAFKyd,UgwN6Yp9CbEybozomSx4AaABAg,1,@jeeperpitufo,"​@calnves lo único que sabes comentar ?
La guerra aún no terminó, aún  no sé sabe quién será el ganador.",2026-03-08T04:16:32Z,2026-03-08T04:16:32Z,4,0,youtube,2026-04-05T13:39:45.929909
srH80O3G_uQ,Diego Ruzzarin,"
El error de Estados Unidos en el conflicto con Irán.",es,Media,UgwN6Yp9CbEybozomSx4AaABAg.AU3jOw20zBFAU4ioZDpIhf,UgwN6Yp9CbEybozomSx4AaABAg,1,@gabrielzanotto6283,"@calnv NO VA PERDIENDO IRAN,PELOTUDO",2026-03-08T06:06:13Z,2026-03-08T06:06:13Z,0,0,youtube,2026-04-05T13:39:45.929912
srH80O3G_uQ,Diego Ruzzarin,"
El error de Estados Unidos en el conflicto con Irán.",es,Media,UgwN6Yp9CbEybozomSx4AaABAg.AU3jOw20zBFAU5Fa2OSVuf,UgwN6Yp9CbEybozomSx4AaABAg,1,@CeeTorices,"@calnv Irán perderá eventualmente y creo que nadie debería albergar esperanza en lo contrario, pero el costo en los Estados Unidos, económico y social, mellará a la sociedad estadounidense. Y esta vez no hay una subcultura drogona, pacifista y profundamente individualista para catalizar la disidencia. Además, las minorías están empoderadas y enfadadas con su gobierno.",2026-03-08T11:01:20Z,2026-03-08T11:01:20Z,4,0,youtube,2026-04-05T13:39:45.929916
srH80O3G_uQ,Diego Ruzzarin,"
El error de Estados Unidos en el conflicto con Irán.",es,Media,UgymRzWW0TMfFpCQ5Nx4AaABAg,,0,@marcosnahummayomedrano2261,este tipo esta en una realidad alterna o que onda? jajajajajaj,2026-03-07T20:48:05Z,2026-03-07T20:48:05Z,2,1,youtube,2026-04-05T13:39:45.929920
srH80O3G_uQ,Diego Ruzzarin,"
El error de Estados Unidos en el conflicto con Irán.",es,Media,UgymRzWW0TMfFpCQ5Nx4AaABAg.AU3iwaR-nkpAU3kyDBlCUr,UgymRzWW0TMfFpCQ5Nx4AaABAg,1,@ErickMReis-tb4js,Solo el tiempo hablará,2026-03-07T21:05:47Z,2026-03-07T21:05:47Z,0,0,youtube,2026-04-05T13:39:45.929928
srH80O3G_uQ,Diego Ruzzarin,"
El error de Estados Unidos en el conflicto con Irán.",es,Media,UgwGGB28BMGb1XEGTkt4AaABAg,,0,@PalomaMarugán,Que así sea y se hundan en la miseria,2026-03-07T20:48:01Z,2026-03-07T20:48:01Z,4,0,youtube,2026-04-05T13:39:45.929932
srH80O3G_uQ,Diego Ruzzarin,"
El error de Estados Unidos en el conflicto con Irán.",es,Media,UgysVlEfrSVrIztQbg94AaABAg,,0,@silviaromero398,Así sea.,2026-03-07T20:47:14Z,2026-03-07T20:47:14Z,0,0,youtube,2026-04-05T13:39:45.929936
srH80O3G_uQ,Diego Ruzzarin,"
El error de Estados Unidos en el conflicto con Irán.",es,Media,Ugxbn5VRUAQH_UK-6cZ4AaABAg,,0,@vigilanciaaza-cp6ro,👌,2026-03-07T20:45:23Z,2026-03-07T20:45:23Z,0,0,youtube,2026-04-05T13:39:45.929941
srH80O3G_uQ,Diego Ruzzarin,"
El error de Estados Unidos en el conflicto con Irán.",es,Media,Ugy3pCgAjzTYrA-kwRp4AaABAg,,0,@tildo2001,Este quedó ardido de que Trump llevó a su marido Maduro a la cárcel,2026-03-07T20:44:04Z,2026-03-07T20:44:11Z,2,1,youtube,2026-04-05T13:39:45.929946
srH80O3G_uQ,Diego Ruzzarin,"
El error de Estados Unidos en el conflicto con Irán.",es,Media,Ugy3pCgAjzTYrA-kwRp4AaABAg.AU3iU9Z0i6eAU4a2t7OVMy,Ugy3pCgAjzTYrA-kwRp4AaABAg,1,@jeeperpitufo,Tiene gusto rico la leche de Trump ?,2026-03-08T04:49:40Z,2026-03-08T04:49:40Z,0,0,youtube,2026-04-05T13:39:45.929950
srH80O3G_uQ,Diego Ruzzarin,"
El error de Estados Unidos en el conflicto con Irán.",es,Media,UgzCsgzDyPndLB44YSt4AaABAg,,0,@AlbertoMartinez-nv2hy,"Irán no es perra sumisa 
Están dispuestos a llegar al final; y lo estamos viendo",2026-03-07T20:38:24Z,2026-03-07T20:38:24Z,0,0,youtube,2026-04-05T13:39:45.929955
srH80O3G_uQ,Diego Ruzzarin,"
El error de Estados Unidos en el conflicto con Irán.",es,Media,Ugws1tNrjvDsn3BC2V54AaABAg,,0,@juancarlosugarteniemes101,"USA debió hacer esta guerra hace 10 años cuandonsubarmamento todavía servía para inclinar la balanza a su favor, ahora sólo le queda la opción nuclear porque sus 11 portaaviones, incluído el de 5.000 millones, no valen para nada, ejército caduco, la tecnología cambió y USA no.",2026-03-07T20:37:54Z,2026-03-07T20:37:54Z,0,0,youtube,2026-04-05T13:39:45.929959
srH80O3G_uQ,Diego Ruzzarin,"
El error de Estados Unidos en el conflicto con Irán.",es,Media,UgxCVE-rRyX3ApARUKp4AaABAg,,0,@percyjauregui9965,El de Rusia- Ucraina debito durar 4/6 meses😮,2026-03-07T20:36:34Z,2026-03-07T20:36:34Z,0,0,youtube,2026-04-05T13:39:45.929964
srH80O3G_uQ,Diego Ruzzarin,"
El error de Estados Unidos en el conflicto con Irán.",es,Media,UgyhOnEakyT-97ZRSRJ4AaABAg,,0,@davidbbv,apoyemos todos a IRAN.... por la soberania de las naciones,2026-03-07T20:27:03Z,2026-03-07T20:27:03Z,38,4,youtube,2026-04-05T13:39:45.929968
srH80O3G_uQ,Diego Ruzzarin,"
El error de Estados Unidos en el conflicto con Irán.",es,Media,UgyhOnEakyT-97ZRSRJ4AaABAg.AU3gXc2KUAaAUCJzNMTfAj,UgyhOnEakyT-97ZRSRJ4AaABAg,1,@Black-sh5of,De qué sobrenia hablas de Irán?,2026-03-11T04:54:26Z,2026-03-11T04:54:26Z,0,0,youtube,2026-04-05T13:39:45.929973
srH80O3G_uQ,Diego Ruzzarin,"
El error de Estados Unidos en el conflicto con Irán.",es,Media,UgyhOnEakyT-97ZRSRJ4AaABAg.AU3gXc2KUAaAUDYPmIt6Yc,UgyhOnEakyT-97ZRSRJ4AaABAg,1,@Isaactpcg,¿Esta apoyando una dictadura? ¿Si sabes que el gobierno de Irán mató a miles de civiles? Enserio no entiendo a este gente....,2026-03-11T16:19:45Z,2026-03-11T16:19:45Z,0,0,youtube,2026-04-05T13:39:45.929976
srH80O3G_uQ,Diego Ruzzarin,"
El error de Estados Unidos en el conflicto con Irán.",es,Media,UgyhOnEakyT-97ZRSRJ4AaABAg.AU3gXc2KUAaAUGA0NxbvGx,UgyhOnEakyT-97ZRSRJ4AaABAg,1,@davidbbv,@Isaactpcg no entiendes porque te lavaron el cerebro...mucho hollywood,2026-03-12T16:44:17Z,2026-03-12T16:44:54Z,0,0,youtube,2026-04-05T13:39:45.929980
srH80O3G_uQ,Diego Ruzzarin,"
El error de Estados Unidos en el conflicto con Irán.",es,Media,UgyhOnEakyT-97ZRSRJ4AaABAg.AU3gXc2KUAaAUGAFBEB7dW,UgyhOnEakyT-97ZRSRJ4AaABAg,1,@davidbbv,"@Black-sh5of asi es, nadie tiene derecho en meterse en políticas internas de un pais, ni siquiera el tuyo..sabe dios de donde serás.",2026-03-12T16:46:18Z,2026-03-12T16:46:18Z,0,0,youtube,2026-04-05T13:39:45.929984
srH80O3G_uQ,Diego Ruzzarin,"
El error de Estados Unidos en el conflicto con Irán.",es,Media,Ugw41vZMpCM2nsDcUz54AaABAg,,0,@hanaibrahimreyes2795,"Es una suerte que nosotros en Cuba hayamos quedado después de Irán en la lista de los yankees pedófilos. Estamos festejando la paliza que les están dando. Si lo que quede de ellos aún nos deciden atacar, lo estaremos esperando. No tenemos el poderío militar ni la paciencia milenaria de Irán, pero NO SOMOS VENEZUELA. No dejaremos que esos cobardes asesinos de niños nos humillen. Patria o Muerte. A Narco Rubia le daremos atención especial.",2026-03-07T20:25:56Z,2026-03-07T20:27:16Z,1,1,youtube,2026-04-05T13:39:45.929988
srH80O3G_uQ,Diego Ruzzarin,"
El error de Estados Unidos en el conflicto con Irán.",es,Media,Ugw41vZMpCM2nsDcUz54AaABAg.AU3gPRmy592AU3gcBVboz0,Ugw41vZMpCM2nsDcUz54AaABAg,1,@EduardoAlfonso1,"A los gringos no les están dando ninguna paliza, y segundo, no te metas con Venezuela",2026-03-07T20:27:49Z,2026-03-07T20:27:49Z,0,0,youtube,2026-04-05T13:39:45.929992
srH80O3G_uQ,Diego Ruzzarin,"
El error de Estados Unidos en el conflicto con Irán.",es,Media,UgyTT4CSOsZVw4TzvXx4AaABAg,,0,@anibalsinalma1364,"Esperemos que si, porque estos nazis estan decididos a provocar una guerra nuclear, de la cual no se salvará nadie.",2026-03-07T20:18:30Z,2026-03-07T20:18:30Z,0,0,youtube,2026-04-05T13:39:45.929997
srH80O3G_uQ,Diego Ruzzarin,"
El error de Estados Unidos en el conflicto con Irán.",es,Media,UgyhGA8t6d8cGK_mIVF4AaABAg,,0,@mankiando9840,"Yo creo que por eso el líder de Iran se inmolo para precisamente avivar la llama de la guerra y el extremismo para que el pueblo no se baje del tren y ataquen cada vez más furiosos. Los talibates aguantaron más de 20 años destruyendo armamento carisimo con basura. Claramente Irán sabía que era necesario. Estados unidos y los genocidas atacaron una escuela y un hospital queriendo demostrar que no se van a detener y destruir la moral pero eso solo avivo más el extremismo, avivo más el fuego y ahora están más enojados que nunca",2026-03-07T20:18:21Z,2026-03-07T20:18:21Z,24,2,youtube,2026-04-05T13:39:45.930001
srH80O3G_uQ,Diego Ruzzarin,"
El error de Estados Unidos en el conflicto con Irán.",es,Media,UgyhGA8t6d8cGK_mIVF4AaABAg.AU3fXpFt_H9AU3sqS82po-,UgyhGA8t6d8cGK_mIVF4AaABAg,1,@renombra,"Han atacado varias escuelas y nueve hospitales, es lo primero que han atacado.",2026-03-07T22:14:37Z,2026-03-07T22:14:37Z,5,0,youtube,2026-04-05T13:39:45.930005
srH80O3G_uQ,Diego Ruzzarin,"
El error de Estados Unidos en el conflicto con Irán.",es,Media,UgyhGA8t6d8cGK_mIVF4AaABAg.AU3fXpFt_H9AU4V9XtgJTJ,UgyhGA8t6d8cGK_mIVF4AaABAg,1,@calnv,Jajajajjaja,2026-03-08T03:58:09Z,2026-03-08T03:58:09Z,1,0,youtube,2026-04-05T13:39:45.930009
srH80O3G_uQ,Diego Ruzzarin,"
El error de Estados Unidos en el conflicto con Irán.",es,Media,UgwgOnXGBKj2FIkERZF4AaABAg,,0,@AlfonsoMedRam,"No es ""Estados Unidos,"" es Donald Trump. No tiene el apoyo del congreso. Y el error más significante es de Netanyahu en caso de no poder terminar la guerra. Hay varios videos donde ex militares de Estados Unidos dicen, ""no one  wants to fight for Israel!"" Esos misiles de Iran si matan. Por si no sabes, la mayoría de los judíos de Estados Unidos no son republicanos, son demócratas.",2026-03-07T20:17:51Z,2026-03-07T20:19:46Z,0,0,youtube,2026-04-05T13:39:45.930013
srH80O3G_uQ,Diego Ruzzarin,"
El error de Estados Unidos en el conflicto con Irán.",es,Media,UgymHGio5toVCWiSulF4AaABAg,,0,@maritzaalvarezlopez1553,"Fuerza 🇮🇷 duro contra la coalición Epstein 💩, asesinos, pedófilos...",2026-03-07T20:13:36Z,2026-03-07T20:13:36Z,0,0,youtube,2026-04-05T13:39:45.930017
srH80O3G_uQ,Diego Ruzzarin,"
El error de Estados Unidos en el conflicto con Irán.",es,Media,UgwWl2roJsA4aKi3Zet4AaABAg,,0,@MisaCharcas,Completamente cierto...,2026-03-07T20:08:57Z,2026-03-07T20:08:57Z,7,0,youtube,2026-04-05T13:39:45.930022
srH80O3G_uQ,Diego Ruzzarin,"
El error de Estados Unidos en el conflicto con Irán.",es,Media,UgwKdcEU-QaMBQIPSdF4AaABAg,,0,@DavidMauricioEsquivelDuclox,"Él Pueblo de Israel elegido por el demonio Israel 🇮🇱, no podrá sólo contra Iran 🇮🇷..!!!",2026-03-07T20:07:15Z,2026-03-07T20:07:15Z,1,0,youtube,2026-04-05T13:39:45.930026
srH80O3G_uQ,Diego Ruzzarin,"
El error de Estados Unidos en el conflicto con Irán.",es,Media,Ugy_00u6_g6O6sJV73B4AaABAg,,0,@tomasarevalo6717,Roma se quema,2026-03-07T20:06:23Z,2026-03-07T20:06:23Z,0,0,youtube,2026-04-05T13:39:45.930030
srH80O3G_uQ,Diego Ruzzarin,"
El error de Estados Unidos en el conflicto con Irán.",es,Media,UgwHnnNJfLK6YSoyD0Z4AaABAg,,0,@ceachele,😑🧘‍♀️,2026-03-07T20:02:36Z,2026-03-07T20:02:36Z,0,0,youtube,2026-04-05T13:39:45.930035
srH80O3G_uQ,Diego Ruzzarin,"
El error de Estados Unidos en el conflicto con Irán.",es,Media,Ugy2q4BYBG-5dCvNo8d4AaABAg,,0,@oscarguerrero1807,Exacto buen analisis asi es,2026-03-07T20:01:26Z,2026-03-07T20:01:26Z,0,0,youtube,2026-04-05T13:39:45.930040
srH80O3G_uQ,Diego Ruzzarin,"
El error de Estados Unidos en el conflicto con Irán.",es,Media,UgzztaxD_ZtIGaOGC4R4AaABAg,,0,@antonioa.pinedo9856,🤡😴😴😴😴,2026-03-07T19:58:40Z,2026-03-07T19:58:40Z,1,0,youtube,2026-04-05T13:39:45.930045
srH80O3G_uQ,Diego Ruzzarin,"
El error de Estados Unidos en el conflicto con Irán.",es,Media,UgzDvDnEZIRvXVotuuB4AaABAg,,0,@adrianfigueroa4331,"El error que cometió fue asesinar lo más preciado de Nuestra Especie Nuestros Niñ@s y de eso No se salvan por toda la eternidad y pagarán con Su existencia ese Crimen Atroz imperdonable...Basuras inmundas
👍🌎❤️",2026-03-07T19:54:42Z,2026-03-07T19:54:42Z,4,0,youtube,2026-04-05T13:39:45.930048
srH80O3G_uQ,Diego Ruzzarin,"
El error de Estados Unidos en el conflicto con Irán.",es,Media,UgxRbp6ts0IYwoghSkB4AaABAg,,0,@rocioB.7,🤔 Tendrá su objetivo más al Este de Irán???,2026-03-07T19:53:01Z,2026-03-07T19:53:01Z,0,0,youtube,2026-04-05T13:39:45.930052
srH80O3G_uQ,Diego Ruzzarin,"
El error de Estados Unidos en el conflicto con Irán.",es,Media,Ugybb1bLwFN3mOHh72J4AaABAg,,0,@jorgeluisrodriguezzea8559,"Pero los medios de desinformación están haceidnonsi trabajo, nos bombardean con noticias falsas todo el tiempos 😢 ojalá irán les este dando en su ....  Y dejé precedente mundial ánimo Irán 🫡",2026-03-07T19:50:03Z,2026-03-07T19:50:03Z,1,0,youtube,2026-04-05T13:39:45.930056
srH80O3G_uQ,Diego Ruzzarin,"
El error de Estados Unidos en el conflicto con Irán.",es,Media,UgzI_SuiHqa8uD9CX6h4AaABAg,,0,@arturoxavierpachecovaladez5772,¡Excelente noticia! Dios te bendiga por regalarme un sábado muy agradable.,2026-03-07T19:49:59Z,2026-03-07T19:49:59Z,21,2,youtube,2026-04-05T13:39:45.930059
srH80O3G_uQ,Diego Ruzzarin,"
El error de Estados Unidos en el conflicto con Irán.",es,Media,UgzI_SuiHqa8uD9CX6h4AaABAg.AU3cI4pmqu7AU4CRf-s6si,UgzI_SuiHqa8uD9CX6h4AaABAg,1,@BPhaseHBINC,🤣🤣🤣🤣🤣🤣,2026-03-08T01:14:36Z,2026-03-08T01:14:36Z,0,0,youtube,2026-04-05T13:39:45.930063
srH80O3G_uQ,Diego Ruzzarin,"
El error de Estados Unidos en el conflicto con Irán.",es,Media,UgzI_SuiHqa8uD9CX6h4AaABAg.AU3cI4pmqu7AU4UyV4Mns6,UgzI_SuiHqa8uD9CX6h4AaABAg,1,@calnv,Y porque va perdiendo Irán ?,2026-03-08T03:56:30Z,2026-03-08T03:56:30Z,0,0,youtube,2026-04-05T13:39:45.930065
srH80O3G_uQ,Diego Ruzzarin,"
El error de Estados Unidos en el conflicto con Irán.",es,Media,Ugyr0wce7GRX_T2Wbqd4AaABAg,,0,@oscarfroylanpachecolinares8156,y nada que irán haya aplicado la de las torres gemelas con el bmbrdeo a las escuelas,2026-03-07T19:45:52Z,2026-03-07T19:45:52Z,3,0,youtube,2026-04-05T13:39:45.930069
srH80O3G_uQ,Diego Ruzzarin,"
El error de Estados Unidos en el conflicto con Irán.",es,Media,UgyunY86AVK1b3QZIX94AaABAg,,0,@armtux,La justificación es el zionismo cristiano americano.,2026-03-07T19:44:07Z,2026-03-07T19:44:29Z,0,0,youtube,2026-04-05T13:39:45.930072
srH80O3G_uQ,Diego Ruzzarin,"
El error de Estados Unidos en el conflicto con Irán.",es,Media,UgzKRKdCIPiWBxA948N4AaABAg,,0,@LuisPerez-ly3qc,Viva trump,2026-03-07T19:42:13Z,2026-03-07T19:42:13Z,0,1,youtube,2026-04-05T13:39:45.930078
srH80O3G_uQ,Diego Ruzzarin,"
El error de Estados Unidos en el conflicto con Irán.",es,Media,UgzKRKdCIPiWBxA948N4AaABAg.AU3bPDOy0CAAU3rSoJShbz,UgzKRKdCIPiWBxA948N4AaABAg,1,@curicorodrigo,Te llamas Luis. Ámate un poco. 🤡,2026-03-07T22:02:31Z,2026-03-07T22:02:31Z,1,0,youtube,2026-04-05T13:39:45.930082
srH80O3G_uQ,Diego Ruzzarin,"
El error de Estados Unidos en el conflicto con Irán.",es,Media,Ugw9KP824F77G_b8kfF4AaABAg,,0,@isabelbecerril3215,"Eso sería excelente!!! Porque ya desede hace mucho tiempo el mundo esperamos, queremos y pedimos ya la caída de este abusivo, criminal y depredaror imperio del mal que es EE.UU., Israel, sus aliados y arrastrados lame botas que tiene por todo el mundo!!! 👎👎👎",2026-03-07T19:38:12Z,2026-03-07T19:38:12Z,2,0,youtube,2026-04-05T13:39:45.930085
srH80O3G_uQ,Diego Ruzzarin,"
El error de Estados Unidos en el conflicto con Irán.",es,Media,UgxgGQ5Df4ltP0XiHHJ4AaABAg,,0,@gemmacastillo565,Cuando EEUU se retire será el momento de q Venezuela eche del país a los gringos y se quede con todas las petroleras.,2026-03-07T19:37:27Z,2026-03-07T19:37:27Z,0,3,youtube,2026-04-05T13:39:45.930092
srH80O3G_uQ,Diego Ruzzarin,"
El error de Estados Unidos en el conflicto con Irán.",es,Media,UgxgGQ5Df4ltP0XiHHJ4AaABAg.AU3arJW8UzAAU3cmN1jxFv,UgxgGQ5Df4ltP0XiHHJ4AaABAg,1,@EduardoAlfonso1,Y porque los hechariamos? Para volver al socialismo? No gracias,2026-03-07T19:54:15Z,2026-03-07T19:54:35Z,0,0,youtube,2026-04-05T13:39:45.930095
srH80O3G_uQ,Diego Ruzzarin,"
El error de Estados Unidos en el conflicto con Irán.",es,Media,UgxgGQ5Df4ltP0XiHHJ4AaABAg.AU3arJW8UzAAU3k3mJIC7M,UgxgGQ5Df4ltP0XiHHJ4AaABAg,1,@gemmacastillo565,"​@EduardoAlfonso1perdón si prefieres vivir en un pais q te roban el petróleo y el oro mientras tú moneda sigue devaluandose y sigue el pais con un montón de sanciones,al menos antes vendiais el petróleo a rusia y china ahora lo regaláis eso es hacer buenos tratos ya veremos dentro de un año como estaréis.",2026-03-07T20:57:56Z,2026-03-07T20:57:56Z,1,0,youtube,2026-04-05T13:39:45.930099
srH80O3G_uQ,Diego Ruzzarin,"
El error de Estados Unidos en el conflicto con Irán.",es,Media,UgxgGQ5Df4ltP0XiHHJ4AaABAg.AU3arJW8UzAAU3kksqVoab,UgxgGQ5Df4ltP0XiHHJ4AaABAg,1,@EduardoAlfonso1,"​​@gemmacastillo565 para empezar, los que se roban el petróleo, no son los gringos, son los chavistas, lo han hecho los últimos 20 años, China y Cuba no pagan por el petróleo, Se lo dábamos a China a cambio de saldar la deuda, E.U si paga por ello, y de esas supuestas ventas de petróleo que dices, de que forma benefició al país, porque yo no lo veo, ha habido más progreso en 3 meses con los gringos aquí que 20 años de socialismo 👍",2026-03-07T21:03:57Z,2026-03-07T21:04:38Z,0,0,youtube,2026-04-05T13:39:45.930102
srH80O3G_uQ,Diego Ruzzarin,"
El error de Estados Unidos en el conflicto con Irán.",es,Media,UgzHkhPY55mSty_bByR4AaABAg,,0,@gemamoneta,Ojalá sea catastrófico .,2026-03-07T19:35:57Z,2026-03-07T19:35:57Z,0,0,youtube,2026-04-05T13:39:45.930106
srH80O3G_uQ,Diego Ruzzarin,"
El error de Estados Unidos en el conflicto con Irán.",es,Media,UgyLN-z54VOuzW401FZ4AaABAg,,0,@joseornelasduran519,"Me acordaste de la peli, el reino de los cielos, donde, el rey recién coronado, termina montado en un burro.",2026-03-07T19:33:14Z,2026-03-07T19:33:14Z,9,1,youtube,2026-04-05T13:39:45.930110
srH80O3G_uQ,Diego Ruzzarin,"
El error de Estados Unidos en el conflicto con Irán.",es,Media,UgyLN-z54VOuzW401FZ4AaABAg.AU3aNMljJRzAU4XrSKPTbe,UgyLN-z54VOuzW401FZ4AaABAg,1,@jeeperpitufo,"En este caso, el burro tiene pelo naranja 😂",2026-03-08T04:21:46Z,2026-03-08T04:21:46Z,1,0,youtube,2026-04-05T13:39:45.930113
srH80O3G_uQ,Diego Ruzzarin,"
El error de Estados Unidos en el conflicto con Irán.",es,Media,Ugw7HRXrWo7or0546Lh4AaABAg,,0,@user-qz4fb3qj1r,"Bueno, los yankees y los sionistas no tienen problema con el dinero.",2026-03-07T19:30:47Z,2026-03-07T19:30:47Z,0,0,youtube,2026-04-05T13:39:45.930117
srH80O3G_uQ,Diego Ruzzarin,"
El error de Estados Unidos en el conflicto con Irán.",es,Media,UgzbyFpNbS3Bdg-xtCx4AaABAg,,0,@Gregoriuss,"1:00 AVECES LLEGO A CREER QUE LA GENTE QUE APOYA IRAN REALMENTE NO APOYA A IRAN, LLEGO A CREER QUE SU DESEO MAS GRANDE ES QUE DESTRUYAN POR COMPLETO A IRAN, ESTA GENTE HACE PENSAR QUE LO UNICO QUE QUIEREN ES QUE USA O ISRAEL AL FIN TIREN UNA BOMBA ATOMICA ENCIMA DE IRAN, SE REGOCIJAN EN ESA IDEA TODO PARA QUE AL FIN EL MUNDO SE DE CUENTA DE LO ""TERRIBLE"" Y ""MALO"" QUE ES EL IMPERIO, SI QUISIERAN DE VERDAD EL BIENESTAR DE IRAN DIRIAN: ""OYE YA ESTA DICTADURA DE IRAN DEBERIAN PENSAR REALMENTE EN TERMINAR ESTO"", Y NO DIRIAN:"" IRAN ESTA ATACANDO DE MANERA ESTRATEGICA, QUE MARAVILLOSO"" PORQUE TODOS SABEN QUE AL FINAL, LA ULTIMA PALABRA LA TIENE EL QUE MAS PODER TIENE, SIEMPRE HA SIDO ASI ES UNA LEY BASICA DE LA BIOLOGIA MISMA, SABEMOS QUE LA ULTIMA PALABRA, POR MAS QUE TENGAS ESTRATEGIA POR MAS QUE TIRES BOMBAS BASURAS O MEGAVANZADAS QUE ATAQUES A 100 PAISES A LA VEZ LAS PATAS DE LA MESA SE ROMPEN CUANDO ESTADOS UNIDOS LO DIGA, POR MAS LEJOS QUE ESTE POR MAS DINERO QUE GASTEN, Y POR MAS QUE ALARGUEN EL CONFLICTO POR MAS VALIENTES QUE SE LA QUIERAN DAR LOS DICTADORES, O LO QUE QUEDA DE ELLOS EN IRAN, TODOS SABEMOS QUE SI MAÑANA ESTADOS UNIDOS QUIERE ACABAR CON ESTO VA HACER LO MISMO QUE EN JAPON, Y TODOS LOS QUE HABLAMOS DE ESTO HOY MAÑANA HABLAREMOS DE IRAN COMO HIROSHIMA O NAGASAKI SIN NINGUN TIPO DE DOLOR SOLO COMO UNA ANÉCDOTA. DICHO ESTO, LO MAS SABIO QUE PODRIAMOS PEDIR ES QUE IRAN TRATE DE PARAR CON ESTO Y TRATAR DE NO DEJAR SU PAIS EN CENIZAS",2026-03-07T19:29:46Z,2026-03-07T19:30:10Z,2,0,youtube,2026-04-05T13:39:45.930120
srH80O3G_uQ,Diego Ruzzarin,"
El error de Estados Unidos en el conflicto con Irán.",es,Media,Ugwf78AloNxQGvetbRJ4AaABAg,,0,@SandraMoreno-z7f,Excelente Diego,2026-03-07T19:27:45Z,2026-03-07T19:27:45Z,13,0,youtube,2026-04-05T13:39:45.930124
srH80O3G_uQ,Diego Ruzzarin,"
El error de Estados Unidos en el conflicto con Irán.",es,Media,UgzvQdoeI_yCnt97jdd4AaABAg,,0,@RAAM1714,El imperio anglo va a caer antes que salga GTA 6 xd,2026-03-07T19:21:53Z,2026-03-07T19:21:53Z,18,0,youtube,2026-04-05T13:39:45.930128
srH80O3G_uQ,Diego Ruzzarin,"
El error de Estados Unidos en el conflicto con Irán.",es,Media,UgyDGvt2mkMSKN2Zjk14AaABAg,,0,@Andres-kh9bs,"Yo si creo que iran perderá, esperemos sea lo mas rapido posible para evitar una mayor escalada",2026-03-07T19:18:56Z,2026-03-07T19:18:56Z,2,2,youtube,2026-04-05T13:39:45.930132
srH80O3G_uQ,Diego Ruzzarin,"
El error de Estados Unidos en el conflicto con Irán.",es,Media,UgyDGvt2mkMSKN2Zjk14AaABAg.AU3ZjfEYOa-AU3rOB97pZj,UgyDGvt2mkMSKN2Zjk14AaABAg,1,@curicorodrigo,"Eso, ponte del lado del eje Epstein. De los violadores pedófilos",2026-03-07T22:01:53Z,2026-03-07T22:01:53Z,0,0,youtube,2026-04-05T13:39:45.930135
srH80O3G_uQ,Diego Ruzzarin,"
El error de Estados Unidos en el conflicto con Irán.",es,Media,UgyDGvt2mkMSKN2Zjk14AaABAg.AU3ZjfEYOa-AU69SgXhvZH,UgyDGvt2mkMSKN2Zjk14AaABAg,1,@Andres-kh9bs,? xd,2026-03-08T19:27:00Z,2026-03-08T19:27:00Z,0,0,youtube,2026-04-05T13:39:45.930138
srH80O3G_uQ,Diego Ruzzarin,"
El error de Estados Unidos en el conflicto con Irán.",es,Media,UgzgCDRRKTudGBwv6Ox4AaABAg,,0,@KronosSchez,"Pero EEUU está también sacando más margen del gas y combustible que vende gracias a la propia guerra que han montado... Tal vez eso no lo hayas tenido en cuenta, que es lo que realmente está haciendo además de renovar su material armamentístico y elevando a sus financiadores de campaña. Espero que tu cálculo sea acertado",2026-03-07T19:17:30Z,2026-03-07T19:17:30Z,2,0,youtube,2026-04-05T13:39:45.930142
srH80O3G_uQ,Diego Ruzzarin,"
El error de Estados Unidos en el conflicto con Irán.",es,Media,Ugymt3XN6y7BcJ5NER14AaABAg,,0,@emperatriza5592,De acuerdo,2026-03-07T19:16:48Z,2026-03-07T19:16:48Z,8,0,youtube,2026-04-05T13:39:45.930145
srH80O3G_uQ,Diego Ruzzarin,"
El error de Estados Unidos en el conflicto con Irán.",es,Media,UgyRRmOlcAHmraNUUUZ4AaABAg,,0,@jrjr2034,El Netanyahu usara la bomba Nuclear o bomba Hidrógenada .Cuando se vea acorralado.,2026-03-07T19:14:59Z,2026-03-07T19:14:59Z,6,6,youtube,2026-04-05T13:39:45.930149
srH80O3G_uQ,Diego Ruzzarin,"
El error de Estados Unidos en el conflicto con Irán.",es,Media,UgyRRmOlcAHmraNUUUZ4AaABAg.AU3ZHkKmRMQAU3_LE3Bbxn,UgyRRmOlcAHmraNUUUZ4AaABAg,1,@rosamummolo1178,Pienso lo mismo,2026-03-07T19:24:12Z,2026-03-07T19:24:12Z,0,0,youtube,2026-04-05T13:39:45.930153
srH80O3G_uQ,Diego Ruzzarin,"
El error de Estados Unidos en el conflicto con Irán.",es,Media,UgyRRmOlcAHmraNUUUZ4AaABAg.AU3ZHkKmRMQAU3_UCU3Bvl,UgyRRmOlcAHmraNUUUZ4AaABAg,1,@rosamummolo1178,"Lástima que Irán no tiene una bomba, y esa fue la narrativa es mejor que se apuren a destruirlos",2026-03-07T19:25:25Z,2026-03-07T19:25:25Z,0,0,youtube,2026-04-05T13:39:45.930156
srH80O3G_uQ,Diego Ruzzarin,"
El error de Estados Unidos en el conflicto con Irán.",es,Media,UgyRRmOlcAHmraNUUUZ4AaABAg.AU3ZHkKmRMQAU3hlyjGpum,UgyRRmOlcAHmraNUUUZ4AaABAg,1,@omarperea3307,"Seria los mas estúpido y lógico, porque al soltarla se chingan todos en medio oriente, la contaminación radiactiva les alcanzaría a todos en la región e incluso Europa, pero bueno, si no gano yo no gana nadie.",2026-03-07T20:37:53Z,2026-03-07T20:38:24Z,0,0,youtube,2026-04-05T13:39:45.930159
srH80O3G_uQ,Diego Ruzzarin,"
El error de Estados Unidos en el conflicto con Irán.",es,Media,UgyRRmOlcAHmraNUUUZ4AaABAg.AU3ZHkKmRMQAU3kfleL8HX,UgyRRmOlcAHmraNUUUZ4AaABAg,1,@JesusVazquez-hg2df,"Se supone que todas las bombas nucleares estan monitoreadas si se mueve una ojiva lo detectan los satélites desde india, Pakistán, Francia,  todos estan vigilados precisamente para que no sea tan fácil lanzar una bomba el problema es el monstruo sionista ellos al no apegarse al programa manejan de forma clandestina sus ojivas no estan monitoreadas, el problemas es como dicen aquí, si lanzan una bomba la región se vería muy afectada, pero tratándose de ese animal de satanyahu o mejor dicho mileikowsky que es su verdadero nombre ni es priginario de esas tierras😅, tratándose de él es capaz de hacerlo es un imbcil....",2026-03-07T21:03:16Z,2026-03-07T21:03:16Z,0,0,youtube,2026-04-05T13:39:45.930162
srH80O3G_uQ,Diego Ruzzarin,"
El error de Estados Unidos en el conflicto con Irán.",es,Media,UgyRRmOlcAHmraNUUUZ4AaABAg.AU3ZHkKmRMQAU3n68zyl5W,UgyRRmOlcAHmraNUUUZ4AaABAg,1,@JuanDarkon,"​@omarperea3307son capaces de hacerlo, joder todo ahí e iniciar nuevos asentamientos en la Patagonia, por algo la incendiarón",2026-03-07T21:24:28Z,2026-03-07T21:24:28Z,1,0,youtube,2026-04-05T13:39:45.930165
srH80O3G_uQ,Diego Ruzzarin,"
El error de Estados Unidos en el conflicto con Irán.",es,Media,Ugy7cpBplH6yDkaHgrh4AaABAg,,0,@PabloPerozo-i5w,"Así es guerrero la verdad les arde y les duele a Trump y su 
Combo y a Israel con Irán",2026-03-07T19:14:53Z,2026-03-07T19:14:53Z,2,0,youtube,2026-04-05T13:39:45.930169
srH80O3G_uQ,Diego Ruzzarin,"
El error de Estados Unidos en el conflicto con Irán.",es,Media,UgzepmcIKrC0jWyzbO54AaABAg,,0,@PedroGarcia-be9rr,No creo,2026-03-07T19:14:37Z,2026-03-07T19:14:37Z,0,0,youtube,2026-04-05T13:39:45.930173
srH80O3G_uQ,Diego Ruzzarin,"
El error de Estados Unidos en el conflicto con Irán.",es,Media,UgwjD5nzix3S6_JMtud4AaABAg,,0,@mariofloyd6839,Una nuclear y gg,2026-03-07T19:10:48Z,2026-03-07T19:10:48Z,0,0,youtube,2026-04-05T13:39:45.930176
srH80O3G_uQ,Diego Ruzzarin,"
El error de Estados Unidos en el conflicto con Irán.",es,Media,UgzkDUzF8EiSpG0PNLF4AaABAg,,0,@mateoherrera7663,"Ahora es experto en geopolítica y temas militares jaja. Igual te doy el beneficio de la duda. Si ocurre lo que mencionas, tenias razón, sino es otra mas de las idioteces que dices, lo cual es lo habitual. Ya que eres un pifiador serial. 
Igual digo, te puede no gustar EEUU o Israel, pero estar del lado Iran? Esa mierda? No se con qué derecho hablas luego de etica y moral...",2026-03-07T19:09:46Z,2026-03-07T19:09:46Z,1,2,youtube,2026-04-05T13:39:45.930180
srH80O3G_uQ,Diego Ruzzarin,"
El error de Estados Unidos en el conflicto con Irán.",es,Media,UgzkDUzF8EiSpG0PNLF4AaABAg.AU3Yg_9To1FAU3dhh2hJpI,UgzkDUzF8EiSpG0PNLF4AaABAg,1,@aca4269,Cual es la tuya entonces?,2026-03-07T20:02:21Z,2026-03-07T20:02:21Z,0,0,youtube,2026-04-05T13:39:45.930183
srH80O3G_uQ,Diego Ruzzarin,"
El error de Estados Unidos en el conflicto con Irán.",es,Media,UgzkDUzF8EiSpG0PNLF4AaABAg.AU3Yg_9To1FAU3rIuDPo3S,UgzkDUzF8EiSpG0PNLF4AaABAg,1,@curicorodrigo,"Dale Samuel Huntington, ilustranos😂 jajajajajjaa.",2026-03-07T22:01:10Z,2026-03-07T22:01:10Z,0,0,youtube,2026-04-05T13:39:45.930186
srH80O3G_uQ,Diego Ruzzarin,"
El error de Estados Unidos en el conflicto con Irán.",es,Media,Ugz1Z4qIwWyfNp2fS5N4AaABAg,,0,@esliscadena3266,Diego dios t escuché y así sea y veamos caer este imperio de EEUU e Israel,2026-03-07T19:09:04Z,2026-03-07T19:09:04Z,3,1,youtube,2026-04-05T13:39:45.930190
srH80O3G_uQ,Diego Ruzzarin,"
El error de Estados Unidos en el conflicto con Irán.",es,Media,Ugz1Z4qIwWyfNp2fS5N4AaABAg.AU3YbTGp4imAU3dIy2B52a,Ugz1Z4qIwWyfNp2fS5N4AaABAg,1,@EduardoAlfonso1,"Israel no puede caer, E.U es otra historia",2026-03-07T19:58:50Z,2026-03-07T19:58:50Z,0,0,youtube,2026-04-05T13:39:45.930193
srH80O3G_uQ,Diego Ruzzarin,"
El error de Estados Unidos en el conflicto con Irán.",es,Media,UgwwH9FNlQuoOsAJXm94AaABAg,,0,@leonardodominguez21,"Hay un FACHO PITONIZO que se llama Mario Vannucci. Antes me entretenía, porque decía cosas lindas, que la buena vibra y demás. Nunca metiéndose en Política. Pero, en sus Predicciones para este 2026, el canijo dijo que las influencias astrales harán que muchos países dominados por dictaduras (y aquí obvio y muy tendenciosamente incluyó a México). Que serían LIBERADOS, y que caerían estos malos gobiernos. Curiosamente no mencionó a E.U. Curiosamente él también vive en Estados Unidos. Entonces, SE ME HIZO UN MISERABLE FACHO DESHONESTO el que hubiera hecho estas declaraciones (PORQUE NADA LO OBLIGABA A MENCIONAR PAÍSES EN ESPECÍFICO). Y lo que no sabe el ""Tesorito"" es que en efecto, las ""Energías"" que se están moviendo de: Plutón en Acuario son, para los que conocen de esto, EL FAVORECER A LA HUMANIDAD, AL GRUPO, Y NO AL INDIVIDUALISMO que es precisamente  lo que fomentan los regímenes como E.U. Plutón se define como ""EL DESTRUCTOR/REGENERADOR. Y Acuario impulsa LOS VALORES HUMANITARIOS, LA EQUIDAD PARA TODOS, y no el de empoderar solo a unos cuantos ""BICHOS"". Así es que, si hubieran algunas dictaduras y malos gobiernos que TENDRÍAN QUE CAER ESTE AÑO debido a esta influencia. Uno de ellos sería precisamente Estados Unidos. ¡QUE ALEGRÍA SERÁ, INICIANDO EL AÑO 2027, EL FELICITAR A ESTE ADIVINO VENDIDO haciéndole ver que...TENÍA RAZÓN, pero que se EQUIVOCO AL NOMBRAR LOS PAÍSES QUE IBAN A CAER! 😄👍😎✌😛",2026-03-07T19:07:25Z,2026-03-07T19:07:25Z,3,0,youtube,2026-04-05T13:39:45.930196
srH80O3G_uQ,Diego Ruzzarin,"
El error de Estados Unidos en el conflicto con Irán.",es,Media,UgwfqLnJdqWvNPioTbt4AaABAg,,0,@joaquinasolesole76,"Quién siembra vientos, recoge tempestades.
Me duelen tantos muchachos que son y serán asesinados, x las ansias de poder de los perversos de este mundo.
Solo la paz es el camino.
NO A LA GUERRA.",2026-03-07T19:05:04Z,2026-03-07T19:05:04Z,67,4,youtube,2026-04-05T13:39:45.930200
srH80O3G_uQ,Diego Ruzzarin,"
El error de Estados Unidos en el conflicto con Irán.",es,Media,UgwfqLnJdqWvNPioTbt4AaABAg.AU3Y98UkMs8AU44Otp_ldy,UgwfqLnJdqWvNPioTbt4AaABAg,1,@LuisPerez-ly3qc,Despues de la Guerra viene la Paz duradera,2026-03-08T00:04:19Z,2026-03-08T00:04:19Z,1,0,youtube,2026-04-05T13:39:45.930203
srH80O3G_uQ,Diego Ruzzarin,"
El error de Estados Unidos en el conflicto con Irán.",es,Media,UgwfqLnJdqWvNPioTbt4AaABAg.AU3Y98UkMs8AU4WrGshxD2,UgwfqLnJdqWvNPioTbt4AaABAg,1,@jeeperpitufo,"​@LuisPerez-ly3qcduradera ?
Entre el fin de la Primera Guerra Mundial y el comienzo de la Segunda, solamente pasaron 21 años.
Eso es paz duradera ?",2026-03-08T04:13:00Z,2026-03-08T04:13:00Z,2,0,youtube,2026-04-05T13:39:45.930206
srH80O3G_uQ,Diego Ruzzarin,"
El error de Estados Unidos en el conflicto con Irán.",es,Media,UgwfqLnJdqWvNPioTbt4AaABAg.AU3Y98UkMs8AU5_5jyZxw9,UgwfqLnJdqWvNPioTbt4AaABAg,1,@LuisPerez-ly3qc,@jeeperpitufopues esta ves Va a durar agapito,2026-03-08T14:00:34Z,2026-03-08T14:00:34Z,0,0,youtube,2026-04-05T13:39:45.930209
srH80O3G_uQ,Diego Ruzzarin,"
El error de Estados Unidos en el conflicto con Irán.",es,Media,UgwfqLnJdqWvNPioTbt4AaABAg.AU3Y98UkMs8AU8YpC3sCmz,UgwfqLnJdqWvNPioTbt4AaABAg,1,@roberto2213,"Muchachos, muchachas, viejitos, viejitas, niñas y niños, perros, gatos...
Son la PESTE",2026-03-09T17:47:09Z,2026-03-09T17:47:09Z,0,0,youtube,2026-04-05T13:39:45.930212
srH80O3G_uQ,Diego Ruzzarin,"
El error de Estados Unidos en el conflicto con Irán.",es,Media,UgxZY9CuAfOGD22DAkh4AaABAg,,0,@diegoposes9662,Tanta plata tiene Irán??,2026-03-07T19:01:02Z,2026-03-07T19:01:02Z,0,0,youtube,2026-04-05T13:39:45.930215
srH80O3G_uQ,Diego Ruzzarin,"
El error de Estados Unidos en el conflicto con Irán.",es,Media,Ugx4LPuRgKnP4XTVk5x4AaABAg,,0,@zoveckestudio,🙌,2026-03-07T18:56:45Z,2026-03-07T18:56:45Z,0,0,youtube,2026-04-05T13:39:45.930219
srH80O3G_uQ,Diego Ruzzarin,"
El error de Estados Unidos en el conflicto con Irán.",es,Media,UgxyLlOoSpPt7RUfAqx4AaABAg,,0,@MariaLopez-z1o7w,"Pues pobres gringos !! Ojalá no se trasladen a México , horror , lo van a encarecer !! Ojo gente que los gringos en México RESPETEN !! 👀🤔🤓",2026-03-07T18:55:44Z,2026-03-07T18:55:44Z,1,0,youtube,2026-04-05T13:39:45.930223
srH80O3G_uQ,Diego Ruzzarin,"
El error de Estados Unidos en el conflicto con Irán.",es,Media,Ugw2sEQqdA2Ve3dNymB4AaABAg,,0,@oscar72142,"Estados Unidos va a perder esta guerra. ¿por qué Irán está muy lejos y? ¿para qué Estados Unidos Israel los pueda vencer tiene que hacer muchos gastos, pero mucho, mucho? mover soldados barcos y toda la mierda que hacen los gringos. pero es que no. Irán tiene mucha historia demasiada para dejar que un niñato como Estados Unidos que acabo de nacer. ¿puede destruirlos? uno que tiene dos dedos de enfrente, entenderlo pero ya sabemos que en este mundo hay más gente que solo tiene pelo en la cabeza pero",2026-03-07T18:54:25Z,2026-03-07T18:54:25Z,1,0,youtube,2026-04-05T13:39:45.930226
srH80O3G_uQ,Diego Ruzzarin,"
El error de Estados Unidos en el conflicto con Irán.",es,Media,UgyOYbGtbtf8tBR7zLd4AaABAg,,0,@oliverjimenez2250,Asi como pudo parar la guerra de Rusia vs Ucrania en un dia🤣,2026-03-07T18:53:01Z,2026-03-07T18:53:01Z,88,2,youtube,2026-04-05T13:39:45.930230
srH80O3G_uQ,Diego Ruzzarin,"
El error de Estados Unidos en el conflicto con Irán.",es,Media,UgyOYbGtbtf8tBR7zLd4AaABAg.AU3WlqnFwN3AU4iQ0vcLyF,UgyOYbGtbtf8tBR7zLd4AaABAg,1,@gabrielzanotto6283,Gracias a la OTAN,2026-03-08T06:02:44Z,2026-03-08T06:02:44Z,2,0,youtube,2026-04-05T13:39:45.930233
srH80O3G_uQ,Diego Ruzzarin,"
El error de Estados Unidos en el conflicto con Irán.",es,Media,UgyOYbGtbtf8tBR7zLd4AaABAg.AU3WlqnFwN3AU8vDcizE3t,UgyOYbGtbtf8tBR7zLd4AaABAg,1,@fuensantacegarra7049,"Ton tolaba detectado , de que te ries.......zzz",2026-03-09T21:11:36Z,2026-03-09T21:11:47Z,0,0,youtube,2026-04-05T13:39:45.930236
srH80O3G_uQ,Diego Ruzzarin,"
El error de Estados Unidos en el conflicto con Irán.",es,Media,UgypkwKL7TKY-tIL_EN4AaABAg,,0,@FelipeSanchez-gx1wt,Ya pues Trump encargate de este lamebotas de Rusia y china que solo habla bien de esos países para que lo inviten solo por hacer propaganda. Fácil se la lleva.despues sale diciendo me invitaron a los BRICS y cuál es su talento??? Hacer propaganda contra los Yankees 😂😂 😂,2026-03-07T18:53:01Z,2026-03-07T18:53:01Z,2,0,youtube,2026-04-05T13:39:45.930240
srH80O3G_uQ,Diego Ruzzarin,"
El error de Estados Unidos en el conflicto con Irán.",es,Media,UgwOOHq7nc_ysQKQzmd4AaABAg,,0,@Yunior-q7b,❤,2026-03-07T18:52:35Z,2026-03-07T18:52:35Z,0,0,youtube,2026-04-05T13:39:45.930243
srH80O3G_uQ,Diego Ruzzarin,"
El error de Estados Unidos en el conflicto con Irán.",es,Media,UgzTh0ejyMORTlShzOl4AaABAg,,0,@O4Gael,Cierto está gastando mil millones de dólares por día el distractor Epstein files destruirá la economía 🇺🇸,2026-03-07T18:51:09Z,2026-03-07T18:51:09Z,59,1,youtube,2026-04-05T13:39:45.930247
srH80O3G_uQ,Diego Ruzzarin,"
El error de Estados Unidos en el conflicto con Irán.",es,Media,UgzTh0ejyMORTlShzOl4AaABAg.AU3WZ7t53j8AUGC7vANHUo,UgzTh0ejyMORTlShzOl4AaABAg,1,@EstebanBenjamínRamirezGallardo,"Y China está como el meme de Michael Jackson viendo como se desmembran solo por distraer un escándalo, lo que no ven es lo perjudicial económicamente a largo plazo, solo los estadounidenses lo van a padecer",2026-03-12T17:02:48Z,2026-03-12T17:02:48Z,1,0,youtube,2026-04-05T13:39:45.930250
srH80O3G_uQ,Diego Ruzzarin,"
El error de Estados Unidos en el conflicto con Irán.",es,Media,Ugwk5YeOTugQN-e1UKd4AaABAg,,0,@sm9600,Hace Poco el Presidente de Irán dijo que no atacaría más las bases en Países Vecinos ... Pero claro Ya después que USA desalojó sus Bases. Ese era el Plan,2026-03-07T18:51:05Z,2026-03-07T18:51:05Z,14,0,youtube,2026-04-05T13:39:45.930253
srH80O3G_uQ,Diego Ruzzarin,"
El error de Estados Unidos en el conflicto con Irán.",es,Media,UgzHXG3DHkyyqzE6Vrl4AaABAg,,0,@hectoralvarez5118,"Nada más y nada menos que los Creadores del Álgebra, hermanos sin ofender no son árabes son persas",2026-03-07T18:50:13Z,2026-03-07T18:50:13Z,6,2,youtube,2026-04-05T13:39:45.930257
srH80O3G_uQ,Diego Ruzzarin,"
El error de Estados Unidos en el conflicto con Irán.",es,Media,UgzHXG3DHkyyqzE6Vrl4AaABAg.AU3WSPIELcyAU3XKaH6ZR0,UgzHXG3DHkyyqzE6Vrl4AaABAg,1,@joaquinasolesole76,"Inventaron también la rueda.
Los persas un pueblo de 7000 años de antigüedad.",2026-03-07T18:57:54Z,2026-03-07T18:57:54Z,1,0,youtube,2026-04-05T13:39:45.930260
srH80O3G_uQ,Diego Ruzzarin,"
El error de Estados Unidos en el conflicto con Irán.",es,Media,UgzHXG3DHkyyqzE6Vrl4AaABAg.AU3WSPIELcyAU3XpOAqLVl,UgzHXG3DHkyyqzE6Vrl4AaABAg,1,@Temporl-f3q,"​​@joaquinasolesole76 de hecho, la nación persa como tal tiene 2.576 años, si contamos desde los primeros habitantes qué fueron elamitas, entonces serían 5.000 años, pero los elamitas no eran persas",2026-03-07T19:02:14Z,2026-03-07T19:02:49Z,0,0,youtube,2026-04-05T13:39:45.930263
srH80O3G_uQ,Diego Ruzzarin,"
El error de Estados Unidos en el conflicto con Irán.",es,Media,UgwV6j_sKM4Um8y8lWN4AaABAg,,0,@AldoHL,https://youtu.be/rl5pRZb_G1Q,2026-03-07T18:49:57Z,2026-03-07T18:49:57Z,0,0,youtube,2026-04-05T13:39:45.930271
srH80O3G_uQ,Diego Ruzzarin,"
El error de Estados Unidos en el conflicto con Irán.",es,Media,UgzKnkII9F_90dsXREJ4AaABAg,,0,@luisgutierreztellez885,"Ojalá que tu análisis sea cierto. Trump debe recibir un jalón de orejas y más.
Que viva Palestina e Irán!!",2026-03-07T18:48:35Z,2026-03-07T18:48:35Z,44,6,youtube,2026-04-05T13:39:45.930274
srH80O3G_uQ,Diego Ruzzarin,"
El error de Estados Unidos en el conflicto con Irán.",es,Media,UgzKnkII9F_90dsXREJ4AaABAg.AU3WGKsfMukAU3sm7GpFMq,UgzKnkII9F_90dsXREJ4AaABAg,1,@guillermobarronramirez4616,Eso se sabe desde hace 3 días bro!!!,2026-03-07T22:14:02Z,2026-03-07T22:14:02Z,1,0,youtube,2026-04-05T13:39:45.930279
srH80O3G_uQ,Diego Ruzzarin,"
El error de Estados Unidos en el conflicto con Irán.",es,Media,UgzKnkII9F_90dsXREJ4AaABAg.AU3WGKsfMukAU4XNi5AOEj,UgzKnkII9F_90dsXREJ4AaABAg,1,@jeeperpitufo,Solo un jalón de orejas ?,2026-03-08T04:17:34Z,2026-03-08T04:17:34Z,1,0,youtube,2026-04-05T13:39:45.930282
srH80O3G_uQ,Diego Ruzzarin,"
El error de Estados Unidos en el conflicto con Irán.",es,Media,UgzKnkII9F_90dsXREJ4AaABAg.AU3WGKsfMukAU64Q17CXA9,UgzKnkII9F_90dsXREJ4AaABAg,1,@luisgutierreztellez885,"​@jeeperpitufo
jajajaja",2026-03-08T18:42:57Z,2026-03-08T18:42:57Z,0,0,youtube,2026-04-05T13:39:45.930285
srH80O3G_uQ,Diego Ruzzarin,"
El error de Estados Unidos en el conflicto con Irán.",es,Media,UgzKnkII9F_90dsXREJ4AaABAg.AU3WGKsfMukAU8W-wPA9iT,UgzKnkII9F_90dsXREJ4AaABAg,1,@joseabugaber8318,"Trump y Netanyahu deben estar en la cárcel y/o sentenciados a la pena capital. No digas mmdas Mary Jane ""jalón de orejas"" por dios.",2026-03-09T17:22:32Z,2026-03-09T17:22:32Z,0,0,youtube,2026-04-05T13:39:45.930288
srH80O3G_uQ,Diego Ruzzarin,"
El error de Estados Unidos en el conflicto con Irán.",es,Media,UgzKnkII9F_90dsXREJ4AaABAg.AU3WGKsfMukAUA3-IAzTLb,UgzKnkII9F_90dsXREJ4AaABAg,1,@gregoriogutierrez8632,No lo es este wey es a favor de dictaduras todo es depende de quien te de su version y creo no conoce bien EU este wey,2026-03-10T07:47:32Z,2026-03-10T07:47:32Z,0,0,youtube,2026-04-05T13:39:45.930291
srH80O3G_uQ,Diego Ruzzarin,"
El error de Estados Unidos en el conflicto con Irán.",es,Media,Ugxh14pAC2vjaSFp_th4AaABAg,,0,@LeticiaGarcia-t7q,"Diego,  pudieras hacer un análisis de la "" cumbre"" que se ha inventado Trump con los arrastrados y lamebotas  Presidentes de Latinoamerica y el Caribe.",2026-03-07T18:47:02Z,2026-03-07T18:47:02Z,12,9,youtube,2026-04-05T13:39:45.930294
srH80O3G_uQ,Diego Ruzzarin,"
El error de Estados Unidos en el conflicto con Irán.",es,Media,Ugxh14pAC2vjaSFp_th4AaABAg.AU3W5-NZ1suAU3X6mvqQ4m,Ugxh14pAC2vjaSFp_th4AaABAg,1,@javieranibalarboledagonzal4912,"Venezuela, Uruguay,brasil,cuba y Nicaragua no están",2026-03-07T18:56:01Z,2026-03-07T18:56:01Z,4,0,youtube,2026-04-05T13:39:45.930297
srH80O3G_uQ,Diego Ruzzarin,"
El error de Estados Unidos en el conflicto con Irán.",es,Media,Ugxh14pAC2vjaSFp_th4AaABAg.AU3W5-NZ1suAU3XDsqlhz-,Ugxh14pAC2vjaSFp_th4AaABAg,1,@MariaLopez-z1o7w,"Creo la foto que sacaron lo dice todo , no vale la pena !! 😳 😉🤷🏻‍♀️",2026-03-07T18:56:59Z,2026-03-07T18:56:59Z,3,0,youtube,2026-04-05T13:39:45.930300
srH80O3G_uQ,Diego Ruzzarin,"
El error de Estados Unidos en el conflicto con Irán.",es,Media,Ugxh14pAC2vjaSFp_th4AaABAg.AU3W5-NZ1suAU3XRX264qm,Ugxh14pAC2vjaSFp_th4AaABAg,1,@MariaLopez-z1o7w,"⁠Ni México ,  son países  que quieren y apoyan a su  gente !! Viva América latina !! 👀💪🌎",2026-03-07T18:58:51Z,2026-03-07T18:58:51Z,6,0,youtube,2026-04-05T13:39:45.930303
srH80O3G_uQ,Diego Ruzzarin,"
El error de Estados Unidos en el conflicto con Irán.",es,Media,Ugxh14pAC2vjaSFp_th4AaABAg.AU3W5-NZ1suAU3e9qQLhvV,Ugxh14pAC2vjaSFp_th4AaABAg,1,@javieranibalarboledagonzal4912,"​@MariaLopez-z1o7wComo pude olvidarme de México, por supuesto ❤❤❤",2026-03-07T20:06:20Z,2026-03-07T20:06:20Z,3,0,youtube,2026-04-05T13:39:45.930306
srH80O3G_uQ,Diego Ruzzarin,"
El error de Estados Unidos en el conflicto con Irán.",es,Media,Ugxh14pAC2vjaSFp_th4AaABAg.AU3W5-NZ1suAU3eVzo0t3Q,Ugxh14pAC2vjaSFp_th4AaABAg,1,@dimate05,Colombia no está,2026-03-07T20:09:21Z,2026-03-07T20:09:21Z,4,0,youtube,2026-04-05T13:39:45.930309
srH80O3G_uQ,Diego Ruzzarin,"
El error de Estados Unidos en el conflicto con Irán.",es,Media,UgySDs28-t2-r-cr7F54AaABAg,,0,@turambar2112,"Está gente esta muy equivocada, creen que Iran es como los países en LATAM. No entienden la cultura, la Revolución Iraní es la mayor movilizacion de masas de la historia, pueden bombardear todo lo que quieran pero jamás invadir...",2026-03-07T18:46:13Z,2026-03-07T18:46:13Z,39,0,youtube,2026-04-05T13:39:45.930313
srH80O3G_uQ,Diego Ruzzarin,"
El error de Estados Unidos en el conflicto con Irán.",es,Media,UgxtZoQXU1kQfTyI3xt4AaABAg,,0,@robertovaldes5958,ARRIBA IRÁN ✌️,2026-03-07T18:44:10Z,2026-03-07T18:44:10Z,17,0,youtube,2026-04-05T13:39:45.930316
srH80O3G_uQ,Diego Ruzzarin,"
El error de Estados Unidos en el conflicto con Irán.",es,Media,UgzsKQWFm6IDuiDpGtZ4AaABAg,,0,@Temporl-f3q,"Porque asume que E.U se quedará ahí recibiendo ataques? Es verdad que si atacar te cuesta unos cuantos miles y defenderte unos cuantos millones obviamente habrá un desgaste, pero quien dice los gringos o Israelíes no atacaran también?",2026-03-07T18:41:10Z,2026-03-07T18:41:41Z,4,6,youtube,2026-04-05T13:39:45.930320
srH80O3G_uQ,Diego Ruzzarin,"
El error de Estados Unidos en el conflicto con Irán.",es,Media,UgzsKQWFm6IDuiDpGtZ4AaABAg.AU3VQ7_8wXDAU3Wh_g9Xqo,UgzsKQWFm6IDuiDpGtZ4AaABAg,1,@luisgutierreztellez885,"Claro que es un hueso difícil de roer, claro que van a seguir contra atacando ambos bandos, esto no se acaba hasta que termine.",2026-03-07T18:52:26Z,2026-03-07T18:52:26Z,0,0,youtube,2026-04-05T13:39:45.930323
srH80O3G_uQ,Diego Ruzzarin,"
El error de Estados Unidos en el conflicto con Irán.",es,Media,UgzsKQWFm6IDuiDpGtZ4AaABAg.AU3VQ7_8wXDAU3dOp_LZ7Y,UgzsKQWFm6IDuiDpGtZ4AaABAg,1,@antonioa.pinedo9856,Como buen propagandista solo dirá lo que le conviene decir 🤷🏿‍♀️,2026-03-07T19:59:39Z,2026-03-07T19:59:39Z,2,0,youtube,2026-04-05T13:39:45.930326
srH80O3G_uQ,Diego Ruzzarin,"
El error de Estados Unidos en el conflicto con Irán.",es,Media,UgzsKQWFm6IDuiDpGtZ4AaABAg.AU3VQ7_8wXDAU4JNnTgoy-,UgzsKQWFm6IDuiDpGtZ4AaABAg,1,@kriegwolf2000,"claro que van a atacar..... pero su población aguantara?
en USA la gran mayoria no quiere esta guerra.....en Israel ya estan sintiendo lo que es luchar contra una fuerza similar y no contra grupitos de combatientes.
en Iran la gente esta furiosa por los ataques a las escuelas y hospitales........todos piden continuar la pelea pase lo que pase.",2026-03-08T02:15:14Z,2026-03-08T02:15:14Z,2,0,youtube,2026-04-05T13:39:45.930329
srH80O3G_uQ,Diego Ruzzarin,"
El error de Estados Unidos en el conflicto con Irán.",es,Media,UgzsKQWFm6IDuiDpGtZ4AaABAg.AU3VQ7_8wXDAU4ZdLhLKOs,UgzsKQWFm6IDuiDpGtZ4AaABAg,1,@jeeperpitufo,"​​@kriegwolf2000el pueblo de USA tampoco quería la Guerra de Vietnam, e igualmente duró 10 años.
Los gobiernos de USA se pasan por las bolas lo que opine su propio pueblo.",2026-03-08T04:37:19Z,2026-03-08T04:37:39Z,0,0,youtube,2026-04-05T13:39:45.930332
srH80O3G_uQ,Diego Ruzzarin,"
El error de Estados Unidos en el conflicto con Irán.",es,Media,UgzsKQWFm6IDuiDpGtZ4AaABAg.AU3VQ7_8wXDAU4i1o74HnJ,UgzsKQWFm6IDuiDpGtZ4AaABAg,1,@antonioa.pinedo9856,​@kriegwolf2000espera las 4 semanas y verás 🤷🏿‍♀️,2026-03-08T05:59:26Z,2026-03-08T05:59:26Z,0,0,youtube,2026-04-05T13:39:45.930335
srH80O3G_uQ,Diego Ruzzarin,"
El error de Estados Unidos en el conflicto con Irán.",es,Media,Ugzn79rN0nexpXPwlEN4AaABAg,,0,@ACPmember,Aquí se pone en evidencia la ineficacia total de la ONU,2026-03-07T18:40:25Z,2026-03-07T18:40:25Z,0,0,youtube,2026-04-05T13:39:45.930338
srH80O3G_uQ,Diego Ruzzarin,"
El error de Estados Unidos en el conflicto con Irán.",es,Media,UgwHS1cqYBS2a4GjX3h4AaABAg,,0,@johanmoreno4165,"estados hundidos lo que necesita es que le caigan bombas en sus propias ciudades, que Washington new york miami... todos esos reciban bombas, de esa forma les duele la guerra, de esa forma entienden... de ninguna otra forma aprenden, porque siempre han visto la guerra por las ventanas sin sentirla.",2026-03-07T18:39:52Z,2026-03-07T18:39:52Z,30,13,youtube,2026-04-05T13:39:45.930341
srH80O3G_uQ,Diego Ruzzarin,"
El error de Estados Unidos en el conflicto con Irán.",es,Media,UgwHS1cqYBS2a4GjX3h4AaABAg.AU3VGXjxzE_AU3WNuD9BGP,UgwHS1cqYBS2a4GjX3h4AaABAg,1,@luisgutierreztellez885,"Exacto, crea conflictos en otras zonas y se lava las manos.",2026-03-07T18:49:37Z,2026-03-07T18:49:37Z,13,0,youtube,2026-04-05T13:39:45.930345
srH80O3G_uQ,Diego Ruzzarin,"
El error de Estados Unidos en el conflicto con Irán.",es,Media,UgwHS1cqYBS2a4GjX3h4AaABAg.AU3VGXjxzE_AU3ZXuTXrXC,UgwHS1cqYBS2a4GjX3h4AaABAg,1,@jrjr2034,Sabes que si estados unidos es atacado usará bombas De tipo Moab 😅 tiene 1300 de estas más aparte las Nucleares,2026-03-07T19:17:11Z,2026-03-07T19:17:11Z,1,0,youtube,2026-04-05T13:39:45.930347
srH80O3G_uQ,Diego Ruzzarin,"
El error de Estados Unidos en el conflicto con Irán.",es,Media,UgwHS1cqYBS2a4GjX3h4AaABAg.AU3VGXjxzE_AU3bIGJk8uv,UgwHS1cqYBS2a4GjX3h4AaABAg,1,@luisgutierreztellez885,"​@jrjr2034
Y empezaría la 3ra guerra mundial.",2026-03-07T19:41:16Z,2026-03-07T19:41:16Z,4,0,youtube,2026-04-05T13:39:45.930350
srH80O3G_uQ,Diego Ruzzarin,"
El error de Estados Unidos en el conflicto con Irán.",es,Media,UgwHS1cqYBS2a4GjX3h4AaABAg.AU3VGXjxzE_AU4Ids04DA_,UgwHS1cqYBS2a4GjX3h4AaABAg,1,@Mexicana_Pakistani,"Por eso atacó a Irán, porque sabe que no tiene bombas nucleares ni de alcance transatlántico 😢",2026-03-08T02:08:50Z,2026-03-08T02:08:50Z,4,0,youtube,2026-04-05T13:39:45.930353
srH80O3G_uQ,Diego Ruzzarin,"
El error de Estados Unidos en el conflicto con Irán.",es,Media,UgwHS1cqYBS2a4GjX3h4AaABAg.AU3VGXjxzE_AU4Xiux8iEi,UgwHS1cqYBS2a4GjX3h4AaABAg,1,@jeeperpitufo,"En la Segunda Guerra Mundial los japoneses se acercaron bastante a sus costas, con unos aviones que viajaban dentro de submarinos.",2026-03-08T04:20:36Z,2026-03-08T04:20:36Z,3,0,youtube,2026-04-05T13:39:45.930356
srH80O3G_uQ,Diego Ruzzarin,"
El error de Estados Unidos en el conflicto con Irán.",es,Media,UgzxnYcN4RDGnjFhYlt4AaABAg,,0,@JimmyKings-r3l,Dios bendiga a Irán Palestina y Gaza y Yemen hasta la victoria contra el imperio del mal de EEUU y Israel y el sionismo occidental nazi genocidas.,2026-03-07T18:38:00Z,2026-03-07T18:38:00Z,9,0,youtube,2026-04-05T13:39:45.930359
srH80O3G_uQ,Diego Ruzzarin,"
El error de Estados Unidos en el conflicto con Irán.",es,Media,UgxKo1jwfnMU-UmDOeh4AaABAg,,0,@ilyabueno4293,Hace falta no asesinen al presidente ni al alto mando militar irani,2026-03-07T18:37:13Z,2026-03-07T18:37:13Z,0,0,youtube,2026-04-05T13:39:45.930362
srH80O3G_uQ,Diego Ruzzarin,"
El error de Estados Unidos en el conflicto con Irán.",es,Media,UgydwSGUgtWHnV61S_N4AaABAg,,0,@dennizao,"Eeuu perdio otra guerra,   más rapido que Argentina.",2026-03-07T18:33:07Z,2026-03-07T18:33:07Z,5,1,youtube,2026-04-05T13:39:45.930366
srH80O3G_uQ,Diego Ruzzarin,"
El error de Estados Unidos en el conflicto con Irán.",es,Media,UgydwSGUgtWHnV61S_N4AaABAg.AU3UV7fru-XAU3VcvRKy0N,UgydwSGUgtWHnV61S_N4AaABAg,1,@angelrivero2582,La pequeña diferencia es que nosotros no queremos ser un imperio que somete al mundo con un moneda basada en la guerra.,2026-03-07T18:43:04Z,2026-03-07T18:43:04Z,1,0,youtube,2026-04-05T13:39:45.930371
