video_id,canal,tema,idioma_estimado,prioridad,comment_id,parent_id,is_reply,author_display_name,text_original,published_at,updated_at,like_count,reply_count,source_platform,downloaded_at
bHtI3lCm8wU,Economia y Desarrollo,¿Cómo FIDEL CASTRO acabó con la economía de CUBA?,es,Alta,Ugwq7bUSWGnpm7ebu3t4AaABAg,,0,@_yk9ch9hw5q,"No existen países comunistas desarrollados ni calificados ""del primer mundo"", todos los que se califican como desarrollados, son capitalistas. Ni siquiera China, y lo que ha avanzado es gracias a que adoptó una economía capitalista, igual que Vietnam, pese a que son gobernados esos países por tiranías comunistas represoras de las libertades de sus pueblos.. A Europa del este la daban por desarrollada porque mentían en sus cifras (como siempre hacen los comunistas) y no permitían verificarlas, después se supo la verdad. Cuba tuvo mas desarrollo y modernidad siendo capitalista que siendo comunista, ni siquiera el multimillonario subsidio que recibió por tres décadas de la exURSS le hizo detener su cada vez mayor atraso y destrucción, la prosperidad económica nunca fue un objetivo del tirano Fidel Castro (excepto la suya). Los cubanos de a pie hoy no sienten ningún vínculo afectivo con los países comunistas que quedan en Asia (China, Vietnam y Corea del Norte, este último país con un gran nivel de pobreza), pues han padecido una tiranía comunista represiva igual que ellos....por eso los cubanos cuando emigran, nunca lo hacen hacia esos países comunistas, porque no desean seguir viviendo bajo una tiranía comunista, emigran hacia el capitalismo...hacia el comunismo no emigran ni los comunistas",2026-04-04T10:45:50Z,2026-04-04T10:45:50Z,1,0,youtube,2026-04-05T13:39:32.877406
bHtI3lCm8wU,Economia y Desarrollo,¿Cómo FIDEL CASTRO acabó con la economía de CUBA?,es,Alta,UgwFsOHo-nUItE8fGj94AaABAg,,0,@adrianaflores4588,MEXICANOS PONGAN ATENCION!!!!!!,2026-04-04T06:32:22Z,2026-04-04T06:32:22Z,0,0,youtube,2026-04-05T13:39:32.877428
bHtI3lCm8wU,Economia y Desarrollo,¿Cómo FIDEL CASTRO acabó con la economía de CUBA?,es,Alta,UgxDmCTyXr3bwIO9Pmx4AaABAg,,0,@_yk9ch9hw5q,"China para sobrevivir se desligó del estatismo comunista a lo soviético y adoptó una economía capitalista de mercado, aliándose a los EEUU, pero sigue sobreviviendo en el poder el comunismo porque gobierna como una tiranía comunista, sino el pueblo chino, como trató de hacer en Tianamen (y por el cual fueron masacrados), hubiera hace mucho hecho como Europa del este: mandar a su tiranía comunista al basurero de la historia. Pero a falta de otros países para consolarse, la otrora vilipendiada (por los propios comunistas) China, es lo que el rojerío intenta usar ahora como consuelo desesperado para ejemplificar la existencia del socialismo.",2026-04-04T04:43:57Z,2026-04-04T04:43:57Z,1,0,youtube,2026-04-05T13:39:32.877435
bHtI3lCm8wU,Economia y Desarrollo,¿Cómo FIDEL CASTRO acabó con la economía de CUBA?,es,Alta,Ugyo2SIqcbN4BVBUwj14AaABAg,,0,@ronalherrera5175,"DONAL TRUMP  ADMITE QUE EL SOCIALISMO SI FUNCIONA
Gusanos revuélquense de rabia, de dolor, de ardor, cuidado que se les salga la diarrea…

TRUMP  “ Tengo que decir que RESPETO A CHINA   porque es increíble que con un sistema que en teoría no debería funcionar,  si nos fijamos en China, en lo bien que les va, en lo mucho que producen. Es decir, producen tantos coches que incluso hay competiciones para ver quién produce menos, porque tienen muchísimos.
Hay que tener un gran respeto por China por el trabajo que hacen. Te gusten o no, hay que respetarlos  .""

Y los GUSANOS  libertarios defendiendo millonarios en las redes sociales.  
Fuente de la  Noticia  (Marzo 2026) :  Instagram,  Facebook , Tik Tok",2026-04-04T03:28:16Z,2026-04-04T03:28:16Z,0,0,youtube,2026-04-05T13:39:32.877439
bHtI3lCm8wU,Economia y Desarrollo,¿Cómo FIDEL CASTRO acabó con la economía de CUBA?,es,Alta,UgyCw_6VyQglCCmtf-94AaABAg,,0,@_yk9ch9hw5q,"Solo hay que reconstruir la historia de Cuba bajo la bota del tirano Fidel Castro para saber que él fue el destructor de Cuba, de la manera que despilfarró los multimillonarios recursos recibidos de la exURSS para usarlos para promover su imagen megalomaníaca de mesías tercermundista, sin importarle la miseria a la cual arrastraba a los cubanos, y tomando megalomaníacamente decisiones unipersonales sin portarle la manera en que estaba destruyendo a Cuba, es fácil reconstruir la historia de su destrucción",2026-03-31T02:21:42Z,2026-03-31T02:21:42Z,0,0,youtube,2026-04-05T13:39:32.877442
bHtI3lCm8wU,Economia y Desarrollo,¿Cómo FIDEL CASTRO acabó con la economía de CUBA?,es,Alta,Ugz279FcblMli1h3ky14AaABAg,,0,@ericjohn1267,cuba está bien,2026-03-29T02:35:51Z,2026-03-29T02:35:51Z,0,0,youtube,2026-04-05T13:39:32.877448
bHtI3lCm8wU,Economia y Desarrollo,¿Cómo FIDEL CASTRO acabó con la economía de CUBA?,es,Alta,UgxP17Ej_pnzVxBnYFh4AaABAg,,0,@_yk9ch9hw5q,"Dejó a Cuba en la ruina pese a los millonarios recursos que dispuso durante tres décadas de la URSS, y no solo dejó la ruina económica, sino en casi todas las cosas, las construcciones, las familias, las libertades y hasta la destrucción del patriotismo de los cubanos, que hoy adoran mas a los EEUU que antes de 1959",2026-03-22T04:33:29Z,2026-03-22T04:33:29Z,1,0,youtube,2026-04-05T13:39:32.877451
bHtI3lCm8wU,Economia y Desarrollo,¿Cómo FIDEL CASTRO acabó con la economía de CUBA?,es,Alta,Ugx4r9P5kc7vnBmHjtR4AaABAg,,0,@manuelortiz7033,"Son los Estados Unidos,  los que han destruido a Cuba , como destruyen todo pais, que no se déjà sobornar , y que donde los que gobiernan no quieran ser sus sus lacayos !",2026-03-21T16:24:39Z,2026-03-21T16:25:44Z,0,0,youtube,2026-04-05T13:39:32.877455
bHtI3lCm8wU,Economia y Desarrollo,¿Cómo FIDEL CASTRO acabó con la economía de CUBA?,es,Alta,Ugzb7kZe2SlhjD_qIBV4AaABAg,,0,@petervanpunk8946,"..MARZO..2026
....SIN...LUZ..
SIN..PETRÓLEO. 
.SIN.. COMIDA 
..SIN...PRODUCCIÓN
. SIN",2026-03-20T23:55:09Z,2026-03-20T23:55:09Z,0,0,youtube,2026-04-05T13:39:32.877458
bHtI3lCm8wU,Economia y Desarrollo,¿Cómo FIDEL CASTRO acabó con la economía de CUBA?,es,Alta,UgxDANcQbobE33tASIx4AaABAg,,0,@_yk9ch9hw5q,"El encontronazo del General Enrique Loynaz del Castillo (que murió en el año 1963 y fue autor del segundo himno cubano en importancia luego del Himno Nacional) con el tirano Fidel Castro fue anterior a 1959, y fue por el traslado por Castro de la campana de la Demajagua en 1947, con fines políticos, que la exhibieron en el Aula Magna de la Universidad de la Habana, de la cual fue sustraída de esa Universidad durante la noche por desconocidos y entregada al General Loynaz, que en compañía de algunos veteranos la devolvieron al presidente de la República, algo que Castro nunca le perdonó. La declaración entonces de Loynaz fue, que los símbolos patrios no pueden ser objeto de política por ser patrimonio de toda la nación. Ahí está la raíz de la antipatía del tirano Fidel Castro hacia la familia Loynaz, y también por lo de su hija la poetisa de sangre mambisa Dulce María Loynaz con Fidel que entre otras cosas cuando le dijo , "" yo sé bien de donde viene mi padre y su historia, vaya a ver el suyo de donde viene y cuál es su historia”. Recordemos que el padre del tirano Fidel Castro (el gallego Angel Castro) fue un Voluntario del ejército español contra los mambises durante la guerra de independencia y participó en el combate de San Pedro, donde cae el General Maceo, en tanto el General Loynaz salvó a Maceo durante un intento de asesinato que trataron de cometer contra él en Costa Rica organizado por los españoles, mientras Maceo estaba en ese país en los preparativos de la guerra de independencia.",2026-03-20T14:47:14Z,2026-03-20T14:47:14Z,1,0,youtube,2026-04-05T13:39:32.877461
bHtI3lCm8wU,Economia y Desarrollo,¿Cómo FIDEL CASTRO acabó con la economía de CUBA?,es,Alta,UgyNsaj1xobkbc-9e-94AaABAg,,0,@_yk9ch9hw5q,"USA SIEMPRE SEPULTA TARDE O TEMPRANO A SUS ENEMIGOS, HE AHÍ A EUROPA DEL ESTE Y LA EXURSS....CON LA TIRANÍA CASTRISTA NO SERÁ DISTINTO",2026-03-20T14:18:28Z,2026-03-20T14:18:28Z,1,0,youtube,2026-04-05T13:39:32.877464
bHtI3lCm8wU,Economia y Desarrollo,¿Cómo FIDEL CASTRO acabó con la economía de CUBA?,es,Alta,UgzCErsaWo_9rPjkO-t4AaABAg,,0,@_yk9ch9hw5q,"LOS CUBANOS PERDIERON SU DIGNIDAD BAJO LA TIRANÍA CASTRISTA Y SE VOLVIERON COBARDES. EL TIRANO FIDEL CASTRO SE CONVIRTIÓ EN SU AMO, ALGO IMPENSABLE ANTES DE 1959 BAJO CUALQUIER GOBERNANTE. LOS EXTRANJEROS EN CUBA TIENEN PRIVILEGIOS DE LOS CUALES CARECEN LOS CUBANOS. LOS CUBANOS ANTE EL GOBIERNO CASTRISTA SIEMPRE HAN SIDO VISTO COMO PERSONAS DE SEGUNDA ANTE UN EXTRANJERO. DE HECHO, HAY ZONAS DONDE SOLO SE PERMITE LA ENTRADA DE EXTRANJEROS, Y DURANTE MUCHOS AÑOS NO SE LE PERMITIÓ A LOS CUBANOS ENTRAR A LOS HOTELES, A LOS CUALES SE LES PERMITÍA SOLO LA ENTRADA DE EXTRANJEROS. Y TENER AMIGOS EXTRANJEROS ERA MAL VISTO POR LAS AUTORIDADES, COMO SI FUERA CON EL OBJETIVO DE HACER UNA ACTIVIDAD ECONÓMICA ILEGAL A PARTIR DE LA RELACIÓN. UNA VECINA FUE A BUSCAR A SU HIJA EN LA NOCHE QUE ESTABA EN UNA FIESTA, Y UN ITALIANO LA MATÓ PORQUE IBA BORRACHO EN EL AUTOMÓVIL, Y NO HICIERON JUICIO NINGUNO POR ESO A ESE SUJETO. ESO ES LO QUE VALE EL PUEBLO DE CUBA ANTE ESA PORQUERÍA DE RÉGIMEN CASTRISTA QUE MENOSPRECIÓ SIEMPRE AL CUBANO. SE NECESITA NUEVAMENTE EL TOQUE A DEGÜELLO PARA LOS CUBANOS, PARA RECUPERAR LA DIGNIDAD PERDIDA BAJO EL YUGO CASTROCOMUNISTA. SE VOLVIERON SUMISOS CARNEROS ANTE EL PODER PORQUE SABE QUE VIVEN BAJO UNA REPRESIVA TIRANÍA QUE NO SE TIENTA EL CORAZÓN PARA PERSEGUIR, ACOSAR, ENCARCELAR, EXILIAR Y HASTA ASESINAR, A LAS VOCES DISIDENTES. Y PORQUE LOS CUBANOS TODOS VERGONZOSAMENTE SE CONVIRTIERON EN OTROS TIEMPOS EN ""CHIVATOS"" DE SUS VECINOS, AMIGOS, COMPAÑEROS DE ESTUDIO Y TRABAJO Y HASTA DE SUS FAMILIARES, ANTE LAS ESTRUCTURAS REPRESIVAS DEL GOBIERNO. ALGO MUY SABIO QUE HIZO FIDEL CASTRO FUE PONER A LOS CUBANOS A VIGILARSE UNOS A OTROS Y DAR MÉRITOS Y PREBENDAS A QUIEN SE MOSTRASE DENUNCIANTE DE CUALQUIER VOZ O CONDUCTA NO OFICIAL. CREÓ MEDIANTE LA MANIPULACIÓN Y EL ADOCTRINAMIENTO, LA TIRANÍA PERFECTA CONTRA EL PUEBLO, QUE JUSTIFICABA BAJO LA MENTIRA COMUNISTA DE LA ""DICTADURA DEL PROLETARIADO"". POR ESO EL PUEBLO DE CUBA HOY ACOSTUMBRA A DESACREDITARSE A SI MISMO EN SUS CONDUCTAS DE COMPORTAMIENTO DE LACAYOS CASTRISTAS DE OTROS TIEMPOS Y LOS POCOS REMANENTES QUE CADA VEZ MENOS VAN QUEDADO DE ESO. QUE UN PUEBLO, COMO OCURRE CON EL DE CUBA, SU GENTE A SI MISMO SE AUTODEMONIME ""CARNEROS"", YA ES DE POR SI LA MUESTRA DE LA FALTA DE DIGNIDAD DE LOS CUBANOS ANTE EL RÉGIMEN OPRESOR CASTRISTA",2026-03-20T14:17:18Z,2026-03-20T14:17:18Z,1,0,youtube,2026-04-05T13:39:32.877466
bHtI3lCm8wU,Economia y Desarrollo,¿Cómo FIDEL CASTRO acabó con la economía de CUBA?,es,Alta,UgxiL-NpDLjU5q9zWaZ4AaABAg,,0,@VictorManuelGuz,FIDEL NO DESTRUYO CUBA.FIDEL DEGENDIO LA DIGNIDAD DE CUBA SOY MEXICANO Y FIDEL TUBO LOS SUFICIENTES HUEVOS PARA ENFRETARSE A USA YO COMO MEXICANO ME SIENTO ORGULLOSO DE FIDEL..QUIZA YA NO LO VAMOS A VER PERO USA TARDE O TEMPRANO CAERA Y TENDRA QUE DEVOLVERNOS LO QUE NOS ROBO ..,2026-03-19T18:52:15Z,2026-03-19T18:52:15Z,0,0,youtube,2026-04-05T13:39:32.877469
bHtI3lCm8wU,Economia y Desarrollo,¿Cómo FIDEL CASTRO acabó con la economía de CUBA?,es,Alta,Ugyiq6k_sr1PQbgC-jl4AaABAg,,0,@_yk9ch9hw5q,"PESE AL GOLPE DE ESTADO DE BATISTA, NO CABE DUDA QUE FUERON LOS SIETE AÑOS DE MAYOR CRECIMIENTO, PROPERIDAD Y MODERNIZACIÓN DE CUBA. LA ESTUPIDEZ FUE LA DEL PUEBLO DE CUBA AL DEJARSE ENGAÑAR CON VERBORREA Y FALSEDADES POR EL TIRANO DE FIDEL CASTRO, QUE CON MUCHA HABILIDAD LES ENGAÑÓ E INSTURÓ LA TIRANÍA MAS LONGEVA Y REPRESIVA QUE HA PADECIDO CUBA, Y QUE PESE A HABER DISPUESTO DE MULTIMILLONARIOS RECURSOS PARÁSITAMENTE RECIBIDOS DE LA URRS, DESTRUYÓ EL PÍS Y EMPLEÓ ESOS RECURSOS EN TRATAR DE VERDER EGÓLATRAMENTE SU IMAGEN AL MUNDO COMO SI FUESE UN MESÍAS....HOY LA GENTE EN CUBA LAMENTE HABER CAMBIADO A BATISTA POR CASTRO, LAS CONSECUENCIAS FUERON NEFASTAS",2026-03-18T19:39:48Z,2026-03-18T19:39:48Z,1,0,youtube,2026-04-05T13:39:32.877472
bHtI3lCm8wU,Economia y Desarrollo,¿Cómo FIDEL CASTRO acabó con la economía de CUBA?,es,Alta,Ugx_vA2ZU6Jzab674F94AaABAg,,0,@Beterano60,"LA CAGADA SE LA MANDO EE.UU QUIEN APOYO EL GOLPE  MILITAR Y ASUMIO FULGENCIO BATISTA. AL MANDARSE ESA CAGADA APARECIO EL CHE GUEVARA Y FIDEL CASTRO PARA TERMINAR CON UN GOBIERNO DE FACTO. OSEA OTRA CAGADA MAS. MI PREGUNTA ES;  EE.UU  NO SABIA QUE EL PUEBLO EN ALGUN MOMENTO SE IBA A REVELAR CONTRA UN GOBIERNO DE FACTO ?. ( OSEA, BATISTA )....EN DEFINITIVA LA CAGADA SE LA MANDO EE.UU POR CREAR 3 MOUNSTROS PARA CUABA. 1) FULGENCIO BATISTA. 2 Y 3 FIDEL Y EL CHE.",2026-03-17T11:45:03Z,2026-03-17T11:47:03Z,0,0,youtube,2026-04-05T13:39:32.877475
bHtI3lCm8wU,Economia y Desarrollo,¿Cómo FIDEL CASTRO acabó con la economía de CUBA?,es,Alta,UgyzyBn92wWfD6pFJiN4AaABAg,,0,@FabideyCorporacion,El mismo sistema que tomo Venezuela hace casi 30 años... observo los videos de Cuba y da dolor como tambien han hecho aca lo mismo.,2026-03-16T21:20:40Z,2026-03-16T21:20:40Z,0,0,youtube,2026-04-05T13:39:32.877480
bHtI3lCm8wU,Economia y Desarrollo,¿Cómo FIDEL CASTRO acabó con la economía de CUBA?,es,Alta,Ugx0SLUga_c33q4wIiN4AaABAg,,0,@NidiaValero-m1w,Así va colombia señores despierten,2026-03-15T12:10:23Z,2026-03-15T12:10:23Z,0,0,youtube,2026-04-05T13:39:32.877483
bHtI3lCm8wU,Economia y Desarrollo,¿Cómo FIDEL CASTRO acabó con la economía de CUBA?,es,Alta,UgxDjAWgMIY_169GNmB4AaABAg,,0,@giogam8271,Fue peor la cura que la enfermedad.,2026-03-14T21:37:15Z,2026-03-14T21:37:15Z,4,0,youtube,2026-04-05T13:39:32.877486
bHtI3lCm8wU,Economia y Desarrollo,¿Cómo FIDEL CASTRO acabó con la economía de CUBA?,es,Alta,Ugx9GU3x9Qkw2EGi2Ol4AaABAg,,0,@_yk9ch9hw5q,"Los cubanos después de su independencia de España, no han conocido gobierno peor que la tiranía castrista bajo el yugo del tirano Fidel Castro. Nunca tuvieron menos libertades en toda su historia. Los salvadores de Cuba serán los propios cubanos cuando se liberen de la tiranía castrista. La URSS apoyó a Cuba convirtiéndola en su satélite, solo por intereses geopolíticos, eso le permitió al tirano Fidel Castro vivir de parásito de ella (como lo hizo luego con Venezuela) durante medio siglo, millonarios recursos esos que ningún gobernante de Cuba recibió de gobierno extranjero alguno antes de 1959, y que además, fueron despilfarrados por el tirano Fidel Castro en promover guerrillas y terrorismo en América Latina, guerras en África y en hacer millonarias donaciones a terceros países del tercer mundo para que tratar de que le vieran como un mesías internacional, a costa del hambre, la miseria y la destrucción de Cuba, cuyo pueblo nunca le importó mas que para darle migajas. El resultado: destruyó a Cuba como nación, no solo su economía, pulverizó a las familias cubanas, Cuba se están cayendo en pedazos y además, le quitó las libertades al pueblo, creando el aparato represivo mas grande que gobierno de Cuba alguna vez tuviera. Ahora los cubanos adoran mas a los EEUU como nunca antes de 1959, ven a EEUU como su salvación. A los lacayos extranjeros de la tiranía castrista que repiten como cotorras de feria todas las mentiras que ella inventa para victimizarse y blanquear sus culpas por la destrucción de Cuba culpando de ello a los EEUU, cada vez les funciona menos repetir en las redes y foros esa falacia, pese a que la repiten infinidad de veces, pero ya el Internet abrió los ojos a la gente y la tiranía castrista perdió la batalla informativa en las redes y en todo el internet, porque ya cada cubano de a pie con un celular se ha convertido en un transmisor de la realidad cubana desde adentro, y la tiranía castrista ya no tiene como en décadas pasadas, el control monopólico de la información sobre Cuba. Por eso además de tener a todos sus esbirros extranjeros usando infinidad de cuentas metidos todo el día en los videos sobre Cuba repitiendo sus mentiras, ha tenido que utilizar brigadas de ""ciberclarias"" desde adentro para perseguir como policías todo lo que se publica en la web sobre Cuba, recordemos que Cuba es un Estado policíaco, como todas las tiranías comunistas.",2026-03-13T11:42:27Z,2026-03-13T11:42:27Z,1,0,youtube,2026-04-05T13:39:32.877489
bHtI3lCm8wU,Economia y Desarrollo,¿Cómo FIDEL CASTRO acabó con la economía de CUBA?,es,Alta,UgxRxX7ULTM86ilUxRZ4AaABAg,,0,@_yk9ch9hw5q,"Obviamente que para que Cuba sea libre hay que eliminar todo vestigio del castrismo y del comunismo, porque ellos justamente representan la tiranía que ha tenido sin libertad a los cubanos por casi siete décadas. Cualquier decisión desde los EEUU que no incluya eso, será mal vista por la inmensa mayoría de los cubanos de adentro y de afuera.
*NO AL CAMBIO FRAUDE EN CUBA!!!!*",2026-03-12T00:28:42Z,2026-03-12T00:28:42Z,1,0,youtube,2026-04-05T13:39:32.877492
bHtI3lCm8wU,Economia y Desarrollo,¿Cómo FIDEL CASTRO acabó con la economía de CUBA?,es,Alta,Ugzcq91BXAbOHtepZfB4AaABAg,,0,@ronalherrera5175,"ULTIMO MINUTO…   TERRORISMO DE NOTICIAS FALSAS  CONTRA CUBA
LAS  REDES SOCIALES   ESTAN LLENOS DE VIDEOS FALSOS  CONTRA CUBA Y OTROS PAISES  QUE NO SE ARRODILLAN NI SE SOMETEN A  EEUU.
No te dejes meter los dedos a la boca por los mentirosos, asquerosos  y delincuentes yanquis que quieren ahora apoderarse de Cuba;  que no te vengan con cuentos…

Acabamos de DERROTARLOS  a los  “Terroristas” financiados y armados por EEUU  el pasado 26 de Febrero 2026, cuando en una lancha con 10  tripulantes pretendían ingresar armas y explosivos a la Isla.
Los yanquis quieren vivir  cómodamente como reyes, bombardeando, robando, matando, mintiendo y convertirse en dueños absolutos del petróleo y tener el monopolio de todo el comercio mundial.

Haber por que no hablan los yanquis como la tienen sufriendo a su colonia Puerto Rico:
El Cantante  de Puerto Rico  “ Bud Bunny” no pudo contener sus  LAGRIMAS  en una entrevista , al expresar su lamento e indignación por la situación política y social que se vive en Puerto Rico ,  la situación allí es un desastre, al punto  que   muchos  comercios cierran temprano por que se fue la Luz….
FUENTE :  YOU TUBE  03/09/2024   Varios videos
Donald Trump señaló que la red eléctrica y toda la infraestructura de Puerto Rico ya era un desastre antes del paso del huracán María  del 2017.
FUENTE :  BBC   12/10/2017",2026-03-11T19:44:12Z,2026-03-11T19:44:12Z,0,0,youtube,2026-04-05T13:39:32.877495
bHtI3lCm8wU,Economia y Desarrollo,¿Cómo FIDEL CASTRO acabó con la economía de CUBA?,es,Alta,UgzSx6ONLrXC6AUoaZZ4AaABAg,,0,@joserodriguezpizarro2336,Castro destruyó Cuba y sin embargo todavía hay algunos que lo idolatran,2026-03-11T10:36:50Z,2026-03-11T10:36:50Z,0,0,youtube,2026-04-05T13:39:32.877497
bHtI3lCm8wU,Economia y Desarrollo,¿Cómo FIDEL CASTRO acabó con la economía de CUBA?,es,Alta,UgzoR5wGI7JZMxMIU-B4AaABAg,,0,@_yk9ch9hw5q,"Acerca de la realidad cubana las versiones distintas a esta que haya son referidas a otras interpretaciones pero no otros hechos. Los hechos históricos son solo uno, y la destrucción de la economía cubana por el tirano Fidel Castro puede contarse como una sucesión de hechos históricos que hasta nombre tienen sus disparates y acciones (él mismo les ponía nombre: Reforma Agraria (fueron 2),"" nacionalizaciones"" (es decir, ROBO de propiedades a empresarios e inversionistas, nacionales y extranjeros, incluida aqui el último robo llamado Ofensiva Revolucionaria, que estatizó completamente la economía Cubana) , zafra de los diez millones, Cordón de la Habana, planes ganaderos Niña Bonita, Rosa Fe, etc. y sus famosas costosas reses F1, F2, etc., plátanos microjet, etc., y paralelamente, la eliminación de la contabilidad en las empresas y los cobros y pagos entre ellas (pues se consideraba, como ideología ""guevariana"", que era un vestigio del capitalismo, y la eliminación de los cobros y pagos entre empresas estatales), todo lo cual es el resultado de su excesiva egolatría y estilo caudillesco totalitario que se sintetiza en la destructiva y sumisa consigna de ""comandante en jefe, ordene"", que hizo que manejara el país como si fuera su hacienda personal donde no tenía que consultar a nadie y simplemente dar órdenes que debían ser cumplidas sin protestar ni ser cuestionadas, pero peor aún, que no tenía que rendir cuentas a nadie de los recursos del país que despilfarraba en sus órdenes y decisiones. Simplemente los cubanos fueron convertidos en esclavos ante su poder desmedido. Nunca el pueblo cubano ha podido tener una rendición de cuentas sobre el despilfarro que hizo el tirano Fidel Castro del multimillonario subsidio de la exURSS ni ningún recurso de los cuales él dispuso, como lo millones de dólares que ahora tienen sentada a Cuba en Londres en el banquillo de los acusados por ser mala pagadora a acreedores.",2026-03-05T21:55:47Z,2026-03-05T21:55:47Z,1,0,youtube,2026-04-05T13:39:32.877500
bHtI3lCm8wU,Economia y Desarrollo,¿Cómo FIDEL CASTRO acabó con la economía de CUBA?,es,Alta,UgwwLlFdUqIuCKOmrbF4AaABAg,,0,@eliasvazquez77,En México van para allá aquí en México hay mucho fanatizado de morena q desean verse como Cuba,2026-03-05T16:59:57Z,2026-03-05T16:59:57Z,0,0,youtube,2026-04-05T13:39:32.877503
bHtI3lCm8wU,Economia y Desarrollo,¿Cómo FIDEL CASTRO acabó con la economía de CUBA?,es,Alta,UgzL80T2JPcUWQpGLtV4AaABAg,,0,@LuigiCatapano-k1b,Fidel un dittatore assassino e bugiardo. espressione de KOMUNISMO.,2026-03-03T14:31:11Z,2026-03-03T14:31:11Z,0,0,youtube,2026-04-05T13:39:32.877506
bHtI3lCm8wU,Economia y Desarrollo,¿Cómo FIDEL CASTRO acabó con la economía de CUBA?,es,Alta,UgyY5hi8OundsSrItqN4AaABAg,,0,@_yk9ch9hw5q,"A la tiranía castrista nunca le importó el pueblo de Cuba, solo mantenerse en el poder para mantener sus privilegios. Y al tirano Fidel Castro solo le interesaba saciar su egolatría desmedida, los recursos de Cuba los usó y despilfarró en tratar de vender una imagen de mesías tercermundista en cuyo empeño fracasó y solo hoy queda de él la imagen de un anciano moringuero, detestado por las nuevas generaciones de cubanos por legarles un país sin esperanza, futuro y sin libertades, pero eso sí, adorado por cuanto bobalicón enfermizamente antionorteamericano hay en el mundo",2026-02-26T11:47:28Z,2026-02-26T11:47:28Z,1,0,youtube,2026-04-05T13:39:32.877512
bHtI3lCm8wU,Economia y Desarrollo,¿Cómo FIDEL CASTRO acabó con la economía de CUBA?,es,Alta,UgxLdJZo-rv2J3Q5dSB4AaABAg,,0,@_yk9ch9hw5q,"Hoy el pueblo cubano comparando a Batista con el tirano Fidel Castro, prefiere que hubiese seguido Batista, que al menos atrajo inversioners (moralismos hipocritones aparte) hacia Cuba lo cual permitió que el peso cubano llegara a valer mas que el dólar, y monumentales obras constructivas que modernizaron el país y que en el caso de la capital cubana, llegó a considerársele una de las mas modernas y bellas de América. Por eso la tiranía castrista ya prefiere ni hablar de Batista, porque Batista sale mejor parado que el tirano Fidel Castro en casi todo. Y las familias con Batista estaban unidas, mientras el tirano Fidel Castro pulverizó a las familias cubanas, sin contra que los cubanos han padecido bajo la tiranía castrista la mayor per´dida de sus libertades de toda la historia de Cuba",2026-02-24T23:49:23Z,2026-02-24T23:49:23Z,2,0,youtube,2026-04-05T13:39:32.877516
bHtI3lCm8wU,Economia y Desarrollo,¿Cómo FIDEL CASTRO acabó con la economía de CUBA?,es,Alta,UgzscTzcMKCwaFUKFhN4AaABAg,,0,@angelrubenfernandez3959,Obvio capaz que con el tiempo se deterioro el gobierno de Fidel hoy en día que tendría que hacer un socialismo desarrollado apertura a la inversión privada,2026-02-24T21:57:11Z,2026-02-24T21:57:11Z,0,0,youtube,2026-04-05T13:39:32.877521
bHtI3lCm8wU,Economia y Desarrollo,¿Cómo FIDEL CASTRO acabó con la economía de CUBA?,es,Alta,Ugx8pZDGR6vQLOsbxhl4AaABAg,,0,@angelrubenfernandez3959,Bueno Fidel castro hizo x cuba el régimen de Batista fue atroz y burdel de Estados Unidos,2026-02-24T21:53:59Z,2026-02-24T21:53:59Z,0,0,youtube,2026-04-05T13:39:32.877523
bHtI3lCm8wU,Economia y Desarrollo,¿Cómo FIDEL CASTRO acabó con la economía de CUBA?,es,Alta,UgyuZuniKNjV3RMkd554AaABAg,,0,@_yk9ch9hw5q,"Cuántos millonarios recursos tuvo de la URSS parásitamente, y que despilfarró en su obsesión de tratar de ser visto como un mesías tercermundista, financiando guerrillas y grupos subversivos, participando en guerras en Africa, y en hacer donaciones constructivas ca otros países cuando las casas de los cubanos se están cayendo, sin contra sus túneles populares que tanto material de construcción despilfarraron.",2026-02-24T11:21:53Z,2026-02-24T11:21:53Z,1,0,youtube,2026-04-05T13:39:32.877526
bHtI3lCm8wU,Economia y Desarrollo,¿Cómo FIDEL CASTRO acabó con la economía de CUBA?,es,Alta,Ugxi4K8r-eu19vuVtQJ4AaABAg,,0,@victorcontreras3368,"Fidel ""the shaft"" Castro!",2026-02-24T04:54:14Z,2026-02-24T04:54:14Z,0,0,youtube,2026-04-05T13:39:32.877529
bHtI3lCm8wU,Economia y Desarrollo,¿Cómo FIDEL CASTRO acabó con la economía de CUBA?,es,Alta,Ugy10yCB_KRioEilGKJ4AaABAg,,0,@jeanella1148,Sigan apoyando al desastre del Comunismo. Socialismo no camina todo es retroceso. Averiguanse donde estan los hijos de Fidel Castro?? Este Sr acabo un pais y en las pailas del infuerno debe estar...,2026-02-23T02:31:22Z,2026-02-23T02:31:22Z,1,0,youtube,2026-04-05T13:39:32.877532
bHtI3lCm8wU,Economia y Desarrollo,¿Cómo FIDEL CASTRO acabó con la economía de CUBA?,es,Alta,UgwE0mMVPxEQbbSbkeh4AaABAg,,0,@yoanabreu6058,Mejor explicado imposible,2026-02-21T01:01:57Z,2026-02-21T01:01:57Z,0,0,youtube,2026-04-05T13:39:32.877535
bHtI3lCm8wU,Economia y Desarrollo,¿Cómo FIDEL CASTRO acabó con la economía de CUBA?,es,Alta,UgwquXEwWS6iQaKbvQ94AaABAg,,0,@_yk9ch9hw5q,"Legó un país en ruinas y sin libertades para las nuevas generaciones de cubanos, por eso le detestan y a la gente joven le asquea todo lo que tiene que ver con él. Dejó un país en ruinas y a las familias cubanas pulverizadas por todo el mundo. Llevó a la ruina a Cuba, que hoy está peor que Haití",2026-02-18T03:57:11Z,2026-02-18T03:57:11Z,1,0,youtube,2026-04-05T13:39:32.877537
bHtI3lCm8wU,Economia y Desarrollo,¿Cómo FIDEL CASTRO acabó con la economía de CUBA?,es,Alta,UgygaJQRq8cC4rzFtV14AaABAg,,0,@_yk9ch9hw5q,"EEUU nunca antes de este año había bloqueado a Cuba, lástima que se haya tardado, en vez de imponer el mediocre embargo porque la tiranía castrista le robó las empresas y propiedades a los norteamericanos en la isla. Ojalá haga una invasión de tierra arrasada, es la forma de librarse de la tiranía castrista. Esa será la verdadera opción cero.",2026-02-18T03:55:20Z,2026-02-18T03:55:20Z,1,0,youtube,2026-04-05T13:39:32.877540
bHtI3lCm8wU,Economia y Desarrollo,¿Cómo FIDEL CASTRO acabó con la economía de CUBA?,es,Alta,UgwSe8WLVTpO7JFuOL14AaABAg,,0,@borf5489,Y si Cuba ya había entrado en un proceso autodestructivo... ¿Para qué lo bloquearon? ¡¡¡No renuncien al pensamiento crítico!!!,2026-02-18T00:21:20Z,2026-02-18T00:21:20Z,0,0,youtube,2026-04-05T13:39:32.877544
bHtI3lCm8wU,Economia y Desarrollo,¿Cómo FIDEL CASTRO acabó con la economía de CUBA?,es,Alta,UgxEyXBF9ZJ1sabMoql4AaABAg,,0,@_yk9ch9hw5q,"LA participación de Cuba en el narcotráfico se inició con la narcotiranía castrista al vincularse con el chavismo y el Cártel de los Soles, y sostén de las narcoguerrillas colombianas, y convertir a Cuba en un puente para esos negocios de narcos",2026-02-17T04:37:34Z,2026-02-17T04:37:34Z,0,0,youtube,2026-04-05T13:39:32.877547
bHtI3lCm8wU,Economia y Desarrollo,¿Cómo FIDEL CASTRO acabó con la economía de CUBA?,es,Alta,Ugw-r0Hyw0_0CT3_7UN4AaABAg,,0,@_yk9ch9hw5q,"Toda la inversión que logró Batista, la destruyó el tirano Fidel Castro. Convirtió a Cuba primero en una país sin inversionistas, y luego en uno de los países menos seguros para las inversiones, sin contar que al cubano se le ha limitado ser un inversionista importante en la forma que se le  ha permitido a extranjeros, porque la tiranía castrista siempre ha tenido miedo a los cubanos como inversionistas dado que se forma de gobernar se basa en el control absoluto sobre la gente, como tiranía al fin. Por eso nadie invierte en Cuba, porque hay carencia de libetades económicas",2026-02-17T04:29:17Z,2026-02-17T04:29:17Z,1,0,youtube,2026-04-05T13:39:32.877550
bHtI3lCm8wU,Economia y Desarrollo,¿Cómo FIDEL CASTRO acabó con la economía de CUBA?,es,Alta,Ugwt6u3Hs_XiXOLaZOB4AaABAg,,0,@_yk9ch9hw5q,"Cuba pudo terner con Batista un crecimiento económico de los mayores de América Latina, porque Batista logró atraer inversiones de muchos capitales a Cuba, y por demás, un Tratado Comercial con EEUU (de esos que están ahora de moda y que en aquellos años no era usual) donde EEUU compraba la producción azucarera de Cuba aprecio preferencial. Pero el esbirro castrista multicuentas extranjero quiere soñar con supuestos lavados de dinero y narcotráfico (que no eran cosa de aquellos tiempos en Cuba y por lo tanto no es avalado por ningún estudio ni siquiera castrista)",2026-02-17T04:25:34Z,2026-02-17T04:25:34Z,1,0,youtube,2026-04-05T13:39:32.877553
bHtI3lCm8wU,Economia y Desarrollo,¿Cómo FIDEL CASTRO acabó con la economía de CUBA?,es,Alta,UgwSM9p_qIHTN5MSn6J4AaABAg,,0,@CesarEddyAnglasRosales,Como Cuba un país dependiente de la caña de azúcar como única fuente de trabajo pudo desarrollar su economía o era por el lavado de dinero de las mafias y narcotráfico de Estados Unidos ???,2026-02-17T02:23:05Z,2026-02-17T02:23:05Z,0,0,youtube,2026-04-05T13:39:32.877555
bHtI3lCm8wU,Economia y Desarrollo,¿Cómo FIDEL CASTRO acabó con la economía de CUBA?,es,Alta,UgwLbxuUOC2_pjKot6J4AaABAg,,0,@_yk9ch9hw5q,"Los años sesenta e inicios de los setenta del siglo 20, fue una época de gran cantidad de disparates destructivos juntos por el tirano Fidel Castro castrista en Cuba, debido al voluntarismo y ocurrencias de último minuto del tirano Fidel Castro (a quien además nadie se atrevía a cuestionarle una decisión u orden suya porque sabían lo que le pasaría a quien lo hiciera) que a pesar de que le puso nombre a todos sus disparates y ocurrencias (algo que se le agradece, pues asi pueden ser mostrados a las generaciones futuras en la enseñanza de la historia de la Cuba castrista), cuesta trabajo distinguir el efecto de cada uno por separado. No olvidamos (la peor de todas las decisiones) la llamada ""zafra de os 10 millones"" que desarticuló toda la economía cubana, pero junto a ella estuvo ligada el ""cordón de la Habana"", los planes de genética vacuna (¿quien no recuerda que el tirano quería inventar en Cuba las reses que mas leche y carne dieran, dando lugar a aquellas F1, F2 etc.) para una ganadería que para que produjese leche, se llevaron los aires acondicionados de las oficinas y lugares de trabajo y estudio de La Habana, dejando sumidos en el mas espantoso calor a los trabajadores de la isla. O quien no recuerda la eliminación de la contabilidad entre empresas y por lo tanto de la carrera de Contabilidad en las universidades, asi como de los cobros y pagos entre empresas. O las tenebrosas por represivas UMAP, donde encerraban a todo el que pareciera (aunque no lo fuera) homosexual, tuviera creencias religiosas, escuchara música en inglés, usara pantalones muy apretados (en el caso de los hombres) u tuviera el pelo largo. O la ""parametración"" que destruyó a tantos artistas e intelectuales, dentro del ""quinquenio gris"", y una de las decisiones mas destructivas del tirano Fidel Castro, aquella eufemísticamente llamada ""ofensiva revolucionaria"" (ofensiva robolucionaria) que destruyó a los pequeños comerciantes y la microempresa de Cuba, dejando un vacío comercial enorme en la población que aún hoy se paga. Y estamos hablando aquí solo de lo interno, porque en lo externo andaba fomentado y preparando desde Cuba guerrillas y grupos subversivos en América Latina e iniciando su participación en guerras en África, que tantos recursos de Cuba consumieron. Lo peor es que en el 99% de esas cosas que cité, fracasó, y solo sirvieron para acumular la destrucción causada por el tirano Fidel Castro a Cuba.",2026-02-16T04:39:57Z,2026-02-16T04:39:57Z,2,0,youtube,2026-04-05T13:39:32.877558
bHtI3lCm8wU,Economia y Desarrollo,¿Cómo FIDEL CASTRO acabó con la economía de CUBA?,es,Alta,UgzcRkDVqboDpMJAnqh4AaABAg,,0,@_yk9ch9hw5q,"A Cuba la salvará el pueblo cubano liberándola de la tiranía castrocomunista igual que hicieron los pueblos de Europa del este con sus tiranías comunistas, (que las mandaron al basurero de la historia), solo que es posible que el anexionismo (a EEUU), que siempre estuvo presente desde las luchas contra la España colonial, sea lo que se imponga al final. Los cubanos en este siglo añoran ser parte de los Estados Unidos, sea como estado libre asociado o como el estado cincuenta y uno ....eso ya casi ha ocurrido gracias al tirano Fidel Castro, las familias cubanas están divididas entre EE.UU. y Cuba (por eso en Cuba ahora se habla de ""las dos orillas""), y la de EE.UU. mantiene con sus dólares a la de Cuba...de hecho, la moneda que en Cuba se toma como patrón para valorar internamente los productos en el comercio, es el dólar norteamericano, así que Cuba ha perdido hasta la soberanía monetaria, es un apéndice de los EE.UU.",2026-02-16T04:38:43Z,2026-02-16T04:38:43Z,1,0,youtube,2026-04-05T13:39:32.877561
bHtI3lCm8wU,Economia y Desarrollo,¿Cómo FIDEL CASTRO acabó con la economía de CUBA?,es,Alta,UgxgwjYjPm09Eo_Ye5F4AaABAg,,0,@YaninFlores-bg2yd,Fue EU quien llevó ala pobreza cuba todo por política y sus canciones que impuso nadien puede Aser negocios con cuba pxq estado unidos pone sanciones como con Venezuela,2026-02-16T00:43:09Z,2026-02-16T00:43:09Z,0,0,youtube,2026-04-05T13:39:32.877563
bHtI3lCm8wU,Economia y Desarrollo,¿Cómo FIDEL CASTRO acabó con la economía de CUBA?,es,Alta,UgzemH-_IG9dGxXP7TR4AaABAg,,0,@_yk9ch9hw5q,"Cuba es hoy el prostíbulo mas grande de América Latina, con su turismo sexual tan reconocido, está llena de jineteras y pingueros a toda hora y todo lugar. Hoy es un inmenso paraíso sexual del castrismo",2026-02-15T20:23:32Z,2026-02-15T20:23:32Z,1,0,youtube,2026-04-05T13:39:32.877566
bHtI3lCm8wU,Economia y Desarrollo,¿Cómo FIDEL CASTRO acabó con la economía de CUBA?,es,Alta,UgwbTIO7AWUUcklyKdt4AaABAg,,0,@marcoantonioomanana4207,A ver. Era el prostibulo más grande del america latina eso no es un progreso. Hoy no está mejor tampoco,2026-02-15T16:00:40Z,2026-02-15T16:00:40Z,0,0,youtube,2026-04-05T13:39:32.877569
bHtI3lCm8wU,Economia y Desarrollo,¿Cómo FIDEL CASTRO acabó con la economía de CUBA?,es,Alta,Ugw6E0QVCGe5blD8WLN4AaABAg,,0,@_yk9ch9hw5q,"*CRISTO SI, CASTRO NO*",2026-02-15T03:32:19Z,2026-02-15T03:32:19Z,1,0,youtube,2026-04-05T13:39:32.877573
bHtI3lCm8wU,Economia y Desarrollo,¿Cómo FIDEL CASTRO acabó con la economía de CUBA?,es,Alta,UgzChqnAGM_gaUoAhuR4AaABAg,,0,@_yk9ch9hw5q,"EEUU no necesitaba (ni necesita) ejercer mucha presión económica sobre Cuba para verla destruida. Por eso impusieron por formalidad como respuesta al robo de las empresas y propiedades de norteamericanos en Cuba, un embargo mediocre que la tiranía castrista ha sabido burlar siempre. Y es que EEUU sabía que el tirano Fidel Castro estaba por sí mismo destruyendo a Cuba, no necesitaba hacer mucho esfuerzo para destruirla los EEUU, porque se unieron dos destrucciones: la del propio tirano Fidel Castro con su mala administración de la economía y las medidas destructivas que para la misma tomaba, y el modelo comunista en sí mismo que siempre lleva al fracaso económico, por totalitarista, sin contar la carencia de libertades de los cubanos, que llevado a que el pueblo ya esté hastiado del castrocomunismo. Por eso los EEUU en la ONU nunca le han dado mucha importancia a quien vota a favor o en contra de las sanciones (algunos de los que votan en contra son sus aliados y no le importa), porque EEUU sabe que ese mediocre embargo no es lo que va a llevar a la pulverización definitiva (como en Europa del este) del castrismo y el comunismo en Cuba, sino el propio régimen cubano.",2026-02-15T03:31:58Z,2026-02-15T03:31:58Z,1,0,youtube,2026-04-05T13:39:32.877576
bHtI3lCm8wU,Economia y Desarrollo,¿Cómo FIDEL CASTRO acabó con la economía de CUBA?,es,Alta,Ugx7wv1L0OEiJVsl3et4AaABAg,,0,@dianachloe9555,"Fidel Castro no destruyó a Cuba— la destruyó el exilio Cubano que se beneficia y justifica su existencia en Estados Unidos al mantener el embargo y las sanciones injustas a Cuba.
Todo por un sistema capitalista colapsado fascista y cruel que se fundamenta en la esclavitud.",2026-02-15T02:46:08Z,2026-02-15T02:46:08Z,0,0,youtube,2026-04-05T13:39:32.877579
bHtI3lCm8wU,Economia y Desarrollo,¿Cómo FIDEL CASTRO acabó con la economía de CUBA?,es,Alta,UgznZrDnKZwFmnnuFnd4AaABAg,,0,@_yk9ch9hw5q,*PRESIDENT TRUMP: MAKE CUBA GREAT AGAIN!!!*,2026-02-15T00:47:50Z,2026-02-15T00:47:50Z,1,0,youtube,2026-04-05T13:39:32.877581
bHtI3lCm8wU,Economia y Desarrollo,¿Cómo FIDEL CASTRO acabó con la economía de CUBA?,es,Alta,UgyYH-QIozIR_Pu0qqJ4AaABAg,,0,@JesusMartínez-t8e,Todo tiene más de una explicación. No es nada más ver la situación actual,2026-02-14T18:48:08Z,2026-02-14T18:48:08Z,0,0,youtube,2026-04-05T13:39:32.877584
bHtI3lCm8wU,Economia y Desarrollo,¿Cómo FIDEL CASTRO acabó con la economía de CUBA?,es,Alta,UgyvHMsyID_KR4guwxd4AaABAg,,0,@RogelioMartinez-uq3wm,"dejense de m@amadas, Fidel Castro no destruyó a Cuba, mejor reclamenle a los gringos que fueron lo que le impusieron el bloqueo comercial a Cuba y desde luego con los caciques ricos y traidores que salieron de Cuba y se establecieron de Miami y desde luego con la complicidad de la ONU y de la UE",2026-02-13T21:45:28Z,2026-02-13T21:45:28Z,0,0,youtube,2026-04-05T13:39:32.877587
bHtI3lCm8wU,Economia y Desarrollo,¿Cómo FIDEL CASTRO acabó con la economía de CUBA?,es,Alta,UgxErmWQg6XGHVIq6VV4AaABAg,,0,@lunizparlein173,"M4ldit4 b45ura ese Castro, y lo peor que aun hay demasiados izquierdozos alimentando ese c4ncer😢",2026-02-13T13:33:04Z,2026-02-13T13:33:04Z,0,0,youtube,2026-04-05T13:39:32.877590
bHtI3lCm8wU,Economia y Desarrollo,¿Cómo FIDEL CASTRO acabó con la economía de CUBA?,es,Alta,UgzpjtoLuXDtjPcXRyV4AaABAg,,0,@_yk9ch9hw5q,"Cuba hoy depende mas de los EEUU, debido a la circulación de dólares en la isla en sustitución de los ya nada otrora valiosos pesos cubanos antes de 1959, y la gente en Cuba sobrevive gracias a los que les llega de EEUU, pues las familias están ahora divididas entre “las dos orillas”. El tirano Fidel Castro miamizó a Cuba, la hizo un apéndice de EEUU.",2026-02-12T15:43:04Z,2026-02-12T15:43:04Z,1,0,youtube,2026-04-05T13:39:32.877592
bHtI3lCm8wU,Economia y Desarrollo,¿Cómo FIDEL CASTRO acabó con la economía de CUBA?,es,Alta,Ugz82sS2WaOXjE6i5dZ4AaABAg,,0,@victorjosecuervomax5677,"Antes de las revolución la Habana era  un burdel , Santiago una cantina gracias a la mafia de USA las provincias en pobreza extrema, lo único q es verdad en un principio Fidel no era comunista el q era del partido era su hermano, al analizar las opciones fue que estudio a Marx y el bloqueo si es la razón de las carencias",2026-02-12T01:14:09Z,2026-02-12T01:16:47Z,0,0,youtube,2026-04-05T13:39:32.877595
bHtI3lCm8wU,Economia y Desarrollo,¿Cómo FIDEL CASTRO acabó con la economía de CUBA?,es,Alta,UgzsgDLrA2dypPK808J4AaABAg,,0,@gabrielarriaga3121,"Que porquería de canal, cuánta ignorancia y desinformación",2026-02-11T22:49:04Z,2026-02-11T22:49:04Z,0,0,youtube,2026-04-05T13:39:32.877598
bHtI3lCm8wU,Economia y Desarrollo,¿Cómo FIDEL CASTRO acabó con la economía de CUBA?,es,Alta,UgzdDdxy-QD-RzW5fmN4AaABAg,,0,@_yk9ch9hw5q,"There is a Cuba for the average Cuban who goes out every day to find something to eat for their family, and a Cuba for the frivolous foreigner who visits Cuba (or stays there for a while knowing they will return home) and sees only wonders because they don't LIVE in Cuba. Furthermore, they don't experience the daily life of Cubans and know that in the end they will return to the capitalism from which so many millions of Cubans also want to escape, and have escaped, not only to have something to eat and the hope (which doesn't exist in Cuba) of having decent housing, but also TO HAVE THE FREEDOM THAT CUBA DOESN'T HAVE UNDER THE REPRESSIVE AND DESTRUCTIVE CASTRO TYRANNY. The enormous emigration of Cubans now, which didn't exist before 1959, dismantles the lies and arguments of a captivating and idyllic Cuba. The Castroist lies of the last century and those of its spokespeople have already shattered that image; the internet destroys them.",2026-02-11T21:47:47Z,2026-02-11T21:47:47Z,1,0,youtube,2026-04-05T13:39:32.877602
bHtI3lCm8wU,Economia y Desarrollo,¿Cómo FIDEL CASTRO acabó con la economía de CUBA?,es,Alta,Ugx4pkQl5ikSKKEp-Nh4AaABAg,,0,@RigaudMoise-c5u,"THE CUBAN PEOPLES HAVE BEEN RESPECTED AROUND THE WORLD, BECAUSE OF THE CASTRO . HE HAS PREPARED THEM; ALL OF THEM HAVE THEIR OWN BUSINESSES.  ALL OF THEM ARE EDUCATED.",2026-02-11T20:48:09Z,2026-02-11T20:48:09Z,0,0,youtube,2026-04-05T13:39:32.877605
bHtI3lCm8wU,Economia y Desarrollo,¿Cómo FIDEL CASTRO acabó con la economía de CUBA?,es,Alta,UgwIf1CT9YSpZuA0vBN4AaABAg,,0,@_yk9ch9hw5q,"A la tiranía castrista nunca le importó el pueblo de Cuba, solo mantenerse en el poder para mantener sus privilegios. Y al tirano Fidel Castro solo le interesaba saciar su egolatría desmedida, los recursos de Cuba los usó y despilfarró en tratar de vender una imagen de mesías tercermundista en cuyo empeño fracasó y solo hoy queda de él la imagen de un anciano moringuero, detestado por las nuevas generaciones de cubanos por legarles un país sin esperanza, futuro y sin libertades, pero eso sí, adorado por cuanto bobalicón enfermizamente antionorteamericano hay en el mundo",2026-02-11T19:19:14Z,2026-02-11T19:19:14Z,1,0,youtube,2026-04-05T13:39:32.877608
bHtI3lCm8wU,Economia y Desarrollo,¿Cómo FIDEL CASTRO acabó con la economía de CUBA?,es,Alta,UgwnsyWSWfH1dAjYO0l4AaABAg,,0,@_yk9ch9hw5q,"La gente de a pie en Cuba nunca habla del supuesto bloqueo como culpable de su miseria y falta de libertades, sabe que la culpa de eso es del tirano Fidel Castro y de su régimen.",2026-02-10T23:11:53Z,2026-02-10T23:11:53Z,1,0,youtube,2026-04-05T13:39:32.877611
bHtI3lCm8wU,Economia y Desarrollo,¿Cómo FIDEL CASTRO acabó con la economía de CUBA?,es,Alta,UgwdznXQgPGEB-ALZGx4AaABAg,,0,@nathanosman5606,Minuto 9:01 estas muy equivocado y parece que no entiendes como funciona el bloqueo. Cualquier producto o cosa que contenga 10% de producción estadounidense es prohibido importarlo al país. Cualquiera que rompa esa regla tiene como consecuencia la terminación de sus negocios en US.,2026-02-10T22:25:45Z,2026-02-10T22:25:45Z,0,0,youtube,2026-04-05T13:39:32.877613
bHtI3lCm8wU,Economia y Desarrollo,¿Cómo FIDEL CASTRO acabó con la economía de CUBA?,es,Alta,Ugxc_QJJi4_CvmoPPy94AaABAg,,0,@solasmarpol7949,Tienen dudas todavia…?,2026-02-10T08:03:16Z,2026-02-10T08:03:16Z,0,0,youtube,2026-04-05T13:39:32.877616
bHtI3lCm8wU,Economia y Desarrollo,¿Cómo FIDEL CASTRO acabó con la economía de CUBA?,es,Alta,Ugw8_Hg9RVn0vv6Kvbp4AaABAg,,0,@_yk9ch9hw5q,"Please, Mr.Trump: MAKE CUBA 🇨🇺 GREAT AGRAIN!!!!!",2026-02-10T01:56:29Z,2026-02-10T01:56:29Z,1,0,youtube,2026-04-05T13:39:32.877619
bHtI3lCm8wU,Economia y Desarrollo,¿Cómo FIDEL CASTRO acabó con la economía de CUBA?,es,Alta,Ugw-8UmWRv3C4-xwlu94AaABAg,,0,@_yk9ch9hw5q,"Ya la tiranía castrista prefiere ni hablar de Batista para criticarle, porque sabe que ella hizo cosas peores que él. Solo los esbirros extranjeros de la tiranía castrista siguen anclados en criticar a Batista a base de viejos clichés y propaganda antibatistiana de los primeros años castristas (mucha de ella ya investigada y refutada) que ya entre la gente en Cuba no funcionan, porque no es a Batista a quien odian, sino a la tiranía castrista que destruyó sus vidas y familias",2026-02-10T01:55:42Z,2026-02-10T01:55:42Z,1,0,youtube,2026-04-05T13:39:32.877621
bHtI3lCm8wU,Economia y Desarrollo,¿Cómo FIDEL CASTRO acabó con la economía de CUBA?,es,Alta,UgzA0XcB-ai24JvW3bp4AaABAg,,0,@ramirogarciabouzon7755,"Cuba era un pais de esclavos con el dictador Baptista y cuatro terratenientes que tenian las tierras que trabajaban los eclavos el pueblo paso mad hambre quw nunca no mintais, contad la verdad",2026-02-10T01:12:36Z,2026-02-10T01:12:36Z,0,0,youtube,2026-04-05T13:39:32.877624
bHtI3lCm8wU,Economia y Desarrollo,¿Cómo FIDEL CASTRO acabó con la economía de CUBA?,es,Alta,UgxF1G9zdOedCYpInid4AaABAg,,0,@frankdarabont8354,"El Hipócrita Mentiroso más grande de Cuba y del mundo, aparentando ser un ""caudillo"" llevó a Cuba al abismo de la quiebra económica; y ahora quién salvará a Cuba de éstos tipejos ineptos?.....",2026-02-09T03:08:40Z,2026-02-09T03:08:40Z,0,0,youtube,2026-04-05T13:39:32.877627
bHtI3lCm8wU,Economia y Desarrollo,¿Cómo FIDEL CASTRO acabó con la economía de CUBA?,es,Alta,UgwrRPLJzadNDQT4IVd4AaABAg,,0,@_yk9ch9hw5q,EEUU no debe conversar con la tiranía castrista mientras no se cierre el helicoide castrista de Villa Marista,2026-02-08T01:36:55Z,2026-02-08T01:36:55Z,1,0,youtube,2026-04-05T13:39:32.877631
bHtI3lCm8wU,Economia y Desarrollo,¿Cómo FIDEL CASTRO acabó con la economía de CUBA?,es,Alta,UgyGCB7cbhHgIm0DrNp4AaABAg,,0,@_yk9ch9hw5q,"Que bien que el video deje claro que Rusia y China no se meterán en el conflicto de la tiranía castrista con los EEUU de la cual ella, empezando por el tirano Fidel Castro, son los causantes. Ya desde antes de 1959 en la Sierra Maestra el tirano Fidel Castro dijo en una carta a su mante, que si llegaba al poder le haría una guerra a los EEUU, y a eso se dedicó toda su vida desde el mismo 1959. Lo peor es que arrastró a la mayoría de los cubanos de entonces a ello, que como borregos se prestaron. Menos mal que las nuevas generaciones aprecian mas a los EEUU que a la tiranía castrista",2026-02-08T01:07:34Z,2026-02-08T01:07:34Z,1,0,youtube,2026-04-05T13:39:32.877634
bHtI3lCm8wU,Economia y Desarrollo,¿Cómo FIDEL CASTRO acabó con la economía de CUBA?,es,Alta,UgxM390P3gjRpUgMPHJ4AaABAg,,0,@josemanuelayasta4959,"Hasta antes de los Castro, la economía era un auge, son embargo las mafias italo norteamericanos y el Corrupto de Fulgencio Batista robaba, conclusión tanto los de Derecha como lo de la Izquierda son corruptos, lo que un país requiere es gobernantes INTEGROS con principios y valores y ser un gran SER HUMANO",2026-02-08T01:04:52Z,2026-02-08T01:04:52Z,0,0,youtube,2026-04-05T13:39:32.877637
bHtI3lCm8wU,Economia y Desarrollo,¿Cómo FIDEL CASTRO acabó con la economía de CUBA?,es,Alta,Ugz0CB-ZmiS53ty2NXZ4AaABAg,,0,@_yk9ch9hw5q,"¿Se han preguntado por qué los hambreados cubanos de a pie que son entrevistados en las calles de Cuba rara vez o nunca mencionan el embargo de los EEUU como culpable de su situación? Es simple: porque saben que es mentira. Lo saben porque lo viven, y saben lo mal que ha sido administrado el país y los disparates de última ocurrencia que caracterizaban al tirano Fidel Castro, que inventaba cosas de último momento para hacerse propaganda pero que luego resultaban en un fracaso. Eso de tratar de culpar a terceros de los desastres que causan, es muy propio siempre de los comunistas para tratar de blanquear sus culpas y victimizarse. Recursos Cuba ha tenido, pero han sido despilfarrados por el tirano Fidel Castro. La mejor muestra es el despilfarro del multimillonario subsidio de la exURSS, con el cual cualquier país se hubiera desarrollado pero que el tirano Fidel Castro malgastó en su participación en guerras en otros continentes, en el fomento de guerrillas y terrorismo en otros países y en donaciones para obras civiles a diversos países, todo con el enfermizo objetivo de vender una imagen de mesías tercermundista del tirano Fidel Castro. O también esos millonarios recursos que fueron recibidos por Cuba y que no se ha dicho cómo se usaron, y que por ejemplo, han tenido sentada en un juicio en Londres a Cuba como un país mal pagador de deudas, algo por lo cual es tan conocida y por lo cual muchos le exigen pagar en efectivo y no le dan créditos.",2026-02-07T10:38:35Z,2026-02-07T10:38:35Z,1,0,youtube,2026-04-05T13:39:32.877640
bHtI3lCm8wU,Economia y Desarrollo,¿Cómo FIDEL CASTRO acabó con la economía de CUBA?,es,Alta,Ugw38GoQODzGht_V9r94AaABAg,,0,@_yk9ch9hw5q,"La destrucción causada a Cuba por el tirano Fidel Castro, que no solo ha sido económica sino en casi todos los campos de la vida nacional, solo se resolverá cuando Cuba sea libre y la tiranía castrista sea pulverizada como pasó en Europa del este. El capitalismo siempre regresa.",2026-02-07T09:27:04Z,2026-02-07T09:27:04Z,1,0,youtube,2026-04-05T13:39:32.877642
bHtI3lCm8wU,Economia y Desarrollo,¿Cómo FIDEL CASTRO acabó con la economía de CUBA?,es,Alta,Ugz8voTEicUwUuZvTyV4AaABAg,,0,@jackiestevenso7756,american embargo destroyed Cuba,2026-02-07T08:11:43Z,2026-02-07T08:11:43Z,0,0,youtube,2026-04-05T13:39:32.877645
bHtI3lCm8wU,Economia y Desarrollo,¿Cómo FIDEL CASTRO acabó con la economía de CUBA?,es,Alta,Ugys-gMr3elpA08OpSR4AaABAg,,0,@_yk9ch9hw5q,"Así pasará con todos los pueblos donde se imponga una tiranía comunista como la castrista, terminarán en la ruina. Por eso hay que exterminar a la tiranía castrista, promotora de esos regímenes.",2026-02-07T04:10:45Z,2026-02-07T04:10:45Z,1,0,youtube,2026-04-05T13:39:32.877648
bHtI3lCm8wU,Economia y Desarrollo,¿Cómo FIDEL CASTRO acabó con la economía de CUBA?,es,Alta,UgziCY2BE85QVpTFGMh4AaABAg,,0,@SamirAlvis-y7y,Castro mi padrino o chico😅😅,2026-02-07T02:20:17Z,2026-02-07T02:20:17Z,0,0,youtube,2026-04-05T13:39:32.877650
bHtI3lCm8wU,Economia y Desarrollo,¿Cómo FIDEL CASTRO acabó con la economía de CUBA?,es,Alta,Ugx73TTPoZsv4v-i8Ah4AaABAg,,0,@joelbaizabal2765,Y así va a pasar en México si sigue el gobierno de cuarta,2026-02-05T17:54:38Z,2026-02-05T17:54:38Z,0,0,youtube,2026-04-05T13:39:32.877653
bHtI3lCm8wU,Economia y Desarrollo,¿Cómo FIDEL CASTRO acabó con la economía de CUBA?,es,Alta,UgyrA6aPZo1wS0DXIcV4AaABAg,,0,@_yk9ch9hw5q,"Batista los recursos que obtuvo para Cuba para hacer las grandes avances económicos y llevó a cabo obras constructivas que dejó para la posteridad, fue a partir de atraer inversiones extranjeras para Cuba, mientras el tirano Fidel Castro obtuvo los recursos para Cuba parasitando de otros países, recursos que despilfarró. Y pensar que Cuba durante las primeras tres décadas castristas dispuso de multimillonarios recursos para desarrollarse proveniente de los subsidios de la exURSS y de un comercio ventajoso con Europa del este, y el tirano Fidel Castro los despilfarró en tratar de vender una imagen mesiánica de salvador del tercer mundo y que al final terminó como un viejo decrépito hablando de la moringa. Y lo peor es que, cuan buen tirano, nunca se le exigió ni se sintió obligado de rendir cuenta a nadie en Cuba de su despilfarro, como si los recursos fueran personales. Batista sabía del dinero que se movía entre algunos de estos personajes de la mafia norteamericana así que les permitió, sin moralismos hipócritas al estilo de los comunistas, hacer inversiones en Cuba para atraer capitales que beneficiaran a la economía cubana. Se le agradece su inteligencia para ello. Y lo logró, puso a la economía cubana entre las de mayor crecimiento en América (cosa que destruyó el tirano Fidel Castro haitianizando a Cuba). Hoy Cuba es un trampolín de las drogas de las guerrillas castrochavistas y del Cartel de los Soles, cosa que nunca pasó antes de 1959, donde nunca hubo problemas con las drogas en Cuba, algo que está bien documentado.",2026-02-05T04:58:15Z,2026-02-05T05:00:18Z,1,0,youtube,2026-04-05T13:39:32.877655
bHtI3lCm8wU,Economia y Desarrollo,¿Cómo FIDEL CASTRO acabó con la economía de CUBA?,es,Alta,Ugz7YVQywL851389crd4AaABAg,,0,@alexcovenas4976,"La verdad es que Cuba antes de Castro tenía un gran poder económico y comercial pero a costa de la explotación del campesinado ,seres humanos que vivían en la extrema pobreza por la servidumbre ahora vienen a decirme que antes de Castro la isla era de maravillas jajaja.",2026-02-05T01:17:40Z,2026-02-05T01:17:40Z,0,0,youtube,2026-04-05T13:39:32.877660
bHtI3lCm8wU,Economia y Desarrollo,¿Cómo FIDEL CASTRO acabó con la economía de CUBA?,es,Alta,UgzGgw3G6fTmTX0hRQR4AaABAg,,0,@_yk9ch9hw5q,"Da lástima que Cuba hoy sea vista solo comparable con Haití, cuando antes de 1959 se le comparaba con las economías mas avanzadas de América e inclusive tenía un PIB per cápita superior a varios países del sur de Europa, y el peso cubano llegó a valer mas que el dólar. El tirano Fidel Castro la convirtió en una economía parásita primero de la URSS (recibiendo millonarios recursos con los cuales se hubiera desarrollado cualquier país pero que él despilfarró en tratar de vender su imagen con complejos de mesías) y luego de Venezuela.",2026-02-04T04:06:23Z,2026-02-04T04:06:23Z,1,0,youtube,2026-04-05T13:39:32.877663
bHtI3lCm8wU,Economia y Desarrollo,¿Cómo FIDEL CASTRO acabó con la economía de CUBA?,es,Alta,UgyQAthIO3v_wAX-HMJ4AaABAg,,0,@_yk9ch9hw5q,"Solo los extranjeros como el multicuentas de siempre tratan de culpar a terceros de la destrucción de Cuba, pues repiten el discurso castrista tratando de victimizarse y de blanquear su culpa por ello. Jamás la inmensa mayoría de los cubanos culpan a EEUU o al embargo de la miseria de los cubanos porque por haberlo vivido, conocemos bien la historia. No es cosa de leer y estudiar, sino de haberlo vivido, cosa que nunca los esbirros procastristas extranjeros van a Cuba a vivirlo. Y es que la destrucción castrista no es solo económica, sino en casi todo, hasta en las libertades",2026-02-04T03:55:39Z,2026-02-04T03:55:39Z,1,0,youtube,2026-04-05T13:39:32.877668
bHtI3lCm8wU,Economia y Desarrollo,¿Cómo FIDEL CASTRO acabó con la economía de CUBA?,es,Alta,UgxC3OCc0GKmevwZCrl4AaABAg,,0,@luisacosta6274,"La ignorancia llevada al paroxismo, el que hizo este video infame debería leer y estudiar así puede entender el mundo. Fidel no destruyó al país lo hizo y hace el bloqueo ilegal desde hace 65 años.  IGNORANTE.",2026-02-04T01:54:35Z,2026-02-04T01:54:35Z,0,0,youtube,2026-04-05T13:39:32.877671
bHtI3lCm8wU,Economia y Desarrollo,¿Cómo FIDEL CASTRO acabó con la economía de CUBA?,es,Alta,UgwsGBbb-eI7_jiaCbN4AaABAg,,0,@_yk9ch9hw5q,Cuba estaría mejor que Dubai si no  hubiera sufrido la haitianización a la cual la condenó el tirano Fidel Castro.,2026-02-04T00:45:16Z,2026-02-04T00:45:16Z,0,0,youtube,2026-04-05T13:39:32.877673
bHtI3lCm8wU,Economia y Desarrollo,¿Cómo FIDEL CASTRO acabó con la economía de CUBA?,es,Alta,Ugwa_-YamCw5Yzxvc-54AaABAg,,0,@carmenvilleda4133,La verdad veo que eso mismo está pasando en mi MEXICO con ese maldito virus de Morena son un canser comunista 😢,2026-02-03T13:27:20Z,2026-02-03T13:27:20Z,0,0,youtube,2026-04-05T13:39:32.877676
bHtI3lCm8wU,Economia y Desarrollo,¿Cómo FIDEL CASTRO acabó con la economía de CUBA?,es,Alta,UgzzqBmsPeaypEHeMAV4AaABAg,,0,@_yk9ch9hw5q,"Que bien. Ahora sí tienen motivo para llorar por un verdadero BLOQUEO, solo que muy tardíamente. Debieron aprovechar la mano que le tendió Obama pero ya es tarde. Ahora tendrán que salir a la fuerza, con un pueblo de Cuba que mayoritariamente les detesta y que no daría su vida por ellos esta vez, sino que se unirían a los marines al entrar a Cuba. *VIVA DONALD TRUMP, PRESIDENTE DE LA LIBERTAD DE LAS AMÉRICAS*",2026-02-02T20:53:36Z,2026-02-02T20:53:36Z,1,0,youtube,2026-04-05T13:39:32.877679
bHtI3lCm8wU,Economia y Desarrollo,¿Cómo FIDEL CASTRO acabó con la economía de CUBA?,es,Alta,UgzdsEM0brdi1jYaZkZ4AaABAg,,0,@_yk9ch9hw5q,También ganó la derecha en Costa Rica. La libertad y democracia avanza en las Américas.,2026-02-02T20:33:46Z,2026-02-02T20:33:46Z,1,0,youtube,2026-04-05T13:39:32.877681
bHtI3lCm8wU,Economia y Desarrollo,¿Cómo FIDEL CASTRO acabó con la economía de CUBA?,es,Alta,UgzZFDpPvoojTKJ6P1x4AaABAg,,0,@oscarmarin6140,"Bloqueo estadounidense  asfixia al pueblo Cubano  al dia de hoy trupm mandato #2 aranceles al que suministre petroleo  ,fue FIDEL.",2026-02-02T19:22:31Z,2026-02-02T19:22:31Z,0,0,youtube,2026-04-05T13:39:32.877684
bHtI3lCm8wU,Economia y Desarrollo,¿Cómo FIDEL CASTRO acabó con la economía de CUBA?,es,Alta,UgxaXdB5t8vieNkgWBB4AaABAg,,0,@joseluistenorio2991,Fidel se aferró a un ideal. Si no próspero debió cambiar el rumbo. Pero porque tiene que pagar el pueblo cubano una mala edición.de su gobernante.,2026-02-02T16:34:41Z,2026-02-02T16:34:41Z,1,0,youtube,2026-04-05T13:39:32.877686
bHtI3lCm8wU,Economia y Desarrollo,¿Cómo FIDEL CASTRO acabó con la economía de CUBA?,es,Alta,Ugz07XjO5EDQSjAZ-Ap4AaABAg,,0,@_yk9ch9hw5q,"Cuba, en 1958, el 62% de los ingenios azucareros eran propiedad de ciudadanos cubanos; el 37% de consorcios estadounidenses y el 1% restante, de españoles y franceses; y que la zafra de 1952 fue de más de 7 millones de toneladas de azúcar (en 2025 apenas alcanzó 1.1, se anunció en mayo). Durante los años cincuenta Cuba llegó a aportar el 21.37% de la producción mundial de azúcar con un territorio del tamaño de la península de Baja California. El comunista cubano Carlos Rafael Rodríguez le habría dicho que en salud, educación, transporte, telefonía, ferrocarriles, radio y TV, y por supuesto, en producción azucarera y tabacalera, Cuba era entonces y en casi todo, uno de los dos, a veces el tercero y a menudo el primer país de Latinoamérica, en esos rubros y algunos más. Cuba era autosuficiente en el consumo de azúcar, leche, café, tabaco, frutas tropicales y carne de res (desde 1940); y prácticamente autosuficiente en productos del mar, carne de cerdo, tubérculos, hortalizas, avícolas, huevo y producción de calzado. Cuando Fidel Castro se hizo del poder en Cuba había 6,325,000 cabezas de ganado, de las cuales 940,000 eran vacas lecheras (quinto productor de la región, según la ONU), para una población de seis millones; los datos son de 1961, publicados por el Instituto de la Reforma Agraria. Para el periodo 1986-1989, ellos mismos reportaron que la producción per cápita de carne vacuna había caído a la mitad respecto del nivel de 1958. El año 2000 es punto menos que desastroso: hay menos cabezas de ganado que en 1946: 4,110,200 –la cifra incluye el ganado lechero, si lo hay. Para una población 2.5 veces mayor. Las cifras son del Anuario Estadístico de Cuba, reportado por Óscar Espinosa Chepe (Cuba / Revolución o involución, Madrid, Aduana Vieja, 2007). El autor es economista, periodista independiente, ex funcionario del Banco Nacional de Cuba, ex diplomático; encarcelado en 2003. Todo indica que la mayor parte de la población vacuna ya pasó por las carnicerías: para 2010, al menos el 80% de los alimentos que se consumen en Cuba son importados, de Estados Unidos: pollo, maíz, trigo, soya y leche en polvo. Mientras los quince países de mayor producción lechera de Latinoamérica incrementaron su producción en 228% durante el periodo 1958-1996, la Cuba castrista aumentó su producción lechera en un 11%. A pesar de que en la Cuba castrista solo toman leche los menores de siete y los mayores de 65 años, es necesario importar leche. En 1958 Cuba también era autosuficiente en el consumo de leche evaporada y condensada. Es evidente que hoy hasta las vacas lecheras terminaron en la carnicería. Los autores de A study on Cuba (University of Miami, 1965) consignan que la importación de carne, proveniente de Canadá y Estados Unidos, inició en 1960, cuando, increíblemente, dicen los autores, se mandó a los mataderos a sementales, ante la inminente carestía. En cambio en la Cuba precastrista la importación de carne vacuna fresca se suspendió en 1940, año en que se alcanzó la autosuficiencia y se inició la exportación (nunca hubo fiebre aftosa en Cuba). Desde los años cuarenta hasta 1958 el kilo de carne de res costó en promedio 51.5 centavos y el consumo anual era de 112.4 libras per cápita. En esa época los cubanos tenían la más alta ingesta de proteína en Latinoamérica, después de Argentina y Uruguay; más del 80% de la ganadería era de ciudadanos cubanos. En 1960, con libreta de racionamiento, las tiendas del Estado castrista vendían anualmente, per cápita, un tercio de aquella cantidad (puerco y res, combinadas). En 1958, el consumo anual de arroz, por persona, básico en la dieta cubana, era altísimo: 110 libras, diez veces el de Estados Unidos. A pesar de que la producción nacional era abundante y de buena calidad (cuarto productor del continente; hoy es el duodécimo, abajo de Bolivia, según datos de la FAO), había que importar arroz de Asia y de Latinoamérica frijol, maíz y otros granos. Pero Cuba tenía dinero para importar lo que necesitaba: la balanza comercial de Cuba fue positiva desde 1902 hasta 1957; con excepción de 1921. Pocos países en el mundo deben tener un récord similar. En cambio, en la Cuba castrista el crecimiento del volumen de las exportaciones fue, hasta finales del siglo XX, de los más bajos de Latinoamérica, abajo de Haití. Con todo y la notable diferencia en territorio y población, en 1958 México y Cuba tenían el mismo volumen de exportaciones; hacia el final del siglo XX las exportaciones mexicanas habían crecido 130 veces mientras las cubanas apenas se duplicaron. El estancamiento de las exportaciones cubanas es abismal. En 1958, solo Venezuela (por el petróleo) y Brasil tenían mayor volumen de exportaciones que Cuba. Ello explica que en 1958 Cuba tuviera la tercera mayor reserva internacional de divisas de Latinoamérica: 19 mil millones de dólares, a precios actuales. Explicablemente, en 1958 Cuba tenía el tercer ingreso anual per cápita (356 dólares), después de Uruguay (365) y Venezuela (857); México (263) estaba en octavo lugar (son datos de A study on Cuba, del Boletín Mensual de Estadísticas de Estados Unidos de 1961 y del FMI).",2026-02-01T22:28:47Z,2026-02-02T00:15:41Z,1,0,youtube,2026-04-05T13:39:32.877691
bHtI3lCm8wU,Economia y Desarrollo,¿Cómo FIDEL CASTRO acabó con la economía de CUBA?,es,Alta,UgzYFLekgQSCA2inD4N4AaABAg,,0,@_yk9ch9hw5q,"En 1958 Cuba tenía un sólido sistema de salud pública y alcanzó entonces el índice de mortalidad infantil más bajo de Latinoamérica (33.4 fallecimientos, durante el primer año de vida, por cada mil niños nacidos vivos); lejos, le seguía Argentina (61.1), y aún más lejos estaba Costa Rica (89.0), México (80.8) y Chile, en donde era altísimo: 126.8. No obstante, en 1990, Cuba, Costa Rica y Chile tenían prácticamente el mismo índice de mortalidad infantil: 15, 16 y 18, respectivamente. México seguía teniendo un alto índice: 41. Los datos para Cuba son del Anuario Estadístico de Cuba de 1974, y los demás de América en cifras, del Instituto Interamericano de Estadística, Washington, D.C. (IIE) y la ONU. Durante el periodo 1950-1954, en Cuba, la relación de un médico por cada mil habitantes también era la más alta de Latinoamérica. México tenía un médico por cada 2,400 habitantes, Cuba uno por cada 960. Son datos de la OMS; Cuba estaba por arriba de algunos países europeos como Inglaterra, Francia, Suecia y España.",2026-02-01T22:28:07Z,2026-02-01T22:28:07Z,1,0,youtube,2026-04-05T13:39:32.877694
bHtI3lCm8wU,Economia y Desarrollo,¿Cómo FIDEL CASTRO acabó con la economía de CUBA?,es,Alta,UgwfCBXzVunuTA0rMON4AaABAg,,0,@_yk9ch9hw5q,"Los datos en salud y educación de Cuba, para el periodo que va de los años cuarenta a 1958, son congruentes: en Cuba los estudios del área de la salud siempre tuvieron muy alta población estudiantil: en 1934 el 75% de todos los graduados universitarios egresaron de esa área: médicos, odontólogos, enfermeras, parteras, farmacéuticos; en 1943 fueron el 50%, pues creció la matrícula en otras áreas. El siguiente índice lo ocuparon los pedagogos y luego los abogados. La seguridad social en Cuba, desde los años cuarenta, aunque no universal todavía, muy probablemente era la mejor de Latinoamérica: en 1958 el 90% de los trabajadores gozaba de seguridad social.",2026-02-01T22:27:40Z,2026-02-01T22:27:40Z,1,0,youtube,2026-04-05T13:39:32.877697
bHtI3lCm8wU,Economia y Desarrollo,¿Cómo FIDEL CASTRO acabó con la economía de CUBA?,es,Alta,Ugya3FWf9wNcIDaweb54AaABAg,,0,@_yk9ch9hw5q,"Desde los primeros años cuarenta y hasta 1958, en Cuba, el presupuesto anual de egresos dedicado a la educación fue superior al 20% del total. En 1958 fue el más alto de Latinoamérica: 23% (sin incluir la construcción de escuelas). Le seguía Argentina con 19.6% y luego Costa Rica con el 20%; México dedicó el 14% de su presupuesto a la educación (según datos históricos de Ministerio de Hacienda de Cuba, el IIE y la UNESCO). En 1958 Cuba tenía una universidad por cada 750 mil habitantes; México, veinte años después, en 1978, tenía una por cada millón 700 mil habitantes. La proporción es abrumadora. El número de bibliotecas que tenía Cuba en 1958 solo era superado por Argentina y Brasil.",2026-02-01T22:27:19Z,2026-02-01T22:27:19Z,1,0,youtube,2026-04-05T13:39:32.877700
bHtI3lCm8wU,Economia y Desarrollo,¿Cómo FIDEL CASTRO acabó con la economía de CUBA?,es,Alta,UgzPZ1tXnPYR9N10NQ54AaABAg,,0,@_yk9ch9hw5q,"El prestigio de la medicina y la educación cubana tiene profundas raíces en la primera mitad del siglo XX, no es producto del comunismo castrista. La tan publicitada campaña alfabetizadora de 1961, que encubrió otros fines, duró solo ese año porque no hacía falta: en 1958 había en Cuba más escuelas primarias rurales que urbanas: 4,889 y 2,678, respectivamente. “El gran avance de la medicina cubana comunista”, así como la alfabetización, fueron más un falaz montaje publicitario que realizaciones concretas: ya estaba hecho casi todo. Lejos de reconocer en su justa proporción los avances anteriores, Castro difundió falsedades estadísticas desde el primer día, como el mito del “40% de analfabetismo en 1959”. El régimen castrista cosechó y publicitó, ad nauseam, lo que otras generaciones de cubanos habían sembrado mucho antes que él. No obstante, se adjudicó la autoría. Y luego dilapidó el patrimonio. Un nieto del Che Guevara, Canek Sánchez Guevara, estudiante de diseño en la Universidad de La Habana, le hizo a Andrés Oppenheimer (Reforma, 15/XII/2008) un buen resumen de las condiciones de la educación en 1991: “No hay papel, ni lápices, ni interés de parte de los profesores en hacer nada. Y si te gradúas no hay trabajo. Aquí no hay futuro.” Hoy Canek vive en Oaxaca, alejado de los reflectores.",2026-02-01T22:26:46Z,2026-02-01T22:26:46Z,1,0,youtube,2026-04-05T13:39:32.877702
bHtI3lCm8wU,Economia y Desarrollo,¿Cómo FIDEL CASTRO acabó con la economía de CUBA?,es,Alta,UgyL0c8N26zjNevqte14AaABAg,,0,@JesusMejia-il3vx,"Cuba ya sufría de pobreza rural; 60% de los campesinos vivía en bohíos sin agua ni letrinas, 85% al 100% de analfabetismo funcional o total en zonas rurales, un campesino no era dueño de la tierra, vivían bajo amenaza de despojo. Los obreros agrícolas no tenían ni 25 centavos diarios para vivir. Esto fue lo que Fidel violentó para volver al pueblo más miserable, No hay nación que soporte un régimen socialista.  socialista termina por pudrir la nación. Volteen a ver nicaragua venezuela y para dónde va México",2026-02-01T20:25:06Z,2026-02-01T20:25:06Z,0,0,youtube,2026-04-05T13:39:32.877707
bHtI3lCm8wU,Economia y Desarrollo,¿Cómo FIDEL CASTRO acabó con la economía de CUBA?,es,Alta,UgxKsEBEV_wc28Ezk6h4AaABAg,,0,@_yk9ch9hw5q,"Que bueno que casi todos los videos sobre Cuba, la gran mayoría de los youtubers, videoastas, influencers y documentalistas adentro y fuera de Cuba no se prestan a repetir las mentiras castristas (y repetidas por sus cotorras de otros países) culpando a terceros países de la miseria, destrucción y falta de libertades de Cuba y su pueblo, y se solidarizan con el cubano de a pie y muestran sin margen de duda, cómo el tirano Fidel Castro fue el causante de la destrucción, miseria y falta de libertades que padecen los cubanos bajo la bota comunista. Los cubanos tienen deseos de decir lo que piensan a cualquiera que les entreviste, porque durante los tiempos en vida del tirano Fidel Castro se les obligó a simular apoyarle y a mentir. Todavía algunos lo hacen, pero son los menos. Ni siquiera la represiva Ley Mordaza que recién acaba de aprobar la tiranía castrista, ya logra amedrentar a los cubanos, y cada vez se sueltan mas a decirle a los extranjeros las realidades que ellos viven. por eso ahora hay tantos youtubers cubanos que desde adentro de Cuba, y sin miedo y pese a la represión a la que son sometidos, cuentan al mundo la realidad del cubano de a pie, no las mentiras castristas que antaño era lo único que el mundo conocía por fuentes oficiales del régimen cubano",2026-02-01T20:01:34Z,2026-02-01T20:01:34Z,1,0,youtube,2026-04-05T13:39:32.877710
bHtI3lCm8wU,Economia y Desarrollo,¿Cómo FIDEL CASTRO acabó con la economía de CUBA?,es,Alta,UgxFYMsx-hnOsjAuqQt4AaABAg,,0,@_yk9ch9hw5q,"La tiranía castrista siempre ha usado una campaña sucia sin parar contra todo el que se le opone. Y además, vendiendo mentiras. Por eso hay que liberarse de ella.",2026-02-01T20:00:58Z,2026-02-01T20:00:58Z,1,0,youtube,2026-04-05T13:39:32.877712
bHtI3lCm8wU,Economia y Desarrollo,¿Cómo FIDEL CASTRO acabó con la economía de CUBA?,es,Alta,UgwoHEkOhn3pS0Hf2m14AaABAg,,0,@NapolesSanchez-z8s,"66. Años
Campaña sucia  sin parar",2026-02-01T16:19:41Z,2026-02-01T16:19:41Z,0,0,youtube,2026-04-05T13:39:32.877716
bHtI3lCm8wU,Economia y Desarrollo,¿Cómo FIDEL CASTRO acabó con la economía de CUBA?,es,Alta,Ugzgrg_MsUaZdFr__RV4AaABAg,,0,@_yk9ch9hw5q,El tirano Fidel Castro destruyó las fuentes de alimentación de los cubanos: los sectores agropecuario y de la pesca. por eso la hambruna de hoy.,2026-02-01T03:12:46Z,2026-02-01T03:12:46Z,1,0,youtube,2026-04-05T13:39:32.877718
bHtI3lCm8wU,Economia y Desarrollo,¿Cómo FIDEL CASTRO acabó con la economía de CUBA?,es,Alta,UgxSdG0AgfQZLc4MKst4AaABAg,,0,@emanuelsisnero5565,4:58  a final x su propi culpa estan como estan.😮,2026-02-01T01:51:18Z,2026-02-01T01:51:18Z,0,0,youtube,2026-04-05T13:39:32.877722
bHtI3lCm8wU,Economia y Desarrollo,¿Cómo FIDEL CASTRO acabó con la economía de CUBA?,es,Alta,Ugxa6qQ0Dg4Y5iAP7iB4AaABAg,,0,@joga6925,"El Dictador y tirano que destruyó a Cuba y empobrecio a sus ciudadanos. Fidel Castro, por no reconocer su fracasó, culpó  a los EE. UU,, mientras el se enriquecía on sus secuaces.",2026-01-31T19:32:05Z,2026-01-31T19:35:30Z,0,0,youtube,2026-04-05T13:39:32.877725
bHtI3lCm8wU,Economia y Desarrollo,¿Cómo FIDEL CASTRO acabó con la economía de CUBA?,es,Alta,UgxiulTFf_dl3tOpnyV4AaABAg,,0,@alejandrovelas641,"Ingenuos,cínicos, alineados o simplemente voltean para otro lado. Hoy Trump los desengaña, lucha contra el comunismo al atacar Venezuela, NO. Se los dijo, es el petróleo. Cuba nacionaliza su riqueza y es el imperio que no puede permitir que una nación socialista prospere, ¿por qué? simple, afecta a sus intereses económicos. Eso es lo que se le perdió a EU en Cuba, esa es al razón de su bloqueo más brutal contra alguna nación. Y viene los letrados, los hipócritas, los alineados a vociferar: ¡ aléjense del comunismo, el comunismo mata! Patéticos.",2026-01-30T13:37:09Z,2026-01-30T13:37:09Z,0,0,youtube,2026-04-05T13:39:32.877728
bHtI3lCm8wU,Economia y Desarrollo,¿Cómo FIDEL CASTRO acabó con la economía de CUBA?,es,Alta,UgzRbDbxwVoMp0RF__J4AaABAg,,0,@_yk9ch9hw5q,"La década de 1960 y principios de la de 1970 fue una época de numerosos errores destructivos por parte del régimen castrista en Cuba, debido al voluntarismo y los caprichos de última hora del tirano Fidel Castro (cuyas decisiones y órdenes nadie se atrevía a cuestionar porque sabían lo que les sucedería). Aunque nombró todos sus errores y caprichos (algo que se agradece, ya que pueden mostrarse a las futuras generaciones en la enseñanza de la historia de la Cuba castrista), es difícil distinguir el efecto de cada uno por separado. No hemos olvidado (la peor de todas las decisiones): la llamada ""zafra de los diez millones de toneladas"" que paralizó toda la economía cubana. Pero estrechamente vinculado a ello estaba el ""Cinturón de La Habana"", los planes de genética ganadera (¿quién no recuerda que el tirano quería crear en Cuba el ganado que más leche y carne producía, dando origen a las razas F1, F2, etc.?) para una industria ganadera que, para producir leche, vio cómo se le quitaba el aire acondicionado a oficinas, centros de trabajo y escuelas en La Habana, dejando a los trabajadores de la isla en un calor insoportable. ¿O quién no recuerda la eliminación de la contabilidad interempresarial y, por ende, de la licenciatura en contabilidad en las universidades, así como la eliminación de los pagos y cobros interempresariales? ¿O los infames y represivos campos de concentración de las UMAP, donde todo aquel que aparentara (aunque no lo fuera) homosexual, tuviera creencias religiosas, escuchara música inglesa, usara pantalones ajustados (en el caso de los hombres) o tuviera el pelo largo era encarcelado para realizar trabajos forzados en la agricultura cubana? O la ""parametrización"" que destruyó a tantos artistas e intelectuales durante el (llamado) ""quinquenio gris"", y una de las decisiones más destructivas del tirano Fidel Castro, la eufemísticamente llamada ""ofensiva revolucionaria"" (ofensiva revolucionaria-ladrona) que eliminó los pequeños negocios y destruyó las microempresas en Cuba, dejando un enorme vacío en el comercio y los servicios básicos para la población, cuyas consecuencias aún se sienten hoy. Y solo hablamos de la situación interna, porque externamente despilfarraba recursos, fomentando y entrenando guerrillas y grupos subversivos en Latinoamérica desde Cuba, e iniciando su participación en guerras en África, que consumieron gran parte de los recursos de Cuba. Lo peor es que en el 99% de las cosas que mencioné, fracasó, y solo sirvieron para acumular la destrucción causada por el tirano Fidel Castro a Cuba.",2026-01-27T11:01:31Z,2026-01-27T11:01:31Z,1,0,youtube,2026-04-05T13:39:32.877731
bHtI3lCm8wU,Economia y Desarrollo,¿Cómo FIDEL CASTRO acabó con la economía de CUBA?,es,Alta,UgxM2n5iq6O4e8PXXLR4AaABAg,,0,@_yk9ch9hw5q,"The narrative of the Castro regime, constantly repeated by its foreign henchmen to portray themselves as victims and avoid taking responsibility for the destruction of Cuba by the tyrant Fidel Castro, is to blame others for the destruction he himself caused. Cubans, having lived through it, know this well, but this discourse is working less and less for them, because Cuba's economic history since 1959 is blowing up in their faces.",2026-01-27T10:59:02Z,2026-01-27T10:59:02Z,1,0,youtube,2026-04-05T13:39:32.877733
bHtI3lCm8wU,Economia y Desarrollo,¿Cómo FIDEL CASTRO acabó con la economía de CUBA?,es,Alta,Ugz4j_1s8rnzqRPC5v54AaABAg,,0,@NewfsGoneWild,Same US narative blame the the Victim cuba and the people of Cuba. Sanctions have destroyed Cuba,2026-01-27T06:50:11Z,2026-01-27T06:50:11Z,1,0,youtube,2026-04-05T13:39:33.832719
bHtI3lCm8wU,Economia y Desarrollo,¿Cómo FIDEL CASTRO acabó con la economía de CUBA?,es,Alta,Ugyme1tADMq6sGIKGO54AaABAg,,0,@_yk9ch9hw5q,"On the streets of Cuba, the narrative of the much-touted blockade has been progressively crumbling as the erratic direction of the country has become evident, recognizable in the implementation of failed economic policies that have left an extremely high human and material cost, ceding all the prominence to political and administrative corruption as the fundamental cause of Cuba's downfall, from which not even the Castro family is exempt. The US embargo is a victimhood pretext used to portray the country to the international community. For the vast majority of Cubans, the problem is purely domestic: the entire island's government is corrupt. Within the Castro regime, it's a free-for-all; if you don't kill the cow, you grab its leg. Cuba is a rotting corpse.",2026-01-24T18:11:48Z,2026-01-24T18:11:48Z,1,0,youtube,2026-04-05T13:39:33.832731
bHtI3lCm8wU,Economia y Desarrollo,¿Cómo FIDEL CASTRO acabó con la economía de CUBA?,es,Alta,UgwHjUgH0ROkAfqHEdF4AaABAg,,0,@vickymensah9453,"You mean how America destroyed  it. It's your way, or know way...",2026-01-24T14:08:49Z,2026-01-24T14:08:49Z,0,0,youtube,2026-04-05T13:39:33.832734
bHtI3lCm8wU,Economia y Desarrollo,¿Cómo FIDEL CASTRO acabó con la economía de CUBA?,es,Alta,UgwEIigMhdyxTDdlOxV4AaABAg,,0,@WILSONPAZ-p7t,"ESTO MUESTRA QUE ASÍ LA GRAN MAYORÍA PERTENECEMOS A LAS CLASES BAJAS ,EL MEJOR SISTEMA ES EL CAPITALISMO DONDE SI TIENES VOLUNTAD PUEDES PROGRESAR Y ASI TODO UN PAIS.",2026-01-22T12:44:46Z,2026-01-22T12:44:46Z,0,0,youtube,2026-04-05T13:39:33.832737
bHtI3lCm8wU,Economia y Desarrollo,¿Cómo FIDEL CASTRO acabó con la economía de CUBA?,es,Alta,UgzQEOfmPLw-dwqqILF4AaABAg,,0,@victorsanchez-mf8tr,"inútiles, inútiles, más que le protejan los partidos políticos populistas europeos, que se vengan a vivir a estos paises en la que sus ciudadanos sufren las consecuencias del socialismo populista comunista, ¡venga! veniros y disfrutar de larevolución oño",2026-01-21T21:28:29Z,2026-01-21T21:28:29Z,0,0,youtube,2026-04-05T13:39:33.832740
bHtI3lCm8wU,Economia y Desarrollo,¿Cómo FIDEL CASTRO acabó con la economía de CUBA?,es,Alta,Ugylil9o6nT2l1sOeB14AaABAg,,0,@_yk9ch9hw5q,"Cuba tenía en 1958 el doble de renta que España, ahora está alnivel de Honduras. El tirano Fidel Castro haitianizó a Cuba.",2026-01-21T12:48:25Z,2026-01-21T12:48:25Z,1,0,youtube,2026-04-05T13:39:33.832742
bHtI3lCm8wU,Economia y Desarrollo,¿Cómo FIDEL CASTRO acabó con la economía de CUBA?,es,Alta,Ugxx_eoCbiV1ibUWJB94AaABAg,,0,@_yk9ch9hw5q,"Castro destruyó no solo la industria azucarera con la fracasada zafra de los Diez Millones de los años sesenta, donde no pensaba liberar a Cuba de la producción de azúcar sino lograr la zafra mas grande de la historia, para lo cual destruyó todo el sector agropecuario (igual que el de la pesca) al querer llenar a Cuba de caña por todos lados, por eso en Cuba escasea la comida (hasta hoy) pues luego de esa zafra los campos se convirtieron en inmensos marabuzales, y ahora deben importar el pollo de los EEUU. Casi todo lo hizo mal, no hay mucho positivo que rescatar de su gobierno, porque además, le quitó las libertades a los cubanos, que viven sometidos bajo el yugo de una tiranía, peor que la de antes de 1959. Pero parece que los compañeris camaradis no saben lo que fue la desastrosa ""zafra de los diez millones"" que dejó a Cuba sin comida además de desbaratar los centrales azucareros y desarticular toda la economía. (¿le echará la culpa de eso al ""imperio""?). Cuba parasitó a costa de la exURSS vendiéndole caro el azúcar de caña y comprándole barato su petróleo, pero el muy parásito destructor Fidel Castro defendía eso diciendo que se trataba de un ""comercio justo"", lo cual le proporcionaba un multimillonario subsidio que despilfarró en promover terrorismo en América Latina, en participar en guerras en África y en hacr generosas donaciones a países del Tercer Mundo buscando megalomaniacamente que le vieran como un mesías, algo en lo cual al final fracasó y cuyas consecuencias económicas hoy paga el pueblo de Cuba",2026-01-21T04:32:26Z,2026-01-21T04:32:26Z,1,0,youtube,2026-04-05T13:39:33.832745
bHtI3lCm8wU,Economia y Desarrollo,¿Cómo FIDEL CASTRO acabó con la economía de CUBA?,es,Alta,Ugy0oouRocWy-ByahN94AaABAg,,0,@machinepunks15,"A estados unidos no le conviene económias comunistas, estados unidos no los deja evolucionar.",2026-01-20T21:12:24Z,2026-01-20T21:12:24Z,0,0,youtube,2026-04-05T13:39:33.832747
bHtI3lCm8wU,Economia y Desarrollo,¿Cómo FIDEL CASTRO acabó con la economía de CUBA?,es,Alta,Ugxs_3Kk6VwnaHrvGDV4AaABAg,,0,@_yk9ch9hw5q,"Fanático castrista extranjero: En Cuba ninguna persona se acuesta con hambre
Cubano de a pie en Cuba: compañero, que yo no he comido nada hoy
Fanático castrista extranjero: pues no se vaya a dormir",2026-01-19T22:19:19Z,2026-01-19T22:19:19Z,2,0,youtube,2026-04-05T13:39:33.832750
bHtI3lCm8wU,Economia y Desarrollo,¿Cómo FIDEL CASTRO acabó con la economía de CUBA?,es,Alta,Ugx8BPXpCpxU-KtTtBd4AaABAg,,0,@_yk9ch9hw5q,"No sólo acabó con la economía, sino con casi todos los campos de la vida nacional. El sistema educativo bajo la tiranía castrista está por el suelo, porque se le dio mas relevancia al adoctrinamiento de los cubanos en las instituciones educativas, que a aumentar su preparación cultural. Hoy en las escuelas de Cuba se forman semianalfabetos (solo hay que ver cómo escriben los cubanos en las redes, y cómo se expresan, lo que abunda es la “chusmería” y la vulgaridad en las relaciones humanas), pero eso sí, las consignas de la tiranía castrista desde que eres pionero te la hacen recitar de memoria. Pola r eso Cuba ya no produce escritores relevantes como antes de 1959, la tiranía castrista mató la cultura cubana a partir de las “palabras a los intelectuales"" del tirano Fidel Castro, del ""quinquenio gris"" y de la vergonzosa ""parametración"". El tener que recurrir a los “maestros emergentes” ante la salida en masa de muchos maestros de las escuelas por lo mal pagados que son, es la falta de nivel de instrucción que muestran las generaciones mas recientes de cubanos. Ya los tiempos de los “maestros normalistas”, símbolo de un gran nivel de enseñanza en la Cuba precastrista, quedaron como historia antigua. Ahora hasta kCAnel ha pedido que se enseñe ""decencia"" en las escuelas cubanas, algo que jamás había sido necesario antes de 1959, lo cual es una muestra de la decadencia moral de la sociedad cubana, especialmente de las nuevas generaciones.",2026-01-19T22:08:45Z,2026-01-19T22:08:45Z,1,0,youtube,2026-04-05T13:39:33.832753
bHtI3lCm8wU,Economia y Desarrollo,¿Cómo FIDEL CASTRO acabó con la economía de CUBA?,es,Alta,UgzCR-rxjwai5eKf4Ld4AaABAg,,0,@RafaelSchuldz,Cuba es una sanguijuela que vive de los de la unión Soviética y de Venezuela los cubanos son de la acera del frente 😂😂😂😂😂😂 así que los gringos no es interesa esa isla que solo sirve para atrasar el paso de los aviones para América,2026-01-19T21:33:27Z,2026-01-19T21:33:27Z,1,0,youtube,2026-04-05T13:39:33.832755
bHtI3lCm8wU,Economia y Desarrollo,¿Cómo FIDEL CASTRO acabó con la economía de CUBA?,es,Alta,UgzxXlqs0sFlZoylcex4AaABAg,,0,@_yk9ch9hw5q,"En 1962 tuvo lugar el suceso más destructivo para las universidades de Cuba, la llamada “Reforma Universitaria” impuesta por el tirano Fidel Castro antidemocráticamente. En esa lamentable “reforma”, quedó eliminada la autonomía universitaria en Cuba que fue era un logro obtenido antes de 1959 después de ser una de las demandas de luchas históricas del estudiantado universitario en la isla. Se le cedió el poder sobre las universidades del país al tirano Fidel Castro y su mafia, algo impensable que los estudiantes permitieran antes de 1959 con gobierno alguno de Cuba. Desde entonces, desapareció la libertad de cátedra y la libertad de expresión en las universidades, hasta que algún tiempo después el difunto tirano Fidel Castro (dueño ya de toda Cuba y sin oposición) estableció totalitariamente con toda claridad y desfachatadamente, el principio castrista de que “la universidad es para los revolucionarios” (y que tantas veces repitieran él y sus propagandistas), que eso en Cuba equivale a decir: la universidad es para los que son dóciles y sumisos al gobierno de la tiranía castrista.",2026-01-19T21:12:03Z,2026-01-19T21:12:03Z,1,0,youtube,2026-04-05T13:39:33.832757
bHtI3lCm8wU,Economia y Desarrollo,¿Cómo FIDEL CASTRO acabó con la economía de CUBA?,es,Alta,UgxwEe2Y7UbxkzppVZh4AaABAg,,0,@_yk9ch9hw5q,"“todo poder amplia y prolongadamente ejercido, degenera en casta. Con la casta, vienen los intereses, las altas posiciones, los miedos a perderlas, las intrigas para sostenerlas”, y “Todo el poder que iría adquiriendo la casta de funcionarios, ligados por la necesidad de mantenerse en una ocupación privilegiada y pingüe, lo iría perdiendo el pueblo que no tiene las mismas razones de complicidad en esperanza y provechos, para hacer frente a los funcionarios enlazados por intereses comunes. Como todas las necesidades públicas vendrían a ser satisfechas por el estado, adquirirían los funcionarios entonces la influencia enorme que naturalmente viene a los que distribuyen algún derecho o beneficio. El hombre que quiere ahora que el estado cuide de él para no tener que cuidar él de sí, tendría que trabajar entonces en la medida, por el tiempo y en la labor que pudiese el estado asignarle, puesto que a éste, sobre quien caerían todos los deberes, se darían naturalmente todas las facilidades necesarias para recabar los medios de cumplir aquéllas.” (José Martí, Obras Completas 9, pag. 34)",2026-01-19T21:10:09Z,2026-01-19T21:10:09Z,1,0,youtube,2026-04-05T13:39:33.832760
bHtI3lCm8wU,Economia y Desarrollo,¿Cómo FIDEL CASTRO acabó con la economía de CUBA?,es,Alta,UgxFPo76gZoafFhfE5x4AaABAg,,0,@AnelSerrano-j1w1v,Emigraron a estados unidos y estan peores porque tienen qué pagar altos impuestos,2026-01-19T20:21:29Z,2026-01-19T20:21:29Z,0,0,youtube,2026-04-05T13:39:33.832762
bHtI3lCm8wU,Economia y Desarrollo,¿Cómo FIDEL CASTRO acabó con la economía de CUBA?,es,Alta,UgxCChuHC22QZK4X7iR4AaABAg,,0,@AnelSerrano-j1w1v,Porque los gringos no quieren pagar lo requerido.. Impuso el embargo a cuba,2026-01-19T20:20:05Z,2026-01-19T20:20:05Z,0,0,youtube,2026-04-05T13:39:33.832764
bHtI3lCm8wU,Economia y Desarrollo,¿Cómo FIDEL CASTRO acabó con la economía de CUBA?,es,Alta,UgzMCx59DVrRzEyi8Kh4AaABAg,,0,@AnelSerrano-j1w1v,Es mas si los gringos no pagaban impuestos por las tierras,2026-01-19T20:18:37Z,2026-01-19T20:18:37Z,0,0,youtube,2026-04-05T13:39:33.832766
bHtI3lCm8wU,Economia y Desarrollo,¿Cómo FIDEL CASTRO acabó con la economía de CUBA?,es,Alta,UgxO55sS76pX0QD6cwl4AaABAg,,0,@AnelSerrano-j1w1v,Al que no le gusta estar donde esta es lobre de irse,2026-01-19T20:17:59Z,2026-01-19T20:17:59Z,0,1,youtube,2026-04-05T13:39:33.832768
bHtI3lCm8wU,Economia y Desarrollo,¿Cómo FIDEL CASTRO acabó con la economía de CUBA?,es,Alta,UgxO55sS76pX0QD6cwl4AaABAg.ASAe83AKWRSASAkAVGy0kI,UgxO55sS76pX0QD6cwl4AaABAg,1,@_yk9ch9hw5q,"si, como tu, vete a Cuba a vivir jajajajajaja",2026-01-19T21:10:45Z,2026-01-19T21:10:45Z,0,0,youtube,2026-04-05T13:39:33.832775
bHtI3lCm8wU,Economia y Desarrollo,¿Cómo FIDEL CASTRO acabó con la economía de CUBA?,es,Alta,UgzVu6IByX6ZmY65LEN4AaABAg,,0,@_yk9ch9hw5q,"¿Por qué la mentira de las supuestas culpas del cacareado imaginario ""bloqueo"" (o sanciones, como a veces le dicen) no se venden entre la inmensa mayoría de la gente del mundo, excepto entre el wokerío zurdirojete procastrista y los gringofóbicos paranoicos? Porque vaya que la tiranía castrista ha dado orden a sus esbirros de repetirla para intentar convertirla en un tipo de mentira goebbeliana, pero no les ha funcionado. Con simple historia que narremos los que hemos vivido bajo la bota castrista en Cuba, se les desbarata. Y como si fuera poco, los cubanos en la isla nunca culpan a los EEUU por su miseria. Además, esos mismos que culpan a los EEUU evitan hablar sobre el despilfarro del tirano Fidel Castro de los multimillonarios recursos que durante tres décadas recibió de la exURSS y con los cuales cualquier país del tamaño de Cuba se hubiera desarrollado, o evitan hablar del comercio que tiene Cuba con otros países (excepto que digan que Rusia y China participan de ese “bloqueo”, y sin contar que ahora Cuba pertenece a los BRICS con los cuales puede comerciar.",2026-01-19T19:59:04Z,2026-01-19T19:59:04Z,1,0,youtube,2026-04-05T13:39:33.832778
bHtI3lCm8wU,Economia y Desarrollo,¿Cómo FIDEL CASTRO acabó con la economía de CUBA?,es,Alta,UgzmQEwWXIesSyj8jvp4AaABAg,,0,@Armandomurilll,Los 60 años de blokeo es el unico culpable,2026-01-19T18:07:17Z,2026-01-19T18:07:17Z,0,0,youtube,2026-04-05T13:39:33.832781
bHtI3lCm8wU,Economia y Desarrollo,¿Cómo FIDEL CASTRO acabó con la economía de CUBA?,es,Alta,UgxkxjhDfTwKvlBM4xJ4AaABAg,,0,@JuanCota-x4p4p,cómo destruyó Fidel Castro a Cuba? precisamente como AMLO va a destruir a México . ojo pueblo mexicano.,2026-01-19T14:30:59Z,2026-01-19T14:30:59Z,0,0,youtube,2026-04-05T13:39:33.832783
bHtI3lCm8wU,Economia y Desarrollo,¿Cómo FIDEL CASTRO acabó con la economía de CUBA?,es,Alta,UgxGvKZWK3aqctFvkpR4AaABAg,,0,@gudeliacaballerorosales2127,Es necesario  que  se cambie de gobierno  a un tipo de gobierno  capitalista socialista similar al modelo  que planteoʻ Victor Raúl  Haya de la Torre.,2026-01-19T13:07:05Z,2026-01-19T13:07:05Z,0,0,youtube,2026-04-05T13:39:33.832786
bHtI3lCm8wU,Economia y Desarrollo,¿Cómo FIDEL CASTRO acabó con la economía de CUBA?,es,Alta,Ugwz7aRQGdqysaUSI6p4AaABAg,,0,@_yk9ch9hw5q,El castrocmunismo ha sido el régimen mas destructivo y represivo que han padecido los cubanos,2026-01-18T23:49:01Z,2026-01-18T23:49:01Z,1,0,youtube,2026-04-05T13:39:33.832790
bHtI3lCm8wU,Economia y Desarrollo,¿Cómo FIDEL CASTRO acabó con la economía de CUBA?,es,Alta,Ugw-Zs1KfVnXFmo6BcJ4AaABAg,,0,@elcomentar9059,El Comunismo es un tipo de Delincuencia disfrazado de política. Es el diablo disfrazado de político. Lo dice y avala la historia....😑,2026-01-18T19:16:59Z,2026-01-18T19:16:59Z,0,0,youtube,2026-04-05T13:39:33.832793
bHtI3lCm8wU,Economia y Desarrollo,¿Cómo FIDEL CASTRO acabó con la economía de CUBA?,es,Alta,UgwXa6H3a7-VvuEdQoB4AaABAg,,0,@_yk9ch9hw5q,"Convertir a Venezuela en una neocolonia castrista fue lo peor que les pudo ocurrir a ese país, la tiranía castrista lo hizo colapsar y lo arruinó igual que a Cuba, lo otro lo hizo la enorme corrupción chavista, hasta las hijas de Chávez se convirtieron en millonarias. No solo el tirano Fidel Castro legó una Cuba en ruinas, sino que ayudó a desbaratar todo país al que se le acercó para parasitar, llámese URSS o Venezuela",2026-01-18T11:58:16Z,2026-01-18T11:58:16Z,1,0,youtube,2026-04-05T13:39:33.832795
bHtI3lCm8wU,Economia y Desarrollo,¿Cómo FIDEL CASTRO acabó con la economía de CUBA?,es,Alta,UgyqVYcdzf5HQ2uo4tx4AaABAg,,0,@JOEL00111,Fidel was a CIA agent the whole time. Appointed to destroy cuba from within!,2026-01-17T20:35:08Z,2026-01-17T20:35:08Z,0,0,youtube,2026-04-05T13:39:33.832797
bHtI3lCm8wU,Economia y Desarrollo,¿Cómo FIDEL CASTRO acabó con la economía de CUBA?,es,Alta,UgwOrLS35GYLu_3CV_h4AaABAg,,0,@a.b.g.8490,Estas cosas no ocurrian durante el vireinado!,2026-01-17T09:19:23Z,2026-01-17T09:19:23Z,0,0,youtube,2026-04-05T13:39:33.832799
bHtI3lCm8wU,Economia y Desarrollo,¿Cómo FIDEL CASTRO acabó con la economía de CUBA?,es,Alta,UgwPawzZQw8tquIQsrJ4AaABAg,,0,@_yk9ch9hw5q,"Para sobrevivir desde que desbarató la economía cubana, su tiranía se dedicó a vender servicios de mercenarios a Rusia y a Venezuela",2026-01-17T04:12:42Z,2026-01-17T04:12:42Z,1,0,youtube,2026-04-05T13:39:33.832801
bHtI3lCm8wU,Economia y Desarrollo,¿Cómo FIDEL CASTRO acabó con la economía de CUBA?,es,Alta,Ugz-jV0YbWZxFmH-qFh4AaABAg,,0,@_yk9ch9hw5q,"Hay que convertir el actual mediocre embargo en un verdadero bloqueo contra la tiranía castrista, para que ella y sus esbirros extranjeros tengan verdaderos motivos para andar de llorones en toda la web",2026-01-16T22:37:00Z,2026-01-16T22:37:00Z,1,0,youtube,2026-04-05T13:39:33.832803
bHtI3lCm8wU,Economia y Desarrollo,¿Cómo FIDEL CASTRO acabó con la economía de CUBA?,es,Alta,UgxXbG5BI1vDighdUMR4AaABAg,,0,@_yk9ch9hw5q,"Donald Trump, el indiscutible líder del mundo en estos momentos, Presidente de la Libertad en las Américas....María Corina Machado, la indiscutible líder del pueblo de Venezuela en estos momentos, que cuando caiga completamente la tiranía castrochavista de ese país, dirigirá los destinos de la nueva Venezuela libre",2026-01-16T22:35:36Z,2026-01-16T22:35:36Z,1,0,youtube,2026-04-05T13:39:33.832807
bHtI3lCm8wU,Economia y Desarrollo,¿Cómo FIDEL CASTRO acabó con la economía de CUBA?,es,Alta,UgxV05OFzNa9y3W5lPt4AaABAg,,0,@Luyggi-xs8vm,Usa y su bloqueo es el culpable. todo el mundo lo sabe. lo mismo le hicieron a Chávez. el que no se arrodilla . lo aislan en la miseria . 🤘😉,2026-01-16T21:46:50Z,2026-01-16T21:46:50Z,0,0,youtube,2026-04-05T13:39:33.832809
bHtI3lCm8wU,Economia y Desarrollo,¿Cómo FIDEL CASTRO acabó con la economía de CUBA?,es,Alta,UgwCJpZt8w-l8yE9I6N4AaABAg,,0,@Pepe-b6b9q,Cuba estaba mal y quedo peor.,2026-01-16T20:03:41Z,2026-01-16T20:03:41Z,0,0,youtube,2026-04-05T13:39:33.832811
bHtI3lCm8wU,Economia y Desarrollo,¿Cómo FIDEL CASTRO acabó con la economía de CUBA?,es,Alta,UgygzaZHfle6SAyL4vd4AaABAg,,0,@_yk9ch9hw5q,"Hubiera sido mejor haber seguido con Batista, que hoy parece un niño de pecho al lado del destrozo que hizo Fidel Castro del país, por eso la inmensa mayoría de la gente hoy lamenta ese cambio con la mal llamada ""revolución"" que mas bien ha sido INVOLUCIÓN",2026-01-16T06:14:33Z,2026-01-16T06:14:33Z,1,0,youtube,2026-04-05T13:39:33.832814
bHtI3lCm8wU,Economia y Desarrollo,¿Cómo FIDEL CASTRO acabó con la economía de CUBA?,es,Alta,Ugys_T9RG8syEf8COLF4AaABAg,,0,@_yk9ch9hw5q,"Es imperdonable que este tirano, el peor que ha tenido Cuba en su historia, haya pulverizado a la nación cubana, no solo a su economía, sino cosas mas importantes como las libertades de un pueblo, a las familias cubanas y hasta el patriotismo de los cubanos, que ha desaparecido",2026-01-16T06:12:36Z,2026-01-16T06:12:36Z,0,0,youtube,2026-04-05T13:39:33.832817
bHtI3lCm8wU,Economia y Desarrollo,¿Cómo FIDEL CASTRO acabó con la economía de CUBA?,es,Alta,UgyEcBnnQApVlTKyJG54AaABAg,,0,@JorgeLuisPardo-d9i,Es el criminal  bloqueo economico y financiero yanqui  el origen del sufrimiento de las familias cubanas sometidas al hambre. Solo un imbecil puede obviar esta realidad,2026-01-16T02:58:38Z,2026-01-16T02:59:33Z,0,0,youtube,2026-04-05T13:39:33.832819
bHtI3lCm8wU,Economia y Desarrollo,¿Cómo FIDEL CASTRO acabó con la economía de CUBA?,es,Alta,UgyAkxca0UNuXwzRhjp4AaABAg,,0,@Geremy-v4z,Resultó que Fidel castro era peor que Batista..,2026-01-15T16:19:49Z,2026-01-15T16:19:49Z,0,0,youtube,2026-04-05T13:39:33.832821
bHtI3lCm8wU,Economia y Desarrollo,¿Cómo FIDEL CASTRO acabó con la economía de CUBA?,es,Alta,Ugx4O5Z6q68GPlgDovB4AaABAg,,0,@_yk9ch9hw5q,"mas bien acabó con toda la nación cubana, Cuba ha sufrido una destrucción que costará mucho su recuperación, destruyó antropológicamente al cubano",2026-01-14T21:52:00Z,2026-01-14T21:52:00Z,1,0,youtube,2026-04-05T13:39:33.832823
bHtI3lCm8wU,Economia y Desarrollo,¿Cómo FIDEL CASTRO acabó con la economía de CUBA?,es,Alta,Ugxa0Mzyf0fz6pmICS94AaABAg,,0,@amcomchiledesbloqueosimeid4289,eso es el socialismo quieren igualdas y al final a todos los dejan pobres como ratas esa es su igualdad y la elite politica vive como millonarios,2026-01-14T19:43:34Z,2026-01-14T19:43:34Z,0,0,youtube,2026-04-05T13:39:33.832826
bHtI3lCm8wU,Economia y Desarrollo,¿Cómo FIDEL CASTRO acabó con la economía de CUBA?,es,Alta,UgwpiVH2fq7_Wrg00rF4AaABAg,,0,@_yk9ch9hw5q,"En 1958 Cuba tenía un sólido sistema de salud pública y alcanzó entonces el índice de mortalidad infantil más bajo de Latinoamérica (33.4 fallecimientos, durante el primer año de vida, por cada mil niños nacidos vivos); lejos, le seguía Argentina (61.1), y aún más lejos estaba Costa Rica (89.0), México (80.8) y Chile, en donde era altísimo: 126.8. No obstante, en 1990, Cuba, Costa Rica y Chile tenían prácticamente el mismo índice de mortalidad infantil: 15, 16 y 18, respectivamente. México seguía teniendo un alto índice: 41. Los datos para Cuba son del Anuario Estadístico de Cuba de 1974, y los demás de América en cifras, del Instituto Interamericano de Estadística, Washington, D.C. (IIE) y la ONU. Durante el periodo 1950-1954, en Cuba, la relación de un médico por cada mil habitantes también era la más alta de Latinoamérica. México tenía un médico por cada 2,400 habitantes, Cuba uno por cada 960. Son datos de la OMS; Cuba estaba por arriba de algunos países europeos como Inglaterra, Francia, Suecia y España.
Los datos en salud y educación de Cuba, para el periodo que va de los años cuarenta a 1958, son congruentes: en Cuba los estudios del área de la salud siempre tuvieron muy alta población estudiantil: en 1934 el 75% de todos los graduados universitarios egresaron de esa área: médicos, odontólogos, enfermeras, parteras, farmacéuticos; en 1943 fueron el 50%, pues creció la matrícula en otras áreas. El siguiente índice lo ocuparon los pedagogos y luego los abogados. La seguridad social en Cuba, desde los años cuarenta, aunque no universal todavía, muy probablemente era la mejor de Latinoamérica: en 1958 el 90% de los trabajadores gozaba de seguridad social.
Desde los primeros años cuarenta y hasta 1958, en Cuba, el presupuesto anual de egresos dedicado a la educación fue superior al 20% del total. En 1958 fue el más alto de Latinoamérica: 23% (sin incluir la construcción de escuelas). Le seguía Argentina con 19.6% y luego Costa Rica con el 20%; México dedicó el 14% de su presupuesto a la educación (según datos históricos de Ministerio de Hacienda de Cuba, el IIE y la UNESCO). En 1958 Cuba tenía una universidad por cada 750 mil habitantes; México, veinte años después, en 1978, tenía una por cada millón 700 mil habitantes. La proporción es abrumadora. El número de bibliotecas que tenía Cuba en 1958 solo era superado por Argentina y Brasil.
El prestigio de la medicina y la educación cubana tiene profundas raíces en la primera mitad del siglo XX, no es producto del comunismo castrista. La tan publicitada campaña alfabetizadora de 1961, que encubrió otros fines, duró solo ese año porque no hacía falta: en 1958 había en Cuba más escuelas primarias rurales que urbanas: 4,889 y 2,678, respectivamente. “El gran avance de la medicina cubana comunista”, así como la alfabetización, fueron más un falaz montaje publicitario que realizaciones concretas: ya estaba hecho casi todo. Lejos de reconocer en su justa proporción los avances anteriores, Castro difundió falsedades estadísticas desde el primer día, como el mito del “40% de analfabetismo en 1959”. El régimen castrista cosechó y publicitó, ad nauseam, lo que otras generaciones de cubanos habían sembrado mucho antes que él. No obstante, se adjudicó la autoría. Y luego dilapidó el patrimonio. Un nieto del Che Guevara, Canek Sánchez Guevara, estudiante de diseño en la Universidad de La Habana, le hizo a Andrés Oppenheimer (Reforma, 15/XII/2008) un buen resumen de las condiciones de la educación en 1991: “No hay papel, ni lápices, ni interés de parte de los profesores en hacer nada. Y si te gradúas no hay trabajo. Aquí no hay futuro.” Hoy Canek vive en Oaxaca, alejado de los reflectores",2026-01-14T15:03:28Z,2026-01-14T15:04:49Z,1,0,youtube,2026-04-05T13:39:33.832828
bHtI3lCm8wU,Economia y Desarrollo,¿Cómo FIDEL CASTRO acabó con la economía de CUBA?,es,Alta,UgxJa8DWF-VJh2oZ6U94AaABAg,,0,@_yk9ch9hw5q,"Cuba, en 1958, el 62% de los ingenios azucareros eran propiedad de ciudadanos cubanos; el 37% de consorcios estadounidenses y el 1% restante, de españoles y franceses; y que la zafra de 1952 fue de más de 7 millones de toneladas de azúcar (en 2010 apenas alcanzó 1.1, se anunció en mayo). Durante los años cincuenta Cuba llegó a aportar el 21.37% de la producción mundial de azúcar con un territorio del tamaño de la península de Baja California. El comunista cubano Carlos Rafael Rodríguez le habría dicho que en salud, educación, transporte, telefonía, ferrocarriles, radio y TV, y por supuesto, en producción azucarera y tabacalera, Cuba era entonces y en casi todo, uno de los dos, a veces el tercero y a menudo el primer país de Latinoamérica, en esos rubros y algunos más. Cuba era autosuficiente en el consumo de azúcar, leche, café, tabaco, frutas tropicales y carne de res (desde 1940); y prácticamente autosuficiente en productos del mar, carne de cerdo, tubérculos, hortalizas, avícolas, huevo y producción de calzado. Cuando Fidel Castro se hizo del poder en Cuba había 6,325,000 cabezas de ganado, de las cuales 940,000 eran vacas lecheras (quinto productor de la región, según la ONU), para una población de seis millones; los datos son de 1961, publicados por el Instituto de la Reforma Agraria. Para el periodo 1986-1989, ellos mismos reportaron que la producción per cápita de carne vacuna había caído a la mitad respecto del nivel de 1958. El año 2000 es punto menos que desastroso: hay menos cabezas de ganado que en 1946: 4,110,200 –la cifra incluye el ganado lechero, si lo hay. Para una población 2.5 veces mayor. Las cifras son del Anuario Estadístico de Cuba, reportado por Óscar Espinosa Chepe (Cuba / Revolución o involución, Madrid, Aduana Vieja, 2007). El autor es economista, periodista independiente, ex funcionario del Banco Nacional de Cuba, ex diplomático; encarcelado en 2003. Todo indica que la mayor parte de la población vacuna ya pasó por las carnicerías: para 2010, al menos el 80% de los alimentos que se consumen en Cuba son importados, de Estados Unidos: pollo, maíz, trigo, soya y leche en polvo. Mientras los quince países de mayor producción lechera de Latinoamérica incrementaron su producción en 228% durante el periodo 1958-1996, la Cuba castrista aumentó su producción lechera en un 11%. A pesar de que en la Cuba castrista solo toman leche los menores de siete y los mayores de 65 años, es necesario importar leche. En 1958 Cuba también era autosuficiente en el consumo de leche evaporada y condensada. Es evidente que hoy hasta las vacas lecheras terminaron en la carnicería. Los autores de A study on Cuba (University of Miami, 1965) consignan que la importación de carne, proveniente de Canadá y Estados Unidos, inició en 1960, cuando, increíblemente, dicen los autores, se mandó a los mataderos a sementales, ante la inminente carestía. En cambio en la Cuba precastrista la importación de carne vacuna fresca se suspendió en 1940, año en que se alcanzó la autosuficiencia y se inició la exportación (nunca hubo fiebre aftosa en Cuba). Desde los años cuarenta hasta 1958 el kilo de carne de res costó en promedio 51.5 centavos y el consumo anual era de 112.4 libras per cápita. En esa época los cubanos tenían la más alta ingesta de proteína en Latinoamérica, después de Argentina y Uruguay; más del 80% de la ganadería era de ciudadanos cubanos. En 1960, con libreta de racionamiento, las tiendas del Estado castrista vendían anualmente, per cápita, un tercio de aquella cantidad (puerco y res, combinadas). En 1958, el consumo anual de arroz, por persona, básico en la dieta cubana, era altísimo: 110 libras, diez veces el de Estados Unidos. A pesar de que la producción nacional era abundante y de buena calidad (cuarto productor del continente; hoy es el duodécimo, abajo de Bolivia, según datos de la FAO), había que importar arroz de Asia y de Latinoamérica frijol, maíz y otros granos. Pero Cuba tenía dinero para importar lo que necesitaba: la balanza comercial de Cuba fue positiva desde 1902 hasta 1957; con excepción de 1921. Pocos países en el mundo deben tener un récord similar. En cambio, en la Cuba castrista el crecimiento del volumen de las exportaciones fue, hasta finales del siglo XX, de los más bajos de Latinoamérica, abajo de Haití. Con todo y la notable diferencia en territorio y población, en 1958 México y Cuba tenían el mismo volumen de exportaciones; hacia el final del siglo XX las exportaciones mexicanas habían crecido 130 veces mientras las cubanas apenas se duplicaron. El estancamiento de las exportaciones cubanas es abismal. En 1958, solo Venezuela (por el petróleo) y Brasil tenían mayor volumen de exportaciones que Cuba. Ello explica que en 1958 Cuba tuviera la tercera mayor reserva internacional de divisas de Latinoamérica: 19 mil millones de dólares, a precios actuales. Explicablemente, en 1958 Cuba tenía el tercer ingreso anual per cápita (356 dólares), después de Uruguay (365) y Venezuela (857); México (263) estaba en octavo lugar (son datos de A study on Cuba, del Boletín Mensual de Estadísticas de Estados Unidos de 1961 y del FMI).",2026-01-14T15:01:15Z,2026-01-14T15:01:15Z,1,0,youtube,2026-04-05T13:39:33.832830
bHtI3lCm8wU,Economia y Desarrollo,¿Cómo FIDEL CASTRO acabó con la economía de CUBA?,es,Alta,UgwAwjb4GAwo63gDpTh4AaABAg,,0,@_yk9ch9hw5q,"Cuando alguien del zurdirojerío extranjero procastrista fanático dice que hace 66 años en Cuba había pobreza, cuando alguien reclama que se publiquen fotos de los pobres de aquella época, no se me ocurre mejor reacción que pararlo frente a un espejo. ¿Crees que tú que el cubano de hoy es más rico que su abuelo, que vive mejor? Hagamos que el cubano se mire en el espejo del tiempo.
En la República, desde 1902 hasta 1959 los abuelos construyeron cientos de miles de viviendas. Dejaron decenas de barrios nuevos. En La Habana: La Víbora, Cerro, Vedado, Marianao, etc.... El cubano de hoy vive en la casa que construyó su abuelo y no tiene dinero ni para repararla. 
Las navidades hoy transcurren en Cuba oyendo los cuentos del abuelo de cómo hasta 1958, por muy pobre que fuera, iba a la bodega y compraba la cena de Navidad. (los más pobres incluso, a plazos)... Cuéntanos cómo fue la última Navidad del cubano de hoy (ya ni un miserable pollo garantiza racionadamente el gobierno). La bodega de la esquina... de cualquier esquina, estaba llena hasta el techo. Por ley de oferta y demanda, no podría ser así si no hubiera demanda. ¡Ah! Y la mayoría eran productos cubanos. 
Hoy el cubano tiene que mendigar dólares o euros a sus familiares que han emigrado para comprar lo básico en tiendas inventadas donde es imposible hacer un verdadero análisis de sus surtidos, en la ley de la oferta y la demanda. Su abuelo iba a la bodega y compraba con pesos y centavos cubanos un jugo de frutas o una champola. Dime ¿cuándo fue la última vez que un cubano de a pie probó una champola de la bodega? ¿Cuándo fue la última vez que compró un anón en la bodega? ¿Sabes lo que es un anón? Se cultivaban en Cuba antes que Castro destruyera los campos cubanos.
Hasta 1958 sus abuelos compraron autos del año. Hoy el cubano, mal reparas el auto del año que tu abuelo compró, porque no tienes dinero pa' comprarte uno, y todos son carros usados, viejos. 
El abuelo era tan pobre que compró el colchón a plazos. Hoy el cubano remienda el mismo colchón porque con su salario miserable tendría que dormir en el suelo. Además, no hay una colchonería en toda Cuba. 
Su abuelo era tan pobre que compró todos los muebles de la casa cuando se casó con la abuela. El cubano de hoy (junto a su esposa o novia)  no ganan para comprar una cama entre los dos y han dado otra mano de barniz a los muebles de la boda de tus abuelos. 
Las ciudades que dejó el abuelo estaban llenas de servicios, bares, restaurantes, calles, avenidas, acueductos. Con calles alumbradas, con anuncios lumínicos. Hoy el cubano vive en una gran villa miseria y solo puedes aspirar a ver una telenovela donde esas cosas se representen en escena. 
Los abuelos soñaban tener un empleo o poner un negocio o ganar la lotería para hacerse una casita en Cuba. Hoy el sueño de casi cada joven es irse de ese país arruinado y sin libertades. Pa donde quiera, da igual. Lo importante es irse de Cuba. 
Claro, siempre se puede romper el espejo y consolarse conque el abuelo era muy pobre e ignorar la pobreza propia de la mayoría de los cubanos de hoy. Da igual si Cuba era pobre o rica, si el abuelo era pobre o rico en 1958. Eso no va a cambiar la miserable vida de los cubanos en 2025.  De todas formas el sueño de emigrar del cubano, sigue en pie cada día",2026-01-14T14:49:22Z,2026-01-14T14:49:22Z,1,0,youtube,2026-04-05T13:39:33.832832
bHtI3lCm8wU,Economia y Desarrollo,¿Cómo FIDEL CASTRO acabó con la economía de CUBA?,es,Alta,Ugw_kYd0QxtGgMbRIRt4AaABAg,,0,@riccardobrandoni3562,"Antes de 1959 (año de la Revolución Cubana), Cuba era un país de marcados contrastes: por un lado, era una de las naciones más avanzadas y ricas de Latinoamérica, pero por otro, sufría una desigualdad social abismal, una corrupción rampante y una dependencia casi total de Estados Unidos.

A continuación, se presenta un panorama detallado de la situación económica y social en aquel momento:
1. Riqueza y primacía económica

En la década de 1950, Cuba distaba mucho de ser un país pobre para los estándares de la época. En muchos indicadores macroeconómicos, superaba a naciones europeas como España o Irlanda:
* PIB per cápita: Se encontraba entre los más altos de Latinoamérica (a menudo se la cita como tercera o cuarta después de Argentina y Uruguay).
* Servicios e infraestructura: La Habana era una metrópolis sumamente moderna, con más televisores per cápita que cualquier otra ciudad del mundo después de Estados Unidos. Cuba estaba a la vanguardia del transporte y las comunicaciones. * Salud y educación: El número de médicos per cápita era mayor que en muchos países desarrollados, y la tasa de alfabetización (alrededor del 76%) se encontraba entre las más altas del continente.
* Turismo y entretenimiento: La isla era el ""patio de recreo"" de los estadounidenses. Los hoteles de lujo, los casinos y los clubes nocturnos florecieron, impulsados ​​por las masivas inversiones estadounidenses y la presencia de la mafia (figuras como Lucky Luciano y Meyer Lansky).
2. ""Pobreza"" y desigualdad
Esta riqueza estaba distribuida de forma extremadamente desigual. Había, en efecto, ""dos cubos"":
* Ciudad vs. Campo: Si bien La Habana brillaba, la situación en las zonas rurales era desesperada. Solo el 1% de los hogares campesinos contaba con agua corriente y solo el 9% con electricidad.
* El ciclo azucarero: La economía dependía casi por completo de la caña de azúcar. Los jornaleros agrícolas (macheteros) trabajaban solo cuatro meses al año (durante la zafra) y vivían en la pobreza durante los ocho meses restantes, a menudo padeciendo hambre. * Analfabetismo rural: Si bien la educación era buena en las ciudades, en el campo más del 40% de la población era analfabeta.
* Propiedad de la tierra: Una pequeña élite de terratenientes y grandes empresas estadounidenses poseía la gran mayoría de las tierras fértiles, dejando a los pequeños agricultores sin medios de subsistencia.
3. Corrupción y el régimen de Batista
Bajo la dictadura de Fulgencio Batista (en el poder desde 1952), el gobierno se convirtió en sinónimo de corrupción.
* Infiltración mafiosa: La mafia dirigía el juego y la prostitución con la complicidad del gobierno.
* Explotación extranjera: Estados Unidos controlaba el 80% de los servicios públicos, el 90% de las minas y casi la mitad de la industria azucarera. Esta percepción de ""entrega"" del país alimentó un fuerte sentimiento nacionalista que favoreció el ascenso de Fidel Castro.
En resumen: Tabla comparativa (1958)
| Indicador | Situación en Cuba | Comparación internacional |
|---|---|---|
| Consumo calórico | Entre los más altos de la región | Tercero en Latinoamérica |
| Alfabetización | 76% | Cuarto en Latinoamérica |
| Mortalidad infantil | 32 por cada 1000 nacimientos | El más bajo de Latinoamérica |
| Distribución de la riqueza | Extremadamente desequilibrada | Entre los peores del período |
> Nota de contexto: Muchos historiadores definen la Cuba anterior a 1959 como una ""sociedad dual"": una creciente clase media urbana y una élite muy adinerada que vivía en un mundo moderno, en contraste con una masa rural que aún vivía en condiciones casi feudales.
>
¿Le interesa saber más sobre cómo la Reforma Agraria de 1959 cambió radicalmente esta estructura económica?",2026-01-14T10:58:33Z,2026-01-14T10:58:33Z,0,0,youtube,2026-04-05T13:39:33.832834
bHtI3lCm8wU,Economia y Desarrollo,¿Cómo FIDEL CASTRO acabó con la economía de CUBA?,es,Alta,Ugwofo97D4pCgMEs8Nx4AaABAg,,0,@_yk9ch9hw5q,"La mentira de las supuestas culpas de los EEUU, se estrellan por si solas en la pared cuando la historia económica de Cuba es documentada por los que participaron en esa destrucción o los que la sufrieron en carne propia, pero la tiranía castrista y sus esbirros extranjeros quieren repetirla gobbelianamente porque no les queda otro recurso para intentar echar un salvavidas al régimen cubano ante la opinión pública internacional, donde la inmensa mayoría del mundo no la ha comprado. El cubano de a pie, ni referencia a ese embargo hace.",2026-01-14T01:01:56Z,2026-01-14T01:01:56Z,1,0,youtube,2026-04-05T13:39:33.832836
bHtI3lCm8wU,Economia y Desarrollo,¿Cómo FIDEL CASTRO acabó con la economía de CUBA?,es,Alta,UgypBuEPboiicTv_kut4AaABAg,,0,@_yk9ch9hw5q,"Todo lo dicho es correcto, los cubanos que hemos vivido en Cuba casi toda nuestra vida, damos fe de ello. Es más, se queda corto, Lo bueno es que todos los disparates y antojos con lo que este tirano manejó los recursos y la economía de Cuba, él mimo le puso un nombre, para convertirlos en consignas movilizativas en cada momento, desde 1959, asi que está todo bien documentado y quedará como el fracaso de este tirano en la conducción económica de Cuba.",2026-01-14T00:58:19Z,2026-01-14T00:58:19Z,1,0,youtube,2026-04-05T13:39:33.832839
bHtI3lCm8wU,Economia y Desarrollo,¿Cómo FIDEL CASTRO acabó con la economía de CUBA?,es,Alta,UgytcpYvltkhFArVoA14AaABAg,,0,@joseantoniotorresmartinez7748,estas muy mal documentado! Deja de publicar esta basura por favor.,2026-01-13T23:10:34Z,2026-01-13T23:10:34Z,0,0,youtube,2026-04-05T13:39:33.832841
bHtI3lCm8wU,Economia y Desarrollo,¿Cómo FIDEL CASTRO acabó con la economía de CUBA?,es,Alta,UgyClwhDvYq8ZlKihWh4AaABAg,,0,@JobHernandez-ji5rs,Si una parte es culpa del gobernante por falta de estrategias y de ayudar al pueblo para poder sobresalir,2026-01-13T22:14:07Z,2026-01-13T22:14:07Z,0,0,youtube,2026-04-05T13:39:33.832843
bHtI3lCm8wU,Economia y Desarrollo,¿Cómo FIDEL CASTRO acabó con la economía de CUBA?,es,Alta,Ugxu5aHWw6GmYHrGor14AaABAg,,0,@JobHernandez-ji5rs,"No fue Fidel Castro fue Estados Unidos quien le gusta quebrar países, derrocar y finalmente tomarla así de simple",2026-01-13T22:12:00Z,2026-01-13T22:12:00Z,0,0,youtube,2026-04-05T13:39:33.832845
bHtI3lCm8wU,Economia y Desarrollo,¿Cómo FIDEL CASTRO acabó con la economía de CUBA?,es,Alta,UgwOwdSJAt2Jq45yzwt4AaABAg,,0,@_yk9ch9hw5q,"¿Por qué la mentira de las supuestas culpas del cacareado imaginario ""bloqueo"" (o sanciones, como a veces le dicen) no se venden entre la inmensa mayoría de la gente del mundo, excepto entre el wokerío zurdirojete procastrista y los gringofóbicos paranoicos? Porque vaya que la tiranía castrista ha dado orden a sus esbirros de repetirla para intentar convertirla en un tipo de mentira goebbeliana, pero no les ha funcionado. Con simple historia que narremos los que hemos vivido bajo la bota castrista en Cuba, se les desbarata. Y como si fuera poco, los cubanos en la isla nunca culpan a los EEUU por su miseria. Además, esos mismos que culpan a los EEUU evitan hablar sobre el despilfarro del tirano Fidel Castro de los multimillonarios recursos que durante tres décadas recibió de la exURSS y con los cuales cualquier país del tamaño de Cuba se hubiera desarrollado, o evitan hablar del comercio que tiene Cuba con otros países (excepto que digan que Rusia y China participan de ese “bloqueo”, y sin contar que ahora Cuba pertenece a los BRICS con los cuales puede comerciar.",2026-01-13T18:57:11Z,2026-01-13T18:57:11Z,1,0,youtube,2026-04-05T13:39:33.832847
bHtI3lCm8wU,Economia y Desarrollo,¿Cómo FIDEL CASTRO acabó con la economía de CUBA?,es,Alta,UgxOJSKAPCgjO1Tz0UZ4AaABAg,,0,@antoniogunino5170,"NO el Comandante FIDEL, solo hay un culpable del empobrecimiento de CUBA.
y es USA. Los piratas del Gobierno Yankee.",2026-01-13T16:21:26Z,2026-01-13T16:21:26Z,0,0,youtube,2026-04-05T13:39:33.832849
bHtI3lCm8wU,Economia y Desarrollo,¿Cómo FIDEL CASTRO acabó con la economía de CUBA?,es,Alta,Ugy3LiL-mxa6haJP6ON4AaABAg,,0,@_yk9ch9hw5q,"Cuba está en su peor momento económico de toda su historia por la destrucción causada por el tirano Fidel Castro, los que hemos vivido en Cuba casi toda nuestra vida bien lo sabemos. No solo destruyó la economía cubana, destruyó a toda la NACIÓN CUBANA",2026-01-12T02:27:36Z,2026-01-12T02:28:28Z,1,0,youtube,2026-04-05T13:39:33.832851
bHtI3lCm8wU,Economia y Desarrollo,¿Cómo FIDEL CASTRO acabó con la economía de CUBA?,es,Alta,UgxMzkRr3AKi48tmDM94AaABAg,,0,@Maribel-b6i,"Esto es pura mentira, el presidente Bukelle en una entrevista, resaltó el desarrollo qué tiene cuba el cual no la tiene ningún pais",2026-01-11T21:14:58Z,2026-01-11T21:14:58Z,0,0,youtube,2026-04-05T13:39:33.832854
bHtI3lCm8wU,Economia y Desarrollo,¿Cómo FIDEL CASTRO acabó con la economía de CUBA?,es,Alta,UgyJ-9mNDXzW5ij8qt14AaABAg,,0,@malafama1861,Aburridaso,2026-01-11T19:28:12Z,2026-01-11T19:28:12Z,0,0,youtube,2026-04-05T13:39:33.832856
bHtI3lCm8wU,Economia y Desarrollo,¿Cómo FIDEL CASTRO acabó con la economía de CUBA?,es,Alta,Ugxfxj8SjS2hlMZOfH94AaABAg,,0,@_yk9ch9hw5q,"Un análisis sin sesgos ideológicos sobre los efectos del embargo norteamericano a la economía y sociedad cubana apunta a un verdadero culpable del desastre económico y social en Cuba: el gobierno “revolucionario”. Sesenta años dura ya el embargo económico y financiero de Estados Unidos a Cuba. Se impuso como respuesta a las primeras restricciones económicas de Fidel Castro en la isla contra propiedades norteamericanas o cubanas con participación de capital norteamericano, se oficializó el 7 de febrero de 1962 cuando el presidente John F. Kennedy prohibió totalmente la importación de mercancías de origen cubano. Después, como respuesta a las nacionalizaciones de importantes empresas de Estados Unidos radicadas en Cuba, se fueron sumando otras prohibiciones. Igual que muchos se preguntan si todavía es posible científicamente llamar ""revolución” al proyecto social impuesto por Fidel Castro a los cubanos en 1959, es controversial la definición de estas sanciones. Por un lado, el gobierno cubano y sus aliados ideológicos insisten en usar el inexacto término ""bloqueo”, ya que Cuba puede negociar y negocia actualmente con más de 100 países, incluidos los alimentos, medicinas y equipamientos médicos que compra a Estados Unidos gracias a una excepción humanitaria aprobada por el Senado norteamericano en el año 2000. No es correcto hablar de bloqueo, según las normas internacionales, en tanto un bloqueo consiste en impedir que una demarcación pueda comerciar con el resto del mundo, tomando medidas militares que aseguren la interrupción de todo tipo de relaciones con cualquier otro país. Embargo financiero y económico sería, en la práctica y en la ley, el término adecuado. Curioso resulta que mientras Cuba estuvo bajo la égida de la URSS, recibiendo anualmente miles de millones de dólares en productos, petróleo y ayudas financieras, el embargo no estuvo en el discurso político de defensa del gobierno de la isla, ni nacional ni internacionalmente. Esa insistencia en culpar al ""bloqueo yanqui” del desastre económico y financiero en la isla comenzó justamente cuando se desintegró la Unión Soviética, cayó el campo socialista y Cuba se vio obligada a operar en el mercado mundial sin favoritismos ni padrinazgos ideológicos. No podía hacerlo, pues pasó más de tres décadas parasitando, a través del Consejo de Ayuda Mutua Económico (CAME), a la URSS y sus satélites socialistas en Europa del Este, sin aprovechar la multimillonaria ayuda anual para desarrollar la industria y la economía nacional. Cuestionable es también la efectividad del embargo. En seis décadas solamente ha conseguido atrincherar al régimen en un discurso engañoso y propagandístico que sigue actualmente confundiendo al mundo: es culpa del ""bloqueo yanqui” la debacle económica, la inmensa y ya impagable deuda financiera internacional, y la depauperación en todos los órdenes a nivel nacional, que coloca a Cuba hoy como una de las naciones más pobres de América Latina y del mundo, según organismos internacionales. La culpabilidad del supuesto “bloqueo” es una tesis desmentida en los hechos durante el gobierno de Barack Obama, ya que su política de acercamiento y sus numerosas aperturas financieras, económicas y comerciales fueron desaprovechadas casi en su totalidad por Raúl Castro, quien insistió en considerar a Estados Unidos como enemigo aun cuando, cara a cara, Obama aseguró lo contrario, demostrándolo además con hechos concretos. En el medio de ese absurdo debate y de todas la manipulaciones políticas e ideológicas derivadas, por desgracia, hace ya sesenta años hay una sola víctima: el pueblo cubano.",2026-01-11T17:57:16Z,2026-01-11T17:57:16Z,1,0,youtube,2026-04-05T13:39:33.832858
bHtI3lCm8wU,Economia y Desarrollo,¿Cómo FIDEL CASTRO acabó con la economía de CUBA?,es,Alta,UgwNsttrA2n7BM1L5wd4AaABAg,,0,@_yk9ch9hw5q,"Los hambreados cubanos cuando han salido a protestar a las calles de Cuba pidiendo comida, corriente y libertad, nunca culpa de su situación a los EEUU ni al embargo, es más, ni lo mencionan en sus conversaciones. Gracias a los dólares que le llegan de los EEUU, pueden comprar comida en las tiendas en dólares de la tiranía castrista. Menos mal que Cuba dejó de ser una neocolonia soviética porque ese país su pueblo pulverizó el comunismo y su tiranía, así que ya el régimen cubano no pudo seguir más de parásito de ese país con el multimillonario subsidio que recibía, y al destruir el tirano Fidel Castro la economía cubana y robar sus propiedades a los inversionistas nacionales y extranjeros, no tiene de qué vivir, más que de ir pidiendo limosnas por el mundo y de victimizarse. Los cubanos viven bajo la bota de la oligarquía castrista y más aún, de la alta casta militar cubana que es la dueña de los dólares de Cuba. Menos mal que el pueblo cubano come pollo al menos gracias a los EEUU que de donde se importa casi todo ese producto, porque el sector agropecuario cubano fue destruido desde los años sesenta por el tirano Fidel Castro. En definitiva, el destino trazado por el tirano Fidel castro para Cuba, es que sea tragada por los EEUU, cosa que ocurrirá no solo por razones políticas y económicas (la economía cubana ya no puede existir sin la dolarización creciente), sino por razones humanas: la reunificación de las familias ahora dividida entre los dos países en los que se ha dado en llamar ""las dos orillas"".",2026-01-11T17:53:59Z,2026-01-11T17:53:59Z,1,0,youtube,2026-04-05T13:39:33.832860
bHtI3lCm8wU,Economia y Desarrollo,¿Cómo FIDEL CASTRO acabó con la economía de CUBA?,es,Alta,Ugypc3cMxUnVVKa4sCN4AaABAg,,0,@susanagonzalez6383,"VEAN VÍDEOS DONDE EN LA ONU LA MAYORÍA DE LOS PAÍSES VOTAN A FAVOR DE QUE LE ""QUITEN LOS BLOQUEOS A CUBA"". ** PERO EE UU -  ISRAEL VOTAN EN CONTRA EN CONTRA**  *PARECE QUE NADIE ESCUCHA!! EE.UU  ERAN LOS DUEÑOS NOOO ""LOS CUBANOS DE CUBA""  TODO ESTABA """"""PRIVATIZADO A MILLONARIOS ESTADOUNIDENSES""""'.   EN 1962 EE. UU AMPLIÓ LOS EMBARGOS ""PARA PROHIBIR CASI TODO EL COMERCIO EN CUBA"""" ((( PORQUE SI NO ES DUEÑO Y DICTADOR EE.UU, ENTONCES IMPONE BLOQUEOS PARA QUE MUERAN DE HAMBRE Y SE VUELVAN A SOMETER))) EE.UU,   PORQUE EE.UU LO QUE HACE CUANDO INVADE UN PAÍS AL APROPIÁRSE DE SUS BANCOS , PETRÓLEO, ""COMERCIO"" EDUCACIÓN DOMINIO DE LAS TIERRAS.  DICTANDO TODO (((A TRAVÉS DE EL PRESIDENTE QUE OBEDEZCA))) """"LOS  LOS GOBIERNOS, MILLONARIOS Y MULTIMILLONARIOS DE EE.UU (COMO DUEÑOS) """" (NO LOS CUBANOS)  >>>LOS CUBANOS (LAS MAYORÍAS) ERAN SIRVIENTES MANO DE OBRA BARATA Y NO LES INTERESAN A EE UU NI A LOS MILLONARIOS . PARA ELLOS SOLO SIN COSA DE USO. EE.UU SE PROMUEVEN EN LAS  PELÍCULAS  DE HOLLYWOOD  YYYY NOOO LO SON*",2026-01-11T01:10:12Z,2026-01-11T01:10:12Z,0,0,youtube,2026-04-05T13:39:33.832862
bHtI3lCm8wU,Economia y Desarrollo,¿Cómo FIDEL CASTRO acabó con la economía de CUBA?,es,Alta,UgwMi0BClnqekjQR0eF4AaABAg,,0,@AlejandroCastro-jy1be,CUBA fuera un gran país próspero como México pero las dictaduras políticas la empobrecieron que lastima,2026-01-11T00:57:26Z,2026-01-11T00:57:26Z,0,0,youtube,2026-04-05T13:39:33.832864
bHtI3lCm8wU,Economia y Desarrollo,¿Cómo FIDEL CASTRO acabó con la economía de CUBA?,es,Alta,UgzkGGqdOHw459EjUGB4AaABAg,,0,@MANUELZAVALA-z3d,FIDEL CASTRO..HUGO CHAVEZ...MADURO...Y EL CHE GUEVARA ERAN HOMOSEXUALES ASOLAPADOS..,2026-01-10T22:38:35Z,2026-01-10T22:38:35Z,0,0,youtube,2026-04-05T13:39:33.832866
bHtI3lCm8wU,Economia y Desarrollo,¿Cómo FIDEL CASTRO acabó con la economía de CUBA?,es,Alta,UgywRhcxfinW6xsRF494AaABAg,,0,@lautyboca4168,Es mentirs que estava tan bien antes de la revolucion,2026-01-10T22:34:28Z,2026-01-10T22:34:28Z,0,0,youtube,2026-04-05T13:39:33.832868
bHtI3lCm8wU,Economia y Desarrollo,¿Cómo FIDEL CASTRO acabó con la economía de CUBA?,es,Alta,UgwgW_qcsxL8q-oOJRJ4AaABAg,,0,@_yk9ch9hw5q,"Pudo destruir la economía cubana porque en Cuba desapareció la separación de poderes y todo el poder se concentr´¿o en él y no tenía que rendir cuentas a nadie por el uso que daba a los recursos de Cuba, pese a haber tenido a su disposición durante tres décadas multimillonarios recursos de la URSS, además que sus expropiaciones y política de estatismo conllevó a que los inversionistas no invirtieran en Cuba, sin contra que la tiranía castrista tiene una enorme fama de ser una mala pagadora de sus deudas",2026-01-10T17:13:14Z,2026-01-10T17:13:14Z,1,0,youtube,2026-04-05T13:39:33.832870
bHtI3lCm8wU,Economia y Desarrollo,¿Cómo FIDEL CASTRO acabó con la economía de CUBA?,es,Alta,UgyDHLvSF1dN0oRh9hd4AaABAg,,0,@xmzcharz9149,Pasaron de una dictadura nefasta de derecha a una dictadura de izquierda más nefasta aún!!!,2026-01-09T11:14:05Z,2026-01-09T11:14:05Z,0,0,youtube,2026-04-05T13:39:33.832872
bHtI3lCm8wU,Economia y Desarrollo,¿Cómo FIDEL CASTRO acabó con la economía de CUBA?,es,Alta,Ugwn1krgwxRWhGywv6x4AaABAg,,0,@rosaesterhurtadomanco284,Castro destruyó a Cuba Chávez a Venezuela y  para allá va Colombia,2026-01-08T20:42:09Z,2026-01-08T20:42:09Z,0,0,youtube,2026-04-05T13:39:33.832874
bHtI3lCm8wU,Economia y Desarrollo,¿Cómo FIDEL CASTRO acabó con la economía de CUBA?,es,Alta,UgwVZdpeS95wgm8Blft4AaABAg,,0,@sergioestebanmerchanpena8531,Me recuerdan las palabras de mi presidente PETRO OJITO! la derecha no es lo mejor pero es lo menos peor en Colombia. Ojo con las elecciones!,2026-01-08T02:35:11Z,2026-01-08T02:35:11Z,0,0,youtube,2026-04-05T13:39:33.832877
bHtI3lCm8wU,Economia y Desarrollo,¿Cómo FIDEL CASTRO acabó con la economía de CUBA?,es,Alta,Ugxfet855-KIicJ2MRB4AaABAg,,0,@DAYANAVAZQUEZCOTAITA,HERMOSO PAIS ❤ SALUDOS DESDE CÓRDOBA VERACRUZ 🇲🇽 HASTA MI CUBA LINDA ❤ PATRIA DE MIS ABUELOS Y PADRES ❤ VIVA CUBA 🇨🇺,2026-01-07T20:30:59Z,2026-01-07T20:30:59Z,0,0,youtube,2026-04-05T13:39:33.832879
bHtI3lCm8wU,Economia y Desarrollo,¿Cómo FIDEL CASTRO acabó con la economía de CUBA?,es,Alta,UgyFETLCpHgi4cZyjFZ4AaABAg,,0,@MigMedOfficial,Hablaba mejor el inglés que Maduro 😂,2026-01-07T16:34:52Z,2026-01-07T16:34:52Z,0,0,youtube,2026-04-05T13:39:33.832881
bHtI3lCm8wU,Economia y Desarrollo,¿Cómo FIDEL CASTRO acabó con la economía de CUBA?,es,Alta,Ugxpbj5ZPJs7NAEUC-54AaABAg,,0,@VladimirSolís-j5c,Pero que no se te olvide el otro lado de la moneda...,2026-01-07T14:30:04Z,2026-01-07T14:30:04Z,0,0,youtube,2026-04-05T13:39:33.832883
bHtI3lCm8wU,Economia y Desarrollo,¿Cómo FIDEL CASTRO acabó con la economía de CUBA?,es,Alta,UgyJMVjIaeZ4DQ898Dx4AaABAg,,0,@juancarlosacero3868,LO BUENO DE TODO ES QUE YA NO ESTA FIDEL CASTRO Y NUNCA VOLVERA.,2026-01-06T23:17:45Z,2026-01-06T23:17:45Z,0,0,youtube,2026-04-05T13:39:33.832885
bHtI3lCm8wU,Economia y Desarrollo,¿Cómo FIDEL CASTRO acabó con la economía de CUBA?,es,Alta,UgylAaDAxVkhwFSgloF4AaABAg,,0,@juanmanueljimenezgarcia8659,Bastante ignorante Fidel Castro..al igual que Maduro solo balbucean el idioma Ingles,2026-01-06T18:22:46Z,2026-01-06T18:22:46Z,0,0,youtube,2026-04-05T13:39:33.832887
bHtI3lCm8wU,Economia y Desarrollo,¿Cómo FIDEL CASTRO acabó con la economía de CUBA?,es,Alta,Ugw0qEnJQOh3TypDujl4AaABAg,,0,@infosinfronterasnigoteras,"él vivía confortáblemente con todos los manjares a mano ...... y el pueblo tragando aire, esa es la revolución.",2026-01-06T15:04:48Z,2026-01-06T15:04:48Z,0,0,youtube,2026-04-05T13:39:33.832889
bHtI3lCm8wU,Economia y Desarrollo,¿Cómo FIDEL CASTRO acabó con la economía de CUBA?,es,Alta,UgxOAiG2IuWqAo1pl-F4AaABAg,,0,@kairoward7738,Justicia social programas bienestar 😂😂 asi empiezan igual oos de morena,2026-01-06T01:30:58Z,2026-01-06T01:30:58Z,0,0,youtube,2026-04-05T13:39:33.832891
bHtI3lCm8wU,Economia y Desarrollo,¿Cómo FIDEL CASTRO acabó con la economía de CUBA?,es,Alta,Ugy7PaQzjY8_G2fECxF4AaABAg,,0,@YeinerMarínBernate,Fidel es una rata q no extrañamos,2026-01-05T22:10:17Z,2026-01-05T22:10:17Z,0,0,youtube,2026-04-05T13:39:33.832894
bHtI3lCm8wU,Economia y Desarrollo,¿Cómo FIDEL CASTRO acabó con la economía de CUBA?,es,Alta,UgzNxUuMIYmZ_I2uLK14AaABAg,,0,@_yk9ch9hw5q,"Nadie podía llevarle la contraria ni cuestionarle sus disparates e improvisaciones, ni se sentía obligado a rendir cuentas de su despilfarro de recursos, por eso destruyó la economía",2026-01-05T10:39:06Z,2026-01-05T10:39:06Z,2,0,youtube,2026-04-05T13:39:33.832896
bHtI3lCm8wU,Economia y Desarrollo,¿Cómo FIDEL CASTRO acabó con la economía de CUBA?,es,Alta,UgyJVGOQiMkU-33y4t14AaABAg,,0,@_yk9ch9hw5q,"Es bien sabido que la tiranía castrista ha sido la promotora de gobiernos y organizaciones narcoterroristas como las colombianas (por eso usaron a Cuba para sus falsas negociaciones de paz de las narcoguerrillas, que no era mas que negociaciones de narcos amparados pr un gobierno narco). Hasta que EEUU no salga del problema que representa para él la tiranía castrista, nada se resolverá en América Latina. En Cuba e3s donde está el escondite y base de operaciones del narcoterrorismo despilfarrando recursos de Cuba en vez de usarlos en el pueblo de Cuba",2026-01-05T02:32:40Z,2026-01-05T02:32:40Z,1,0,youtube,2026-04-05T13:39:33.832898
bHtI3lCm8wU,Economia y Desarrollo,¿Cómo FIDEL CASTRO acabó con la economía de CUBA?,es,Alta,UgyyC96OlussgoS4IZx4AaABAg,,0,@_yk9ch9hw5q,"Los comunistas acaban con la economía de los países, necesitan hacerse capitalistas para sobrevivir, pero siempre imponiendo sus tiranías represoras de las libertades",2026-01-04T23:49:35Z,2026-01-04T23:49:35Z,1,0,youtube,2026-04-05T13:39:33.832900
bHtI3lCm8wU,Economia y Desarrollo,¿Cómo FIDEL CASTRO acabó con la economía de CUBA?,es,Alta,UgyU7Ky3JkhQe2FuYIB4AaABAg,,0,@ivan2509-t8i,"Actualmente el gobierno de México lo anda financiando, resulta que durante la pandemia fue necesario traer médicos cubanos, pagándole grandes sumas de dinero al régimen cubano 😂",2026-01-04T22:03:10Z,2026-01-04T22:03:10Z,0,0,youtube,2026-04-05T13:39:33.832902
bHtI3lCm8wU,Economia y Desarrollo,¿Cómo FIDEL CASTRO acabó con la economía de CUBA?,es,Alta,Ugy-AhUkt19aa2Q7Rpp4AaABAg,,0,@_yk9ch9hw5q,Apenas empieza la pulverización de las tiranías comunistas castrochavistas en América con la caída del tirano Maduro. Lo demás será solo un efecto dominó de eso.,2026-01-04T00:59:43Z,2026-01-04T00:59:43Z,2,0,youtube,2026-04-05T13:39:33.832905
bHtI3lCm8wU,Economia y Desarrollo,¿Cómo FIDEL CASTRO acabó con la economía de CUBA?,es,Alta,UgxgoussV4F2yA6FoRt4AaABAg,,0,@_yk9ch9hw5q,"Qué bueno que regresa la doctrina Monroe y la política del Gran Garrote, y EEUU vuelve a ser el gendarme de América para la conservación de la democracia y las libertades ciudadanas en la región contra la aparición de regímenes comunistas, neocomunistas y procomunistas que degeneren en tiranías. Hoy con la cacería del narcotirano Maduro, dio un paso muy firme.",2026-01-04T00:58:52Z,2026-01-04T00:58:52Z,1,0,youtube,2026-04-05T13:39:33.832907
bHtI3lCm8wU,Economia y Desarrollo,¿Cómo FIDEL CASTRO acabó con la economía de CUBA?,es,Alta,UgzaeMzT2InNaUo9UjZ4AaABAg,,0,@sinesiodiaz9935,"Entonces EEUU, si es el Salvador del mundo?",2026-01-03T18:17:13Z,2026-01-03T18:17:13Z,1,1,youtube,2026-04-05T13:39:33.832909
bHtI3lCm8wU,Economia y Desarrollo,¿Cómo FIDEL CASTRO acabó con la economía de CUBA?,es,Alta,UgzaeMzT2InNaUo9UjZ4AaABAg.ARXEaWKjU73ARe-KaeY22v,UgzaeMzT2InNaUo9UjZ4AaABAg,1,@ivannacastillo3277,Revisa el largo historial que tiene estados unidos interviniendo en otros países y te darás cuenta que no es un héroe,2026-01-06T18:37:45Z,2026-01-06T18:37:45Z,0,0,youtube,2026-04-05T13:39:33.832914
bHtI3lCm8wU,Economia y Desarrollo,¿Cómo FIDEL CASTRO acabó con la economía de CUBA?,es,Alta,UgyZ96Pn1uT9GppU9LN4AaABAg,,0,@Manuel-n7y2w,Ese es el rostro del comunismo socialismo y junto a la dictadura tadura solo queda ruinas. Desolación. Miseria. Hambre. Traiccion. Vigilancia.agresion al pueblo. Chivaterias unos a otros. Terrorismo por el govierno. Torturas a dicidentes.presos políticos. Fucilamientos injustos hasta altos militares para echarles la culpa de la cupula y sus crimenes de ellos a alguien q no asepta sus caprichos. Los castros dictadores y capitalistas a la ves. Solo ellos y el pueblo con el socialismo total. El hambre y la miseria indigencial,2026-01-03T17:05:39Z,2026-01-03T17:05:39Z,1,0,youtube,2026-04-05T13:39:33.832916
bHtI3lCm8wU,Economia y Desarrollo,¿Cómo FIDEL CASTRO acabó con la economía de CUBA?,es,Alta,UgwL7gUe1TOFjBcZlwl4AaABAg,,0,@_yk9ch9hw5q,Apenas empieza la pulverización de las tiranías comunistas castrochavistas en América con la caída del tirano Maduro. Lo demás será solo un efecto dominó de eso.,2026-01-03T15:40:14Z,2026-01-03T15:40:14Z,1,0,youtube,2026-04-05T13:39:33.832918
bHtI3lCm8wU,Economia y Desarrollo,¿Cómo FIDEL CASTRO acabó con la economía de CUBA?,es,Alta,UgxXSLOjR1keDX2MIwR4AaABAg,,0,@raphaelchavez5826,Y el bloqueo económico y mercantil de EUA tendrá alho que ver???,2026-01-03T15:21:47Z,2026-01-03T15:21:47Z,1,1,youtube,2026-04-05T13:39:33.832921
bHtI3lCm8wU,Economia y Desarrollo,¿Cómo FIDEL CASTRO acabó con la economía de CUBA?,es,Alta,UgxXSLOjR1keDX2MIwR4AaABAg.ARWvWef0SGhARqK1QTMn01,UgxXSLOjR1keDX2MIwR4AaABAg,1,@Michael-ui9yw,Jaja excusa perfecta para seguir con ese régimen dale q si ellos tiene la culpa xd no los q gobiernan cuba,2026-01-11T13:29:32Z,2026-01-11T13:29:32Z,0,0,youtube,2026-04-05T13:39:33.832923
bHtI3lCm8wU,Economia y Desarrollo,¿Cómo FIDEL CASTRO acabó con la economía de CUBA?,es,Alta,UgzEPW5hXOBFj-9j-bp4AaABAg,,0,@veliarodriguez139,Igualito a López obrador 🤬🤬🤬🤬,2026-01-01T22:13:21Z,2026-01-01T22:13:21Z,0,0,youtube,2026-04-05T13:39:33.832925
bHtI3lCm8wU,Economia y Desarrollo,¿Cómo FIDEL CASTRO acabó con la economía de CUBA?,es,Alta,UgwRRequIsn7vxTko7R4AaABAg,,0,@CelesteVázquez-x2m,Los castros son los que condenaron a Cuba satánicos mira  mi cuba.    nicos mi,2025-12-31T02:47:12Z,2025-12-31T02:47:12Z,0,0,youtube,2026-04-05T13:39:33.832928
bHtI3lCm8wU,Economia y Desarrollo,¿Cómo FIDEL CASTRO acabó con la economía de CUBA?,es,Alta,UgxicABdCJSB8TzwjVd4AaABAg,,0,@canillovargas2245,El comunismo es y será la peste .....,2025-12-30T18:48:31Z,2025-12-30T18:48:31Z,1,0,youtube,2026-04-05T13:39:33.832930
bHtI3lCm8wU,Economia y Desarrollo,¿Cómo FIDEL CASTRO acabó con la economía de CUBA?,es,Alta,Ugxu-UIGNDvdHKk8ZaN4AaABAg,,0,@mago_del_Te,A caray... Voy a la mitad del video y suena como el camino que esta tomando México,2025-12-30T18:46:51Z,2025-12-30T18:46:51Z,1,0,youtube,2026-04-05T13:39:33.832932
bHtI3lCm8wU,Economia y Desarrollo,¿Cómo FIDEL CASTRO acabó con la economía de CUBA?,es,Alta,UgwtQqeGax-5AqE3qWx4AaABAg,,0,@_yk9ch9hw5q,"Nada impide hoy que EEUU se meta en Cuba, pero es inteligente que primero acabe con el chavismo en Venezuela, porque así mata tres pájaros de un tiro: Venezuela, Cuba y Nicaragua",2025-12-30T17:06:55Z,2025-12-30T17:06:55Z,2,0,youtube,2026-04-05T13:39:33.832934
bHtI3lCm8wU,Economia y Desarrollo,¿Cómo FIDEL CASTRO acabó con la economía de CUBA?,es,Alta,UgzPIMATz_Mve8xD8Zp4AaABAg,,0,@alonso7178,Cómo Fidel acabó con Cuba,2025-12-30T10:53:33Z,2025-12-30T10:53:33Z,1,0,youtube,2026-04-05T13:39:33.832936
bHtI3lCm8wU,Economia y Desarrollo,¿Cómo FIDEL CASTRO acabó con la economía de CUBA?,es,Alta,Ugx-c0ROJFgnmePPdDN4AaABAg,,0,@MARIAP-lb9lx,Lo mismo esta haciendo Morena en Mexico,2025-12-30T00:25:07Z,2025-12-30T00:25:07Z,1,0,youtube,2026-04-05T13:39:33.832938
bHtI3lCm8wU,Economia y Desarrollo,¿Cómo FIDEL CASTRO acabó con la economía de CUBA?,es,Alta,UgyoHPrNVKUzfKeZ1RB4AaABAg,,0,@luzdarymaringomez7886,No fue el fueron los cubanos fue el pueblo que lo permitió. Cuando el gobierno empezó con los tales subsidios el pueblo no trabaja empieza aborreciendo los capitales. Así que fueron los cubanos.,2025-12-29T22:45:41Z,2025-12-29T22:45:41Z,1,0,youtube,2026-04-05T13:39:33.832940
bHtI3lCm8wU,Economia y Desarrollo,¿Cómo FIDEL CASTRO acabó con la economía de CUBA?,es,Alta,UgxRmFiqfbiXPjqsH7J4AaABAg,,0,@_yk9ch9hw5q,Hay que hacer con el comunismo lo mismo que hizo Polonia: PROHIBIRLO.,2025-12-29T21:01:18Z,2025-12-29T21:01:18Z,2,0,youtube,2026-04-05T13:39:33.832943
bHtI3lCm8wU,Economia y Desarrollo,¿Cómo FIDEL CASTRO acabó con la economía de CUBA?,es,Alta,Ugw4pOXkTV8-oudhJSB4AaABAg,,0,@_yk9ch9hw5q,"Como decía Consuelo Vidal en su propaganda televisiva en el capitalismo antes de hacerse comunista recalcitrante: HAY QUE TENER FE, QUE TODO LLEGA",2025-12-29T14:07:58Z,2025-12-29T14:07:58Z,2,0,youtube,2026-04-05T13:39:33.832945
bHtI3lCm8wU,Economia y Desarrollo,¿Cómo FIDEL CASTRO acabó con la economía de CUBA?,es,Alta,UgzvMlniZDpBUWMQUw94AaABAg,,0,@joseramontenderogarcia-v3x,esta gente no debe morir en su cama,2025-12-29T07:46:45Z,2025-12-29T07:46:45Z,1,0,youtube,2026-04-05T13:39:33.832947
bHtI3lCm8wU,Economia y Desarrollo,¿Cómo FIDEL CASTRO acabó con la economía de CUBA?,es,Alta,UgwkuPT420WAuypa_6Z4AaABAg,,0,@manuelfernandezgarrido280,Lo mismo estaba haciendo Allende acá en chile gracias a Dios y nuestro general pinochett no estamos asi,2025-12-29T04:39:03Z,2025-12-29T04:39:03Z,6,0,youtube,2026-04-05T13:39:33.832949
bHtI3lCm8wU,Economia y Desarrollo,¿Cómo FIDEL CASTRO acabó con la economía de CUBA?,es,Alta,UgzemRT5O7EHocc5gsF4AaABAg,,0,@SerafinCruz-s5s,la monopolizo y corrompió todo el sistema gubernamental cubano. Y todo le sacó beneficios propios como si fuera una marca de robadera,2025-12-29T02:26:05Z,2025-12-29T02:26:05Z,2,0,youtube,2026-04-05T13:39:33.832951
bHtI3lCm8wU,Economia y Desarrollo,¿Cómo FIDEL CASTRO acabó con la economía de CUBA?,es,Alta,Ugyg5_yY3u6H7AaVcmV4AaABAg,,0,@ildebrancastroquiceno8092,Acabó lo que producía y a hoy se ven las consecuencias...,2025-12-28T22:02:33Z,2025-12-28T22:02:33Z,1,0,youtube,2026-04-05T13:39:33.832954
bHtI3lCm8wU,Economia y Desarrollo,¿Cómo FIDEL CASTRO acabó con la economía de CUBA?,es,Alta,Ugyo792_hQRUKiOgAjV4AaABAg,,0,@_yk9ch9hw5q,"Ya el adoctrinamiento castrista con sus mentiras no funciona con los cubanos de hoy, la gente ya no le cree nada a la tiranía castrista, por eso la detesta ahora.",2025-12-28T15:47:17Z,2025-12-28T15:47:17Z,2,0,youtube,2026-04-05T13:39:33.832956
bHtI3lCm8wU,Economia y Desarrollo,¿Cómo FIDEL CASTRO acabó con la economía de CUBA?,es,Alta,Ugyg6ZrbESOd7e-P6Sd4AaABAg,,0,@dominion1999,"Las 3 generaciones anteriores perpetuaron el problema. La generación joven es victima de las decisiones y permisibilidad del comunismo en Cuba y estos envejecientes viven en la miseria por sus malas decisiones.   Los actuales mandatarios no les conviene que Cuba salga del comunismo porque viven bien, comen bien, mientras el pueblo vive en miseria.  El pueblo debe sublevarse, la pena es que los jóvenes eran lo que podrían hacer esto y ellos han sabido del país, huyendo de esa miseria y dejando el país lleno de envejecientes que no pueden sacar ese horroroso sistema.  Es una pena, es una injusticia social y humana en la era moderna.",2025-12-28T12:59:52Z,2025-12-28T12:59:52Z,1,0,youtube,2026-04-05T13:39:33.832958
bHtI3lCm8wU,Economia y Desarrollo,¿Cómo FIDEL CASTRO acabó con la economía de CUBA?,es,Alta,Ugz_ucBKDNgjmT2Vptp4AaABAg,,0,@luisgomesbezerra2105,O legado do socialismo cubano miseria e fome!......,2025-12-27T23:27:58Z,2025-12-27T23:27:58Z,1,0,youtube,2026-04-05T13:39:33.832960
bHtI3lCm8wU,Economia y Desarrollo,¿Cómo FIDEL CASTRO acabó con la economía de CUBA?,es,Alta,UgwoqZeagzu8e6IC5hd4AaABAg,,0,@_yk9ch9hw5q,"Excelente este canal que tanto molesta al procastrista esbirro extranjero multicuentas. Los cubanos que hemnos vivido en Cuba casi toda nuestra vida, damos fe de las verdades que dice este video. Lo  peor son las mentiras y exageraciones que se inventan esos especímenes procastristas, sobre la Cuba de antes de 1959",2025-12-27T22:32:40Z,2025-12-27T22:32:40Z,2,0,youtube,2026-04-05T13:39:33.832962
bHtI3lCm8wU,Economia y Desarrollo,¿Cómo FIDEL CASTRO acabó con la economía de CUBA?,es,Alta,Ugwf6NvWdvoYtwknrgV4AaABAg,,0,@_yk9ch9hw5q,"Los comunistas no reconocen derechos a los demás, son odiadores. Solo hablan de luchas de clases, y a todo el que discrepe de ellos les llama ""fascista"" o ""facho"", son intolerantes, por eso para sostenerse en el poder solo pueden hacerlo imponiendo tiranías represoras de las libertades. El solo hecho de que autoasignen  el derecho a imponer una ""dictadura del proletariado"", sea cual sea la justificación que quieran dar a ello, es muestra del totalitarismo de esa ideología",2025-12-27T22:30:17Z,2025-12-27T22:30:17Z,1,0,youtube,2026-04-05T13:39:33.832964
bHtI3lCm8wU,Economia y Desarrollo,¿Cómo FIDEL CASTRO acabó con la economía de CUBA?,es,Alta,UgyQeySMbyIQSMAebvV4AaABAg,,0,@johanatorres593,Eso dice este y miren lo que dicen otros vídeos que ganaban dos  dólares semanales canales y otros cuantos gobernantes estaban adueñados de todo el país que ya estaban unidos en enfermedades graves y pobrezas hay también una canción de eso yo voy a ver por qué ainos les llamaron los barbudos que pasaba ahí chao yo no sé aquien creer y como nadie domina a nadie por derechos h. entonces al principio voy a creer en todo lo que digan todos los bando hasta ver la verdad al final para conclusión de todo a su  vez por ahora no voy a creer solo a un solo vando .😜 Chao .,2025-12-27T18:55:00Z,2025-12-27T18:55:00Z,0,0,youtube,2026-04-05T13:39:33.832967
bHtI3lCm8wU,Economia y Desarrollo,¿Cómo FIDEL CASTRO acabó con la economía de CUBA?,es,Alta,UgxXF0R9V4JXfjvRfRt4AaABAg,,0,@rubendariocevallos1880,"Este portal es pagado por la criminal CiA porque no dice la verdad que Cuba fue el burdel de los marinos gringos y el refugio de los mafiosos como Lucky Luciano y Al Capone. Fidel ni el Socislism destruyeron a la economía de Cuba sino los nefastos bloqueos por 66 años. Cuba es el país con menos analfabetismo, menor mortandad infantil y se ha convertido en una potencia científica . Estados Unidos ha hecho lo mismo con Venezuela y todo país que no se doblega. Di la verdad ignorante gusano.",2025-12-27T16:05:16Z,2025-12-27T16:05:16Z,0,0,youtube,2026-04-05T13:39:33.832969
bHtI3lCm8wU,Economia y Desarrollo,¿Cómo FIDEL CASTRO acabó con la economía de CUBA?,es,Alta,Ugy5zVgsJPI_ZUWPGm54AaABAg,,0,@eduardoaguero2431,"Demonios en un ser humano,son estás gentes ,no hay adjetivos calificativo para estás gentes, puro mierda",2025-12-26T16:50:27Z,2025-12-26T16:51:06Z,0,0,youtube,2026-04-05T13:39:34.755304
bHtI3lCm8wU,Economia y Desarrollo,¿Cómo FIDEL CASTRO acabó con la economía de CUBA?,es,Alta,UgzEvnrSlDhw2JLXDI54AaABAg,,0,@_yk9ch9hw5q,"Ahora mas que nunca los EEUU necesitan mantener al Comando Sur y a los marines en las aguas del Caribe, para pulverizar de una vez y poor todas las tiranías comunistas, neocomunistas y procomunistas en América. Hay que reactivar el TIAR y regresar al Big Stick y la Doctrina Monroe. Los enemigos de los EEUU tienen que saber con qué se van a enfrentar.",2025-12-24T09:48:02Z,2025-12-24T09:48:02Z,1,0,youtube,2026-04-05T13:39:34.755324
bHtI3lCm8wU,Economia y Desarrollo,¿Cómo FIDEL CASTRO acabó con la economía de CUBA?,es,Alta,UgwIzl8Esy6I3y6GsDt4AaABAg,,0,@marielmendez7300,México va para aya,2025-12-24T02:24:23Z,2025-12-24T02:24:23Z,0,0,youtube,2026-04-05T13:39:34.755330
bHtI3lCm8wU,Economia y Desarrollo,¿Cómo FIDEL CASTRO acabó con la economía de CUBA?,es,Alta,UgyNq1edQCnP9NkRA1V4AaABAg,,0,@marielmendez7300,Lo mismito que AMLO morena es un partido comunista,2025-12-24T02:22:04Z,2025-12-24T02:22:04Z,0,0,youtube,2026-04-05T13:39:34.755335
bHtI3lCm8wU,Economia y Desarrollo,¿Cómo FIDEL CASTRO acabó con la economía de CUBA?,es,Alta,UgxtlVWCPdzAXnwDZV14AaABAg,,0,@_yk9ch9hw5q,"El gobernante mas destructor de Cuba que ha tenido Cuba...el castrocomunismo fue lo mas fatal que han padecido los cubanos, y los mas longevo y totalitario",2025-12-22T02:46:39Z,2025-12-22T02:46:39Z,1,0,youtube,2026-04-05T13:39:34.755340
bHtI3lCm8wU,Economia y Desarrollo,¿Cómo FIDEL CASTRO acabó con la economía de CUBA?,es,Alta,UgxEl7I5PAQhV__Jly94AaABAg,,0,@_yk9ch9hw5q,"Miguel Angel Quevedo, Propietario y director de la revista semanal cubana Bohemia, fue una figura decisiva en casi todos los cambios políticos que se produjeron en Cuba antes de la llegada de Fidel Castro al poder. Se suicidó solo y repudiado en 1969. Bohemia era leída en todo el continente americano y, por supuesto, la revista más popular de Cuba por lo menos a finales de la década de los 50. Fue fundada en 1909 con el lema de “La revista que siempre dice la verdad”. Entre sus principales colaboradores estuvieron los más grandes articulistas, ensayistas, escritores y líderes de su época, como Jorge Mañach, R. García Bárcenas, Eduardo Chibás, Oscar Salas, Gustavo G. Sterling, José M. Peña, Fernando Ortiz, Ramón Grau San Martín, René Méndez Capote, Agustín Tamargo, Gustavo Robreño, Herminio Portell Vilá y tantos otros. Un ejemplar de sus “Bodas de Plata”, publicado en 1934, obra en poder de CONTACTO Magazine. Es una verdadera joya de ese momento.
En plena “dictadura” de Fulgencio Batista, Bohemia apoyó la revolución de 1959. El 26 de julio de 1958 publicó el famoso “Manifiesto de la Sierra”. El 11 de enero de 1959 publicó una edición especial, con una tirada de un millón de ejemplares, que se agotó en pocas horas, sólo once días después de la caída de Batista.
Con la llegada de Fidel Castro al poder, la prensa cubana no tardó en sufrir la ofensiva antidemocrática del nuevo caudillo. Periódicos, revistas, canales de televisión y emisoras de radio fueron expropiados o clausurados. Bohemia no fue la excepción. De inmediato se conculcaron todas las libertades fundamentales universalmente aceptadas. Bohemia aún existe hoy día, como un vocero más del gobierno de Castro, muy lejos de sus días de gloria. Quevedo logró salir de Cuba, pero con un horrible sentido de culpabilidad por haber defendido desde Bohemia la revolución popular de 1959 y haber atacado a casi todos los políticos, legítimos o no, que habían gobernado Cuba. Y sobre todo por haber difundido o justificado todas las acciones de Castro.
Carta de despedida del director de la revista cubana “Bohemia»:
Sr. Ernesto Montaner
Miami,
Florida
Caracas, 12 de agosto de 1969
Querido Ernesto:
Cuando recibas esta carta ya te habrás enterado por la radio de la noticia de mi muerte. Ya me habré suicidado — ¡al fin! — sin que nadie pudiera impedírmelo, como me lo impidieron tú y Agustín Alles el 21 de enero de 1965.
Sé que después de muerto llevarán sobre mi tumba montañas de inculpaciones. Que querrán presentarme como «el único culpable» de la desgracia de Cuba. Y no niego mis errores ni mi culpabilidad; lo que sí niego es que fuera «el único culpable». Culpables fuimos todos, en mayor o menor grado de responsabilidad.
Culpables fuimos todos. Los periodistas que llenaban mi mesa de artículos demoledores, arremetiendo contra todos los gobernantes. Buscadores de aplausos que, por satisfacer el morbo infecundo y brutal de la multitud, por sentirse halagados por la aprobación de la plebe, vestían el odioso uniforme que no se quitaban nunca. No importa quien fuera el presidente. Ni las cosas buenas que estuviese realizando a favor de Cuba. Había que atacarlos, y había que destruirlos. El mismo pueblo que los elegía, pedía a gritos sus cabezas en la plaza pública. El pueblo también fue culpable. El pueblo que quería a Guiteras. El pueblo que quería a Chibás. El pueblo que aplaudía a Pardo Llada. El pueblo que compraba Bohemia, porque Bohemia era vocero de ese pueblo. El pueblo que acompañó a Fidel desde Oriente hasta el campamento de Columbia.
Fidel no es más que el resultado del estallido de la demagogia y de la insensatez. Todos contribuimos a crearlo. Y todos, por resentidos, por demagogos, por estúpidos o por malvados, somos culpables de que llegara al poder. Los periodistas que conociendo la hoja de Fidel, su participación en el Bogotazo Comunista, el asesinato de Manolo Castro y su conducta gansteril en la Universidad de la Habana, pedíamos una amnistía para él y sus cómplices en el asalto al Cuartel Moncada, cuando se encontraba en prisión.
Fue culpable el Congreso que aprobó la Ley de Amnistía (la cual sacó a Castro de la prisión tras el ataque al Cuartel Moncada). Los comentaristas de radio y televisión que la colmaron de elogios. Y la chusma que la aplaudió delirantemente en las graderías del Congreso de la República.
Bohemia no era más que un eco de la calle. Aquella calle contaminada por el odio que aplaudió a Bohemia cuando inventó «los veinte mil muertos». Invención diabólica del dipsómano Enriquito de la Osa, que sabía que Bohemia era un eco de la calle, pero que también la calle se hacía eco de lo que publicaba Bohemia.
Fueron culpables los millonarios que llenaron de dinero a Fidel para que derribara al régimen. Los miles de traidores que se vendieron al barbudo criminal. Y los que se ocuparon más del contrabando y del robo que de las acciones de la Sierra Maestra. Fueron culpables los curas de sotanas rojas que mandaban a los jóvenes para la Sierra a servir a Castro y sus guerrilleros. Y el clero, oficialmente, que respaldaba a la revolución comunista con aquellas pastorales encendidas, conminando al Gobierno a entregar el poder.
Fue culpable Estados Unidos de América, que incautó las armas destinadas a las fuerzas armadas de Cuba en su lucha contra los guerrilleros.
Y fue culpable el State Department, que respaldó la conjura internacional dirigida por los comunistas para adueñarse de Cuba.
Fueron culpables el Gobierno y su oposición, cuando el diálogo cívico, por no ceder y llegar a un acuerdo decoroso, pacífico y patriótico. Los infiltrados por Fidel en aquella gestión para sabotearla y hacerla fracasar como lo hicieron.
Fueron culpables los políticos abstencionistas, que cerraron las puertas a todos los cambios electoralistas. Y los periódicos que como Bohemia, les hicieron el juego a los abstencionistas, negándose a publicar nada relacionado con aquellas elecciones.
Todos fuimos culpables. Todos. Por acción u omisión. Viejos y jóvenes. Ricos y pobres. Blancos y negros. Honrados y ladrones. Virtuosos y pecadores. Claro, que nos faltaba por aprender la lección increíble y amarga: que los más «virtuosos» y los más «honrados» eran los pobres.
Muero asqueado. Solo. Proscrito. Desterrado. Y traicionado y abandonado por amigos a quienes brindé generosamente mi apoyo moral y económico en días muy difíciles. Como Rómulo Betancourt, Figueres, Muñoz Marín. Los titanes de esa «Izquierda Democrática» que tan poco tiene de «democrática» y tanto de «izquierda». Todos deshumanizados y fríos me abandonaron en la caída. Cuando se convencieron de que yo era anticomunista, me demostraron que ellos eran antiquevedistas. Son los presuntos fundadores del Tercer Mundo. El mundo de Mao Tse Tung.
Ojalá mi muerte sea fecunda. Y obligue a la meditación. Para que los que puedan aprendan la lección. Y los periódicos y los periodistas no vuelvan a decir jamás lo que las turbas incultas y desenfrenadas quieran que ellos digan. Para que la prensa no sea más un eco de la calle, sino un faro de orientación para esa propia calle. Para que los millonarios no den más sus dineros a quienes después los despojan de todo. Para que los anunciantes no llenen de poderío con sus anuncios a publicaciones tendenciosas, sembradoras de odio y de infamia, capaces de destruir hasta la integridad física y moral de una nación, o de un destierro. Y para que el pueblo recapacite y repudie esos voceros de odio, cuyas frutas hemos visto que no podían ser más amargas.
Fuimos un pueblo cegado por el odio. Y todos éramos víctimas de esa ceguera. Nuestros pecados pesaron más que nuestras virtudes. Nos olvidamos de Núñez de Arce cuando dijo:
Cuando un pueblo olvida sus virtudes, lleva en sus propios vicios su tirano.
Adiós. Éste es mi último adiós. Y dile a todos mis compatriotas que yo perdono con los brazos en cruz sobre mi pecho, para que me perdonen todo el mal que he hecho.
Miguel Ángel Quevedo",2025-12-21T03:54:49Z,2025-12-21T03:54:49Z,1,0,youtube,2026-04-05T13:39:34.755345
bHtI3lCm8wU,Economia y Desarrollo,¿Cómo FIDEL CASTRO acabó con la economía de CUBA?,es,Alta,UgxcbTs__Fx95VVjYTl4AaABAg,,0,@_yk9ch9hw5q,"Cuba estaba mejor con Batista. Batista trajo prosperidad y modernidad a Cuba. Castro solo destrucción y atraso. Ahora los cubanos lamentan el cambio, porque además, tienen menos libertades",2025-12-20T23:08:28Z,2025-12-20T23:08:28Z,1,0,youtube,2026-04-05T13:39:34.755350
bHtI3lCm8wU,Economia y Desarrollo,¿Cómo FIDEL CASTRO acabó con la economía de CUBA?,es,Alta,UgxdMPAQHNYoRVTsVid4AaABAg,,0,@carlosdanielvegaramos6728,"Uy si castro, nada tienen que ver los estados unidos con la situación actual de cuba, verdad? 😂😂😂 Estos adoctrinados por CNN cuando no 🤡",2025-12-20T23:02:52Z,2025-12-20T23:02:52Z,0,0,youtube,2026-04-05T13:39:34.755355
bHtI3lCm8wU,Economia y Desarrollo,¿Cómo FIDEL CASTRO acabó con la economía de CUBA?,es,Alta,UgyPIcQEYlW3XmNkv0x4AaABAg,,0,@_yk9ch9hw5q,La revolución lo empeoró todo porque degeneró pronto en tiranía estalinista comunista y Fidel Castro de líder pasó a ser un tirano,2025-12-20T17:57:38Z,2025-12-20T17:57:38Z,1,0,youtube,2026-04-05T13:39:34.755359
bHtI3lCm8wU,Economia y Desarrollo,¿Cómo FIDEL CASTRO acabó con la economía de CUBA?,es,Alta,UgxoTQ-DD_Qsfqo9S554AaABAg,,0,@emilymontano9555,La revolución no fue para mejorar? Y los que murieron? No sirvió la revolución?😊,2025-12-20T15:27:14Z,2025-12-20T15:27:14Z,0,0,youtube,2026-04-05T13:39:34.755365
bHtI3lCm8wU,Economia y Desarrollo,¿Cómo FIDEL CASTRO acabó con la economía de CUBA?,es,Alta,UgwBLXJklqlFYyz3d6R4AaABAg,,0,@_yk9ch9hw5q,"Destruyó a toda la nación cubana, no solo la economía, hay cosas que destruyó mas, su gobierno fue desastroso para Cuba. Saldo negativo, mas allá de la propaganda castrista que ya ni le funciona.",2025-12-20T14:17:45Z,2025-12-20T14:17:45Z,1,0,youtube,2026-04-05T13:39:34.755370
bHtI3lCm8wU,Economia y Desarrollo,¿Cómo FIDEL CASTRO acabó con la economía de CUBA?,es,Alta,Ugxu2b4rhSBFSTcF3lJ4AaABAg,,0,@JoséluisEscalona-v9c,"😂 jajajaja, verdad 😮",2025-12-18T14:19:08Z,2025-12-18T14:19:08Z,0,0,youtube,2026-04-05T13:39:34.755374
bHtI3lCm8wU,Economia y Desarrollo,¿Cómo FIDEL CASTRO acabó con la economía de CUBA?,es,Alta,Ugw3n2xMg39f6WJcmHx4AaABAg,,0,@maryrocha3869,Los socialistas tiene delirio de Reyes solo quieren tener súbditos pero que nadie este mejor que ellos.,2025-12-18T00:17:43Z,2025-12-18T00:17:43Z,1,0,youtube,2026-04-05T13:39:34.755379
bHtI3lCm8wU,Economia y Desarrollo,¿Cómo FIDEL CASTRO acabó con la economía de CUBA?,es,Alta,UgxdKPzEpmLpfacNDxx4AaABAg,,0,@_yk9ch9hw5q,"Le dan mucha importancia al aspecto económico, y no toman en cuenta que el tirano Fidel Castro destruyó TODA LA NACIÓN CUBANA. Cuba es hoy una ruina de país, un Estado fallido.",2025-12-17T22:26:04Z,2025-12-17T22:26:04Z,2,0,youtube,2026-04-05T13:39:34.755384
bHtI3lCm8wU,Economia y Desarrollo,¿Cómo FIDEL CASTRO acabó con la economía de CUBA?,es,Alta,UgyPdzSI0Mrg2S9OPvB4AaABAg,,0,@JaimeMéndez-m9k,"Mientras exista un pueblo sometido por la corrupción en pobreza. Ni capitalismo, ni socialismo, ni comunismo.",2025-12-17T19:00:30Z,2025-12-17T19:00:30Z,0,0,youtube,2026-04-05T13:39:34.755388
bHtI3lCm8wU,Economia y Desarrollo,¿Cómo FIDEL CASTRO acabó con la economía de CUBA?,es,Alta,Ugwg94dxPSSewJ2hkCl4AaABAg,,0,@_yk9ch9hw5q,"El tirano Fidel Castro cuando hablaba de la ""revolución"" realmente se refería a su tiranía. El pueblo cubano no entraba en su concepto de su ""revolución"", esos eran solo esclavos. No por gusto su padre el gallego Angel Castro nunca quiso la libertad de los cubanos y luchó contra los mambises. El tirano Fidel Castro hizo suyo el legado de sumisión de los cubanos que aprendió de su padre.",2025-12-16T23:00:14Z,2025-12-16T23:00:14Z,1,0,youtube,2026-04-05T13:39:34.755393
bHtI3lCm8wU,Economia y Desarrollo,¿Cómo FIDEL CASTRO acabó con la economía de CUBA?,es,Alta,UgwJZ6OGAxA6NAo5dPF4AaABAg,,0,@_yk9ch9hw5q,"El tirano Fidel Castro ya desde antes de 1959 en una carta a su amante, le dijo que si llegaba al poder le haría una guerra personal a los EEUU, asi que ya desde antes de 1959 la tiranía castrista es enemiga de los EEUU, como lo mostraron las acciones posteriores de robo de empresas y propiedades norteamericanas en Cuba y la alianza con los enemigos de EEUU, asi como el fomento de la subversión el terrorismo contra gobierno aliados de EEUU en América Latina. Por lo tanto los EEUU tienen que tratar a la tiranía castrista siempre como su enemiga, las estupideces de Obama, Carter y Kennedy hacia la tiranía castrista no debieran repetirse. Nada de tratos ni negociaciones con la tiranía castrista, que siempre busca como oxigenarse. Es una lástima que el mediocre embargo actual no fuese convertido en un verdadero bloqueo.",2025-12-16T22:56:52Z,2025-12-16T22:56:52Z,1,0,youtube,2026-04-05T13:39:34.755397
bHtI3lCm8wU,Economia y Desarrollo,¿Cómo FIDEL CASTRO acabó con la economía de CUBA?,es,Alta,UgxlKmihqsSy0evi5kN4AaABAg,,0,@ArianneRivero-n3b3e,Es impresionante como ese hombre con tanto daño que hizo no pago con cárcel.....y menos los que están siguiendo el legado...ruina y muero,2025-12-16T21:57:24Z,2025-12-16T21:57:24Z,0,0,youtube,2026-04-05T13:39:34.755402
bHtI3lCm8wU,Economia y Desarrollo,¿Cómo FIDEL CASTRO acabó con la economía de CUBA?,es,Alta,UgyqSvII35SlYfNs_eB4AaABAg,,0,@gregorioreyes4589,"Esos ingresos eran engañosos, quedaban para los mafiosos, y había mucha pobreza en el campo.
El ""compañero"" Fidel sólo prometió una revolución y  eso es exactamente lo que les dió...
El resto es historia....",2025-12-16T18:56:49Z,2025-12-16T18:56:49Z,0,0,youtube,2026-04-05T13:39:34.755407
bHtI3lCm8wU,Economia y Desarrollo,¿Cómo FIDEL CASTRO acabó con la economía de CUBA?,es,Alta,Ugzm_CoX9-OD_kp-dfJ4AaABAg,,0,@_yk9ch9hw5q,Mas bien acabó con toda la nación cubana,2025-12-16T08:45:58Z,2025-12-16T08:45:58Z,2,0,youtube,2026-04-05T13:39:34.755411
bHtI3lCm8wU,Economia y Desarrollo,¿Cómo FIDEL CASTRO acabó con la economía de CUBA?,es,Alta,Ugyd-vqKGNpQ5UtG3zp4AaABAg,,0,@daniela-ti5yy,Y aqui el pc rindiéndole culto a Fidel y al che guevara xd,2025-12-15T20:29:03Z,2025-12-15T20:29:03Z,0,0,youtube,2026-04-05T13:39:34.755416
bHtI3lCm8wU,Economia y Desarrollo,¿Cómo FIDEL CASTRO acabó con la economía de CUBA?,es,Alta,UgxkVg6ZKkGvAHdWxp94AaABAg,,0,@_yk9ch9hw5q,"Además de separarlas con sus “leyes” y sanciones migratorias, el tirano Fidel Castro sembró un mar de luto a las familias cubanas, que antes de 1959 siempre se mantenían unidas, es el régimen mas sangriento que ha padecido Cuba en toda su historia. Cuba castrista participó en guerras en África y en otros países, en las cuales nunca debió participar, el tirano Fidel Castro despilfarró multimillonarios recursos allí. Los cubanos fueron enviados inútilmente a morir, entre otros países, a Etiopía y a s, y no queríamos estar allí, pero teníamos que ir o a nosotros nos expulsaban del centro de estudios o del trabajo, y nuestra familia quedaba marcada, por eso mucha gente buscó escaparse de Cuba en 1980 con la crisis migratoria del Mariel. Miles de cubanos (2,655 según la falseadas cifras castristas) murieron en esa guerra que duró unos 14 años, en dos países que en nada han agradecido a Cuba, el tirano que apoyó la tiranía castrista en Etiopía tuvo que huir ante un levantamiento popular años más tarde, y la hija del presidente angolano hoy día es la mujer mas rica de África, así que miren cuánto robó. Que tristeza, cuántas familias se llenaron de luto en Cuba por culpa de las obsesiones mesiánicas del difunto tirano Fidel Castro. Hoy Cuba se debate en la miseria de ese pueblo que fue a esas guerras, y ninguno de esos países africanos hace nada solidario en materia económica por el pueblo de Cuba. Los cubanos vivían espantados cada vez que tocaban a la puerta de su casa, pensando que podía ser un citatorio del Comité Militar para ir a esas guerras. Muchos que pudieron regresar con vida, tuvieron secuelas de traumas sicológicos por mucho tiempo, y algunos se refugiaron en el alcohol. Oros quedaron lisiados. El tirano Fidel Castro y la tiranía castrista tienen un juicio pendiente por ese motivo, ante el pueblo cubano.",2025-12-15T12:45:03Z,2025-12-15T12:45:03Z,1,0,youtube,2026-04-05T13:39:34.755421
bHtI3lCm8wU,Economia y Desarrollo,¿Cómo FIDEL CASTRO acabó con la economía de CUBA?,es,Alta,UgziZtUfqF_sSkkURlR4AaABAg,,0,@KIKIT32,"En pocas palabras, bajo el gobierno de nayib y los de nuevas ideas, huyeron la mayoria. 

Y todavía la gente pide pruebas de la corrupción del clan bukele",2025-12-15T05:33:13Z,2025-12-15T05:33:13Z,0,0,youtube,2026-04-05T13:39:34.755426
bHtI3lCm8wU,Economia y Desarrollo,¿Cómo FIDEL CASTRO acabó con la economía de CUBA?,es,Alta,UgyWhKxVqoWtOliS3EJ4AaABAg,,0,@Jairo-b5s,Pero los castro son millonarios maduro y petro tambien,2025-12-14T23:35:59Z,2025-12-14T23:35:59Z,2,0,youtube,2026-04-05T13:39:34.755431
bHtI3lCm8wU,Economia y Desarrollo,¿Cómo FIDEL CASTRO acabó con la economía de CUBA?,es,Alta,UgwMAZpomgk7M5N43nd4AaABAg,,0,@Georgio-i5v,"Y para todos esos""sucialistas"" la culpa la tiene el bloqueo comercial pero el poder politico dictatorial y autoritario ni en broma mencionan cambiarlo para promover una apertura y elecciones libres...ellos sueltan la flatulencia pero solo el pueblo es el que la huele...",2025-12-14T21:58:51Z,2025-12-14T21:58:51Z,0,0,youtube,2026-04-05T13:39:34.755435
bHtI3lCm8wU,Economia y Desarrollo,¿Cómo FIDEL CASTRO acabó con la economía de CUBA?,es,Alta,UgwHLsIu3J7wOVmBijF4AaABAg,,0,@dagoz1386,"Los ""lideres"" cubanos se quedaron congelados en el tiempo, luchando contra un enemigo imaginario, igual que Corea del Norte",2025-12-14T17:33:26Z,2025-12-14T17:33:26Z,0,0,youtube,2026-04-05T13:39:34.755440
bHtI3lCm8wU,Economia y Desarrollo,¿Cómo FIDEL CASTRO acabó con la economía de CUBA?,es,Alta,UgzKd1IgW6CxaAGdzfl4AaABAg,,0,@CessarAlberto,"Primero los mantenía la union sovietica,despues Venezuela,nunca progresaron x si mismos,le queda poco tiempo al regimen",2025-12-14T13:28:26Z,2025-12-14T13:28:26Z,1,0,youtube,2026-04-05T13:39:34.755445
bHtI3lCm8wU,Economia y Desarrollo,¿Cómo FIDEL CASTRO acabó con la economía de CUBA?,es,Alta,UgwPoG9gTwat2ypl7eF4AaABAg,,0,@CessarAlberto,"Cuando castro dijo economia planificada dijo comunismo,lo dijo desde el principio y lo hizo desdecel principio",2025-12-14T13:24:43Z,2025-12-14T13:24:43Z,1,0,youtube,2026-04-05T13:39:34.755450
bHtI3lCm8wU,Economia y Desarrollo,¿Cómo FIDEL CASTRO acabó con la economía de CUBA?,es,Alta,Ugw45KBivaAhveCc_Ux4AaABAg,,0,@maurogomez1585,"GARBAGE IN, GARBAGE OUT POLITICAL SYSTEM.",2025-12-14T12:02:52Z,2025-12-14T12:02:52Z,0,0,youtube,2026-04-05T13:39:34.755455
bHtI3lCm8wU,Economia y Desarrollo,¿Cómo FIDEL CASTRO acabó con la economía de CUBA?,es,Alta,Ugz0VQAIgykQx8RMCcl4AaABAg,,0,@xiomaraortega1073,Y como no se dieron de cuenta estaban ciegos surdos mudos o que con esa cara de asqueroso😂 que tenia ese viejo y pensaron que les iban a dar una vida de lujos nada mas el lenguaje corporal lo dice todo los cubanos hicieron su propia tumba,2025-12-13T11:56:08Z,2025-12-13T11:56:08Z,0,0,youtube,2026-04-05T13:39:34.755460
bHtI3lCm8wU,Economia y Desarrollo,¿Cómo FIDEL CASTRO acabó con la economía de CUBA?,es,Alta,UgymNz4dNEt_XE8fmSp4AaABAg,,0,@_yk9ch9hw5q,"Bajo el yugo del tirano Fidel Castro y el castrocomunismo, junto a la escasez de comida, transporte y electricidad, el otro problema que más ha afectado a los cubanos es el de la vivienda. La construcción de viviendas es uno de los mayores fracasos de la tiranía castrista. Hoy el déficit habitacional de los cubanos es mucho mayor que el de antes de 1959, no solo por la falta de construcción de vivienda desde los años ochenta, sino porque las que existen carecen de mantenimiento y cada vez hay más derrumbes en Cuba. Hay personas viviendo en casas de cartón, y la mayoría de las familias viven hacinadas porque no hay adónde irse a vivir cuando contraes matrimonio y formas tu propia familia. De hecho, la otrora elegante y cada vez más floreciente Habana, una de las capitales más hermosas de América antes de 1959, parece una ciudad bombardeada (excepto en las zonas turísticas). Solo se han construido hoteles (principalmente de lujo) para el turismo extranjero, muchos de ellos de lujo cuyas habitaciones nunca han sido ocupadas pues el turismo que va a Cuba es barato, principalmente buscando sexo fácil en el turismo sexual castrista. La carencia de materiales de construcción (pese a que Cuba siempre tuvo una industria de materiales de construcción) a partir de los años ochenta obedece a que la tiranía castrista los ha destinado a construir hoteles para el turismo internacional y han sido acaparados por el consorcio militar GAESA, además de las demencias belicosas del difunto tirano Fidel Castro, que los ha destinado para construir lo que llamó eufemísticamente “túneles populares” para su supuesta posible guerras contra EEUU (todo un gigantesco despilfarro de materiales de construcción) o a construir en otros países hospitales y hasta aeropuertos (como el de Granada en tiempos de Bishop) para satisfacer sus obsesiones ególatras de ser visto como un mesías internacional del tercer mundo, patología esa de la que siempre padeció.",2025-12-13T02:11:40Z,2025-12-13T02:11:40Z,1,0,youtube,2026-04-05T13:39:34.755467
bHtI3lCm8wU,Economia y Desarrollo,¿Cómo FIDEL CASTRO acabó con la economía de CUBA?,es,Alta,UgxGT-85CLfbxXm1rrV4AaABAg,,0,@_yk9ch9hw5q,"¿Por qué nunca hablan de los multimillonarios recursos que l tirano Fidel Castro recibió durante tres décadas de la URSS y con los cuales cualquier país se hubiera desarrollado de no haber sido despilfarrados por él en promover terrorismo y subversión, en participar en guerras en África y en hacer construcciones civiles en otros países, todo por su obsesión megalomaníaca de vender una imagen de mesías tercermundista, mientras Cuba se caía a pedazos",2025-12-13T01:14:52Z,2025-12-13T01:14:52Z,2,0,youtube,2026-04-05T13:39:34.755471
bHtI3lCm8wU,Economia y Desarrollo,¿Cómo FIDEL CASTRO acabó con la economía de CUBA?,es,Alta,UgzYad1aE2UnqOgQlRp4AaABAg,,0,@Cristinaneira-yu7tm,Fidel Castro dio el ejemplo para que también acabarán con Venezuela y ahora con Colombia. Que dolor,2025-12-12T19:34:08Z,2025-12-12T19:34:08Z,0,0,youtube,2026-04-05T13:39:34.755477
bHtI3lCm8wU,Economia y Desarrollo,¿Cómo FIDEL CASTRO acabó con la economía de CUBA?,es,Alta,Ugzs6S1QrbPbiuzoNfR4AaABAg,,0,@_yk9ch9hw5q,"Los wokillos rojizurdetes procastristas extranjeros nunca se han ido a vivir a Cuba, ellos adoran mercenaria-miente a la tiranía Castrista y al tirano Fidel Castro, pero a control remoto desde el capitalismo, no les importa el pueblo cubano y su carencia de libertades sometido al yugo castrista, lo que les importa es satisfacer su psicopático sentimiento antinorteamericano que tanto el tirano Fidel Castro promovió entre bobalicones fanáticos (de otros países, porque entre los cubanos tuvo el efecto contrario, ahora adoran mas a los EEUU que antes de 1959), lo suyo no es solidaridad con los cubanos de a pie, es odio enfermizo hacia los EEUU. El comunismo es una ideología basada en el odio.",2025-12-12T17:58:37Z,2025-12-12T17:58:37Z,2,0,youtube,2026-04-05T13:39:34.755481
bHtI3lCm8wU,Economia y Desarrollo,¿Cómo FIDEL CASTRO acabó con la economía de CUBA?,es,Alta,Ugyh_xSmqfiG1AJIbHl4AaABAg,,0,@_yk9ch9hw5q,"El tirano Fidel Castro despilrfarró en tratar de vender su imagen mesiánica, los multimillonarios recursos que por tres décadas recibió de la exURSS, además de administrar mal la economía de Cuba, y he ahí las consecuencias. El resto de su destrucción es el resultado de la manera totalitaria y voluntarista, sin rendir cuentas a nadie y sin permitir objeciones, con la que dirigió a Cuba.",2025-12-12T17:49:48Z,2025-12-12T17:49:48Z,1,0,youtube,2026-04-05T13:39:34.755486
bHtI3lCm8wU,Economia y Desarrollo,¿Cómo FIDEL CASTRO acabó con la economía de CUBA?,es,Alta,Ugw2h6amSZm0B9Nn96V4AaABAg,,0,@rescatandoasophia,Yo lo unico que veo es que si no le comes a la potencia la misma potencia te vuelve mierda,2025-12-12T12:08:46Z,2025-12-12T12:08:46Z,0,0,youtube,2026-04-05T13:39:34.755491
bHtI3lCm8wU,Economia y Desarrollo,¿Cómo FIDEL CASTRO acabó con la economía de CUBA?,es,Alta,UgxFQ7GKLFxarNIziq94AaABAg,,0,@_yk9ch9hw5q,"Cuba después de 1959 tuvo un mediocre embargo (no bloqueo, ojalá lo hubiera sido desde un inicio) pero no olvidemos que tuvo durante tres décadas un multimillonario subsidio de la exURSS (y un comercio en condiciones ventajosas con Europa del este) que nunca tuvo Batista. Con Batista la economía crecía aceleradamente pero no parasitando de otros países como hizo el tirano Fidel Castro, sino atrayendo inversiones de muchos países y especialmente de los EEUU debido a las garantías para invertir que había en Cuba para los inversionistas nacionales y extranjeros (no se les robaba las empresas y propiedades ajenas como hizo Castro), y Batista supo aprovechar cada dólar que entró en hacer enormes obras de infraestructura como la Plaza Cívica (que Castro renombró como ""de la revolución"") y todos los edificios que le rodean, o el Banco Nacional de Cuba (que luego Castro convirtiera en el Hospital Ameijeiras) o el Puente de Bacunayagua, o el túnel de La Habana y la autopista Monumental que conecta a La Habana con Matanzas, o la Ciudad Deportiva con su hermoso Coliseo (tan usado por la tiranía castrista), la Vía Blanca, etc etc etc. El tirano Fidel Castro no hizo ninguna gran obra para el pueblo de Cuba, solo hizo el ""pedraplén"" (luego carretera) que unió a Cuba con algunos cayos, robando espacios al mar y alterando así toda la ecología de la región, y no era para el pueblo de Cuba sino para el turismo de ricos. Por demás, con Batista la moneda cubana tuvo su mayor valor frente al dólar, algo que refleja la fortaleza de la economía bajo su gobierno. Mientras, Fidel Castro despilfarró el multimillonario subsidio de la URSS en vender su imagen promoviendo terrorismo en Latam y participando en guerras en África, por lo cual ahora Cuba tiene la mas alta deuda externa de su historia (recordemos el juicio en Londres) por lo cual ni sus aliados ya quieren prestarle, tiene que regalar pedazos de la isla a unos y a otros para pagar.",2025-12-12T02:36:39Z,2025-12-12T02:36:39Z,1,0,youtube,2026-04-05T13:39:34.755496
bHtI3lCm8wU,Economia y Desarrollo,¿Cómo FIDEL CASTRO acabó con la economía de CUBA?,es,Alta,UgyKNSqhY_sDb_OpLiN4AaABAg,,0,@eduardosarabiamonforte339,En resumen se necesita muchos BUKELE Y MUCHOS GENERAL FRANCO PARA EXTERMINAR EL CÁNCER DEL COMUNISMO,2025-12-11T11:50:40Z,2025-12-11T11:50:40Z,1,0,youtube,2026-04-05T13:39:34.755500
bHtI3lCm8wU,Economia y Desarrollo,¿Cómo FIDEL CASTRO acabó con la economía de CUBA?,es,Alta,UgxaNfGYqQcLiaHVKUp4AaABAg,,0,@_yk9ch9hw5q,"No fue solo la economía, destruyó a toda Cuba como NACIÓN.",2025-12-11T02:08:29Z,2025-12-11T02:08:29Z,1,0,youtube,2026-04-05T13:39:34.755505
bHtI3lCm8wU,Economia y Desarrollo,¿Cómo FIDEL CASTRO acabó con la economía de CUBA?,es,Alta,Ugxp76Hiy7t6JK5c4kB4AaABAg,,0,@chrisreyes2813,México siguiendo sus pasos,2025-12-10T23:00:28Z,2025-12-10T23:00:28Z,1,0,youtube,2026-04-05T13:39:34.755510
bHtI3lCm8wU,Economia y Desarrollo,¿Cómo FIDEL CASTRO acabó con la economía de CUBA?,es,Alta,UgzjF62dN_RoHBmrg8B4AaABAg,,0,@_yk9ch9hw5q,"El tirano Fidel Castro al estatizar la economía robando las empresas a sus dueños, destruyó el tejido productivo de Cuba, y nunca supo administrarlas luego, hasta sectores tan básicos como los agropecuarios y de la pesca, que debían dar de comer al pueblo, fueron destruidos y por eso la hambruna generalizad de hoy",2025-12-10T17:19:41Z,2025-12-10T17:19:41Z,1,0,youtube,2026-04-05T13:39:34.755514
bHtI3lCm8wU,Economia y Desarrollo,¿Cómo FIDEL CASTRO acabó con la economía de CUBA?,es,Alta,Ugz11luV4irFOvvC7hd4AaABAg,,0,@leonardoalbarran3623,Los cubanos pensaron que si el trabajo se convertía en un derecho vivirían del estado sin trabajar y ahora sus descendientes de mueren de hambre,2025-12-09T15:00:20Z,2025-12-09T15:00:20Z,0,0,youtube,2026-04-05T13:39:34.755519
bHtI3lCm8wU,Economia y Desarrollo,¿Cómo FIDEL CASTRO acabó con la economía de CUBA?,es,Alta,UgzVXA7HX052UNjaK9h4AaABAg,,0,@funxjmm,MIren el espejo que nos espera sí queda elegido el candidato comunista Iván Cepeda.,2025-12-09T01:07:17Z,2025-12-09T01:07:17Z,0,0,youtube,2026-04-05T13:39:34.755523
bHtI3lCm8wU,Economia y Desarrollo,¿Cómo FIDEL CASTRO acabó con la economía de CUBA?,es,Alta,UgwF5XQYV3dYEAvyh1B4AaABAg,,0,@CarlosVazquez-h2u,Aaa no fue el enbargo entonses fui.yo,2025-12-08T02:30:37Z,2025-12-08T02:30:37Z,0,0,youtube,2026-04-05T13:39:34.755528
bHtI3lCm8wU,Economia y Desarrollo,¿Cómo FIDEL CASTRO acabó con la economía de CUBA?,es,Alta,UgxrDod9ZXF_d53gkZl4AaABAg,,0,@_yk9ch9hw5q,"Hay países en los que hay ricos, clase media y pobres. El comunismo ha logrado algo que ninguna otra ideología logró; la igualdad. Consiguió que ya no hubieran ni ricos ni clase media. Ahora todos pobres. La igualdad como meta. La pobreza como resultado. No es una opinión. Es un hecho.",2025-12-08T02:13:58Z,2025-12-08T02:13:58Z,2,0,youtube,2026-04-05T13:39:34.755533
bHtI3lCm8wU,Economia y Desarrollo,¿Cómo FIDEL CASTRO acabó con la economía de CUBA?,es,Alta,UgwngkTh2S70NWpbx0F4AaABAg,,0,@_yk9ch9hw5q,"En la carretera a Cayo Coco todavía se puede ver la pancarta con la orden de Fidel Castro que dio inicio a una de las mayores catástrofes ecológicas en Cuba. El tirano Fidel Castro dijo: “Aquí hay que tirar piedras sin mirar para alante”, fue lo que dispuso el dictador en los umbrales de la década de los 80 cuando aún no se escuchaba hablar de inversión extranjera ni se avizoraba la crisis económica de los años 90, como consecuencia de la caída del comunismo en Europa del Este. En aquel entonces, con los parasitarios recursos de los soviéticos a su disposición, el antojo del caudillo totalitario fue construir improvisadamente un pedraplén sobre el mar que uniera Turiguanó, en Ciego de Ávila, con los cayos Coco y Guillermo, a más de 60 kilómetros de tierra firme. Ocuparía y contaminaría miles de kilómetros cuadrados de humedales. Desaparecería y pondría en riesgo cientos de animales y plantas endémicos, más los sitios de reproducción de muchas especies migratorias, pero se haría su voluntad “al precio que fuera necesario”. En 1983, sin estudios previos sobre el impacto ambiental que tendría la construcción del vial, comenzó el vertimiento al mar de toneladas de piedras y áridos extraídos tanto de canteras de tierra firme como de los propios cayos. Siguieron destruyendo los cayos, los llenaron de carreteras, hasta llegaron a exportar miles de flamencos de los cayos para zoológicos de todo el mundo y para compradores privados. Le prometió a los obreros avileños que eso era para su disfrute, pero fue otra de sus muchas mentiras al pueblo, solo se ha usado para turismo internacional al cual el pueblo no tiene acceso y de hecho, ni pasar a esos cayos se le permite a los cubanos. Por cierto, el tirano Fidel Castro tenía su más querida propiedad en Matanzas, en un islote conocido como Cayo Piedra, a donde solía viajar acompañado de su familia. Disfrutaba a bordo de su yate personal, el Aquarama, gustaba pescar langostas (según el propio García Márquez que tan “amigo” suyo era), un producto que en la mesa de los cubanos nunca se ve, solo se vende en los restaurantes al turismo internacional. La libre venta de langosta dentro de Cuba ha estado prohibida por la tiranía castrista, igual que la de carne de res.",2025-12-08T02:13:48Z,2025-12-08T02:13:48Z,1,0,youtube,2026-04-05T13:39:34.755538
bHtI3lCm8wU,Economia y Desarrollo,¿Cómo FIDEL CASTRO acabó con la economía de CUBA?,es,Alta,UgzXSgUOaIcQsENBSLZ4AaABAg,,0,@marTinibebe123,"Venezuela le ha regalado 80 mil millones de dólares a Cuba, 😮los venezolanos pasando trabajo en otros países , que desgracia",2025-12-07T01:37:07Z,2025-12-07T01:37:07Z,1,0,youtube,2026-04-05T13:39:34.755542
bHtI3lCm8wU,Economia y Desarrollo,¿Cómo FIDEL CASTRO acabó con la economía de CUBA?,es,Alta,UgzqXVXQyJ3_04covGh4AaABAg,,0,@OmarOmar-g3q4p,"Eso del socialismo y comunismo  me suena  familiar en estos tiempos , lo que hacen es destruir los países y las vidas  ,llegan como salvadores y ,terminan siendo peores",2025-12-06T23:42:38Z,2025-12-06T23:42:38Z,1,0,youtube,2026-04-05T13:39:34.755548
bHtI3lCm8wU,Economia y Desarrollo,¿Cómo FIDEL CASTRO acabó con la economía de CUBA?,es,Alta,UgxE-LA1Zm00rWMbz-p4AaABAg,,0,@capibara-sistema-de-reservas,que se jodan,2025-12-06T19:00:47Z,2025-12-06T19:00:47Z,0,0,youtube,2026-04-05T13:39:34.755553
bHtI3lCm8wU,Economia y Desarrollo,¿Cómo FIDEL CASTRO acabó con la economía de CUBA?,es,Alta,UgwF99YjRtaOOrOmuyJ4AaABAg,,0,@yeseniasarmiento4961,Me suena como lo que estoy a ocurriendo actualmente en México,2025-12-06T18:41:52Z,2025-12-06T18:41:52Z,10,4,youtube,2026-04-05T13:39:34.755558
bHtI3lCm8wU,Economia y Desarrollo,¿Cómo FIDEL CASTRO acabó con la economía de CUBA?,es,Alta,UgwF99YjRtaOOrOmuyJ4AaABAg.AQPB9_ajA8oAQWVmWzLLan,UgwF99YjRtaOOrOmuyJ4AaABAg,1,@leonardoalbarran3623,No hay nacionalizaciones pero si demagogia nacionalista y populismo,2025-12-09T14:56:46Z,2025-12-09T14:56:46Z,0,0,youtube,2026-04-05T13:39:34.755568
bHtI3lCm8wU,Economia y Desarrollo,¿Cómo FIDEL CASTRO acabó con la economía de CUBA?,es,Alta,UgwF99YjRtaOOrOmuyJ4AaABAg.AQPB9_ajA8oAR8SAvxg5VO,UgwF99YjRtaOOrOmuyJ4AaABAg,1,@MUNDOCINEREVIEW,"si, pero espero que paren a morena por que para aya vamos.",2025-12-25T03:14:54Z,2025-12-25T03:14:54Z,0,0,youtube,2026-04-05T13:39:34.755573
bHtI3lCm8wU,Economia y Desarrollo,¿Cómo FIDEL CASTRO acabó con la economía de CUBA?,es,Alta,UgwF99YjRtaOOrOmuyJ4AaABAg.AQPB9_ajA8oARLFdpoVd0e,UgwF99YjRtaOOrOmuyJ4AaABAg,1,@ryansmith3987,@MUNDOCINEREVIEWtienen 7 años diciendo eso y nada más no pasa jajajaja. No le crean todo lo que les dice Loret de Mola.,2025-12-30T02:35:31Z,2025-12-30T02:35:31Z,3,0,youtube,2026-04-05T13:39:34.755577
bHtI3lCm8wU,Economia y Desarrollo,¿Cómo FIDEL CASTRO acabó con la economía de CUBA?,es,Alta,UgwF99YjRtaOOrOmuyJ4AaABAg.AQPB9_ajA8oARhjdsfR6ZF,UgwF99YjRtaOOrOmuyJ4AaABAg,1,@Sparpol,"​@ryansmith3987Eso decía el Pueblo Venezolano en la época de Chávez que no ""había dictadura""
Lo que hizo Morena con el INE es una prueba de que están metiendo mano de manera gradúal. Que no haya oposición en el congreso ya es una mala señal",2026-01-08T05:28:56Z,2026-01-08T05:28:56Z,0,0,youtube,2026-04-05T13:39:34.755581
bHtI3lCm8wU,Economia y Desarrollo,¿Cómo FIDEL CASTRO acabó con la economía de CUBA?,es,Alta,UgzD8Spg5--LMyyqJhd4AaABAg,,0,@izazac9962,Por ese camino va Mexico con Claudia Cobrador 😢😢😢,2025-12-06T13:36:35Z,2025-12-06T13:36:35Z,0,0,youtube,2026-04-05T13:39:34.755586
bHtI3lCm8wU,Economia y Desarrollo,¿Cómo FIDEL CASTRO acabó con la economía de CUBA?,es,Alta,Ugwf3tMXajqLxzqX0EJ4AaABAg,,0,@_yk9ch9hw5q,"Cuba es una inspiración del camino que no debe seguirse en Latinoamérica, para no terminar arruinada, destruida y sin libertades ciudadanas. Por eso Honduras y Bolivia mandaron al castrochavismo al basurero y seguro pronto también Chile. Que bueno que Cuba deja la enseñanza de cómo los pueblos pueden terminar bajo el yugo opresor de una tiranía comunista y un cacique megalómano al frente.",2025-12-05T18:37:27Z,2025-12-05T18:37:27Z,1,0,youtube,2026-04-05T13:39:34.755591
bHtI3lCm8wU,Economia y Desarrollo,¿Cómo FIDEL CASTRO acabó con la economía de CUBA?,es,Alta,UgxUxQzWrsMLj4aVknd4AaABAg,,0,@PercyhugoAlvaValdivia,"Antes Cuba exportaba azúcar, hoy escasea este producto por culpa del comunismo",2025-12-05T03:36:49Z,2025-12-05T03:36:49Z,0,0,youtube,2026-04-05T13:39:34.755596
bHtI3lCm8wU,Economia y Desarrollo,¿Cómo FIDEL CASTRO acabó con la economía de CUBA?,es,Alta,UgyA3P-1FwSp11pJr-94AaABAg,,0,@AntonioGarciBa,"El socialismo y comunismo deben de prohibirse, tantos ejemplos que han existido y todos han fracasado",2025-12-04T22:08:54Z,2025-12-04T22:08:54Z,0,0,youtube,2026-04-05T13:39:34.755600
bHtI3lCm8wU,Economia y Desarrollo,¿Cómo FIDEL CASTRO acabó con la economía de CUBA?,es,Alta,Ugzb9THugSYyFwqBeZ14AaABAg,,0,@valentinortega7591,Mentiras chupa medias de ee uu,2025-12-04T21:30:21Z,2025-12-04T21:30:21Z,0,0,youtube,2026-04-05T13:39:34.755605
bHtI3lCm8wU,Economia y Desarrollo,¿Cómo FIDEL CASTRO acabó con la economía de CUBA?,es,Alta,UgwtcHylmD-hKjclQMt4AaABAg,,0,@AlejandroAriza-w7r,"La economía de cuba no la acabo Fidel , la economía de cuba fue destruida por el bloqueo gringo, no engañe a la gente no sea mentiroso. Batista era un perro dictador al que se debía derrocar.",2025-12-03T20:04:41Z,2025-12-03T20:04:41Z,0,1,youtube,2026-04-05T13:39:34.755610
bHtI3lCm8wU,Economia y Desarrollo,¿Cómo FIDEL CASTRO acabó con la economía de CUBA?,es,Alta,UgwtcHylmD-hKjclQMt4AaABAg.AQHbFWxZvrHAQuCoKinW-i,UgwtcHylmD-hKjclQMt4AaABAg,1,@botdeteilorsuif,Pendejazo nivel dios,2025-12-19T05:12:00Z,2025-12-19T05:12:00Z,0,0,youtube,2026-04-05T13:39:34.755615
bHtI3lCm8wU,Economia y Desarrollo,¿Cómo FIDEL CASTRO acabó con la economía de CUBA?,es,Alta,UgzDjn9T2ZWGOwV9Ag14AaABAg,,0,@aikadog7034,Escuchen pejezombies en México,2025-12-03T15:13:00Z,2025-12-03T15:13:00Z,0,0,youtube,2026-04-05T13:39:34.755619
bHtI3lCm8wU,Economia y Desarrollo,¿Cómo FIDEL CASTRO acabó con la economía de CUBA?,es,Alta,UgzUHw2LXHXnsbuz9p54AaABAg,,0,@dante5150,"Lo malo de los comunistas es q cuamdo llegan al poder,se convierten en lo q mas sodiaban... corruptos. Y diictadores....😂😂",2025-12-03T11:41:38Z,2025-12-03T11:50:29Z,1,0,youtube,2026-04-05T13:39:34.755624
bHtI3lCm8wU,Economia y Desarrollo,¿Cómo FIDEL CASTRO acabó con la economía de CUBA?,es,Alta,Ugzi4w5oMx9cAB2cl6R4AaABAg,,0,@_yk9ch9hw5q,"Las declaraciones de la viceministra de Salud Pública, Carilda Peña García, asegurando que el sistema sanitario cubano es “mejor que el de muchos países”, desataron una ola de indignación entre los cubanos dentro y fuera de la isla, justo cuando la crisis epidemiológica por dengue y chikungunya atraviesa uno de sus momentos más duros y ya va dejando un saldo devastador de 33 fallecidos, 21 de ellos menores de edad, según datos oficiales divulgados el lunes 1 de diciembre del 2025. La afirmación de la viceministra, realizada en una intervención televisiva en Canal Caribe, cayó como un golpe para miles de familias que llevan semanas denunciando hospitales desbordados, demoras en la atención, falta de medicamentos y un deterioro visible en las condiciones higiénico-sanitarias del país.",2025-12-03T04:00:54Z,2025-12-03T04:00:54Z,3,0,youtube,2026-04-05T13:39:34.755633
bHtI3lCm8wU,Economia y Desarrollo,¿Cómo FIDEL CASTRO acabó con la economía de CUBA?,es,Alta,Ugwx1ly1InDehjySRTt4AaABAg,,0,@PupisitoK,10k yei,2025-12-03T00:34:49Z,2025-12-03T00:34:49Z,0,0,youtube,2026-04-05T13:39:34.755638
bHtI3lCm8wU,Economia y Desarrollo,¿Cómo FIDEL CASTRO acabó con la economía de CUBA?,es,Alta,UgzPiv7TZA2T0y2gNVp4AaABAg,,0,@_yk9ch9hw5q,"Nada molesta mas a los esbirros castristas extranjeros que enfrentarse a la realidad que Cuba con Batista estuvo en su mejor momento económico, y tratan de insistir en que si el pueblo apoyó al tirano Fidel Castro fue por motivos económicos lo cual es falso, fue por motivos exclusivamente políticos. Las cifras económicas de los organismos internacionales de aquella época y que el peso cubano llegara a valer mas que el dólar, les desbarata sus argumentos. Y hasta a mentiras, moralismos hipócritas y exageraciones tratan de recurrir para intentar fundamentar sus argumentos. Pero 66 años de miseria y destrucción castrista les explotan en la cara.",2025-12-03T00:31:07Z,2025-12-03T00:31:07Z,1,0,youtube,2026-04-05T13:39:34.755643
bHtI3lCm8wU,Economia y Desarrollo,¿Cómo FIDEL CASTRO acabó con la economía de CUBA?,es,Alta,UgwE3uB3cFHGDT1EuoN4AaABAg,,0,@_yk9ch9hw5q,"EEUU nunca mantuvo a Cuba, solo tuvo tratados comerciales con los gobiernos anterior a 1959. Después de 1959, Cuba fue parásita de la URSS, cosa que nunca lo había sido con ningún país antes de 1959. Luego ha sido parásita de Venzuela y ahora pretende serlo de México con su presidenta comunista. La tiranía castrista convirtió a Cuba en una limosnera internacional con fama de mala pagadora de sus deudas, cosa que nunca pasó antes de 1959.",2025-12-02T22:58:21Z,2025-12-02T22:58:21Z,1,0,youtube,2026-04-05T13:39:34.755650
bHtI3lCm8wU,Economia y Desarrollo,¿Cómo FIDEL CASTRO acabó con la economía de CUBA?,es,Alta,UgyDZBjXgjB0uc6DNht4AaABAg,,0,@OrquestaValengo,"Nótese la manipulación del lenguaje: ""con USA son relaciones comerciales, con la URSS es dependencia""  Cuba es el claro ejemplo de depender económicamente exclusivamente de USA.",2025-12-02T14:56:31Z,2025-12-02T14:56:31Z,0,0,youtube,2026-04-05T13:39:34.755655
bHtI3lCm8wU,Economia y Desarrollo,¿Cómo FIDEL CASTRO acabó con la economía de CUBA?,es,Alta,UgxzxEVmjWzK9OcC1lN4AaABAg,,0,@_yk9ch9hw5q,"Nada molesta mas a los esbirros castristas extranjeros que enfrentarse a la realidad que Cuba con Batista estuvo en su mejor momento económico, y tratan de insistir en que si el pueblo apoyó al tirano Fidel Castro fue por motivos económicos lo cual es falso, fue por motivos exclusivamente políticos. Las cifras económicas de los organismos internacionales de aquella época y que el peso cubano llegara a valer mas que el dólar, les desbarata sus argumentos. Y hasta a mentiras, moralismos hipócritas y exageraciones tratan de recurrir para intentar fundamentar sus argumentos. Pero 66 años de miseria y destrucción castrista les explotan en la cara.",2025-12-02T02:26:52Z,2025-12-02T02:26:52Z,1,0,youtube,2026-04-05T13:39:34.755660
bHtI3lCm8wU,Economia y Desarrollo,¿Cómo FIDEL CASTRO acabó con la economía de CUBA?,es,Alta,UgyRLXVXlVDfsTJBoSt4AaABAg,,0,@_yk9ch9hw5q,"Ya la narcomafia que gobierna Cuba se sabe en su final asi que sus pataleos serán cada vez mayores para tratar de sobrevivir, los viejos discursos y clichés castristas del pasado saben que no les funcionan y que el odio y hastío que siente la mayoría del pueblo hacia ellos es enorme, por eso casi todos ya han preparado su plan B para su visa postiranía. La espantosa crisis epidemiológica solo se ha convertido en su Chernobil.",2025-12-02T02:24:23Z,2025-12-02T02:24:23Z,1,0,youtube,2026-04-05T13:39:34.755665
bHtI3lCm8wU,Economia y Desarrollo,¿Cómo FIDEL CASTRO acabó con la economía de CUBA?,es,Alta,UgzODST19te4Ca4kmox4AaABAg,,0,@gredink3268,"Básicamente lo que escuché en el video fue “Bésale los pies a Estados Unidos, o vas a terminar como Cuba” me encanta como de un canal a otro se omiten detalles, Batista tuvo apoyo militar de Estados Unidos, y Fidel Castro de LatinoAmerica principalmente en México, querían control total de la isla cuando llegó Fidel Castro inclusive también le dieron apoyo, pero como no se alineaba a ejes Capitalistas y estaba tan cerca de ellos como lo es latinoamerica, no podía permitir ver influencias Comunistas en Cuba. Me encanta como dices “los bloqueos económicos, no tiene nada que ver” cuando estadísticamente han matado a más 35 millones de personas a lo largo de los años en diferentes continentes.",2025-12-01T23:27:32Z,2025-12-01T23:27:32Z,0,0,youtube,2026-04-05T13:39:34.755669
bHtI3lCm8wU,Economia y Desarrollo,¿Cómo FIDEL CASTRO acabó con la economía de CUBA?,es,Alta,UgwFHnyZAJq7tyHSoql4AaABAg,,0,@JavierCostalesTorres-b1p,Para q cuba sea libre el gobierno de cuba debe desaparecer por completo y sacar toda dictadura q hay hoy en día…..el pueblo de cuba o sea las personas q viven hay como lo han echo siempre luchar por ser libre cuando el pueblo de cuba se unan por completo q dejen él miedo q le tienen al gobierno créanme q el gobierno de cuba van a coger miedo por q un pueblo unido jamás será vencido y si lo hacen todos juntos como lo han echo por décadas no hay nada ni nadie q los detengan a todos ustedes..el gobierno les teme a todos ustedes por q ellos saben q ustedes son muchos más poderosos  cuando están unidos un pueblo unido jamás serán vencidos y eso es lo q el gobierno tienen miedo….Tener a su población en contra de ellos….es por eso q el gobierno infunden miedo entre ustedes o tratan de infundir ese miedo…los arrestos las desaparecen los matan a escondidas y hacen q se desaparezcan y eso es lo q ellos quieren q ustedes cojan miedo para q el pueblo de cuba cojan miedo y no hagan protestas en contra de su gobierno….ya es hora q ustedes los cubanos cojan ese control como pueblos q son y sigan luchando en contra de la dictadura falsas q el Fidel castro hizo junto con su hermano Raúl …….PUEBLO DE CUBA NO SE RINDAN SIGAN LUCHANDO PARA LA LIBERTAD Y SU LIBRE EXPRESIÓN USTEDES LOS CUBANOS TIENEN MUCHO Q OFRECER COMO SERES HUMANOS SON TAN HUMILDES Q TIENEN UN GRAN CORAZÓN Q USTEDES NO NECESITAN A UN GOBIERNO LLENO DE MACHISMO Y DE COBARDÍA Y DE ABUSOS…..YO SOY DE PUERTO RICO Y NUNCA ME HA GUSTADO COMO EL PUERCO DE FIDEL CASTRO JUNTO CON SU MALDITO GOBIERNO HAN ABUSADO DEL PUEBLO SU PUEBLO….EN MI ISLA PUERTO RICO NOSOTROS LOS PUERTORRIQUEÑOS TENEMOS EL PODER DE SACAR AL GOBERNADOR Q NO HAGA BIEN SU TRABAJO O LA GOBERNADORA Q ESTE EN EL PODER Y SI NO CUMPLEN CON SUS PROMESAS Y VEMOS Q NO ESTÁN CUMPLIENDO CON LO Q PROMETIERON Y ESTÁN LLEVANDO AL PUEBLO DE PUERTORRIQUEÑO POR UN CAMINOS Q NO SON BUENO PARA NOSOTROS LOS PUERTORRIQUEÑO TENEMOS EL PODER DE SACARLOS DEL GOBIERNO NO IMPORTA SI ES UN HOMBRE Q ESTE EN EL PODER O UNA MUJER….NOSOTROS SOMOS LOS Q MANDAMOS Y NO EL GOBIERNO. RESPETAMOS A NUESTROS LÍDERES DE NUESTRA ISLA….PERO SI NO HACEN BIEN LAS COSAS PUES LO SACAMOS Y DEJAMOS Q EL OTRO PARTIDO SEA QUIEN NOS GUÍE …pero SOMOS MUY UNIDOS EN TODO SOY PUERTORRIQUEÑO PERO ME SIENTO CUBANO Y NO ME GUSTA  LOS ABUSOS DE PODERES ESTOY EN CONTRA DEL MACHISMO..Y LA LIBRE EXPRESIÓN ES LO MEJOR YA Q NO NOS PUEDEN CLAUSURA NUESTRAS VOCES Q VIVAN TODOS LOS CUBANOS ARIBA CUBA,2025-12-01T17:33:27Z,2025-12-01T17:33:27Z,0,0,youtube,2026-04-05T13:39:34.755674
bHtI3lCm8wU,Economia y Desarrollo,¿Cómo FIDEL CASTRO acabó con la economía de CUBA?,es,Alta,UgzX7DTb1phBeSnJpRh4AaABAg,,0,@MartinAragon-y4z,ni satanas lo quiso en el infierno dictador que se esta pudriendo,2025-12-01T15:44:32Z,2025-12-01T15:44:32Z,0,0,youtube,2026-04-05T13:39:34.755678
bHtI3lCm8wU,Economia y Desarrollo,¿Cómo FIDEL CASTRO acabó con la economía de CUBA?,es,Alta,UgwWKcHi3__cyAdbuWl4AaABAg,,0,@martinrodolfocastanedarami6181,"Por otra parte si quitarán a ese gobierno, los cubanos ya están acostumbrados a vivir en la mediocridad, a vivir de las limosnas del estado y las ayudas del exterior, salvo honrosas excepciónes",2025-11-30T23:06:45Z,2025-11-30T23:06:45Z,0,0,youtube,2026-04-05T13:39:34.755686
bHtI3lCm8wU,Economia y Desarrollo,¿Cómo FIDEL CASTRO acabó con la economía de CUBA?,es,Alta,Ugxl1TLwFvSGTS_h4eZ4AaABAg,,0,@martinrodolfocastanedarami6181,"La revolución cubana es un gran negocio, a todo el mundo le piden prestado y nunca pagan",2025-11-30T23:01:08Z,2025-11-30T23:01:08Z,0,0,youtube,2026-04-05T13:39:34.755691
bHtI3lCm8wU,Economia y Desarrollo,¿Cómo FIDEL CASTRO acabó con la economía de CUBA?,es,Alta,Ugx5yZ9Bx5ZDcb1BmNF4AaABAg,,0,@martinrodolfocastanedarami6181,Cuba crecía económicamente gracias a la mafia italiana!!,2025-11-30T22:57:24Z,2025-11-30T22:57:24Z,0,0,youtube,2026-04-05T13:39:34.755696
bHtI3lCm8wU,Economia y Desarrollo,¿Cómo FIDEL CASTRO acabó con la economía de CUBA?,es,Alta,Ugz2KB5CB60cha87ss94AaABAg,,0,@manuellara5865,A Cuba la arruinó el bloqueo de EEUU. Nadie puede hacer negocios con la isla. Y así intervinieron en Chile y mantienen arrodillan al resto de suramérica,2025-11-30T01:22:30Z,2025-11-30T01:22:30Z,0,0,youtube,2026-04-05T13:39:34.755700
bHtI3lCm8wU,Economia y Desarrollo,¿Cómo FIDEL CASTRO acabó con la economía de CUBA?,es,Alta,UgxCiTYsYM5D7_EjG-J4AaABAg,,0,@cesartorres4280,Siguen habiendo idiotas que siguen creyendo al final van a terminar matandose unos a otros para sobrevivir como no pagan a nadie terminaran fugandose las cabezas,2025-11-29T23:20:46Z,2025-11-29T23:20:46Z,0,0,youtube,2026-04-05T13:39:34.755705
bHtI3lCm8wU,Economia y Desarrollo,¿Cómo FIDEL CASTRO acabó con la economía de CUBA?,es,Alta,UgwOoL9XFmXLAwlZwh14AaABAg,,0,@MiguelBenitez-ri2fl,"Lo,es,SER, Estupido queriendo Presumir de,lo, que CARECE: Inteligencia!... Ojalá se, este,ROSTIZSNDO,en,el, Infierno, mugres Castro!...",2025-11-29T19:06:25Z,2025-11-29T19:06:25Z,0,0,youtube,2026-04-05T13:39:34.755711
bHtI3lCm8wU,Economia y Desarrollo,¿Cómo FIDEL CASTRO acabó con la economía de CUBA?,es,Alta,UgyoPZaQcDjXh6PWqrl4AaABAg,,0,@AntonioCDias-bh7ns,"Todo ese sofrimiento es absolutamente inútil, así como el de los venezuelanos y de cualquiera país comunista. Solamente un puñado de bandidos se benfician. Pero, al mismo tiempo, tienen los aplausos de todos dos IDIOTAS ÚTELES del mundo!!",2025-11-28T12:30:55Z,2025-11-28T12:30:55Z,1,2,youtube,2026-04-05T13:39:34.755716
bHtI3lCm8wU,Economia y Desarrollo,¿Cómo FIDEL CASTRO acabó con la economía de CUBA?,es,Alta,UgyoPZaQcDjXh6PWqrl4AaABAg.AQ3vLcB-k9jAQ3ydu_gDX4,UgyoPZaQcDjXh6PWqrl4AaABAg,1,@sergioespinozacabello9995,Algo me dice que los que quieren socialista solo quieren poder fácilmente robando del resto... Me cuesta creer que alguien siga creyendo en eso hoy en día,2025-11-28T12:59:46Z,2025-11-28T12:59:46Z,0,0,youtube,2026-04-05T13:39:34.755720
bHtI3lCm8wU,Economia y Desarrollo,¿Cómo FIDEL CASTRO acabó con la economía de CUBA?,es,Alta,UgyoPZaQcDjXh6PWqrl4AaABAg.AQ3vLcB-k9jAQ44pH98Hnp,UgyoPZaQcDjXh6PWqrl4AaABAg,1,@AntonioCDias-bh7ns,"​@sergioespinozacabello9995 En mi país, Brasil, los izquierdistas son los peores corruptos y son asociados al narco - son una confraría de bandidos que se indentifican mutualmente se auto proclamando ""defensores del pueblo humilde"". Pero hay también muchos IDIOTAS UTELES que, por definición, apoiam alegremente al que les destroem...",2025-11-28T14:02:29Z,2025-11-28T14:02:29Z,0,0,youtube,2026-04-05T13:39:34.755725
bHtI3lCm8wU,Economia y Desarrollo,¿Cómo FIDEL CASTRO acabó con la economía de CUBA?,es,Alta,Ugxrh0S0jnqvZ3dv-L94AaABAg,,0,@_yk9ch9hw5q,"La gente en Cuba ahora lo que comenta es que crecimos adoctrinados en la idea de que los EEUU invadirían a Cuba porque así nos lo hizo creer el tirano Fidel Castro, y al final fueron los cubanos los que terminaron invadiendo a los EEUU, así que de tanto esperar el supuesto enemigo, los cubanos fueron a buscarlo y a vivir con él. Gracias, EEUU.",2025-11-28T07:35:35Z,2025-11-28T07:35:35Z,1,0,youtube,2026-04-05T13:39:34.755730
bHtI3lCm8wU,Economia y Desarrollo,¿Cómo FIDEL CASTRO acabó con la economía de CUBA?,es,Alta,UgwqJrg5Cv6AzfGAU4x4AaABAg,,0,@desalmaovikingo3796,"Si algún día Cuba logra la libertad y una democracia entrará el dinero 🤑 a raudales.
Mis mejores deseos para los Cubanos 🙏",2025-11-27T20:04:39Z,2025-11-27T20:04:58Z,1,0,youtube,2026-04-05T13:39:34.755737
bHtI3lCm8wU,Economia y Desarrollo,¿Cómo FIDEL CASTRO acabó con la economía de CUBA?,es,Alta,UgzZm11K0iZqz7ClGft4AaABAg,,0,@_yk9ch9hw5q,"La Habana y Miami ahora son conocidas por los cubanos como ""las dos orillas"". Los cubanos dentro de Cuba imitan todo lo que les llega de Miami, en Cuba ha ocurrido una miamización de los cubanos. Somos el mismo pueblo dividido por una tiranía comunista.",2025-11-26T23:05:47Z,2025-11-26T23:05:47Z,1,0,youtube,2026-04-05T13:39:34.755743
bHtI3lCm8wU,Economia y Desarrollo,¿Cómo FIDEL CASTRO acabó con la economía de CUBA?,es,Alta,UgxXlpjThChmA8GBq-94AaABAg,,0,@AmadoCalvo-l2x,NO SE PARECE A NADA CON EL SALVADOR,2025-11-26T20:15:04Z,2025-11-26T20:15:04Z,0,0,youtube,2026-04-05T13:39:34.755748
bHtI3lCm8wU,Economia y Desarrollo,¿Cómo FIDEL CASTRO acabó con la economía de CUBA?,es,Alta,Ugz90fM43BceQ4u5JTF4AaABAg,,0,@_yk9ch9hw5q,"Los cubanos después de su independencia de España, no han conocido gobierno peor que la tiranía castrista bajo el yugo del tirano Fidel Castro. Nunca tuvieron menos libertades en toda su historia. Los salvadores de Cuba serán los propios cubanos cuando se liberen de la tiranía castrista. La URSS apoyó a Cuba convirtiéndola en su satélite, solo por intereses geopolíticos, eso le permitió al tirano Fidel Castro vivir de parásito de ella (como lo hizo luego con Venezuela) durante medio siglo, millonarios recursos esos que ningún gobernante de Cuba recibió de gobierno extranjero alguno antes de 1959, y que además, fueron despilfarrados por el tirano Fidel Castro en promover guerrillas y terrorismo en América Latina, guerras en África y en hacer millonarias donaciones a terceros países del tercer mundo para que tratar de que le vieran como un mesías internacional, a costa del hambre, la miseria y la destrucción de Cuba, cuyo pueblo nunca le importó mas que para darle migajas. El resultado: destruyó a Cuba como nación, no solo su economía, pulverizó a las familias cubanas, Cuba se están cayendo en pedazos y además, le quitó las libertades al pueblo, creando el aparato represivo mas grande que gobierno de Cuba alguna vez tuviera. Ahora los cubanos adoran mas a los EEUU como nunca antes de 1959, ven a EEUU como su salvación.",2025-11-25T12:32:00Z,2025-11-25T12:32:00Z,0,0,youtube,2026-04-05T13:39:34.755753
bHtI3lCm8wU,Economia y Desarrollo,¿Cómo FIDEL CASTRO acabó con la economía de CUBA?,es,Alta,UgzLm7vSaD1OZldQjbV4AaABAg,,0,@Alfrettcast-wm4nq,"Así le va a pasar a México, con esta izquierda rapaz de morena, el dictador cubano ya está como todo buen parásito aprovechando de los miserables políticos de morena para que le dén petróleo 😂",2025-11-25T01:04:55Z,2025-11-25T01:04:55Z,0,0,youtube,2026-04-05T13:39:34.755758
bHtI3lCm8wU,Economia y Desarrollo,¿Cómo FIDEL CASTRO acabó con la economía de CUBA?,es,Alta,UgzgQQvnsf3RQCcZq-14AaABAg,,0,@_yk9ch9hw5q,"Se necesita la ayuda de los EEUU como en el pasado para liberar a Cuba del yugo castrocomunista, igual que a fines del siglo 19 se necesitó (y fue solicitada por los líderes mambises vivos entonces) la ayuda de los EEUU para liberarse del yugo de la tiranía colonial española, EEUU siempre ha socorrido a Cuba cuando se les ha necesitado, esperemos que ahora lo hagan de nuevo. Bienvenido el Comando Sur de nuevo a las aguas del Caribe. Que los marines lleven armas para el desarmado pueblo cubano. Hay que aprovechar que ahora la mayoría de los cubanos quieren liberarse de la tiranía castrista.",2025-11-23T12:28:05Z,2025-11-23T12:28:05Z,3,0,youtube,2026-04-05T13:39:34.755763
bHtI3lCm8wU,Economia y Desarrollo,¿Cómo FIDEL CASTRO acabó con la economía de CUBA?,es,Alta,UgzP5uzDRSr6T8cHmYl4AaABAg,,0,@the_specialista6319,Y del embargo no hablas? Qué vergüenza,2025-11-23T10:21:36Z,2025-11-23T10:21:36Z,0,0,youtube,2026-04-05T13:39:34.755768
bHtI3lCm8wU,Economia y Desarrollo,¿Cómo FIDEL CASTRO acabó con la economía de CUBA?,es,Alta,UgzcDOhpAE5DRheu9oN4AaABAg,,0,@_yk9ch9hw5q,"Lo nunca visto en Cuba antes de 1959 (vaya potencia médica que se inventó la propaganda castrista hace años): Dengue, Oropouche y chikungunya: una crisis epidemiológica tiene en vilo a Cuba. La crisis epidemiológica que vive Cuba se agrava con el aumento de casos de dengue, chikungunya y fiebre de Oropouche en varias provincias y con la población pediátrica en riesgo, mientras se multiplican las denuncias sobre el deterioro de los hospitales y la falta de respuesta efectiva de las autoridades sanitarias. Para el fin de los meses de verano, la gente en Cuba, sobre todo al occidente de la isla, se preguntaba qué enfermedad “rara” que los tenía encamados, con dolores e inflamación en el cuerpo, fiebres de hasta 40 grados, vómitos, diarreas, cefaleas, e incluso manchas en la piel. En Matanzas, epicentro del desastre, familias enteras reportaron contagios, que luego se extendieron a cada barrio, más tarde a toda la provincia, hasta abarcar casi el país entero. Nadie sabía exactamente de qué se trataba, y apenas había reactivos en los laboratorios municipales que, en el inicio del brote, confirmaran lo que hoy se sabe: Cuba atraviesa una crisis epidemiológica combinada, con la presencia, a la vez, de dengue, Oropouche y chikungunya, que hasta ahora las autoridades habían pretendido soslayar y esconder. La crisis epidemiológica que vive Cuba se agrava con el aumento de casos de dengue, chikungunya y fiebre de Oropouche en varias provincias y con la población pediátrica en riesgo, mientras se multiplican las denuncias sobre el deterioro de los hospitales y la falta de respuesta efectiva de las autoridades sanitarias. No solo es la crisis lógica que están viviendo los cubanos ahora y que está sepultando a tanta gente en Cuba y tiene desesperados a los familiares en Cuba, sino las pésimas condiciones sanitarias de los hospitales y clínicas en Cuba, sin medicamentos y sin higiene mínima. Los enormes basureros que proliferan por toda la ciudad generan peste y enfermedades, como la actual epidemia de arbovirosis. ¿ES ESTE EL PAÍS QUE EN OTROS TIEMPOS LA TIRANÍA CASTRISTA Y SUS ESBIRROS EXTRANJEROS TRATARON DE VENDER PROPAGANDÍSTICAMENTE COMO ""POTENCIA MÉDICA""?",2025-11-23T00:23:09Z,2025-11-23T00:23:09Z,1,0,youtube,2026-04-05T13:39:34.755773
bHtI3lCm8wU,Economia y Desarrollo,¿Cómo FIDEL CASTRO acabó con la economía de CUBA?,es,Alta,UgyRFg-gH8g8tRZezv54AaABAg,,0,@alejandroburgos6567,Y AMERICA LATINA KIERE APLICAR ESTA FORMA DE GOBIERNO .,2025-11-22T23:17:45Z,2025-11-22T23:17:45Z,1,0,youtube,2026-04-05T13:39:34.755778
bHtI3lCm8wU,Economia y Desarrollo,¿Cómo FIDEL CASTRO acabó con la economía de CUBA?,es,Alta,UgyZyMnf3Dp4IuvfTWl4AaABAg,,0,@joseluisfebbrino4104,"Che loco,también lo hizo en Haití,el salvador Nicaragua México,etc,etc.?",2025-11-22T20:43:25Z,2025-11-22T20:43:38Z,0,0,youtube,2026-04-05T13:39:34.755783
bHtI3lCm8wU,Economia y Desarrollo,¿Cómo FIDEL CASTRO acabó con la economía de CUBA?,es,Alta,UgzCd80v5WTzz-_03jp4AaABAg,,0,@AmilcarLeal-m9n,Buenos días yo digo q ese mal parió debe estar ardiendo en el infierno.los gobiernos democráticos deberían actuar sin restricciones con ese tipo de gent,2025-11-22T10:07:33Z,2025-11-22T10:07:33Z,0,0,youtube,2026-04-05T13:39:34.755788
bHtI3lCm8wU,Economia y Desarrollo,¿Cómo FIDEL CASTRO acabó con la economía de CUBA?,es,Alta,UgyDVnBryMyaJDzH1a94AaABAg,,0,@_yk9ch9hw5q,"Los cubanos después de su independencia de España, no han conocido gobierno peor que la tiranía castrista bajo el yugo del tirano Fidel Castro. Nunca tuvieron menos libertades en toda su historia. Los salvadores de Cuba serán los propios cubanos cuando se liberen de la tiranía castrista. La URSS apoyó a Cuba convirtiéndola en su satélite, solo por intereses geopolíticos, eso le permitió al tirano Fidel Castro vivir de parásito de ella (como lo hizo luego con Venezuela) durante medio siglo, millonarios recursos esos que ningún gobernante de Cuba recibió de gobierno extranjero alguno antes de 1959, y que además, fueron despilfarrados por el tirano Fidel Castro en promover guerrillas y terrorismo en América Latina, guerras en África y en hacer millonarias donaciones a terceros países del tercer mundo para que tratar de que le vieran como un mesías internacional, a costa del hambre, la miseria y la destrucción de Cuba, cuyo pueblo nunca le importó mas que para darle migajas. El resultado: destruyó a Cuba como nación, no solo su economía, pulverizó a las familias cubanas, Cuba se están cayendo en pedazos y además, le quitó las libertades al pueblo, creando el aparato represivo mas grande que gobierno de Cuba alguna vez tuviera. Ahora los cubanos adoran mas a los EEUU como nunca antes de 1959, ven a EEUU como su salvación.",2025-11-21T21:23:14Z,2025-11-21T21:23:14Z,1,0,youtube,2026-04-05T13:39:34.755792
bHtI3lCm8wU,Economia y Desarrollo,¿Cómo FIDEL CASTRO acabó con la economía de CUBA?,es,Alta,Ugx0MOP990M4sfe_JGh4AaABAg,,0,@DistribuidoraCespedes,quien puso el bloqueo fidel castro,2025-11-21T19:40:11Z,2025-11-21T19:40:11Z,0,0,youtube,2026-04-05T13:39:34.755797
bHtI3lCm8wU,Economia y Desarrollo,¿Cómo FIDEL CASTRO acabó con la economía de CUBA?,es,Alta,UgwvSRNj13aopOC-V7R4AaABAg,,0,@_yk9ch9hw5q,"Antes de 1959 nunca se abrieron supermercados discriminatorios como el de 3ra. y 70 en Miramar recién abierto por la tiranía castrista, donde hay que pagar los productos con dólares del ""imperio yanqui"" (¡vaya raro criminal bloqueo!) al doble del precio que en una tienda de EEUU. Esa es la (fracasada) ""revolución"" de los humildes, por los humildes y para los humildes que prometió el tirano Fidel Castro en los inicios de su tiranía. ¡Viva el ahora comandante en jefe dólar!",2025-11-21T13:56:57Z,2025-11-21T13:56:57Z,1,0,youtube,2026-04-05T13:39:34.755802
bHtI3lCm8wU,Economia y Desarrollo,¿Cómo FIDEL CASTRO acabó con la economía de CUBA?,es,Alta,UgwfRF81ixfVLQwGqXd4AaABAg,,0,@_yk9ch9hw5q,"Batista nunca hizo inversiones en Cuba separando a los cubanos de los extranjeros. Todas sus inversiones como gobierno eran para el disfrute de todos por igual, y podían invertir en Cuba por igual lo mismo cubanos que extranjeros. No existía discriminación hacia el cubano respecto al extranjero. La separación de los cubanos de los extranjeros comenzó con la tiranía castrista, donde al cubano se le daba (aún se le da) menos valor y no se le permitía acercarse a un extranjeros sin ser parado por la policía, e inclusive, no dejar entrar a cubanos en lugares (tiendas, hoteles, lugares de recreación, etc.) donde la tiranía castrista decidía que eran para extranjeros. Los cubanos hemos sido tratado como personas de segunda ante los extranjeros, bajo la tiranía castrista. De hecho, en los años ochenta y noventa (inicios) los cubanos eran reprimidos por la policía en las calles si se le acercaban a hablarle a un extranjero (o el extranjero se les acercaba a ellos a hablarle)",2025-11-21T13:54:34Z,2025-11-21T13:54:34Z,1,0,youtube,2026-04-05T13:39:34.755807
bHtI3lCm8wU,Economia y Desarrollo,¿Cómo FIDEL CASTRO acabó con la economía de CUBA?,es,Alta,UgyHAdiReyEcDfH4_PJ4AaABAg,,0,@_yk9ch9hw5q,"Viendo lo mal que la pasaron los cubanos en las pasadas fiestas navideñas y en las que se avizoran, y en la hipocresía castrocomunista por la muerte del Papa Francisco y la elección de León XIV, hay cosas que deben contarse para que las generaciones futuras de cubanos creyentes en Dios (o de cualquier religión) y los creyentes de América Latina y del resto del mundo, las sepan. Batista y los demás gobernantes de Cuba antes de 1959 nunca se metieron con las creencias religiosas del pueblo. Pero el comunismo es una ideología que para imponer su tiranía, se basa en sembrar odio entre el pueblo, es una ideología odiadora. Uno de ellos es el odio a la Fe en Dios. Recordemos que el odiador Karl Marx, padre del comunismo, dijo que la religión es el opio del pueblo, y esa doctrina la asumió la tiranía castrista. Durante muchísimos años, desde los sesenta hasta la desaparición del comunismo en Europa del este, bajo el tirano Fidel Castro y su tiranía, se persiguió, acosó, fueron sometidos al ostracismo y fueron expulsados de sus lugares de trabajo o estudio, las personas con creencias religiosas (o que simplemente se sospechaba que las tuvieran). Se crearon campos de trabajos forzados (llamados UMAP) para entre otros, meter a todos los que tenían una creencia religiosa. Creer en Dios lo consideraban ser enemigo de la tiranía castrista, pese a que los Castro habían estudiado en colegios católicos. En todos los barrios se tenía detectado, cual inventario de reses, a todos los que iban a las iglesias. En cada centro de estudios y lugares de trabajo, existía una sección del Partido Comunista para “atenderles” de manera policíaca, la cual se llamaba “Ateísmo Científico” a esa sección partidista. De hecho, en Cuba desde finales de los sesenta y hasta que fue el Papa Juan Pablo II, el gobierno prohibió la celebración de las Navidades y de la Semana Santa, las consideró una celebración de enemigos del régimen castrista. Llevar algo colgado al cuello que pudiera ser sospechosamente asociado con creencias religiosas, acarreaba problemas en sus lugares de estudio o de trabajo a una persona. De hecho, cuando alguien quería hacer daño a otra persona, le acusaba en sus escuelas y lugares de trabajo de que esa persona tenía creencias religiosas, no importaba que fuese mentira o algo no probado.",2025-11-21T13:52:38Z,2025-11-21T13:52:38Z,1,0,youtube,2026-04-05T13:39:34.755812
bHtI3lCm8wU,Economia y Desarrollo,¿Cómo FIDEL CASTRO acabó con la economía de CUBA?,es,Alta,UgwJj2Ju3DOqD8-GmHl4AaABAg,,0,@olmoyerves8188,"Hay que tomar en cuenta que Estados Unidos tenía a Cuba como su patio de juegos, la población cubana estaba completamente marginada y las únicas personas que realmente se beneficiaban eran los súper ricos dueños de hoteles, casinos, restaurantes, etc. 
La revolución no fue un error, el error fue asumir que siempre tendrían un socio comercial que resolvería todos sus problemas.",2025-11-21T03:38:07Z,2025-11-21T03:38:07Z,0,0,youtube,2026-04-05T13:39:34.755816
bHtI3lCm8wU,Economia y Desarrollo,¿Cómo FIDEL CASTRO acabó con la economía de CUBA?,es,Alta,UgwmZse0lM74SziG61F4AaABAg,,0,@_yk9ch9hw5q,"¿Cómo despilfarró el tirano Fidel Castro los multimillonarios recursos que por tres décadas recibió de la URSS, mientras convertía a Cuba en pa´rasita de otros países y en limosnera internacional? Los cubanos bien lo saben, por eso le culpan de la destrucción de Cuba (además de establecer la tiranía mas totalitaria y longeva de Las Américas)",2025-11-19T19:40:17Z,2025-11-19T19:40:17Z,1,0,youtube,2026-04-05T13:39:34.755821
bHtI3lCm8wU,Economia y Desarrollo,¿Cómo FIDEL CASTRO acabó con la economía de CUBA?,es,Alta,UgyYWjPtVBfQxINSFYd4AaABAg,,0,@frankrodriguez9967,Dicen que el bloqueo de EEUU no afecta Pero que me dicen de la ley helms-burton?,2025-11-19T17:51:19Z,2025-11-19T17:51:19Z,0,0,youtube,2026-04-05T13:39:34.755826
bHtI3lCm8wU,Economia y Desarrollo,¿Cómo FIDEL CASTRO acabó con la economía de CUBA?,es,Alta,UgzA12FJRozJuVa3UyN4AaABAg,,0,@_yk9ch9hw5q,"En la calle de Cuba, la narrativa del cacareado bloqueo se ha ido desmoronando progresivamente conforme se ha hecho evidente la errática dirección del país, reconocible en la implementación de políticas económicas fallidas que han dejado un elevadísimo costo humano y material, para ceder todo el protagonismo a la corrupción político-administrativa como causa fundamental del naufragio de Cuba, a lo cual ni la familia Castro se salva. El embargo estadounidense es un pretexto victimizador de cara a la comunidad internacional. Para la gran mayoría de los cubanos el problema es netamente doméstico: el gobierno de la isla, en pleno, es corrupto. Dentro del gobierno de la mafia castrista, el que no corre, vuela; el que no mata a la vaca, le agarra la pata. Cuba es un cuerpo en descomposición.",2025-11-18T12:53:47Z,2025-11-18T12:53:47Z,1,0,youtube,2026-04-05T13:39:34.755831
bHtI3lCm8wU,Economia y Desarrollo,¿Cómo FIDEL CASTRO acabó con la economía de CUBA?,es,Alta,UgzsL_RsW16Yq99lOrd4AaABAg,,0,@mmoreno1582,"La culpa no es de Fidel, es de Estsdos Unidos por el bloqueo",2025-11-18T00:09:02Z,2025-11-18T00:09:02Z,0,1,youtube,2026-04-05T13:39:34.755836
bHtI3lCm8wU,Economia y Desarrollo,¿Cómo FIDEL CASTRO acabó con la economía de CUBA?,es,Alta,UgzsL_RsW16Yq99lOrd4AaABAg.APdqVFcMUHQAPfjTzslO-R,UgzsL_RsW16Yq99lOrd4AaABAg,1,@maximollanos3914,Hoy en 2025 y todavía te lo crees? Vivis engañado y tal vez siempre supiste que habia tantas cosaa mal y no querías admitirlo.,2025-11-18T17:46:11Z,2025-11-18T17:46:11Z,2,0,youtube,2026-04-05T13:39:34.755841
bHtI3lCm8wU,Economia y Desarrollo,¿Cómo FIDEL CASTRO acabó con la economía de CUBA?,es,Alta,UgxXiMv4HHbiaw6BoS14AaABAg,,0,@LorenzArabia-iy3uh,Con el apoyo de Estados Unidos 😮,2025-11-17T23:36:13Z,2025-11-17T23:36:13Z,0,0,youtube,2026-04-05T13:39:34.755846
bHtI3lCm8wU,Economia y Desarrollo,¿Cómo FIDEL CASTRO acabó con la economía de CUBA?,es,Alta,UgxPexXvaQfPIheNzGt4AaABAg,,0,@DiderMorales-y9y,Nosotros estamos caminando pero para atrás desde q el dictador triunfo en 1959 hemos ido cada año para atrás toda ley q sale es para empeorar más la situación d los estamos debajo,2025-11-17T20:38:22Z,2025-11-17T20:38:22Z,0,0,youtube,2026-04-05T13:39:34.755853
bHtI3lCm8wU,Economia y Desarrollo,¿Cómo FIDEL CASTRO acabó con la economía de CUBA?,es,Alta,Ugxmx1HuaC-emN2sUkx4AaABAg,,0,@Michael-k4d2u,Fidel Castro was a big clown and bozo. He still is.,2025-11-17T18:57:19Z,2025-11-17T18:57:19Z,0,0,youtube,2026-04-05T13:39:34.755858
bHtI3lCm8wU,Economia y Desarrollo,¿Cómo FIDEL CASTRO acabó con la economía de CUBA?,es,Alta,Ugzlo3bwW5UZ1M129tp4AaABAg,,0,@annervillalvir1642,Horror la economía nunca se recuperó. Buen video gracias,2025-11-16T14:36:39Z,2025-11-16T14:36:39Z,0,0,youtube,2026-04-05T13:39:35.759755
bHtI3lCm8wU,Economia y Desarrollo,¿Cómo FIDEL CASTRO acabó con la economía de CUBA?,es,Alta,UgwNEDeWHMlvwwPCn0J4AaABAg,,0,@ParalaBomba,Cuba la jodieron,2025-11-14T04:07:20Z,2025-11-14T04:07:20Z,0,0,youtube,2026-04-05T13:39:35.759780
bHtI3lCm8wU,Economia y Desarrollo,¿Cómo FIDEL CASTRO acabó con la economía de CUBA?,es,Alta,UgzmS0FH-e7tT33UA6V4AaABAg,,0,@Darwinsito,No era socialista era comunista en toda regla.,2025-11-13T13:18:55Z,2025-11-13T13:18:55Z,0,0,youtube,2026-04-05T13:39:35.759786
bHtI3lCm8wU,Economia y Desarrollo,¿Cómo FIDEL CASTRO acabó con la economía de CUBA?,es,Alta,UgzoY7eKdCWw--4edwd4AaABAg,,0,@angelicamargaritaserrano4983,endemoniado comunista ya has de estar hirviendo en el infierno.👹👹🤨  ..,2025-11-12T16:57:27Z,2025-11-12T16:57:27Z,0,0,youtube,2026-04-05T13:39:35.759792
bHtI3lCm8wU,Economia y Desarrollo,¿Cómo FIDEL CASTRO acabó con la economía de CUBA?,es,Alta,UgzFgCCDaXg1YkzXL0Z4AaABAg,,0,@josuesanchez1289,"Fuera ,Claudia sheinbaum,la presirvienta  trae toda la intención de hundir mexico en la miseria",2025-11-12T00:56:03Z,2025-11-12T00:56:03Z,0,0,youtube,2026-04-05T13:39:35.759798
bHtI3lCm8wU,Economia y Desarrollo,¿Cómo FIDEL CASTRO acabó con la economía de CUBA?,es,Alta,UgwhS849B2Rg5tdJkUt4AaABAg,,0,@TitoJR-d4g2m,Todos los problemas en el mundo son culpa de México. saben adónde se preparo Fidel Castro para la revolución cubana y de dónde llevo las armas si de MÉXICO😡😡😡,2025-11-11T21:35:40Z,2025-11-11T21:35:40Z,0,0,youtube,2026-04-05T13:39:35.759803
bHtI3lCm8wU,Economia y Desarrollo,¿Cómo FIDEL CASTRO acabó con la economía de CUBA?,es,Alta,UgxUFY9WRAEN7NCQDbl4AaABAg,,0,@_yk9ch9hw5q,"Que sufirmiento le da al wokerío rojizurdete procastrista extranjero como el (multicuentas de siempre), reconocer que Batista fue un gobernante mejor que Castro. Batista trajo progreso económico y modernidad para Cuba, el tirano Fidel Castro solo destrucción de la nación cubana en casi todos los aspectos y ha sido el mayor tirano de Cuba, y su tiranía la mas longeva en América después de la independencia del colonialismo europeo",2025-11-08T01:49:11Z,2025-11-08T01:49:11Z,1,0,youtube,2026-04-05T13:39:35.759809
bHtI3lCm8wU,Economia y Desarrollo,¿Cómo FIDEL CASTRO acabó con la economía de CUBA?,es,Alta,UgzE2GRSm81RybU9ZAN4AaABAg,,0,@Manuel-n7y2w,Miren los perritos estupidos q siguen bonitos. Lo unico q  heredó el socialismo el desastre y la miseria general en cuba,2025-11-07T22:00:12Z,2025-11-07T22:00:12Z,0,0,youtube,2026-04-05T13:39:35.759814
bHtI3lCm8wU,Economia y Desarrollo,¿Cómo FIDEL CASTRO acabó con la economía de CUBA?,es,Alta,UgzRNrRq30mLmzNYtaJ4AaABAg,,0,@CarolinaSeverino-k1f,"Qué horror pobre gente, las mantienen comiendo como palomas😢",2025-11-04T18:04:46Z,2025-11-04T18:04:46Z,0,0,youtube,2026-04-05T13:39:35.759820
bHtI3lCm8wU,Economia y Desarrollo,¿Cómo FIDEL CASTRO acabó con la economía de CUBA?,es,Alta,Ugzi8fnzt1X0toY7IWt4AaABAg,,0,@_yk9ch9hw5q,"La tiranía castrista teme por su imagen ante el pueblo en caso de aceptar la ayuda de los EEUU, porque todo su discurso diversionista sobre lo malo que es el ""imperialismo"" se le iría a la basura, y de ese discurso vive. No le importa la miseria y calamidades que está pasando el pueblo, solo la supervivencia de la mafia castrista asentada sobre ese discurso.",2025-11-02T22:16:42Z,2025-11-02T22:16:42Z,1,0,youtube,2026-04-05T13:39:35.759826
bHtI3lCm8wU,Economia y Desarrollo,¿Cómo FIDEL CASTRO acabó con la economía de CUBA?,es,Alta,UgysRNTHWBpc1Zro9_F4AaABAg,,0,@_yk9ch9hw5q,"Que el tirano Fidel Castro destruyó a Cuba como nación, eso es algo que ya no duda casi nadie en Cuba. Pero la tiranía castrista y sus esbirros extranjeros torpemente se imaginan intocables e invencibles. Hasta con aires ridículamente triunfalistas, como de héroes de película hollywoodense o de personajes bíblicos. Nadie podía predecir un año antes que los pueblos de la URSS y de Europa del este sepultarían a sus tiranías comunistas y las mandarían al basurero de la historia. Se veía mucha calma en ellos, solo en Polonia (con el sindicato Solidaridad) había una oposición activa. Hasta que los pueblos decidieron sublevarse, pese al aparato represivo. Ceaucescu nunca imaginó que sería colgado y el prepotente Honecker escondiéndose en una embajada en su cobardía. Hasta entonces se pintaban de valientes y de ser muy firmes. Con la tiranía castrista no será distinto, será también pulverizada, además que cada vez está mas débil, por eso recurre cada vez mas a la represión desmedida ante el mas mínimo acto de protesta del pueblo. Y lo que es peor, el pueblo cubano cada vez está mentalmente mas vinculado a los EEUU, adora todo lo que les llega de la ""yuma"" como nunca antes de 1959, y en este siglo es cada vez mas evidente, ahora Cuba y Miami se llaman ""las dos orillas"". Hoy la inmensa mayoría de los cubanos adoran mas a sus familiares en EEUU que a la tiranía castrista, y el verdadero comandante en jefe de Cuba es el dólar. Se olvidan que Rusia y China están muy lejos y que los EEUU enfrente de Cuba. Pero dejemos a los esbirros castristas extranjeros hacer conteos imaginarios de invencibilidad en sus sueños húmedos....hasta que el fantasma de Europa del este reaparezca. En 2020 era impensable que se hiciera una marcha contra la tiranía castrista, que se creía intocable, el 11J, sea cual sea la cantidad de lugares de Cuba que participaron, marcó un viraje en la cobardía de los cubanos contra la tiranía castrista. Asi se inician los procesos de liberación de los pueblos. El alzamiento de Bayamo y el 10 de octubre de 1868 nos lo recuerda.",2025-11-02T18:13:13Z,2025-11-02T18:13:13Z,0,0,youtube,2026-04-05T13:39:35.759832
bHtI3lCm8wU,Economia y Desarrollo,¿Cómo FIDEL CASTRO acabó con la economía de CUBA?,es,Alta,Ugx1DvM2tL5pPExK7-V4AaABAg,,0,@_yk9ch9hw5q,"La nación cubana y no solo la economía, fue pulverizada por el tirano Fidel Castro, to: la economía, las construcciones, las familias, la cultura y el arte, la religión, el patriotismo, las costumbres, la educación formal, y lo que es peor: destruyó antropológicamente al cubano.",2025-11-02T10:36:09Z,2025-11-02T10:36:09Z,1,0,youtube,2026-04-05T13:39:35.759837
bHtI3lCm8wU,Economia y Desarrollo,¿Cómo FIDEL CASTRO acabó con la economía de CUBA?,es,Alta,Ugw_VTQIt6dikDwfCP54AaABAg,,0,@gladisbeatrizaguirresanche6423,No sé por que no ven malo que EEUU los bloquea ......,2025-11-02T08:31:42Z,2025-11-02T08:31:42Z,0,0,youtube,2026-04-05T13:39:35.759842
bHtI3lCm8wU,Economia y Desarrollo,¿Cómo FIDEL CASTRO acabó con la economía de CUBA?,es,Alta,Ugzsdnjj6B8yOaxjiQp4AaABAg,,0,@_yk9ch9hw5q,Pero en estos documentales lo que debería preocuparles es cómo este tirano Fidel Castro destruyó TODA LA NACIÓN CUBANA,2025-11-02T06:26:41Z,2025-11-02T06:26:41Z,1,0,youtube,2026-04-05T13:39:35.759849
bHtI3lCm8wU,Economia y Desarrollo,¿Cómo FIDEL CASTRO acabó con la economía de CUBA?,es,Alta,UgxDQPd_A1Dpz6zKp754AaABAg,,0,@IreneAranda-q1l7x,Mi pregunta es porque los cubanos no lo sacaron alv,2025-11-02T02:20:27Z,2025-11-02T02:20:27Z,0,0,youtube,2026-04-05T13:39:35.759854
bHtI3lCm8wU,Economia y Desarrollo,¿Cómo FIDEL CASTRO acabó con la economía de CUBA?,es,Alta,UgwqEHZz3TBrWszReSR4AaABAg,,0,@_yk9ch9hw5q,"Comparado con el tirano Fidel Castro, hoy la gente en Cuba a Batista lo ven como un tirano light, algunos dicen que ni tirano fue. El tirano Fidel Castro y su tiranía han sido mas represores, mas crueles con el pueblo, que Batista, y al menos Cuba, que ya venía teniendo desde Grau un buen crecimiento económico constante, tuvo su mayor esplendor en su economía, llegando el peso cubano a valer mas que el dólar (hoy no sirve ni como papel sanitario, la economía está dolarizada como nunca antes de 1959, Cuba perdió su soberanía económica), en tanto el tirano Fidel Castro haitianizó a Cuba y la destruyó como nación, no solo su economía, Cuba hoy es una favela-cárcel, una especie de gueto de América. Es el Alcatraz del Caribe.",2025-11-01T01:03:20Z,2025-11-01T01:03:20Z,1,0,youtube,2026-04-05T13:39:35.759859
bHtI3lCm8wU,Economia y Desarrollo,¿Cómo FIDEL CASTRO acabó con la economía de CUBA?,es,Alta,Ugy9ZZ7DaxFqg1_T2Rx4AaABAg,,0,@_yk9ch9hw5q,"Los EEUU tienen la obligación como en la guerra de independencia contra la tiranía colonialista española, de ayudar a pueblo cubano a liberarse del yugo castrocomunista. Ya EEUU traicionó a los cubanos en muchos momentos, desde retirar su apoyo a Batista e imponerle un embargo de armas (ahora paga las consecuencias de este disparate, hasta apoyar en 1958 al luego tirano Fidel Castro y después traicionar a los expedicionarios cubanos en Bahía de Cochinos no apoyándole. Cuba ha sido una sucesión de disparates de los EEUU. Es necesrio el regreso de los principios de la Enmienda Platt a Cuba. Ahora se necesita la presencia del Comando Sur en Cuba y de los marines llevando armas al desarmado y reprimido pueblo de Cuba.",2025-10-31T00:45:59Z,2025-10-31T00:45:59Z,1,0,youtube,2026-04-05T13:39:35.759865
bHtI3lCm8wU,Economia y Desarrollo,¿Cómo FIDEL CASTRO acabó con la economía de CUBA?,es,Alta,UgysTPgZqRHuZEYhfQp4AaABAg,,0,@_yk9ch9hw5q,"Los hambreados cubanos cuando han salido a protestar a las calles de Cuba pidiendo comida, corriente y libertad, nunca culpa de su situación a los EEUU ni al embargo, es más, ni lo mencionan en sus conversaciones. Gracias a los dólares que le llegan de los EEUU, pueden comprar comida en las tiendas en dólares de la tiranía castrista. Menos mal que Cuba dejó de ser una neocolonia soviética porque ese país su pueblo pulverizó el comunismo y su tiranía, así que ya el régimen cubano no pudo seguir más de parásito de ese país con el multimillonario subsidio que recibía, y al destruir el tirano Fidel Castro la economía cubana y robar sus propiedades a los inversionistas nacionales y extranjeros, no tiene de qué vivir, más que de ir pidiendo limosnas por el mundo y de victimizarse. Los cubanos viven bajo la bota de la oligarquía castrista y más aún, de la alta casta militar cubana que es la dueña de los dólares de Cuba. Menos mal que el pueblo cubano come pollo al menos gracias a los EEUU que de donde se importa casi todo ese producto, porque el sector agropecuario cubano fue destruido desde los años sesenta por el tirano Fidel Castro. En definitiva, el destino trazado por el tirano Fidel castro para Cuba, es que sea tragada por los EEUU, cosa que ocurrirá no solo por razones políticas y económicas (la economía cubana ya no puede existir sin la dolarización creciente), sino por razones humanas: la reunificación de las familias ahora dividida entre los dos países en los que se ha dado en llamar ""las dos orillas"".",2025-10-30T21:17:57Z,2025-10-30T21:17:57Z,1,0,youtube,2026-04-05T13:39:35.759870
bHtI3lCm8wU,Economia y Desarrollo,¿Cómo FIDEL CASTRO acabó con la economía de CUBA?,es,Alta,Ugygcbf540G7jPKV3sl4AaABAg,,0,@_yk9ch9hw5q,"Excelente la información que se brinda en el video, que tanto molesta al wokerío zurdirojete de otros países.",2025-10-30T21:16:39Z,2025-10-30T21:16:39Z,0,0,youtube,2026-04-05T13:39:35.759875
bHtI3lCm8wU,Economia y Desarrollo,¿Cómo FIDEL CASTRO acabó con la economía de CUBA?,es,Alta,UgyOZuTKNZynzz-H7Zl4AaABAg,,0,@Adrian-jn4vx,"🎯 Minutos más importantes del video
0:00 Cuba antes de Castro: prosperidad y turismo

Cuba tenía una economía prometedora basada en el azúcar.

Turismo estadounidense florecía, especialmente durante la Ley Seca.

1:12 Ascenso de Fidel Castro

Derroca a Batista prometiendo democracia y justicia social.

Niega ser comunista, pero luego revela sus verdaderas intenciones.

2:28 Expropiaciones y populismo

Aumenta salarios, baja alquileres, entrega tierras.

Confisca propiedades estadounidenses, incluyendo refinerías.

3:05 Alianza con la URSS

Cuba cambia azúcar por petróleo y maquinaria soviética.

Estados Unidos responde con recortes y embargo.

4:29 Nacionalización total

El Estado controla toda la economía: tiendas, bancos, fábricas.

Se fijan precios y cuotas, lo que distorsiona el mercado.

6:07 Migración masiva y pérdida de talento

Profesionales huyen a EE. UU., baja la productividad.

Cargos se asignan por lealtad, no por mérito.

6:37 Caída tras la disolución de la URSS

PIB cubano cae más del 30%.

Comienza el “Período Especial”: hambre, apagones, éxodo.

7:30 Alianza con Venezuela

Chávez apoya a Cuba con petróleo y ayudas millonarias.

Esto prolonga el modelo socialista.

8:23 Consecuencias irreversibles

Expropiaciones destruyen incentivos y relaciones con EE. UU.

Cuba queda aislada y con un sistema productivo obsoleto.

9:20 El embargo como excusa

El gobierno culpa al embargo, pero el problema es interno.

Cuba no produce ni compite en el mercado global.",2025-10-30T17:08:01Z,2025-10-30T17:08:01Z,0,0,youtube,2026-04-05T13:39:35.759880
bHtI3lCm8wU,Economia y Desarrollo,¿Cómo FIDEL CASTRO acabó con la economía de CUBA?,es,Alta,UgwGdgUQ02nYWIdbPCd4AaABAg,,0,@_yk9ch9hw5q,"Que termine la tiranía castrista con su bloqueo a las libertades de los cubanos, y todo se soluciona. Ella es el problema. La destrucción de la nación cubana por el tirano Fidel Castro costará mucho tiempo y recursos arreglarla.",2025-10-29T10:44:29Z,2025-10-29T10:44:29Z,1,0,youtube,2026-04-05T13:39:35.759886
bHtI3lCm8wU,Economia y Desarrollo,¿Cómo FIDEL CASTRO acabó con la economía de CUBA?,es,Alta,UgwwLevTip0nA_W44E94AaABAg,,0,@cellsarfix,"Quiten el bloqueo y verán como surge Cuba, HLVS✌️",2025-10-29T10:26:57Z,2025-10-29T10:26:57Z,0,1,youtube,2026-04-05T13:39:35.759891
bHtI3lCm8wU,Economia y Desarrollo,¿Cómo FIDEL CASTRO acabó con la economía de CUBA?,es,Alta,UgwwLevTip0nA_W44E94AaABAg.AOrSJPaQy7mAOvQCe2u5-0,UgwwLevTip0nA_W44E94AaABAg,1,@AlexanderAlGr3,Cuál bloque es un tema complejo,2025-10-30T23:25:31Z,2025-10-30T23:25:31Z,1,0,youtube,2026-04-05T13:39:35.759903
bHtI3lCm8wU,Economia y Desarrollo,¿Cómo FIDEL CASTRO acabó con la economía de CUBA?,es,Alta,UgwnH_3Cm_DEvmwfb7N4AaABAg,,0,@_yk9ch9hw5q,Hizo trizas a la nación cubana,2025-10-28T16:58:44Z,2025-10-28T16:58:44Z,1,0,youtube,2026-04-05T13:39:35.759909
bHtI3lCm8wU,Economia y Desarrollo,¿Cómo FIDEL CASTRO acabó con la economía de CUBA?,es,Alta,UgyIOdrBFZE4RLF3E3p4AaABAg,,0,@unperroandaluz9299,Se puede reír y se puede llorar al mismo tiempo.,2025-10-28T15:14:45Z,2025-10-28T15:14:45Z,0,0,youtube,2026-04-05T13:39:35.759915
bHtI3lCm8wU,Economia y Desarrollo,¿Cómo FIDEL CASTRO acabó con la economía de CUBA?,es,Alta,Ugy0AMjxn4VVXMXpCkl4AaABAg,,0,@_yk9ch9hw5q,Los pueblos de América Latina no aprenden la lección de como el socialismo/comunismo les destruirá sus naciones. La ideología comunista es odiadora.,2025-10-27T04:42:11Z,2025-10-27T04:42:11Z,1,0,youtube,2026-04-05T13:39:35.759920
bHtI3lCm8wU,Economia y Desarrollo,¿Cómo FIDEL CASTRO acabó con la economía de CUBA?,es,Alta,Ugwv-xOmH9u4_rirOqJ4AaABAg,,0,@alfredosandoval6673,"Desde que MORENA llegó al poder de México, nos colocó en este camino sin retorno 😢",2025-10-27T02:22:56Z,2025-10-27T02:22:56Z,0,0,youtube,2026-04-05T13:39:35.759926
bHtI3lCm8wU,Economia y Desarrollo,¿Cómo FIDEL CASTRO acabó con la economía de CUBA?,es,Alta,UgwQjssFo5mtpHmpSrN4AaABAg,,0,@r.g.gmail.com4004,"El comunismo y socialismo nunca funcionan,..",2025-10-25T21:35:39Z,2025-10-25T21:35:39Z,0,1,youtube,2026-04-05T13:39:35.759931
bHtI3lCm8wU,Economia y Desarrollo,¿Cómo FIDEL CASTRO acabó con la economía de CUBA?,es,Alta,UgwQjssFo5mtpHmpSrN4AaABAg.AOiLecjzJXWAOvQEwrUr9I,UgwQjssFo5mtpHmpSrN4AaABAg,1,@AlexanderAlGr3,Exactamente broo 🎉,2025-10-30T23:25:49Z,2025-10-30T23:25:49Z,0,0,youtube,2026-04-05T13:39:35.759937
bHtI3lCm8wU,Economia y Desarrollo,¿Cómo FIDEL CASTRO acabó con la economía de CUBA?,es,Alta,Ugw3AIWdn1Cfn0hKTnh4AaABAg,,0,@_yk9ch9hw5q,"El tirano Fidel Castro no solo acabó con la economía cubana. Acabó con Cuba como NACIÓN. Destruyó antropológicamente al cubano, le mató su patriotismo incentivando que el extranjero en Cuba tuviera mas prebendas que el cubano, la mayor parte de las construcciones en Cuba están en estado crítico y destruidas, todo está sucio y feo excepto las zonas residenciales de la mafia castrista y las zonas turísticas, y hasta han aparecido los pueblos fantasmas que antes de 1959 nunca existieran, todo debido a la alta emigración. Las familias cubanas han sido pulverizadas y divididas principalmente entre EEUU y Cuba donde la de EEUU mantiene a la de Cuba y por eso la gente en Cuba adora tanto a Miami, y el peso cubano ha sido convertido en basura y se le rinde culto en Cuba al dólar, algo impensable antes de 1959. El rescate de Cuba como nación cuando se logre liberar de la tiranía castrista, será un proceso largo, pues hasta la mala educación se a apoderado del cubano de hoy y robar se ha vuelto una práctica común en la gente.",2025-10-23T14:08:37Z,2025-10-23T14:08:37Z,1,0,youtube,2026-04-05T13:39:35.759942
bHtI3lCm8wU,Economia y Desarrollo,¿Cómo FIDEL CASTRO acabó con la economía de CUBA?,es,Alta,UgyQiThU-buX_l9saHx4AaABAg,,0,@enriquemaldonado4283,Castro o el bloqueo?,2025-10-23T04:35:52Z,2025-10-23T04:35:52Z,0,0,youtube,2026-04-05T13:39:35.759948
bHtI3lCm8wU,Economia y Desarrollo,¿Cómo FIDEL CASTRO acabó con la economía de CUBA?,es,Alta,UgyGLPtM6tTJuGtr7814AaABAg,,0,@_yk9ch9hw5q,"Nunca la familia de Batista gustó del protagonismo que tanto ha gistado a la familia Castro. Esperemos que Cuba al fin se pueda liberar de la familia Castro, pues vaya que han sido una desgracia para Cuba ya desde la guerra de independencia con la participación del patriarca Angel Castro como voluntario antiindependentista español luchando contra los valientes mambises. Nunca una familia en Cuba ha jugado un papel tan nefasto en la historia del país como esa.",2025-10-21T20:47:29Z,2025-10-21T20:47:29Z,1,0,youtube,2026-04-05T13:39:35.759953
bHtI3lCm8wU,Economia y Desarrollo,¿Cómo FIDEL CASTRO acabó con la economía de CUBA?,es,Alta,UgwS8l8M5wSBbd5FTo54AaABAg,,0,@Pata_Negra_1990,Siempre con la ayuda del sistema globalista de hoy,2025-10-21T15:32:15Z,2025-10-21T15:32:15Z,0,0,youtube,2026-04-05T13:39:35.759958
bHtI3lCm8wU,Economia y Desarrollo,¿Cómo FIDEL CASTRO acabó con la economía de CUBA?,es,Alta,Ugwxfb3pDM1Cxi-ZepJ4AaABAg,,0,@_yk9ch9hw5q,"NO SOLO HIZO AÑICOS LA ECONOMÍA CUBANA, HIZO AÑICO A CUBA COMO NACIÓN....NO HAY NADA RESCATABLE YA DE LA TIRANÍA CASTRISTA, TODO ESTÁ EN RUINAS",2025-10-19T21:29:03Z,2025-10-19T21:29:03Z,1,0,youtube,2026-04-05T13:39:35.759964
bHtI3lCm8wU,Economia y Desarrollo,¿Cómo FIDEL CASTRO acabó con la economía de CUBA?,es,Alta,UgwJfKLdnS8UJdwzO7B4AaABAg,,0,@Yan-p9w-r4k,"No sé si sea como yo pienso que muchos ganan poco a un ellos elaborando alimentos y productos por qué el gobierno les pide una gran parte de sus ganancias y ellos se quedan con poco , por qué el gobierno con sus ganancias paga las deudas que tiene con otros países estando tan limitado el país no puede mantener hospitales, escuelas, dar mantenimiento a calles y edificios , todo se está quedando atrás sin actualización ni modernización . Y muchos prefieren abandonar el campo para trabajar en las playas donde pagan con dólares y dejan los campos quedando menos alimentos.",2025-10-19T19:13:23Z,2025-10-19T19:13:23Z,0,0,youtube,2026-04-05T13:39:35.759970
bHtI3lCm8wU,Economia y Desarrollo,¿Cómo FIDEL CASTRO acabó con la economía de CUBA?,es,Alta,UgwGg7N6JXb0Da1Crqt4AaABAg,,0,@Lisandra_hdez,"Me quedo loca con los comentarios🤦‍♀️ cómo pueden defender al comunismo que no están viviendo? Por su bien, espero que nunca llegue esa epidemia a sus países! Saludos🇨🇺",2025-10-19T12:00:00Z,2025-10-19T12:01:19Z,2,0,youtube,2026-04-05T13:39:35.759975
bHtI3lCm8wU,Economia y Desarrollo,¿Cómo FIDEL CASTRO acabó con la economía de CUBA?,es,Alta,UgxOcagMvvxPuK1_Ipx4AaABAg,,0,@LuisCarlosGuzman-g1c,Cuba es una monarquía castrista,2025-10-18T15:32:13Z,2025-10-18T15:32:13Z,0,0,youtube,2026-04-05T13:39:35.759980
bHtI3lCm8wU,Economia y Desarrollo,¿Cómo FIDEL CASTRO acabó con la economía de CUBA?,es,Alta,Ugxgwx7osZKyL6IopO94AaABAg,,0,@_yk9ch9hw5q,"¿Se han preguntado por qué los hambreados cubanos de a pie que son entrevistados en las calles de Cuba rara vez o nunca mencionan el embargo de los EEUU como culpable de su situación? Es simple: porque saben que es mentira. Lo saben porque lo viven, y saben lo mal que ha sido administrado el país y los disparates de última ocurrencia que caracterizaban al tirano Fidel Castro, que inventaba cosas de último momento para hacerse propaganda pero que luego resultaban en un fracaso. Eso de tratar de culpar a terceros de los desastres que causan, es muy propio siempre de los comunistas para tratar de blanquear sus culpas y victimizarse. Recursos Cuba ha tenido, pero han sido despilfarrados por el tirano Fidel Castro. La mejor muestra es el despilfarro del multimillonario subsidio de la exURSS, con el cual cualquier país se hubiera desarrollado pero que el tirano Fidel Castro malgastó en su participación en guerras en otros continentes, en el fomento de guerrillas y terrorismo en otros países y en donaciones para obras civiles a diversos países, todo con el enfermizo objetivo de vender una imagen de mesías tercermundista del tirano Fidel Castro. O también esos millonarios recursos que fueron recibidos por Cuba y que no se ha dicho cómo se usaron, y que por ejemplo, tiene sentada en un juicio en Londres a Cuba como un país mal pagador de deudas, algo por lo cual es tan conocida y por lo cual muchos le exigen pagar en efectivo y no le dan créditos.",2025-10-18T05:56:54Z,2025-10-18T05:56:54Z,1,0,youtube,2026-04-05T13:39:35.759985
bHtI3lCm8wU,Economia y Desarrollo,¿Cómo FIDEL CASTRO acabó con la economía de CUBA?,es,Alta,UgyiqgB9whYn2ge9ZsJ4AaABAg,,0,@_yk9ch9hw5q,"VAYA CON EL MEXIESBIRRO CASTRISTA MULTICUENTAS QUE LE CUESTA TANTO TRABAJO RECONOCER QUE LAS CULPAS DE LA DESTRUCCIÓN DE CUBA NO ES DE TERCEROS PAÍSES, SINO DEL PROPIO TIRANO FIDEL CASTRO, QUE A SUS DISPARATES DESTRUCTIVOS HASTA LES PUSO NOMBRE (ZAFRA DE LOS 10 MILLONES, CORDÓN DE LA HABANA, PLANES GENÉTICOS NIÑA BONITA Y ROSA FE, PLÁTANOS MICROJET, ETC ETC ETC) EN LOS CUALES NADA TUVO QUE VER OTRO PAÍS, SOLO SUS DECISIONES VOLUNTARISTAS DE TIRANO QUE NO PERMITÍA QUE NADIE SE LAS DISCUTIERA NI LES LLEVARA LA CONTRARIA....POR ESO EL PUEBLO CUBANO CUANDO PROTESTA EN LAS CALLES PIDIENDO COMIDA, NUNCA MENCIONA A TRCEROS PAÍSES, PORQUE SABE DE QUIEN ES LA CULPA DE LA HAMBRUNA CUBA, EL TIRANO FIDEL CASTRO",2025-10-17T23:01:51Z,2025-10-17T23:01:51Z,1,0,youtube,2026-04-05T13:39:35.759990
bHtI3lCm8wU,Economia y Desarrollo,¿Cómo FIDEL CASTRO acabó con la economía de CUBA?,es,Alta,UgxogilFN89wT01VXE14AaABAg,,0,@keopskefren7557,"NO DIGAS PNDJADAS. LOS GRIN-GOS NO CONFORME CON SU EMBARGO A LA ISLA, LO HIZO EXTENSIVO AL MUNDO, IMPIDIENDO CUALQUIER COMERCIO DE  TERCEROS PAISES CON LA ISLA,  SO PENA DE SANCIONES A QUIENES LO HICIERAN. LA SITUACION ACTUAL DE LOS PIN-CHES GRIN-GOS CON EL MUNDO ¿ NO ABRE TU CEREBRO? MALDT IGNORANTE .",2025-10-17T13:43:17Z,2025-10-17T13:43:17Z,0,0,youtube,2026-04-05T13:39:35.759996
bHtI3lCm8wU,Economia y Desarrollo,¿Cómo FIDEL CASTRO acabó con la economía de CUBA?,es,Alta,UgwSt7MFNx4tQV192Rh4AaABAg,,0,@WillieHerold88,"Cualquier gobernante que fomente el Marxismo será encarcelado, también opositor. De presidente a presidiario.",2025-10-17T03:51:41Z,2025-10-17T03:52:20Z,0,0,youtube,2026-04-05T13:39:35.760001
bHtI3lCm8wU,Economia y Desarrollo,¿Cómo FIDEL CASTRO acabó con la economía de CUBA?,es,Alta,UgwncthZngW0-YnRoIB4AaABAg,,0,@javiercano7991,El comunismo y el socialismo fue un fracaso total como modelo político,2025-10-13T04:19:09Z,2025-10-13T04:19:09Z,2,0,youtube,2026-04-05T13:39:35.760006
bHtI3lCm8wU,Economia y Desarrollo,¿Cómo FIDEL CASTRO acabó con la economía de CUBA?,es,Alta,Ugy0g61yjUEh7wbeSVp4AaABAg,,0,@_yk9ch9hw5q,"El ""Muro de Berlín"" del Caribe tambien caerá, como cayó el de Europa del este, las tiranías narcocastrochavistas serán barridas de América",2025-10-11T19:22:21Z,2025-10-11T19:25:11Z,0,0,youtube,2026-04-05T13:39:35.760014
bHtI3lCm8wU,Economia y Desarrollo,¿Cómo FIDEL CASTRO acabó con la economía de CUBA?,es,Alta,Ugy_wKB9ecxO8ZWK3F94AaABAg,,0,@_yk9ch9hw5q,"¿Por qué ya el viejo cuento de las supuestas culpas de los EEUU no le funciona a la tiranía castrista y a sus esbirros extranjeros? Porque el pueblo cubano sabe que es mentira, porque sabe cómo el tirano Fidel Castro despilfarró los multimillonarios recursos recibidos de la exURSS imaginando que ese país existiría para siempre para vivir de parásito de él.",2025-10-09T22:31:14Z,2025-10-09T22:31:14Z,1,0,youtube,2026-04-05T13:39:35.760019
bHtI3lCm8wU,Economia y Desarrollo,¿Cómo FIDEL CASTRO acabó con la economía de CUBA?,es,Alta,UgxI3rgnc6n8uHptVf54AaABAg,,0,@karensolera797,"Todo este mundo es una vil mentira 😡Como Dios dice en su Palabra el mundo entero esta bajo el maligno 😭 yo recuerdo que decian que el gobierno de Estados Unidos estaba en contra de Fidel Castro por que impuso el socialismo en Cuba claro con el apoyo de la Unión Soviética, pero las malas lenguas dice que fue puro show que Fidel Castro y el gobierno de Estados Unidos se llevaban excelente y que todo fue puro show de que se llevaban mal 😡, aparte vi un documental de Fidel Castro que no solo empobreció a su pais y a su gente, sino que el se volvio multimillonario robandole al pueblo de Cuba y hasta tenia un bunker con víveres y toda clase de lujos y comodidades, y esa farsa del bloqueo de Estados Unidos hacia Cuba, Fidel Castro se los hizo creer al pueblo cubano y al mundo entero, ya que Fidel Castro seguía usando esa excusa barata para seguir robando y enriqueciendose con el dinero  y la economía de Cuba, hasta dicen que en su bunker y en bancos de la Unión Soviética tenía toneladas de oro, plata y muchos minerales. Claro que cumplió con la teoría del comunismo que no existiera clases sociales en Cuba, ya que todos serian igual de pobres y el único rico seria Fidel Castro y su gobierno, pero eso no lo decía.😡",2025-10-09T21:57:02Z,2025-10-09T22:03:33Z,0,0,youtube,2026-04-05T13:39:35.760024
bHtI3lCm8wU,Economia y Desarrollo,¿Cómo FIDEL CASTRO acabó con la economía de CUBA?,es,Alta,UgzMfGDI84Z-O-xmJx14AaABAg,,0,@_yk9ch9hw5q,"Cuánta destrucción causada a una nación por un tirano megalomaníaco ególatra como Fidel Castro y su mafia heredera en el poder, que saben que ya carecen de liderazgo pero se siguen aferrando al poder para no perder sus privilegios y todo lo que han robado al país, y justifican su permanencia con consignas arcaicas apasionantes hechas mas para bobalicones extranjeros que les apoyan que para el pueblo de Cuba que ellos saben que mayoritariamente ya no les quieren",2025-10-09T02:48:38Z,2025-10-09T02:48:38Z,1,0,youtube,2026-04-05T13:39:35.760029
bHtI3lCm8wU,Economia y Desarrollo,¿Cómo FIDEL CASTRO acabó con la economía de CUBA?,es,Alta,UgxkMPd8SHnPgd_pASB4AaABAg,,0,@nathanaelferrerasfeliz2552,De mal a peor pasó ese país.,2025-10-09T01:21:13Z,2025-10-09T01:21:13Z,1,0,youtube,2026-04-05T13:39:35.760034
bHtI3lCm8wU,Economia y Desarrollo,¿Cómo FIDEL CASTRO acabó con la economía de CUBA?,es,Alta,UgzrQexYdM3HIO9PEPB4AaABAg,,0,@_yk9ch9hw5q,"Cuba tiene la tercera mas alta inflación del mundo. Eso es lo que ocurre cuando se imprime papel moneda sin un respaldo en bienes y servicios, dado que la tiranía castrista destruyó el sector productivo cubano. Por eso el peso cubano hoy no sirve ni como papel sanitario, pese a que antes de 1959 llegó a valer mas que el dólar. Hoy en Cuba la moneda fuerte es el dólar, y la mayoría de la gente tiene dólares gracias a sus familiares emigrados especialmente los que viven en EEUU. Una de las fuentes más importante de ingresos de la tiranía castrista, son las remesas de cubanos en el exterior.",2025-10-04T07:11:15Z,2025-10-04T07:11:15Z,1,0,youtube,2026-04-05T13:39:35.760039
bHtI3lCm8wU,Economia y Desarrollo,¿Cómo FIDEL CASTRO acabó con la economía de CUBA?,es,Alta,UgyUaQwtgM-_HvjxT7R4AaABAg,,0,@GGHHVHGGHHGGH,"2:00, 3 tacos después LA URSS ES LA ÚNICA QUE ES DE FIAR, vaya ese sujeto desde el principio era un comunista extremo que sabe más reprimir que de economía",2025-10-04T01:41:43Z,2025-10-04T01:48:08Z,0,0,youtube,2026-04-05T13:39:35.760045
bHtI3lCm8wU,Economia y Desarrollo,¿Cómo FIDEL CASTRO acabó con la economía de CUBA?,es,Alta,UgyZZMThDb44s_THdUF4AaABAg,,0,@_yk9ch9hw5q,"Uno de los grandes despilfarros castristas, la nunca terminada central termonuclear de Juraguá, (dirigida la obra por el hijo mayor del tirano Fidel Castro que luego se suicidara) fue uno de los grandes fracasos de la tiranía castrista, demostró la carencia en Cuba de científicos preparados para llevar a cabo proyectos de esa envergadura, muchos años y recursos  inútilmente invertidos en su construcción, y se invirtieron multimillonarios recursos en ella que terminaron siendo un multimillonario despilfarro de recursos. En vez de central termonuclear, los cubanos lo que tuvieron son mega-apagones",2025-10-02T22:43:23Z,2025-10-02T23:01:02Z,1,0,youtube,2026-04-05T13:39:35.760050
bHtI3lCm8wU,Economia y Desarrollo,¿Cómo FIDEL CASTRO acabó con la economía de CUBA?,es,Alta,UgyzkQTQniNrbclxEyR4AaABAg,,0,@_yk9ch9hw5q,"Lo que no me explico es que si los esbirros castristas extranjeros como el multicuentas que siempre escribe en los videos de Cuba hablando de las supuestas culpas del ""criminal bloqueo"" (así le llama para dramatizar), decían que la entrada de Cuba a los BRICS (no sé cómo puede explicar eso si dice que hay un ""bloqueo"") sería la solución a la miseria, hambre y destrucción de Cuba, por qué el país sigue cada vez peor. ¿O es que China y Rusia son parte de su imaginario bloqueo?",2025-09-30T23:38:05Z,2025-09-30T23:38:05Z,1,0,youtube,2026-04-05T13:39:35.760055
bHtI3lCm8wU,Economia y Desarrollo,¿Cómo FIDEL CASTRO acabó con la economía de CUBA?,es,Alta,UgwEwgJuhb3vNDanowh4AaABAg,,0,@_yk9ch9hw5q,"El gobierno de USA nunca ofreció negocios al gobierno de Cuba (a ninguno) antes de 1959. Las inversiones eran privadas. La exURSS nunca ofreció negocios al tirano Fidel Castro, simplemente le subsidiaba comprándole azúcar (productos básicos) a un precio mayor que en el mercado mundial y vendiéndole petróleo barato, el cual el tirano Fidel Castro aprovechaba para vender a mayor precio en el mercado mundial y sacarle una ganancia (algo que la URSS nunca protestó pese a que lo sabía). Por eso los apagones, ahora tan prolongados y habituales, siempre los hubo en Cuba.",2025-09-30T23:37:35Z,2025-09-30T23:37:35Z,1,0,youtube,2026-04-05T13:39:35.760060
bHtI3lCm8wU,Economia y Desarrollo,¿Cómo FIDEL CASTRO acabó con la economía de CUBA?,es,Alta,Ugw4lfNFLdBDMvm_3wt4AaABAg,,0,@juansebastiannietomarentes1372,La economía la daño EE.UU fin del comunicado,2025-09-30T21:12:39Z,2025-09-30T21:12:39Z,0,0,youtube,2026-04-05T13:39:35.760066
bHtI3lCm8wU,Economia y Desarrollo,¿Cómo FIDEL CASTRO acabó con la economía de CUBA?,es,Alta,UgxF95lNkSHTj2uaZPx4AaABAg,,0,@albertovargas-zb5ro,Lo que no entiendo porque elegimos estos pata en suelo....,2025-09-30T19:38:38Z,2025-09-30T19:38:38Z,0,0,youtube,2026-04-05T13:39:35.760071
bHtI3lCm8wU,Economia y Desarrollo,¿Cómo FIDEL CASTRO acabó con la economía de CUBA?,es,Alta,UgxlISramU_7iLRVOgN4AaABAg,,0,@_yk9ch9hw5q,"Batista nunca necesitó hacer parasitar a Cuba (como pasó luego de 1959) de otro país, todo lo logró (sin moralismo hipócritas) atrayendo inversiones, con lo cual la economía cubana iba alcanzando un vertiginoso crecimiento hacia 1958. Todas las fuentes estadísticas nacionales e internacionales lo corroboran y coinciden en ese crecimiento acelerado y modernización en la etapa batistiana. En tanto, el salario que Rusia (exURSS) pagaba al tirano Fidel Castro era todo el multimillonario subsidio que le hizo sobrevivir las sanciones sesenteras de los EEUU, pero que tan torpemente el tirano Fidel Castro despilfarró en tratar de vender su imagen de mesías tercermundista, fomentando la subversión, el terrorismo y las guerrillas en América Latina, participando en guerras en África y haciendo donaciones a esos países del Tercer Mundo. Al final ninguno de ellos se lo agradeció (el dictador etíope Megistu, huyó de su país ante la sublevación popular no quiso morir pese a que cubanos dieron la vida antes, defendiendo su gobierno, y la hija de Dos Santos, de Angola, es una de las grandes multimillonarias de África, una de las mujeres más ricas del mundo, pese a los cubanos muertos en su país y que la mayoría de ellos no querían estar en esas guerras, fueron obligados por la tiranía castrista) Al final de su vida el tirano Fidel Castro quedó solo como un viejo decrépito hablando de los beneficios de la moringa, después de haber destruido a Cuba.",2025-09-29T06:18:34Z,2025-09-29T06:18:34Z,1,0,youtube,2026-04-05T13:39:35.760076
bHtI3lCm8wU,Economia y Desarrollo,¿Cómo FIDEL CASTRO acabó con la economía de CUBA?,es,Alta,UgxWQ5TiGPxiraEQwMJ4AaABAg,,0,@juanparamo6892,"En el nombre de La Santísima Trinidad: Padre, Hijo y Espíritu Santo, yo…. 
(catire- Mr. Donald - MCM y Ed. González)rompo, aíslo, deshago, desbarato, pisoteo, disuelvo, aniquilo, invalido cualquier pacto, semi-pacto, sello (motorizados violentos del PSUV, DEL Sebin y el dgcip), cualquier consagración (SANTERISMO CUBANO), compromiso, reunión de brujas, maleficio, hechizo, maldición, magia, atadura, trampa, artimaña, ardid, mentira, impedimento, obstáculo, decepción, división, diversión, distracción, cadenas espirituales ( de: TRAMPAS DEL Raulismo castrista MADURISMO, CABELLISMO influencia satánica de  fuerzas oscuras) influencias espirituales, amén",2025-09-29T02:36:34Z,2025-09-29T02:36:34Z,0,0,youtube,2026-04-05T13:39:35.760081
bHtI3lCm8wU,Economia y Desarrollo,¿Cómo FIDEL CASTRO acabó con la economía de CUBA?,es,Alta,UgxGEYayHYiRyKVy50N4AaABAg,,0,@_yk9ch9hw5q,"El mayor problema no es que el tirano Fidel Castro destruyera la economía cubana, sino a toda la NACIÓN CUBANA. Eso es lo imperdonable. Por eso con su régimen comunista hay que hacer lo mismo que hizo Europa del este y Nepal: mandarlo al basurero de la historia.",2025-09-25T17:43:22Z,2025-09-25T17:43:22Z,1,0,youtube,2026-04-05T13:39:35.760086
bHtI3lCm8wU,Economia y Desarrollo,¿Cómo FIDEL CASTRO acabó con la economía de CUBA?,es,Alta,UgwgJ8X5h12CjyLaiNB4AaABAg,,0,@_yk9ch9hw5q,"Las verdades que se dicen en el video molestan a los esbirros castristas extranjeros porque ellos quieren que los videos sobre la destrucción castrista de la economía cubana no mencionen como culpable al tirano Fidel Castro sino a terceros países, usando el cacareado supuesto ""bloqueo imperialista"" cuya narrativa solo funciona entre extranjeros castristas bobalicones, mas no con el pueblo cubano que sabe bien que el culpable es el tirano Fidel Castro",2025-09-25T17:40:22Z,2025-09-25T17:40:22Z,1,0,youtube,2026-04-05T13:39:35.760091
bHtI3lCm8wU,Economia y Desarrollo,¿Cómo FIDEL CASTRO acabó con la economía de CUBA?,es,Alta,UgzhrbarscN--zsELcl4AaABAg,,0,@Jesusguzmanguerrero,Esa narrativa ya no te la creen pon algo nuevo!!!,2025-09-25T17:23:21Z,2025-09-25T17:23:21Z,0,0,youtube,2026-04-05T13:39:35.760097
bHtI3lCm8wU,Economia y Desarrollo,¿Cómo FIDEL CASTRO acabó con la economía de CUBA?,es,Alta,UgztOzdazleJLRt7mSp4AaABAg,,0,@_yk9ch9hw5q,"Puede observarse que los voceros castristas extranjeros (normalmente es uno solo con muchas cuentas el que escribe en los videos de Cuba) no se van a vivir a Cuba, solo son defensores de esa tiranía y del tirano Fidel Castro que han mitificado como si fuera un héroe marveliano, pero a control remoto, desde el capitalismo. Esa falsa solidaridad no es con el cubano de a pie cuando hablan de Cuba (no les importa lo que sufre el pueblo de Cuba, son deshumanizados), sino con la tiranía castrista, ellos justifican o edulcoran cualquier cosa que pase en Cuba bajo ese régimen y siempre tratan de sacar a relucir su patológicamente enfermizo antinorteamericanismo tratando de desviar la atención hacia las supuestas culpas de los EEUU, tratando de victimizar a la tiranía castrista para intentar blanquear su culpa por tener a los cubanos en la peor miseria de toda la historia de Cuba republicana y peor aún, sin libertades como nunca antes de 1959. O simplemente usan sus trillados discursos odiadores sobre “los ricos y los pobres”, “los de la capital y los del campo”, o los ""blancos y los negros"" o “la burguesía y el proletariado” para inventar mentiras sobre la Cuba de antes de 1959 y sobre una Cuba que no la conocen en carne propia en el día a día del cubano. Ese mercenarismo procastrista militante que practican activamente es parte de las deformaciones que reciben muchos de ellos en las escuelitas públicas de sus países capitalistas donde son formados como agentes fanáticos de la tiranía castrista y de la totalitaria ideología socialista/comunista. Si son comunicadores extranjeros los que critican a la tiranía castrista, entonces estos sujetos procastristas salen con el trillado recurso castrista de ¿""cuanto te pagan...?"" o con una tontería desesperada diciendo que ""mejor critiquen lo que pasa en...."", o simplemente soltando arcaicas consignas castristas y procastristas o mencionando el supuesto “criminal bloqueo” (los rojizurdetes carecen de autocrítica, siempre culpan a terceros de la destrucción que causan a los países). Por eso los esbirros castristas extranjeros ya perdieron toda credibilidad y están tan desacreditados.",2025-09-24T20:15:07Z,2025-09-24T20:15:07Z,0,0,youtube,2026-04-05T13:39:35.760102
bHtI3lCm8wU,Economia y Desarrollo,¿Cómo FIDEL CASTRO acabó con la economía de CUBA?,es,Alta,UgxBJ5TqDWtwFduN2XR4AaABAg,,0,@_yk9ch9hw5q,"Solo extranjeros procastrristas voceros de ese régimen oprobioso comunista, que no han vivido en Cuba casi toda su vida y solo lo defienden por afinidad ideológica y antinorteamericanismo enfermizo, sigue negando que el tirano Fidel Castro fue el destructor de Cuba, pero los cubanos sí lo culpan por haber vivido bajo su yugo y saber bien todas las atrocidades que hizo (pese a los millonarios recursos de la URSS que dispuso por tres décadas) y cómo arruinó a Cuba",2025-09-24T20:11:10Z,2025-09-24T20:11:10Z,1,0,youtube,2026-04-05T13:39:35.760108
bHtI3lCm8wU,Economia y Desarrollo,¿Cómo FIDEL CASTRO acabó con la economía de CUBA?,es,Alta,Ugx80Sbu7_FgVKFyyGh4AaABAg,,0,@_yk9ch9hw5q,"Por eso hoy la gente en Cuba dice: *_PREFERIMOS A BATIOSTA CON SANGRE QUE A FIDEL CON SANGRE Y HAMBRE_* Los cubanos lamentan haber apoyado inicialmente al luego tirano Fidel Castro, por  eso las nuevas generaciones le detestan",2025-09-24T20:10:36Z,2025-09-24T20:10:36Z,1,0,youtube,2026-04-05T13:39:35.760113
bHtI3lCm8wU,Economia y Desarrollo,¿Cómo FIDEL CASTRO acabó con la economía de CUBA?,es,Alta,Ugzjf33Cd6-WXexwHdd4AaABAg,,0,@monicafajardo-f1d,Inepto,2025-09-24T19:29:01Z,2025-09-24T19:29:01Z,0,0,youtube,2026-04-05T13:39:35.760118
bHtI3lCm8wU,Economia y Desarrollo,¿Cómo FIDEL CASTRO acabó con la economía de CUBA?,es,Alta,Ugzb_x4wSsGDe4VTpfR4AaABAg,,0,@liza4949,LIBERAL FASCISTA Y CAPITALISTA,2025-09-24T13:52:13Z,2025-09-24T13:52:13Z,0,0,youtube,2026-04-05T13:39:35.760124
bHtI3lCm8wU,Economia y Desarrollo,¿Cómo FIDEL CASTRO acabó con la economía de CUBA?,es,Alta,UgxvNU6sD0g3U7mydnh4AaABAg,,0,@liza4949,ERES UN MENTIROSO,2025-09-24T13:51:34Z,2025-09-24T13:51:34Z,0,0,youtube,2026-04-05T13:39:35.760129
bHtI3lCm8wU,Economia y Desarrollo,¿Cómo FIDEL CASTRO acabó con la economía de CUBA?,es,Alta,UgylNx2fy_xnW21ICPh4AaABAg,,0,@liza4949,QUIEN TE PAGA,2025-09-24T13:47:13Z,2025-09-24T13:47:13Z,0,0,youtube,2026-04-05T13:39:35.760135
bHtI3lCm8wU,Economia y Desarrollo,¿Cómo FIDEL CASTRO acabó con la economía de CUBA?,es,Alta,UgyrEfa5URCDfWkw2sJ4AaABAg,,0,@_yk9ch9hw5q,"Hoy los cubanos ven a este sujeto como una desgracia, en 1959 pensaban que era algo bueno y 66 años después lo ven como el peor gobernante que tuvo Cuba, no le importó el pueblo de Cuba, solo (como buen ególatra) vender su imagen entre el wokerío zurdirojete (especialmente los enfermizamente antinorteamericanos), para saciar su megalomanía. Nunca permitió que alguien le llevara la contraria, ni entre sus colaboradores ni en el pueblo. El miedo de todos en Cuba hacia él, fue su manera de gobernar.",2025-09-23T22:34:28Z,2025-09-23T22:34:28Z,1,0,youtube,2026-04-05T13:39:35.760140
bHtI3lCm8wU,Economia y Desarrollo,¿Cómo FIDEL CASTRO acabó con la economía de CUBA?,es,Alta,UgxMmYkBthqMWfGUQfl4AaABAg,,0,@SilviaDopozo-nb7nl,Fidel castro no destruyo a Cuba .pero eso es lo que dicen para confundir a las personas en este sistema nefasto,2025-09-23T17:51:19Z,2025-09-23T17:51:19Z,0,0,youtube,2026-04-05T13:39:35.760145
bHtI3lCm8wU,Economia y Desarrollo,¿Cómo FIDEL CASTRO acabó con la economía de CUBA?,es,Alta,UgxbCeLy858pdOPQH3t4AaABAg,,0,@_yk9ck9hv5q,"El peor gobernante que ha tenido Cuba en toda su historia, el mas destructivo y represivo, un ególatra que solo usó el poder para saciar su megalomanía y venderse entre bobalicones zurdirojetes de otros países",2025-09-21T11:09:31Z,2025-09-21T11:09:31Z,1,0,youtube,2026-04-05T13:39:35.760150
bHtI3lCm8wU,Economia y Desarrollo,¿Cómo FIDEL CASTRO acabó con la economía de CUBA?,es,Alta,UgzL1JnResNF6sLOb2F4AaABAg,,0,@_yk9ck9hv5q,"En Cuba pensar hacer una dieta sobre la base de una sana alimentación, es una utopía. El tirano Fidel Castro destruyó las fuentes de alimentación de los cubanos: los sectores agropecuarios y de la pesca. Antes de 1959 nunca hubo protestas como las recientes, pidiedo comida.  Los cubanos se pasan el día entero pensando en comida y tratando de llevarse algo de comer a la boca aunque sea dañino para su salud. En las calles la comida chatarra es hiperglicémica, hipercalórica y con exceso de colesterol malo. Por eso hay alguna gente gorda en Cuba (sin contar a Díaz Canel y su porcina esposa, que están gordos igual que toda la cúpula castrista, por comer abundantemente buena comida) pese a que un Cuba nadie se puede hacer un análisis de sangre cuando lo desee, porque eso solo se lo puede recetar un médico bajo estrictas reglas, dada la carencia de recursos que hay en clínicas y hospitales. Estar gordo no es síntoma de estar sano, sino lo contrario (excepto el cerdo Díaz Canel y su porcina esposa, que se alimentan bien)",2025-09-20T23:13:26Z,2025-09-20T23:14:59Z,1,0,youtube,2026-04-05T13:39:35.760156
bHtI3lCm8wU,Economia y Desarrollo,¿Cómo FIDEL CASTRO acabó con la economía de CUBA?,es,Alta,UgwBAYYoIa9v9Zrj-kd4AaABAg,,0,@SebastiánLópez-r6q8k,Como vas a decir que el bloqueo estado unidense no es un problema 🤦,2025-09-20T17:33:09Z,2025-09-20T17:33:09Z,0,0,youtube,2026-04-05T13:39:35.760161
bHtI3lCm8wU,Economia y Desarrollo,¿Cómo FIDEL CASTRO acabó con la economía de CUBA?,es,Alta,Ugxwy-SyI1YBmMr8UTN4AaABAg,,0,@pedrogarcia600,"Hola. La culpa de lo que pasa hoy en día la Tiene Fulgencio Batista , porque cuando Fidel Castro con grupo de hombres atacó el Cuartel Moncada debía haberlo Fusilado y no hubiera hoy pobreza y miseria.",2025-09-19T15:32:31Z,2025-09-19T15:32:31Z,0,0,youtube,2026-04-05T13:39:35.760166
bHtI3lCm8wU,Economia y Desarrollo,¿Cómo FIDEL CASTRO acabó con la economía de CUBA?,es,Alta,UgwtDAeSFYCjwBJwE1V4AaABAg,,0,@pedrogarcia600,"Hola. Te felicito por el vídeo,lo haz detallado bien todo. Te mereces un premio",2025-09-19T15:16:42Z,2025-09-19T15:16:42Z,1,0,youtube,2026-04-05T13:39:35.760172
bHtI3lCm8wU,Economia y Desarrollo,¿Cómo FIDEL CASTRO acabó con la economía de CUBA?,es,Alta,Ugy6uGuM3Srw8bjQjbt4AaABAg,,0,@pedrogarcia600,Hola. También para el próximo video tienes que decir qué el ladrón de Fidel Castro les quito todos los negocios a los cubanos y muchos de ellos se ahorcaron o sucidaron porque les robo con lo hacian comida para ellos y su familia.,2025-09-19T15:12:46Z,2025-09-19T15:12:46Z,0,0,youtube,2026-04-05T13:39:35.760176
bHtI3lCm8wU,Economia y Desarrollo,¿Cómo FIDEL CASTRO acabó con la economía de CUBA?,es,Alta,Ugw2xFyg3Y54VaG3T2h4AaABAg,,0,@_yk9ck9hv5q,"Lo único que el tirano Fidel Castro y la tiranía castrista nunca han descuidado y para lo cual ha destinado cuantiosos recursos, es para la represión al pueblo. La tiranía castrista tiene el mas grande aparato represivo de América Latina, no solo está conformado por policías y militares, que ante una protesta popular (como se vio el 11J aparecen rápidamente, están bien entrenados para eso), sino inclusive civiles que juegan el papel de policías y se mezclan en las calles con el ciudadano común, y organizaciones represivas como los CDR de la tiranía castrista. Y no hablemos ya de las denominada Avispas Negras"", que es el grupo represivo élite de la tiranía castrista.",2025-09-18T01:35:46Z,2025-09-18T01:35:46Z,1,0,youtube,2026-04-05T13:39:35.760181
bHtI3lCm8wU,Economia y Desarrollo,¿Cómo FIDEL CASTRO acabó con la economía de CUBA?,es,Alta,UgyEnvnExyU_6aWsVnF4AaABAg,,0,@_yk9ck9hv5q,"Puede observarse que los voceros castristas extranjeros (normalmente es uno solo con muchas cuentas el que escribe en los videos de Cuba) no se van a vivir a Cuba, solo son defensores de esa tiranía y del tirano Fidel Castro que han mitificado como si fuera un héroe marveliano, pero a control remoto, desde el capitalismo. Esa falsa solidaridad no es con el cubano de a pie cuando hablan de Cuba (no les importa lo que sufre el pueblo de Cuba, son deshumanizados), sino con la tiranía castrista, ellos justifican o edulcoran cualquier cosa que pase en Cuba bajo ese régimen y siempre tratan de sacar a relucir su patológicamente enfermizo antinorteamericanismo tratando de desviar la atención hacia las supuestas culpas de los EEUU, tratando de victimizar a la tiranía castrista para intentar blanquear su culpa por tener a los cubanos en la peor miseria de toda la historia de Cuba republicana y peor aún, sin libertades como nunca antes de 1959. O simplemente usan sus trillados discursos odiadores sobre “los ricos y los pobres”, “los de la capital y los del campo”, o los ""blancos y los negros"" o “la burguesía y el proletariado” para inventar mentiras sobre la Cuba de antes de 1959 y sobre una Cuba que no la conocen en carne propia en el día a día del cubano. Ese mercenarismo procastrista militante que practican activamente es parte de las deformaciones que reciben muchos de ellos en las escuelitas públicas de sus países capitalistas donde son formados como agentes fanáticos de la tiranía castrista y de la totalitaria ideología socialista/comunista. Si son comunicadores extranjeros los que critican a la tiranía castrista, entonces estos sujetos procastristas salen con el trillado recurso castrista de ¿""cuanto te pagan...?"" o con una tontería desesperada diciendo que ""mejor critiquen lo que pasa en...."", o simplemente soltando arcaicas consignas castristas y procastristas o mencionando el supuesto “criminal bloqueo” (los rojizurdetes carecen de autocrítica, siempre culpan a terceros de la destrucción que causan a los países). Por eso los esbirros castristas extranjeros ya perdieron toda credibilidad y están tan desacreditados.",2025-09-17T20:09:52Z,2025-09-17T20:09:52Z,1,0,youtube,2026-04-05T13:39:35.760187
bHtI3lCm8wU,Economia y Desarrollo,¿Cómo FIDEL CASTRO acabó con la economía de CUBA?,es,Alta,UgwrJU1A7VqKaKVCLTd4AaABAg,,0,@_yk9ck9hv5q,"No existen países comunistas desarrollados ni calificados ""del primer mundo"", todos los que se califican como desarrollados, son capitalistas. Ni siquiera China, y lo que ha avanzado es gracias a que adoptó una economía capitalista, igual que Vietnam, pese a que son gobernados esos países por tiranías comunistas represoras de las libertades de sus pueblos.. A Europa del este la daban por desarrollada porque mentían en sus cifras (como siempre hacen los comunistas) y no permitían verificarlas, después se supo la verdad. Cuba tuvo mas desarrollo siendo capitalista que siendo comunista, ni siquiera el multimillonario subsidio que recibió por tres décadas de la exURSS le hizo detener su cada vez mayor atraso, la prosperidad económica nunca fue un objetivo del tirano Fidel Castro (excepto la suya).",2025-09-17T12:37:30Z,2025-09-17T12:37:30Z,1,0,youtube,2026-04-05T13:39:35.760192
bHtI3lCm8wU,Economia y Desarrollo,¿Cómo FIDEL CASTRO acabó con la economía de CUBA?,es,Alta,Ugx4h6exJtmsvDKI6Lt4AaABAg,,0,@_yk9ck9hv5q,"Cada vez que al tirano Fidel Castro fuera de Cuba algún periodista le pregunta algo que le resultaba incómodo responder, enseguida iba al ataque personal al periodista preguntándole ""¿y a ti quien te paga?"". Esa fórmula torpe de ellos cuando se quedan sin argumentos, la copiaron todos los gobernantes zurdirojetes y los esbirros extranjeros de la tiranía castrista, para tratar de vender la imagen de que quien les contraríe, es un mercenario del ""imperio"". Nunca soportó a los que pensaban distinto a él, siempre fue intolerante, por eso lo que al inicio fue una revolución, luego degeneró en tiranía",2025-09-17T12:31:46Z,2025-09-17T13:19:13Z,1,0,youtube,2026-04-05T13:39:35.760197
bHtI3lCm8wU,Economia y Desarrollo,¿Cómo FIDEL CASTRO acabó con la economía de CUBA?,es,Alta,UgxQ6R5IiSNcb8pAVJR4AaABAg,,0,@kasiaignatowicz4092,"Que buen reporte. Escrito y pagado seguramente o posiblemente por gente como la CIA. No sorprendería que degenerados Cubanos como Gloria Estefan, Andy Garcia y María Conchita Alonso estuvieron apoyando videos como este.",2025-09-17T10:58:24Z,2025-09-17T10:58:24Z,0,0,youtube,2026-04-05T13:39:35.760202
bHtI3lCm8wU,Economia y Desarrollo,¿Cómo FIDEL CASTRO acabó con la economía de CUBA?,es,Alta,Ugz_gCsAKcrwMBp6PMd4AaABAg,,0,@kasiaignatowicz4092,Los que están empobrecido al pueblo Cubano son los EEUU y sus sanciónes. Gracias a Fidel Cuba no es controlando por un banco central de la familia criminal Rothschild. Bancos que atrapan a los países en usuario judío.,2025-09-17T10:43:04Z,2025-09-17T10:43:04Z,0,0,youtube,2026-04-05T13:39:35.760207
bHtI3lCm8wU,Economia y Desarrollo,¿Cómo FIDEL CASTRO acabó con la economía de CUBA?,es,Alta,Ugw0EcCRHTvfl7Hpz-94AaABAg,,0,@_yk9ck9hv5q,"El tirano Fidel Castro será considerado el gobernante de Cuba mas traidor a la Patria cubana. Hizo añicos a Cuba como nación, no solo destruyó su economía. Dejó que se destruyeran las construcciones mientras levantan hoteles de lujo para turistas extranjeros, le quitó las libertades a los cubanos y estableció el aparato represivo mas grande que ha tenido Cuba en su historia, pulverizó a las familias cubanas y peor aún, cambió antropológicamente al cubano, volviéndolo un pueblo vulgar, sin decencia y odiador. Nunca Cuba como hoy está mas cerca de poder ser tragada por los EEUU y desaparecer como nación, por culpa del tirano Fidel Castro que ha provocado desde que llegó al poder la mas alta emigración de la historia de Cuba, hacia los EEUU, dejando las familias cubanas divididas entre los dos países (por eso hoy se habla de ""las dos orillas), donde los que están en los EEUU son los sostenedores económicos de los que están en Cuba, y por lo tanto, una parte muy apreciada de la familia. La tiranía castrista dio cumplimiento así a la teoría de “la fruta madura” respecto a los EEUU de la que tanto se habló desde los finales de la guerra independentista de los mambises. A los cubanos, ante el agobio y desesperación por las penurias económicas y la falta de libertades, poco les importaría (y hasta les alegraría) que EEUU absorbiera a Cuba y así además volver a reunir a las muy divididas familias cubanas. De por sí ya Cuba perdió su soberanía económica desde los años noventa, al poner a circular una moneda ficticia equivalente a tener dólares (CUC), y mas recientemente con la absoluta dolarización de la economía cubana, algo que ni al mas pronorteamericano de los presidentes que tuvo la isla antes de 1959, se le había ocurrido ni el pueblo cubano, que entonces no era una carnero ante el poder, le hubiese permitido. Cuba ya no se puede considerar ni siquiera una colonia yanqui, sino casi una parte de los EEUU. La moneda que circula en Cuba es la de EEUU y la gente en Cuba vive de las remesas de los EEUU. Nunca Cuba había sido tan dependiente de los EEUU como ahora. La juventud cubana está miamizada, copia cuanta moda y música les llega de Miami, inclusive el lema de los jóvenes en Cuba hoy es PATRIA Y VIDA, el cual salió de Miami.",2025-09-17T02:11:48Z,2025-09-17T02:11:48Z,1,0,youtube,2026-04-05T13:39:35.760213
bHtI3lCm8wU,Economia y Desarrollo,¿Cómo FIDEL CASTRO acabó con la economía de CUBA?,es,Alta,UgzocmQ3s3TzKLSqEnt4AaABAg,,0,@_yk9ck9hv5q,"excelente video, es la muestra de esa Cuba que fue haitianizada por la tiranía castrista, convirtiéndola en uno de los países mas pobres de América, a diferencia de su crecimiento económico acelerado y avance pujante cada vez mayor de una clase media que tenía antes de 1959...en todos los países hay gente pobre, pero no son la inmensa mayoría de la población como en Cuba, donde solo la oligarquía castrista viven como ricachones en las casas y mansiones robadas en las zonas residenciales a sus dueños originales....y lo que es peor, es el pueblo con menos libertades de América Latina",2025-09-17T02:09:51Z,2025-09-17T02:09:51Z,1,0,youtube,2026-04-05T13:39:35.760218
bHtI3lCm8wU,Economia y Desarrollo,¿Cómo FIDEL CASTRO acabó con la economía de CUBA?,es,Alta,UgxvlBCkZ5JNkl9Qfbx4AaABAg,,0,@CarlosMartinez-b1v9t,"Cubanos abran los ojos, Puerto Rico es una colonia gringa y está peor que Cuba, todo país que pisan los gringos lo destruyen, el imperialismo yanky paga para desanimar a los cubanos; acusan a Venezuela de meter droga a USA, pero allá la mariguana es legal, y allá viven los grandes productores de marigua sintética, acusan a México de meter fentanilo a su país y quieren destruir los carteles mexicanos, pero ellos mismos les venden toda clase de armas.
   Los gringos lo que quieren es ser ellos los capos de la droga por el dineral que genera su venta.
   Allá en cada calle hay dos dealers , y el gobierno lo permite por el dineral que deja.
   Cubanos patriotas no se crean de esos traidores, no están solos Rusia y China están con ustedes.
Y lo del comunismo es un fantasma con lo que el clero católico asusta a los idólatras de la guadalupana, los supersticiosos que se asustan con el petate del muerto.",2025-09-17T00:15:46Z,2025-09-17T00:15:46Z,0,0,youtube,2026-04-05T13:39:35.760223
bHtI3lCm8wU,Economia y Desarrollo,¿Cómo FIDEL CASTRO acabó con la economía de CUBA?,es,Alta,Ugzpdqf-Lvp8EuGdmCd4AaABAg,,0,@_yk9ck9hv5q,"Dejó a Cuba en la ruina, solo legó para el futuro una represiva y destructiva tiranía, y un pueblo sin libertades",2025-09-16T22:55:20Z,2025-09-16T22:55:20Z,1,0,youtube,2026-04-05T13:39:35.760228
bHtI3lCm8wU,Economia y Desarrollo,¿Cómo FIDEL CASTRO acabó con la economía de CUBA?,es,Alta,UgzCpAT3NAaByUAHXJN4AaABAg,,0,@Mariana-s8g,Ese Fidel era el anticristo destruyó la isla,2025-09-14T04:59:41Z,2025-09-14T04:59:41Z,1,0,youtube,2026-04-05T13:39:35.760234
bHtI3lCm8wU,Economia y Desarrollo,¿Cómo FIDEL CASTRO acabó con la economía de CUBA?,es,Alta,Ugz4itEHvmNpx1sfmNB4AaABAg,,0,@_yk9ck9hv5q,"Comparado con el tirano Fidel Castro, hoy la gente en Cuba a Batista lo ven como un tirano light, algunos dicen que ni tirano fue. El tirano Fidel Castro y su tiranía han sido mas represores, mas crueles con el pueblo, que Batista, y al menos Cuba, que ya venía teniendo desde Grau un buen crecimiento económico constante, tuvo su mayor esplendor en su economía, llegando el peso cubano a valer mas que el dólar (hoy no sirve ni como papel sanitario, la economía está dolarizada como nunca antes de 1959, Cuba perdió su soberanía económica), en tanto el tirano Fidel Castro haitianizó a Cuba y la destruyó como nación, no solo su economía, Cuba hoy es una favela-cárcel, una especie de gueto de América. Es el Alcatraz del Caribe.",2025-09-13T11:22:07Z,2025-09-13T11:22:07Z,1,0,youtube,2026-04-05T13:39:35.760239
bHtI3lCm8wU,Economia y Desarrollo,¿Cómo FIDEL CASTRO acabó con la economía de CUBA?,es,Alta,UgzMHVpfQiPgHuVNhul4AaABAg,,0,@matiastijmesmontero8942,lo más desagradable es que no cuentan la historia completa porque cuba nunca ha tenido democracia primero tuvo una dictadura fascista con Fulgencio batista hasta el 59 y castro tomo el poder y paso a dictadura comunista hasta la actualidad con Miguel días cannel.,2025-09-13T09:02:42Z,2025-09-13T09:02:42Z,0,0,youtube,2026-04-05T13:39:35.760245
bHtI3lCm8wU,Economia y Desarrollo,¿Cómo FIDEL CASTRO acabó con la economía de CUBA?,es,Alta,Ugx4fGpozZSjk1HaiWd4AaABAg,,0,@_yk9ck9hv5q,"Cuba desde 1959 perdió la posibilidad de convertirse en un paraíso, fue durante tres décadas ficticiamente y parasitariamente mantenida en pie por la URSS hasta que pulverizaron el comunismo en ese país y los cubanos pudieran saber la verdad de la ruina causada a la economía cubana durante el período de existencia de la URSS, en el cual el tirano Fidel Castro despilfarró multimillonarios recursos recibidos de ese país para fomentar el terrorismo y la subversión en América Latina y en guerras en África, en hacer donaciones civiles (aeropuertos, hospitales, etc.) a terceros países, y en todo aquello que pudiera proyectar su imagen de supuesto mesías del tercer mundo ante todos los tontos que le han admirado, sin importarles cómo Cuba se destruía y el cubano cada vez vive peor. Recibió una economía en crecimiento, pero su egolatría y mala administración del país, y su forma totalitaria de gobernar, provocaron la ruina de Cuba hasta llevarla a ese Estado fallido que es hoy. Hoy Cuba es un país haitianizado por el tirano Fidel Castro, convirtió a toda Cuba en una gran favela-cárcel, el gueto de América, en el Alcatraz del Caribe. Después, como siempre hacen los comunistas, solo le quedó a la tiranía castrista victimizarse culpando a un tercero de la destrucción (no solo económica) que ella ha causado a Cuba, algo que no le ha funcionado.",2025-09-12T22:07:40Z,2025-09-12T22:07:40Z,1,0,youtube,2026-04-05T13:39:35.760250
bHtI3lCm8wU,Economia y Desarrollo,¿Cómo FIDEL CASTRO acabó con la economía de CUBA?,es,Alta,UgzYVy7GAeX8qrM9aoF4AaABAg,,0,@VictorAvilaEspinosa,Muy cierto la parte donde se dice que Fidel destruyó Cuba.,2025-09-12T14:40:50Z,2025-09-12T14:40:50Z,0,0,youtube,2026-04-05T13:39:35.760255
bHtI3lCm8wU,Economia y Desarrollo,¿Cómo FIDEL CASTRO acabó con la economía de CUBA?,es,Alta,UgyMZETzUbc2elQkJz14AaABAg,,0,@_yk9ck9hv5q,"¿Por qué a la tiranía castrista no le funciona hoy su propaganda basada en el recurso goebbeliano de la repetición, de tratar de culpar a los EEUU de la situación de Cuba, y ese discurso que tanto repite junto a sus esbirros extranjeros no le funciona con el pueblo de Cuba, que no repite esa mentira? Me imagino la desesperación que debe causarle que la gente en Cuba no haya hecho suya la mentira de las culpas de los EEUU sobre la miseria y destrucción de Cuba",2025-09-11T22:07:23Z,2025-09-11T22:07:23Z,1,0,youtube,2026-04-05T13:39:35.760261
bHtI3lCm8wU,Economia y Desarrollo,¿Cómo FIDEL CASTRO acabó con la economía de CUBA?,es,Alta,UgyrZ-DbJtg6aAaJx7V4AaABAg,,0,@_yk9ch9hw5q,"Toda la mafia castrista (incluyendo al tirano Fidel Castro y familia) vivieron desde 1959 en casa y mansiones robadas a sus dueños originales en zonas exclusivas de La Habana, ninguno en barrios humildes de Cuba, pese a que acusaron en 1959 a los políticos de antes, de ser ladrones. Por eso ahora prefieren ni hablar de lo que se robaba antes de 1959, pues la mafia castrista (cúpula militar incluida) han sido peores. Por eso los cubanos hoy dicen ""roboilusión""",2025-09-10T23:21:11Z,2025-09-10T23:21:11Z,1,0,youtube,2026-04-05T13:39:35.760268
bHtI3lCm8wU,Economia y Desarrollo,¿Cómo FIDEL CASTRO acabó con la economía de CUBA?,es,Alta,Ugz94E6HPtypugtg2FF4AaABAg,,0,@_yk9ch9hw5q,"Lo que hay que cambiar en Cuba es al gobierno y terminar con la tiranía castrista, igual que hicieron en Europa del este que mandaron a las tiranías comunistas al basurero de la historia. se necesita hacer una verdadera revolución, no seguir en la mentira de la fracasada otra revolución de 1959 que tan pronto se frustrara al degenerar en tiranía comunista como satélite parásito de la URSS",2025-09-10T22:04:07Z,2025-09-10T22:04:07Z,1,0,youtube,2026-04-05T13:39:35.760273
bHtI3lCm8wU,Economia y Desarrollo,¿Cómo FIDEL CASTRO acabó con la economía de CUBA?,es,Alta,UgzRMm57DgragkpOn094AaABAg,,0,@Alexisferra-v2y,Este ser a esclavizado por mucho tiempo a los seres de ese país..y esto no puede ser.. pronto será la guillotina para Fidel,2025-09-10T21:52:50Z,2025-09-10T21:52:50Z,1,0,youtube,2026-04-05T13:39:35.760278
bHtI3lCm8wU,Economia y Desarrollo,¿Cómo FIDEL CASTRO acabó con la economía de CUBA?,es,Alta,UgzYmmtDL_90N0PhyB14AaABAg,,0,@josemamani1952,Me preocupa que el gobierno de Bolivia siga muchos de esos pasos,2025-09-10T15:41:32Z,2025-09-10T15:41:32Z,0,1,youtube,2026-04-05T13:39:35.760283
bHtI3lCm8wU,Economia y Desarrollo,¿Cómo FIDEL CASTRO acabó con la economía de CUBA?,es,Alta,UgzYmmtDL_90N0PhyB14AaABAg.AMtqMbL-oP-AMuJl3yV5zJ,UgzYmmtDL_90N0PhyB14AaABAg,1,@_yk9ch9hw5q,"exgobierno, para dicha de los bolivianos",2025-09-10T20:07:09Z,2025-09-10T20:07:09Z,1,0,youtube,2026-04-05T13:39:35.760289
bHtI3lCm8wU,Economia y Desarrollo,¿Cómo FIDEL CASTRO acabó con la economía de CUBA?,es,Alta,Ugwfn5Cot8GY8lnw6tZ4AaABAg,,0,@_yk9ch9hw5q,"El oprobioso régimen castrocomunista del tirano Fidel Castro quedará ante la historia de Cuba como el más destructivo de Cuba, no solo en lo económico, sino inclusive toda Cuba como nación, pues ha destruido a las familias cubanas con la alta emigración que ha generado (la mayor que recuerde la historia de Cuba), el alto nivel de prostitución actual (como nunca antes de 1959) con su fomento al turismo sexual, e inclusive, con la destrucción física del país, pues las edificaciones se han deteriorado al extremo o simplemente ya se han derrumbado o están apuntaladas o ruinosas a punto de hacerlo, haciendo de la capital cubana una de las más feas y deterioradas del mundo luego de haber sido antes de 1959 una de las más elegantes de América...y quedará como el mas antipatriota, pues con la alta emigración de cubanos hacia EEUU ha puesto en peligro a que Cuba de ser absorbida en un futuro por EEUU dado el deseo de las familias de volverse a reunificar libres del comunismo, además de haber dolarizado la economía cubana, algo que ni el mas pronorteamericano presidente de Cuba antes de 1959 había hecho....el pueblo cubano hoy es un pueblo sin libertades, que vive bajo la constante y extrema represión de una tiranía, y eso los pueblos nunca lo olvidan en su historia.",2025-09-09T10:56:32Z,2025-09-09T10:56:32Z,1,0,youtube,2026-04-05T13:39:35.760294
bHtI3lCm8wU,Economia y Desarrollo,¿Cómo FIDEL CASTRO acabó con la economía de CUBA?,es,Alta,UgzgD105UETOMuvgfyZ4AaABAg,,0,@4pr3nd12,Viva Fidel,2025-09-09T09:27:58Z,2025-09-09T09:27:58Z,0,0,youtube,2026-04-05T13:39:35.760299
bHtI3lCm8wU,Economia y Desarrollo,¿Cómo FIDEL CASTRO acabó con la economía de CUBA?,es,Alta,Ugzp0zMBqOesqJ-Agih4AaABAg,,0,@GustavoAdolfo-i4p,El socialismo y el comunismo es una mentira ....son terroristas disfrasados ...gente mala ...secuestrar países enteros ...e instalar una monarquía..disfrasada...asesinar gente y prostituir a sus mujeres en el estranjero por culpa de ellos ....el colmo de la miseria de un pais,2025-09-07T22:08:41Z,2025-09-07T22:08:41Z,0,0,youtube,2026-04-05T13:39:35.760304
bHtI3lCm8wU,Economia y Desarrollo,¿Cómo FIDEL CASTRO acabó con la economía de CUBA?,es,Alta,UgxNimxq5aZ59McKOXZ4AaABAg,,0,@Chuckles9191991,Answer : by simply being born.,2025-09-07T10:45:28Z,2025-09-07T10:45:28Z,0,0,youtube,2026-04-05T13:39:35.760309
bHtI3lCm8wU,Economia y Desarrollo,¿Cómo FIDEL CASTRO acabó con la economía de CUBA?,es,Alta,UgwVFbNsbUYcAJVkolx4AaABAg,,0,@johnnyariasgarcia2000,En otras palabras Cuba está cómo cómo está en estos momentos gracias a las ratas sinvergüenza de Fidel Castro,2025-09-07T09:32:58Z,2025-09-07T09:32:58Z,1,0,youtube,2026-04-05T13:39:35.760314
bHtI3lCm8wU,Economia y Desarrollo,¿Cómo FIDEL CASTRO acabó con la economía de CUBA?,es,Alta,UgzGp5pQ-s2tcbBe7l14AaABAg,,0,@_yk9ch9hw5q,"En el proceso de adoctrinamiento castrista a los cubanos, siempre nos dijeron la mentira que el 20 de mayo de 1902 no nacimos como república, que solo había nacido una ""república mediatizada"" en aquel momento, todo con el objetivo de tratar de hacernos creer que Cuba no había sido república sino hasta 1959 y que el tirano Fidel Castro había sido el liberador de Cuba. Que asco de tiranía comunista, que manera de tergiversar la historia. Hasta le cortaron los pies a Estrada Palma en su monumento en la calle G del Vedado. Eso hay que hacerlo con el mojón de Castro que dicen que contiene sus cenizas y que está en el cementerio de Santa Ifigenia: echarlo a la Fosa de Bartlett. Mas bien a partir de 1959 Cuba dejó de ser república, porque degeneró en tiranía, que es la negación de una república.",2025-09-06T22:36:12Z,2025-09-06T22:36:12Z,3,0,youtube,2026-04-05T13:39:35.760319
bHtI3lCm8wU,Economia y Desarrollo,¿Cómo FIDEL CASTRO acabó con la economía de CUBA?,es,Alta,Ugw0mAuqS-uwo6n9AgJ4AaABAg,,0,@JesusdaniloVega,"Cuba nunca ha tenido libertad Batista también era un socialista Batista lo único que hizo fue cederle el poder a Fidel Castro dejarsela más fácil pero Batista también era un izquierdista socialista igual a Fidel Castro
Cuba  salió de un Guatemala para entrar a un guatepeor",2025-09-06T20:32:49Z,2025-09-06T20:32:49Z,1,0,youtube,2026-04-05T13:39:35.760325
bHtI3lCm8wU,Economia y Desarrollo,¿Cómo FIDEL CASTRO acabó con la economía de CUBA?,es,Alta,Ugw-mdR4XFyjBihP8cB4AaABAg,,0,@robertocasas629,"Solo le importaba vender una imagen de si mismo, los cubanos nunca fueron su prioridad, este tipo era en psicópata, por eso arruinó a Cuba y solo dejó como alternativa irse del país",2025-09-05T23:16:05Z,2025-09-05T23:16:05Z,1,0,youtube,2026-04-05T13:39:35.760330
bHtI3lCm8wU,Economia y Desarrollo,¿Cómo FIDEL CASTRO acabó con la economía de CUBA?,es,Alta,UgxF0M4q_msj_etl9dB4AaABAg,,0,@_yk9ch9hw5q,"El colmo es que la tiranía castrista se haya ido a buscar limosnas a Vietnam, un país que tuvo una guerra armada, primero con EEUU y luego con China, y nunca tuvo un multimillonario subsidio por tres décadas como el que tuvo el tirano Fidel Castro de la exURSS,  y hoy está mejor que Cuba. La tiranía castrista es fracaso, el tirano Fidel Castro la dejó en la ruina total a Cuba",2025-09-04T22:55:51Z,2025-09-04T22:55:51Z,1,0,youtube,2026-04-05T13:39:36.692277
bHtI3lCm8wU,Economia y Desarrollo,¿Cómo FIDEL CASTRO acabó con la economía de CUBA?,es,Alta,UgwagXIEBDK-GH8yco94AaABAg,,0,@_yk9ch9hw5q,"Que vergonzoso que en una Cuba libre de la tiranía castrista, las nuevas generaciones de cubanos sepan que durante el humillante régimen de oprobio de los Castro, los cubanos nos llamábamos a si mismo ""carneros"" para dejar patente la mansa cobardía que manifestábamos ante el yugo del poder del tirano Castro y su tiranía. La mayoría de los cubanos en la isla (simulación por razones obvias de supervivencia aparte) DETESTAN a Fidel Castro, porque dejó un legado de destrucción de la nación cubana donde las familias se están dividiendo cada vez mas porque las nuevas generaciones no quieren vivir sin libertades bajo esa tiranía sin futuro. Para las nuevas generaciones ese difunto tirano Fidel Castro ya nada representa, pues por suerte para ellos no tuvieron que vivir sus aburridos interminables discursos que nos obligaban a oir a las generaciones precedentes, y que nos obligaban a simular adorarle. Solo algunos zurdirojetes de otros países se siguen babeando por este tirano que ellos no tuvieron que sufrir y bajo cuya tiranía no tuvieron que vi",2025-09-04T22:54:05Z,2025-09-04T22:54:05Z,1,0,youtube,2026-04-05T13:39:36.692299
bHtI3lCm8wU,Economia y Desarrollo,¿Cómo FIDEL CASTRO acabó con la economía de CUBA?,es,Alta,Ugz-SJDqAoIgyMJNIgZ4AaABAg,,0,@_yk9ch9hw5q,"El sistema de salud de Cuba es hoy un fracaso. En Cuba hay un sistema de salud para el cubano de a pie y otro para los de la oligarquía castrista (y sus mas importantes voceros) y la casta militar y aquellos que tienen dólares. Los cubanos tienen que ir al hospital con sus propias sábanas, toallas, alimentos, agua, productos de aseo personal y limpieza, bombilla o colchón y material de curación (casi todo eso enviado por sus familiares en el exterior). Los extranjeros y los altos cargos de dirección en el régimen reciben otro trato en hospitales o clínicas como CIMEQ, Cira García, Ciren, la 43 y Kohly, o en plantas especiales del Hermanos Ameijeiras y del Frank País. El país que tuvo a un nominado al Nobel de Medicina antes de la llegada de los Castro, ahora manipula las estadísticas para camuflar la involución en la salud de los cubanos y prohíbe que les sean verificadas. En tanto, dado los miserables sueldos de entre 16 y 23 dólares mensuales que recibe un médico, se ha hecho práctica común que los ciudadanos para que les presten un mejor servicio médico, recurran a darle algún dinerito “bajo la cuerda” al médico y al personal de salud. Ante la crisis de materiales para la odontología, los odontólogos los recursos que le son asignados los destinan a aquellos pacientes “clientes” suyos que les hacen pagos (como se dice en Cuba ) “por debajo de la manga”. Los propios profesionales de la salud ante la crisis de medicamentos (que no son parte del embargo del EEUU) le recetan a los pacientes medicamentos que no hay dentro de Cuba pero que les sugieren que se los pidan a sus familiares emigrados. Y los hospitales y clínicas de las provincias de Cuba están en peor estado y mas desabastecidos y lo peor es que no permiten a la gente de provincia recibir atención médica en La Habana si no hay una remisión expresa de las autoridades de salud de su provincia.",2025-09-04T22:52:57Z,2025-09-04T22:52:57Z,1,0,youtube,2026-04-05T13:39:36.692305
bHtI3lCm8wU,Economia y Desarrollo,¿Cómo FIDEL CASTRO acabó con la economía de CUBA?,es,Alta,UgwCBCiywfyUnELiJn54AaABAg,,0,@_yk9ch9hw5q,"El tirano Fidel Castro no llega al poder por razones económicas (el peso cubano estaba a la par del dólar, a veces más fuerte y la clase media iba en incesante aumento como nunca antes en la historia de Cuba, lo cual demuestra la fortaleza del crecimiento económico acelerado de la economía bajo Batista), sino por el resentimiento de los cubanos con Batista por haber dado el golpe de Estado y haber violado la Constitución de 1940 de la cual se sentían tan orgullosos por haber sido la mas democrática e incluyente que ha tenido Cuba en toda su historia. Económicamente, con Batista fue el mejor período que ha tenido Cuba en toda su historia. Luego, después de 1959, comenzó el peor período que tuvo Cuba en toda su historia desde 1902, no solo económicamente, sino inclusive en materia de libertades para los cubanos, porque además, Cuba se convirtió en un país parásito de otros, primero de la URSS y luego de Venezuela, algo que nunca había ocurrido ni siquiera en la época colonial. Hoy el peso cubano no sirve ni como papel sanitario, hasta la propia tiranía castrista está vendiendo sus productos en dólares a la población, lo cual es una pérdida de la soberanía económica de Cuba.",2025-09-04T22:51:33Z,2025-09-04T22:51:33Z,1,0,youtube,2026-04-05T13:39:36.692310
bHtI3lCm8wU,Economia y Desarrollo,¿Cómo FIDEL CASTRO acabó con la economía de CUBA?,es,Alta,UgxJflmPYeWmXXDMokl4AaABAg,,0,@_yk9ch9hw5q,Cuba solo necesita una cosa: mandar a su tiranía comunista al  basurero de la historia (como hicieron en Europa del este),2025-09-04T04:55:56Z,2025-09-04T04:55:56Z,2,0,youtube,2026-04-05T13:39:36.692315
bHtI3lCm8wU,Economia y Desarrollo,¿Cómo FIDEL CASTRO acabó con la economía de CUBA?,es,Alta,UgxdjC8ugQVHcCFPJPl4AaABAg,,0,@samkhani2147,Cuba need to change,2025-09-04T04:30:19Z,2025-09-04T04:30:19Z,0,0,youtube,2026-04-05T13:39:36.692320
bHtI3lCm8wU,Economia y Desarrollo,¿Cómo FIDEL CASTRO acabó con la economía de CUBA?,es,Alta,Ugy-uMHqKmQfREvDM1h4AaABAg,,0,@_yk9ch9hw5q,"Dejó a Cuba en la ruina al morir, fue el peor gobernante que ha tenido Cuba, y pulverizó a las familias cubanas al provocar la mas alte emigración de Cuba de toda la historia de Cuba......Cuba se convirtió en un país en ruinas por los despilfarros de recursos constructivos por este tirano. La Habana pasó a ser de una de las ciudades mas modernas de América en 1959, a una versión ruinosa de capital, y los campos de Cuba se llenaron de marabú por su culpa",2025-09-03T20:34:03Z,2025-09-03T20:34:03Z,1,0,youtube,2026-04-05T13:39:36.692324
bHtI3lCm8wU,Economia y Desarrollo,¿Cómo FIDEL CASTRO acabó con la economía de CUBA?,es,Alta,UgynTndPbM49d5X491t4AaABAg,,0,@ElenaSepulveda-h1g,"La Habana era un Hermoso País y Fidel Castro se apoderó de el  y el dueño de la Isla y tiene al pueblo de Cuba con hambre y con lo justo para cada día.
A mi me consta que los Turistas les llevan toallas higienecas a las cubanas y eso me parece denigrante.",2025-09-03T03:25:19Z,2025-09-03T03:25:19Z,0,0,youtube,2026-04-05T13:39:36.692329
bHtI3lCm8wU,Economia y Desarrollo,¿Cómo FIDEL CASTRO acabó con la economía de CUBA?,es,Alta,Ugwq1Pt8VaCozBwJsjR4AaABAg,,0,@GeneralDominiqueYou,Just like Mandami will do to NYC🫵,2025-09-02T19:57:23Z,2025-09-02T19:57:23Z,0,0,youtube,2026-04-05T13:39:36.692334
bHtI3lCm8wU,Economia y Desarrollo,¿Cómo FIDEL CASTRO acabó con la economía de CUBA?,es,Alta,UgyT0_kpCyXfrEgDfR14AaABAg,,0,@MinoAndres-vv2pr,"Hablaban de una revolucion, pero en realidad. sumergieron a su pais en la miseria economica, el hambre, la analfabetizacion, malos servicios electricos, prostitucion, hundieron a un pais hacia una NACION, al olvido y abandono",2025-09-02T17:28:00Z,2025-09-02T17:28:00Z,1,0,youtube,2026-04-05T13:39:36.692339
bHtI3lCm8wU,Economia y Desarrollo,¿Cómo FIDEL CASTRO acabó con la economía de CUBA?,es,Alta,Ugy6mmAjMneLmvMGMKt4AaABAg,,0,@MinoAndres-vv2pr,FIDEL CASTRO DESTRUCTOR DE CUBA,2025-09-02T17:21:47Z,2025-09-02T17:21:47Z,1,0,youtube,2026-04-05T13:39:36.692344
bHtI3lCm8wU,Economia y Desarrollo,¿Cómo FIDEL CASTRO acabó con la economía de CUBA?,es,Alta,UgyJFuvlklrNpRzEJa54AaABAg,,0,@leonardomunoz2882,El socialismo no sirve,2025-09-01T20:49:02Z,2025-09-01T20:49:02Z,1,0,youtube,2026-04-05T13:39:36.692349
bHtI3lCm8wU,Economia y Desarrollo,¿Cómo FIDEL CASTRO acabó con la economía de CUBA?,es,Alta,Ugw2MZm6x4ufFiSeUkN4AaABAg,,0,@_yk9ch9hw5q,"Fuera como fuere, el mayor desarrollo económico de Cuba, y su modernización, ocurrió antes de 1959, con Batista",2025-08-31T22:59:47Z,2025-08-31T22:59:47Z,7,0,youtube,2026-04-05T13:39:36.692354
bHtI3lCm8wU,Economia y Desarrollo,¿Cómo FIDEL CASTRO acabó con la economía de CUBA?,es,Alta,UgyQoTZ2y6JzTBM_9lB4AaABAg,,0,@FelixTovar-m4m,Ahora la 4t va ser lo mismo con mexico,2025-08-31T21:44:17Z,2025-08-31T21:44:17Z,1,1,youtube,2026-04-05T13:39:36.692358
bHtI3lCm8wU,Economia y Desarrollo,¿Cómo FIDEL CASTRO acabó con la economía de CUBA?,es,Alta,UgyQoTZ2y6JzTBM_9lB4AaABAg.AMVjvm3-fAqAQjBWMKh6q7,UgyQoTZ2y6JzTBM_9lB4AaABAg,1,@Lray777,"Se sabe, sin seguridad sin dinero y sin ninguna esperanza cercana para México.",2025-12-14T22:29:02Z,2025-12-14T22:29:02Z,0,0,youtube,2026-04-05T13:39:36.692369
bHtI3lCm8wU,Economia y Desarrollo,¿Cómo FIDEL CASTRO acabó con la economía de CUBA?,es,Alta,Ugx4r8qvxmXS6UH1OwF4AaABAg,,0,@_yk9ch9hw5q,"Nunca antes de 1959 hubo la exagerada emigración que trajo a los cubanos el tirano Fidel Castro. Ante la imparable emigración de los cubanos que ha provocado la tiranía castrista, los cubanos jocosamente acostumbran a decir: ""el último en irse que apague el Morro""",2025-08-31T11:52:38Z,2025-08-31T11:52:38Z,1,0,youtube,2026-04-05T13:39:36.692374
bHtI3lCm8wU,Economia y Desarrollo,¿Cómo FIDEL CASTRO acabó con la economía de CUBA?,es,Alta,UgxlAaQY1AouKrqu3O54AaABAg,,0,@_yk9ch9hw5q,"Toda la concepción del tirano Fidel Castro de su dominación de los cubanos, es una concepción carcelaria. Siempre se sintió en el alcaide de la prisión cubana, vio a Cuba como su Alcatraz personal. Por eso creó las escuelas en el campo, para mantener encerrada a las nuevas generaciones y adoctrinarlas a su antojo, lejos de sus padres y lejos de las calles. Los jóvenes como manadas de presos en sus escuelas. Es uno de los despilfarros de la economía en los que incurrió.",2025-08-31T02:40:28Z,2025-08-31T02:40:28Z,1,0,youtube,2026-04-05T13:39:36.692379
bHtI3lCm8wU,Economia y Desarrollo,¿Cómo FIDEL CASTRO acabó con la economía de CUBA?,es,Alta,Ugwaf2_c-7wJFf3pk494AaABAg,,0,@Mapacheitor117,"Esta es la cuba que tanto presumen? Los veo aca en mi pais y esucho algunos diciendo ""no eh que nada como la habana"" ""no que lo medico en cuba son nada incomparables"" cuando la realidad es otra o no se porque a la gente se le olvida",2025-08-31T02:13:53Z,2025-08-31T02:13:53Z,2,1,youtube,2026-04-05T13:39:36.692384
bHtI3lCm8wU,Economia y Desarrollo,¿Cómo FIDEL CASTRO acabó con la economía de CUBA?,es,Alta,Ugwaf2_c-7wJFf3pk494AaABAg.AMTdzXKdrBVAQSL8LnBCaB,Ugwaf2_c-7wJFf3pk494AaABAg,1,@YolandaDiaz-fs7pl,"Los médicos son buenos, pero lástima que son tas mal pagados en Cuba, viven en la miseria",2025-12-08T00:06:48Z,2025-12-08T00:06:48Z,0,0,youtube,2026-04-05T13:39:36.692388
bHtI3lCm8wU,Economia y Desarrollo,¿Cómo FIDEL CASTRO acabó con la economía de CUBA?,es,Alta,UgymGwmbGZlaci9FceR4AaABAg,,0,@robertocasas629,Abajo esa basura de dictador que fue Fidel Castro!! que destruyó a Cuba y la dejó en la miseria,2025-08-28T00:09:09Z,2025-08-28T00:09:09Z,0,0,youtube,2026-04-05T13:39:36.692394
bHtI3lCm8wU,Economia y Desarrollo,¿Cómo FIDEL CASTRO acabó con la economía de CUBA?,es,Alta,Ugy1pR8OlxSgZDClSPV4AaABAg,,0,@_yk9ch9hw5q,"Los comunistas solo son valientes en discursos, en la práctica son cobardones. Miren a al tirano Maduro pidiendo ayuda internacional pero escondido donde nadie sabe donde esté. Igual de cobardóna era el ""Fifo"" de Cuba, que nunca disparó ni un solo tiro pero en los discursos se las daba de valiente mientras  hacía que oros murieran en su nombre, mientras se escondía excesivamente detrás de guardaespaldas ya una vez que estuvo en el poder",2025-08-27T04:32:55Z,2025-08-27T04:32:55Z,1,0,youtube,2026-04-05T13:39:36.692398
bHtI3lCm8wU,Economia y Desarrollo,¿Cómo FIDEL CASTRO acabó con la economía de CUBA?,es,Alta,Ugwz_Hq48KFpiC2cx1x4AaABAg,,0,@tomasch8533,Viva Fidel,2025-08-27T01:57:24Z,2025-08-27T01:57:24Z,0,0,youtube,2026-04-05T13:39:36.692403
bHtI3lCm8wU,Economia y Desarrollo,¿Cómo FIDEL CASTRO acabó con la economía de CUBA?,es,Alta,UgzO6RdTeRaHypSKBRN4AaABAg,,0,@_yk9ch9hw5q,"Ya la tiranía castrista prefiere ni hablar de Batista para criticarle, porque sabe que ella hizo cosas peores que él. Solo los esbirros extranjeros de la tiranía castrista siguen anclados en criticar a Batista a base de viejos clichés y propaganda antibatistiana de los primeros años castristas (mucha de ella ya investigada y refutada) que ya entre la gente en Cuba no funcionan, porque no es a Batista a quien odian, sino a la tiranía castrista que destruyó sus vidas y familias",2025-08-26T17:39:00Z,2025-08-26T17:39:00Z,1,0,youtube,2026-04-05T13:39:36.692407
bHtI3lCm8wU,Economia y Desarrollo,¿Cómo FIDEL CASTRO acabó con la economía de CUBA?,es,Alta,Ugy7oedTaUaNib1ERVZ4AaABAg,,0,@magiboy100,Y aun asi los zurdos  en mexico dicen que el modelo economico cubano es un gran ejemplo  a seguir que barbaridad .,2025-08-23T16:01:48Z,2025-08-23T16:01:48Z,0,0,youtube,2026-04-05T13:39:36.692412
bHtI3lCm8wU,Economia y Desarrollo,¿Cómo FIDEL CASTRO acabó con la economía de CUBA?,es,Alta,UgzTP01TSEcjqA8wwJN4AaABAg,,0,@PanfiloHenandez,AHÍ ESTA LA RRSPUESTA PARA AQUELLOS QUE CULPAN A USA. EL CULPABLE DE LA DESGRACIA DE CUBA FUE FIDEL CASTRO. POR QUITARLE LAS PROPIESADES. A LOS ESTADOUNIDENSE...SALUDOS CORDIALES,2025-08-22T16:56:12Z,2025-08-22T16:56:12Z,0,0,youtube,2026-04-05T13:39:36.692417
bHtI3lCm8wU,Economia y Desarrollo,¿Cómo FIDEL CASTRO acabó con la economía de CUBA?,es,Alta,Ugz0Lsrk4IkXXz5icSN4AaABAg,,0,@JhonVargas-k8z,El comunismo es díabolico,2025-08-22T16:34:17Z,2025-08-22T16:34:17Z,0,0,youtube,2026-04-05T13:39:36.692422
bHtI3lCm8wU,Economia y Desarrollo,¿Cómo FIDEL CASTRO acabó con la economía de CUBA?,es,Alta,Ugy2AEwO-h_AcB0uQYl4AaABAg,,0,@romniyepez5206,"Los jóvenes de hace décadas cantaban Silvio Rodríguez, soñaban con que el Socialismo llegue.  A pesar de ver la desgracia de Cuba y  la ex-URRS, les decían ""conmigo si lo lograremos...el Socialismo del Siglo 21, La Revolución Ciudadana, El Indigenismo Cocalero, El Peronismo... luchará contra el Imperialismo...habrá Libertad, Igualdad, Fraternidad...""
SE LLENARON LOS BOLSILLOS ELLOS Y SUS SOCIOS DE TURNO, TRAICIONARON A DIOS, A LA PATRIA Y A SU PROPIA FAMILIA. 
QUE DIOS TENGA COMPASIÓN DE SUS ALMAS. 
Asesinos, delincuentes, narco-traficantes, prepotentes, escoria humana.  Eso es lo que lograron hacer de jóvenes que les creyeron a estos socialistas o mejor dicho 'socio-criminales' del Siglo 21.",2025-08-19T12:31:59Z,2025-08-19T12:31:59Z,0,0,youtube,2026-04-05T13:39:36.692427
bHtI3lCm8wU,Economia y Desarrollo,¿Cómo FIDEL CASTRO acabó con la economía de CUBA?,es,Alta,Ugwjf4gLe0gcz-Rmjbx4AaABAg,,0,@_yk9ch9hw5q,"Lo mas terrible no es que el tirano Fidel Castro acabó con la economía cubana, sino que acabó con la NACIÓN CUBANA. La hizo añicos.",2025-08-17T21:34:15Z,2025-08-17T21:34:15Z,1,0,youtube,2026-04-05T13:39:36.692431
bHtI3lCm8wU,Economia y Desarrollo,¿Cómo FIDEL CASTRO acabó con la economía de CUBA?,es,Alta,UgwBQHvOdHkOXFuN14N4AaABAg,,0,@ManuelBarron-k9n,Mas que fidel.fueron los gringos,2025-08-17T04:38:45Z,2025-08-17T04:38:45Z,0,0,youtube,2026-04-05T13:39:36.692436
bHtI3lCm8wU,Economia y Desarrollo,¿Cómo FIDEL CASTRO acabó con la economía de CUBA?,es,Alta,Ugx_P_mEpSR7V9RWNR14AaABAg,,0,@_yk9ch9hw5q,"Hay un hecho inobjetable: la mayoría de los cubanos vivían mejor antes del tirano Fidel Castro, que bajo su yugo comunista. Tratar de negarlo, es mentir. Ya los moralismos de antaño a los que recurría la tiranía castrista no le funcionan con el cubano de a pie.",2025-08-16T03:02:40Z,2025-08-16T03:02:40Z,1,0,youtube,2026-04-05T13:39:36.692440
bHtI3lCm8wU,Economia y Desarrollo,¿Cómo FIDEL CASTRO acabó con la economía de CUBA?,es,Alta,Ugy24ZtsGi1gc1KBEGh4AaABAg,,0,@_yk9ch9hw5q,"Los hambreados cubanos en Cuba no tienen comida porque el tirano Fidel Castro destruyó los sectores agropecuario y de la pesca, que siempre dieron suficiente  comida y a muy  bajos precios, antes de 1959, gracias a que Cuba tiene tierras fértiles (hoy improductivas y erosionadas por estar llenas de marabú) y estar rodeadas de mar, y un clima estable todo el año. Lo poco que pueden comer es gracias a los dólares que reciben de sus familiares principalmente de EEUU",2025-08-14T20:55:37Z,2025-08-14T20:55:37Z,1,0,youtube,2026-04-05T13:39:36.692445
bHtI3lCm8wU,Economia y Desarrollo,¿Cómo FIDEL CASTRO acabó con la economía de CUBA?,es,Alta,UgykPjaYYrrlDKApy0F4AaABAg,,0,@candeladelacancan,Vaya basura neoliberal,2025-08-14T16:45:24Z,2025-08-14T16:45:24Z,0,0,youtube,2026-04-05T13:39:36.692450
bHtI3lCm8wU,Economia y Desarrollo,¿Cómo FIDEL CASTRO acabó con la economía de CUBA?,es,Alta,UgwseExsqtJcrz7nfp94AaABAg,,0,@rubyflorez9543,esos precidente piensan que por qué le cierran La boca ala unidad    no falta quien cuente la verdad de las cosas,2025-08-14T14:05:09Z,2025-08-14T14:05:09Z,0,0,youtube,2026-04-05T13:39:36.692454
bHtI3lCm8wU,Economia y Desarrollo,¿Cómo FIDEL CASTRO acabó con la economía de CUBA?,es,Alta,UgzdXoEKWy2OmFSQyO54AaABAg,,0,@rubyflorez9543,Venezuela igual y así quiere Petro  yo solo digo Dios pone reyes y quita reyes,2025-08-14T14:00:20Z,2025-08-14T14:00:20Z,0,0,youtube,2026-04-05T13:39:36.692459
bHtI3lCm8wU,Economia y Desarrollo,¿Cómo FIDEL CASTRO acabó con la economía de CUBA?,es,Alta,UgyOdza0VD_zsJK5Z0d4AaABAg,,0,@rubyflorez9543,eso cuentan cuando viva era libre y ahora solo rastros,2025-08-14T13:59:09Z,2025-08-14T13:59:09Z,0,0,youtube,2026-04-05T13:39:36.692463
bHtI3lCm8wU,Economia y Desarrollo,¿Cómo FIDEL CASTRO acabó con la economía de CUBA?,es,Alta,UgxE0ImTvMbyh56AlNR4AaABAg,,0,@Yerkosky_y2y,Y lo peor de todo es que los ciudadanos cubanos no se lo merecen ya que son muy buenas personas con un gran corazón es triste verlos a si,2025-08-14T13:10:32Z,2025-08-14T13:10:32Z,3,2,youtube,2026-04-05T13:39:36.692468
bHtI3lCm8wU,Economia y Desarrollo,¿Cómo FIDEL CASTRO acabó con la economía de CUBA?,es,Alta,UgxE0ImTvMbyh56AlNR4AaABAg.ALo2c2kAXEMAQSJlX9I-FH,UgxE0ImTvMbyh56AlNR4AaABAg,1,@YolandaDiaz-fs7pl,"Si las ahí y muchas, pero también en pleno 2025, caso 2026 existen personas que defienden ese gobierno",2025-12-07T23:54:49Z,2025-12-07T23:54:49Z,0,0,youtube,2026-04-05T13:39:36.692472
bHtI3lCm8wU,Economia y Desarrollo,¿Cómo FIDEL CASTRO acabó con la economía de CUBA?,es,Alta,UgxE0ImTvMbyh56AlNR4AaABAg.ALo2c2kAXEMAQSLMWBxbcY,UgxE0ImTvMbyh56AlNR4AaABAg,1,@Yerkosky_y2y,​@YolandaDiaz-fs7plpersonas que seguramente se sienten o están bien acomodadas,2025-12-08T00:08:44Z,2025-12-08T00:08:44Z,0,0,youtube,2026-04-05T13:39:36.692477
bHtI3lCm8wU,Economia y Desarrollo,¿Cómo FIDEL CASTRO acabó con la economía de CUBA?,es,Alta,Ugys0m5bcasBWDqV1md4AaABAg,,0,@FrayJosefo-j9u,Y co.o viven sus hijas nietos y sobrinos? Tontos los cubanos,2025-08-12T17:42:41Z,2025-08-12T17:42:41Z,0,0,youtube,2026-04-05T13:39:36.692481
bHtI3lCm8wU,Economia y Desarrollo,¿Cómo FIDEL CASTRO acabó con la economía de CUBA?,es,Alta,UgyNpJ2u7Udwh3F8YGl4AaABAg,,0,@JorgeMartinez-xb2ks,"La pregunta sería: ¿Cómo el socialismo destruye todo país donde se implanta? Porque el pueblo no tiene ninguna formación y estos listos que van de buen rollito, el rollito igualitario y progre de toda la vida (pero mi dinero que no me lo toquen, ni a mi hija), estos listos -como digo- los engañan tan ricamente y se instalan ellos en lugar de los otros, con la diferencia de que como estos no saben producir nada, lo hunden todo. Es asqueroso.",2025-08-12T16:23:42Z,2025-08-12T16:23:42Z,0,0,youtube,2026-04-05T13:39:36.692485
bHtI3lCm8wU,Economia y Desarrollo,¿Cómo FIDEL CASTRO acabó con la economía de CUBA?,es,Alta,UgyjGehEKl6r9-3vfXV4AaABAg,,0,@SergioPismanteNavarro,Ma gueones los cubanos sake echen a todos los Comunista ladrones narco la familia Castro mato Cuba,2025-08-12T14:48:39Z,2025-08-12T14:48:39Z,0,0,youtube,2026-04-05T13:39:36.692490
bHtI3lCm8wU,Economia y Desarrollo,¿Cómo FIDEL CASTRO acabó con la economía de CUBA?,es,Alta,UgzxgfdBZhrQnRbmm3x4AaABAg,,0,@robertocasas629,"Los Castro resultaron ser mas  rateros y corruptos que Batista, sos fueron lo pero que nos pudo pasar",2025-08-11T14:24:53Z,2025-08-11T14:24:53Z,0,0,youtube,2026-04-05T13:39:36.692495
bHtI3lCm8wU,Economia y Desarrollo,¿Cómo FIDEL CASTRO acabó con la economía de CUBA?,es,Alta,Ugyv94MC64KMBTMemJN4AaABAg,,0,@RafaelAponte-r4k,Es todo unidos le robaron los reales a Cuba 😂,2025-08-10T23:17:36Z,2025-08-10T23:17:36Z,0,0,youtube,2026-04-05T13:39:36.692500
bHtI3lCm8wU,Economia y Desarrollo,¿Cómo FIDEL CASTRO acabó con la economía de CUBA?,es,Alta,Ugxq4z4Y0huKcyXN-x54AaABAg,,0,@_yk9ch9hw5q,"Nunca antes de 1959 necesitó la gente en Cuba tener dólares para vivir como ahora bajo el yugo castrista, que el que no reciba dólares por alguna vía, casi todos de sus familiares afuera, no sobrevive. El peso cubano llegó a valer mas que el dólar antes de 1959, ahora no vale nada el peso cubano, Cuba perdió su soberanía monetaria, y el dólar en estos momentos es el que manda en Cuba.",2025-08-10T11:14:11Z,2025-08-10T11:14:11Z,1,0,youtube,2026-04-05T13:39:36.692508
bHtI3lCm8wU,Economia y Desarrollo,¿Cómo FIDEL CASTRO acabó con la economía de CUBA?,es,Alta,Ugz4qfvOmbchPsO3GQZ4AaABAg,,0,@krackerjack1233,Is this who inspired biden?  Sure looks like it,2025-08-10T10:31:42Z,2025-08-10T10:31:42Z,0,0,youtube,2026-04-05T13:39:36.692513
bHtI3lCm8wU,Economia y Desarrollo,¿Cómo FIDEL CASTRO acabó con la economía de CUBA?,es,Alta,UgxOe_bzvaoc6FB2Fph4AaABAg,,0,@_yk9ch9hw5q,"Antes de 1959 nunca se abrieron supermercados discriminatorios como el de 3ra. y 70 en Miramar recién abierto por la tiranía castrista, donde hay que pagar los productos con dólares del ""imperio yanqui"" (¡vaya raro criminal bloqueo!) al doble del precio que en una tienda de EEUU. Esa es la (fracasada) ""revolución"" de los humildes, por los humildes y para los humildes que prometió el tirano Fidel Castro en los inicios de su tiranía. ¡Viva el ahora comandante en jefe dólar!",2025-08-09T17:46:47Z,2025-08-09T17:46:47Z,1,0,youtube,2026-04-05T13:39:36.692518
bHtI3lCm8wU,Economia y Desarrollo,¿Cómo FIDEL CASTRO acabó con la economía de CUBA?,es,Alta,UgwL7USvsxkruiMYW1d4AaABAg,,0,@Deo-12-7,"Por más que yo soy socialista me pone triste ver eso
Porque mucha gente murio en el transurso por aquel regimen comunista extremista
Parami cualquier ideologia que es extremista deberia ser prohibida",2025-08-09T17:16:49Z,2025-08-09T17:19:27Z,0,0,youtube,2026-04-05T13:39:36.692523
bHtI3lCm8wU,Economia y Desarrollo,¿Cómo FIDEL CASTRO acabó con la economía de CUBA?,es,Alta,Ugzghg32_Wo7wxb_WDF4AaABAg,,0,@Ug8an.,"Countries that have got dictators that is how they end up. Look at DRC, Sudan, Angola, Zimbabwe, Liberia, Chad, Ethiopia among others",2025-08-08T14:53:23Z,2025-08-08T14:53:23Z,0,0,youtube,2026-04-05T13:39:36.692528
bHtI3lCm8wU,Economia y Desarrollo,¿Cómo FIDEL CASTRO acabó con la economía de CUBA?,es,Alta,UgwyPY3R9WsSTpjMzCR4AaABAg,,0,@_yk9ch9hw5q,"Puede observarse que los voceros castristas extranjeros (normalmente es uno solo con muchas cuentas el que escribe en los videos de Cuba) no se van a vivir a Cuba, solo son defensores de esa tiranía que han mitificado, pero a control remoto, desde el capitalismo. Esa falsa solidaridad no es con el cubano de a pie cuando hablan de Cuba (no les importa lo que sufre el pueblo de Cuba, son deshumanizados), sino con la tiranía castrista, ellos justifican o edulcoran cualquier cosa que pase en Cuba bajo ese régimen y siempre tratan de sacar a relucir su patológicamente enfermizo antinorteamericanismo tratando de desviar la atención hacia las supuestas culpas de los EEUU, tratando de victimizar a la tiranía castrista para intentar blanquear su culpa por tener a los cubanos en la peor miseria de toda la historia de Cuba republicana y peor aún, sin libertades como nunca antes de 1959. O simplemente usan sus trillados discursos odiadores sobre “los ricos y los pobres”, “los de la capital y los del campo”, o los ""blancos y los negros"" o “la burguesía y el proletariado” para inventar mentiras sobre la Cuba de antes de 1959 y sobre una Cuba que no la conocen en carne propia en el día a día del cubano. Ese mercenarismo procastrista militante que practican activamente es parte de las deformaciones que reciben muchos de ellos en las escuelitas públicas de sus países capitalistas donde son formados como agentes fanáticos de la tiranía castrista y de la totalitaria ideología socialista/comunista. Si son comunicadores extranjeros los que critican a la tiranía castrista, entonces estos sujetos procastristas salen con el trillado recurso castrista de ¿""cuanto te pagan...?"" o con una tontería desesperada diciendo que ""mejor critiquen lo que pasa en...."", o simplemente soltando arcaicas consignas castristas y procastristas o mencionando el supuesto “criminal bloqueo” (los rojizurdetes carecen de autocrítica, siempre culpan a terceros de la destrucción que causan a los países). Por eso los esbirros castristas extranjeros ya perdieron toda credibilidad y están tan desacreditados.",2025-08-07T22:13:40Z,2025-08-07T22:13:40Z,1,0,youtube,2026-04-05T13:39:36.692532
bHtI3lCm8wU,Economia y Desarrollo,¿Cómo FIDEL CASTRO acabó con la economía de CUBA?,es,Alta,Ugxs9Re21Fho51citep4AaABAg,,0,@_yk9ch9hw5q,Al final Cuba emergerá nuevamente como la nación económicamente  creciente y moderna que buscara Batista una vez pulverizado el yugo de la mafia castrocomunista como lo hizo Europa del este con sus tiranías comunistas},2025-08-07T22:12:09Z,2025-08-07T22:12:09Z,1,1,youtube,2026-04-05T13:39:36.692537
bHtI3lCm8wU,Economia y Desarrollo,¿Cómo FIDEL CASTRO acabó con la economía de CUBA?,es,Alta,Ugxs9Re21Fho51citep4AaABAg.ALY-1s3h3GcALbc6XTq_vd,Ugxs9Re21Fho51citep4AaABAg,1,@Deo-12-7,"Para mi cualquier ideología extremista debería ser permanentemente prohibida
Y eso era comunismo extremo",2025-08-09T17:19:17Z,2025-08-09T17:19:17Z,0,0,youtube,2026-04-05T13:39:36.692542
bHtI3lCm8wU,Economia y Desarrollo,¿Cómo FIDEL CASTRO acabó con la economía de CUBA?,es,Alta,UgxqJKTCsdENzK8yUcV4AaABAg,,0,@RichardGraham-l6f,How much is the CIA paying you to produce this crap?,2025-08-07T20:36:22Z,2025-08-07T20:36:22Z,0,0,youtube,2026-04-05T13:39:36.692546
bHtI3lCm8wU,Economia y Desarrollo,¿Cómo FIDEL CASTRO acabó con la economía de CUBA?,es,Alta,UgyyA2V5ULmWNqQFKh94AaABAg,,0,@EyaksaBbb,No veo el problema ....q fumen puros y beban ron....por q trabajar les gusta poko....siiiiiii,2025-08-07T20:00:22Z,2025-08-07T20:00:22Z,0,0,youtube,2026-04-05T13:39:36.692551
bHtI3lCm8wU,Economia y Desarrollo,¿Cómo FIDEL CASTRO acabó con la economía de CUBA?,es,Alta,Ugz_1BSBnjI6HQShb9p4AaABAg,,0,@_yk9ch9hw5q,"Antes de 1959 nunca se abrieron supermercados discriminatorios como el de 3ra. y 70 en Miramar recién abierto por la tiranía castrista, donde hay que pagar los productos con dólares del ""imperio yanqui"" (¡vaya raro criminal bloqueo!) al doble del precio que en una tienda de EEUU. Esa es la (fracasada) ""revolución"" de los humildes, por los humildes y para los humildes que prometió el tirano Fidel Castro en los inicios de su tiranía. ¡Viva el ahora comandante en jefe dólar!",2025-08-05T00:17:18Z,2025-08-05T00:17:18Z,1,0,youtube,2026-04-05T13:39:36.692556
bHtI3lCm8wU,Economia y Desarrollo,¿Cómo FIDEL CASTRO acabó con la economía de CUBA?,es,Alta,UgyK2LmQoBH0ZRRAsl94AaABAg,,0,@LorenzArabia-iy3uh,Que tanto influye el Bloqueo Económico a la destrucción de la isla?,2025-08-04T18:12:32Z,2025-08-04T18:12:32Z,0,1,youtube,2026-04-05T13:39:36.692560
bHtI3lCm8wU,Economia y Desarrollo,¿Cómo FIDEL CASTRO acabó con la economía de CUBA?,es,Alta,UgyK2LmQoBH0ZRRAsl94AaABAg.ALPqEG_hqgUAQjBj9KL9MX,UgyK2LmQoBH0ZRRAsl94AaABAg,1,@Lray777,"Nulo, solito se destruyeron, en sus inicios ""iba bien"" gracias a la URSS ahora bueno, ya ves...",2025-12-14T22:30:55Z,2025-12-14T22:30:55Z,0,0,youtube,2026-04-05T13:39:36.692565
bHtI3lCm8wU,Economia y Desarrollo,¿Cómo FIDEL CASTRO acabó con la economía de CUBA?,es,Alta,UgzWKlXMq2bvGCLkSr14AaABAg,,0,@_yk9ch9hw5q,"Hay notables diferencias entre el tirano Fidel Castro y Fulgencio Batista. Batista estuvo siete años en el poder y Castro medio siglo. Batista solo reprimió a los que le hacían asaltos armados terroristas, al Palacio Presidencial o a un cuartel militar, o que conspiraban poniendo bombas o haciendo secuestros, el tirano Fidel Castro no solo encarceló y desapareció a todo el que se le oponía, aunque fuera pacíficamente, sino inclusive a no pocos de sus colaboradores cercanos. Batista nunca organizó terrorismo con guerrillas y grupos subversivos para desestabilizar otros países cosa que Castro sí. Castro mandó a cubanos a morir a guerras en África y otros lugares (la mayoría de los cuales no deseaban participar en ellas pero sabía lo que les costaba si no iban) y Batista nunca lo hizo. Batista nunca le prohibió a la gente del campo vender leche y carne libremente, ni a los pescadores vender sus productos, cosa que Castro sí hizo. Con Batista la clase media aumentaba aceleradamente, con el tirano Fidel Castro lo que aumentó aceleradamente fueron los pobres y desapareció aceleradamente la clase media. Batista no le robó casas, propiedades y empresas a los cubanos y extranjeros, Castro sí lo hizo. A Batista nunca le hicieron marchas de protesta en las calles pidiendo comida, como acaban de hacerle a la tiranía castrista. Batista dejó una Habana con infinidad de obras modernas que la hicieron una de las capitales mas elegantes de América, y Castro dejó una capital destruida, en ruinas, y pestilente. Batista nunca creó campos de trabajo forzados ni reprimió homosexuales o personas con creencias religiosas, Castro creó campos de trabajos forzados (llamados UMAP) donde metió a todos los que no eran de su agrado, entre ellos homosexuales, personas con creencias religiosas o jóvenes con el pelo largo o que escuchaban música en inglés o a hombres que se ponían pantalones muy ajustados. Bajo el tirano Fidel Castro los cubanos adoran mas a los EEUU que cuando estaba Batista, con el cual nadie pensaba en emigrar a los EEUU antes de 1959 ni por muy mal que estuviera. Y un largo etcétera.",2025-08-04T05:25:16Z,2025-08-04T05:25:16Z,1,0,youtube,2026-04-05T13:39:36.692569
bHtI3lCm8wU,Economia y Desarrollo,¿Cómo FIDEL CASTRO acabó con la economía de CUBA?,es,Alta,UgwZOTU4tv9fTEYvD6B4AaABAg,,0,@carlosandresgarcia3815,"Tal cual en Colombia. Aquí tenemos unos funcionarios afines al gobierno que no sirven para nada. Actores porno, drogadictos, sin preparación, corruptos y el presidente Petro ni se diga, un delincuente comunista",2025-08-03T12:38:55Z,2025-08-03T12:38:55Z,0,0,youtube,2026-04-05T13:39:36.692574
bHtI3lCm8wU,Economia y Desarrollo,¿Cómo FIDEL CASTRO acabó con la economía de CUBA?,es,Alta,UgxB3LyY9mg9Ns64wR94AaABAg,,0,@_yk9ch9hw5q,"Pudo acabar no solo con la economía,  sino con toda la NACIÓN cubana, en su totalidad, por la longeva tiranía REPRESIVA TOTALITARIA que desde el mismo 1959 implantó en Cuba, y  con la cual llevó a que los cubanos se comportaran como mansos CARNEROS, tal como los propios cubanos hoy se autoetiquetaron",2025-08-01T11:06:21Z,2025-08-01T11:06:21Z,1,0,youtube,2026-04-05T13:39:36.692578
bHtI3lCm8wU,Economia y Desarrollo,¿Cómo FIDEL CASTRO acabó con la economía de CUBA?,es,Alta,UgyD9sDUz0kRCqCtzSV4AaABAg,,0,@robertoquiroz4105,Fue un traidor hacia su pueblo solo velo por sus propios intereses,2025-07-29T23:05:00Z,2025-07-29T23:05:00Z,0,0,youtube,2026-04-05T13:39:36.692583
bHtI3lCm8wU,Economia y Desarrollo,¿Cómo FIDEL CASTRO acabó con la economía de CUBA?,es,Alta,Ugw1nwQKxyvEihiglKt4AaABAg,,0,@_yk9ch9hw5q,"Aun habiendo Batista pisoteado la Constitución de 1940 con su golpe de estado, bajo su dictadura hubo mas libertades que bajo la tenebrosa tiranía castrista que desapareció el Estado de derecho y la separación de poderes en Cuba.",2025-07-29T21:25:13Z,2025-07-29T21:25:13Z,1,0,youtube,2026-04-05T13:39:36.692588
bHtI3lCm8wU,Economia y Desarrollo,¿Cómo FIDEL CASTRO acabó con la economía de CUBA?,es,Alta,UgxJ-WwKdWvL83eWHeh4AaABAg,,0,@angeldemiguarda1,"No era ni Comunista ni Marxista, era un gran mentiroso y cinico, el mismo demonio",2025-07-29T19:44:49Z,2025-07-29T19:44:49Z,0,0,youtube,2026-04-05T13:39:36.692593
bHtI3lCm8wU,Economia y Desarrollo,¿Cómo FIDEL CASTRO acabó con la economía de CUBA?,es,Alta,UgxkhJHO0A2hU946Mvx4AaABAg,,0,@EmmanuelGómez-q8o,Tranquilos que 🇨🇺 se va unir a 🇲🇽 fuerza Cubanos.,2025-07-29T19:28:23Z,2025-07-29T19:28:23Z,1,0,youtube,2026-04-05T13:39:36.692597
bHtI3lCm8wU,Economia y Desarrollo,¿Cómo FIDEL CASTRO acabó con la economía de CUBA?,es,Alta,Ugy1fIycFZZEYLq4YDx4AaABAg,,0,@_yk9ch9hw5q,"Los cubanos en la isla culpan al gobierno tiránico castrista de la destrucción y ruina de Cuba, por haberlo VIVIDO (no porque alguien desde otro país se lo dijo) y saber en carne propia que el culpable fue el tirano Fidel Castro, pero los adoratrices extranjeros rojetes de la tiranía castrista tratan de culpar a EEUU por no haberlo vivido en Cuba y repetir como cotorras de feria de la tiranía castrista las mentiras de ella para victimizarse y para no asumir su culpa por haber despilfarrado el tirano Fidel Castro  los multimillonarios recursos que tuvo Cuba desde la URSS. Que la gente en el mundo escoja a quien creerle, si al cubano que lo ha vivido o a los esbirros castristas extranjeros que tratan solamente de defender a la tiranía castrista por afinidad ideológica con ella, sin importarle la miseria y falta de libertades que vive el pueblo cubano bajo la bota castrista.",2025-07-28T20:19:54Z,2025-07-28T20:19:54Z,1,0,youtube,2026-04-05T13:39:36.692602
bHtI3lCm8wU,Economia y Desarrollo,¿Cómo FIDEL CASTRO acabó con la economía de CUBA?,es,Alta,UgwTemlyxcce-dG2Nop4AaABAg,,0,@dantepitufo2150,La ram es expandible?,2025-07-28T18:45:17Z,2025-07-28T18:45:17Z,0,1,youtube,2026-04-05T13:39:36.692607
bHtI3lCm8wU,Economia y Desarrollo,¿Cómo FIDEL CASTRO acabó con la economía de CUBA?,es,Alta,UgwTemlyxcce-dG2Nop4AaABAg.AL7sPusLz16AQjB_H28ERR,UgwTemlyxcce-dG2Nop4AaABAg,1,@Lray777,Si,2025-12-14T22:29:34Z,2025-12-14T22:29:34Z,0,0,youtube,2026-04-05T13:39:36.692612
bHtI3lCm8wU,Economia y Desarrollo,¿Cómo FIDEL CASTRO acabó con la economía de CUBA?,es,Alta,UgzgCSTk9TOXM8TScv14AaABAg,,0,@_yk9ch9hw5q,"¿Por qué a la tiranía castrista no le funciona hoy su propaganda basada en el recurso goebbeliano de la repetición, de tratar de culpar a los EEUU de la situación de Cuba, y ese discurso que tanto repite junto a sus esbirros extranjeros no le funciona con el pueblo de Cuba, que no repite esa mentira? Me imagino la desesperación que debe causarle que la gente en Cuba no haya hecho suya la mentira de las culpas de los EEUU sobre la miseria y destrucción de Cuba",2025-07-28T00:31:34Z,2025-07-28T00:31:34Z,1,0,youtube,2026-04-05T13:39:36.692616
bHtI3lCm8wU,Economia y Desarrollo,¿Cómo FIDEL CASTRO acabó con la economía de CUBA?,es,Alta,UgwaOXSb5gqaedf9KX54AaABAg,,0,@_yk9ch9hw5q,"EXCELNTE QUE LOS MEXICANOS QUITARANLAS ESTATUAS DE LOS ASESINOS  DE LATIRANÍA COMUNISTA, CASTRO Y EL APODADO ""CHE"". El tirano Fidel Castro por su criterio personal, mandó a retirar de la Avenida de los Presidentes en el Vedado, La Habana, las estatuas de todos los presidentes de Cuba anteriores a él (a uno de ellos le cortó los pies para quitar su estatua), y las tiró como basura en un museo que hizo en el exPalacio Presidencia del Cuba, pese a que ellos no habían sido tirano en Cuba, como lo fue él. ¿Por qué no se puede también tirar a la basura a una estatua suya por quienes tengan posiciones ideológicas distintas?",2025-07-26T23:00:18Z,2025-07-26T23:00:18Z,1,0,youtube,2026-04-05T13:39:36.692620
bHtI3lCm8wU,Economia y Desarrollo,¿Cómo FIDEL CASTRO acabó con la economía de CUBA?,es,Alta,UgxWvCvERVJxRi1MLjF4AaABAg,,0,@Juan-garcia2025,Premio nobel de economía para el Fidel. Vaya genio.,2025-07-26T19:00:09Z,2025-07-26T19:00:09Z,0,0,youtube,2026-04-05T13:39:36.692628
bHtI3lCm8wU,Economia y Desarrollo,¿Cómo FIDEL CASTRO acabó con la economía de CUBA?,es,Alta,Ugy1dNicsCWbm8TSVyx4AaABAg,,0,@_yk9ch9hw5q,"La gente en Cuba ahora lo que comenta es que crecimos adoctrinados en la idea de que los EEUU (en el lenguaje castrista para bobalicones extranjeros, ""el imperialismo"") invadirían a Cuba porque así nos lo hizo creer el tirano Fidel Castro, y al final fueron los cubanos los que terminaron invadiendo a los EEUU, así que de tanto esperar el supuesto enemigo, los cubanos fueron a buscarlo y a vivir con él.",2025-07-26T18:58:34Z,2025-07-26T18:58:34Z,1,0,youtube,2026-04-05T13:39:36.692633
bHtI3lCm8wU,Economia y Desarrollo,¿Cómo FIDEL CASTRO acabó con la economía de CUBA?,es,Alta,Ugy6FPD5F2UNHTplvyN4AaABAg,,0,@M.história.S,"Não adianta o YouTube se encher de vídeos falando de forma depreciativa da revolução, nunca irá convencer a todos que a culpa de Cuba está da forma wue está, é da revolução, a culpa é dos EUA, VOCÊS NÃO IRÃO MANIPULAR A OPINIÃO DE PESSOAS BEM INFORMADAS!!!!",2025-07-26T11:32:12Z,2025-07-26T11:32:12Z,0,0,youtube,2026-04-05T13:39:36.692638
bHtI3lCm8wU,Economia y Desarrollo,¿Cómo FIDEL CASTRO acabó con la economía de CUBA?,es,Alta,Ugx9Z6B_OgDZ7MSPurZ4AaABAg,,0,@_yk9ch9hw5q,"La Habana y Miami ahora son conocidas por los cubanos como ""las dos orillas"". Los cubanos dentro de Cuba imitan todo lo que les llega de Miami, en Cuba ha ocurrido una miamización de los cubanos. Somos el mismo pueblo dividido por una tiranía comunista. Y además de a sus familiares y amigos en EEUU, los cubanos adoran a los dólares (incluidos los militares de GAESA). El tirano Fidel Castro convirtió al peso cubano en basura, después de haber llegado a valer mas que el dólar antes de 1959",2025-07-25T23:58:39Z,2025-07-26T00:01:17Z,1,0,youtube,2026-04-05T13:39:36.692643
bHtI3lCm8wU,Economia y Desarrollo,¿Cómo FIDEL CASTRO acabó con la economía de CUBA?,es,Alta,Ugz8Nod2ZZj4-VSeUaV4AaABAg,,0,@caiman60,"Este sujeto que esta despotricando, lo hace como en las películas de star wars, de adelante para otras, pobre ignorante, adivino que materia fue tu dolor de cabeza en la secundaria: lectura de comprensión",2025-07-25T21:39:17Z,2025-07-25T21:39:17Z,0,0,youtube,2026-04-05T13:39:36.692647
bHtI3lCm8wU,Economia y Desarrollo,¿Cómo FIDEL CASTRO acabó con la economía de CUBA?,es,Alta,UgwBxl-ATmLnI8nl1v94AaABAg,,0,@caiman60,Pobre ignorante,2025-07-25T21:34:40Z,2025-07-25T21:34:40Z,0,0,youtube,2026-04-05T13:39:36.692652
bHtI3lCm8wU,Economia y Desarrollo,¿Cómo FIDEL CASTRO acabó con la economía de CUBA?,es,Alta,UgylasfVjKG-e06XuBR4AaABAg,,0,@mr.churromasterawesome9189,Donde nace un comunícate se aumentan las dificultades,2025-07-25T21:24:35Z,2025-07-25T21:24:35Z,0,1,youtube,2026-04-05T13:39:36.692657
bHtI3lCm8wU,Economia y Desarrollo,¿Cómo FIDEL CASTRO acabó con la economía de CUBA?,es,Alta,UgylasfVjKG-e06XuBR4AaABAg.AL0RG2xBpIdAL0RHlDFu1w,UgylasfVjKG-e06XuBR4AaABAg,1,@mr.churromasterawesome9189,Comunista,2025-07-25T21:24:49Z,2025-07-25T21:24:49Z,0,0,youtube,2026-04-05T13:39:36.692661
bHtI3lCm8wU,Economia y Desarrollo,¿Cómo FIDEL CASTRO acabó con la economía de CUBA?,es,Alta,UgxaLi4lqyqsqPqIubV4AaABAg,,0,@_yk9ch9hw5q,"Los gobiernos antes de 1959 trabajaban arduamente por atraer capitales a Cuba, inclusive sin importarles con ridículos moralismos (los países que atraen hacia ellos grandes inversiones asi lo hacen y por eso se desarrollan) de quien era ese capital. El tirano Fidel Castro alejó los capitales de Cuba, robando las empresas, tierras y propiedades a sus dueños, con lo cual el sector empresarial en Cuba se destruyó, y hubo de vivirse de parásito de las limosnas de la URSS por tres décadas, y luego de Venezuela, haciendo de Cuba una limosnera internacional bajo la máscara de victimizarse.",2025-07-24T22:03:48Z,2025-07-24T22:03:48Z,0,0,youtube,2026-04-05T13:39:36.692666
bHtI3lCm8wU,Economia y Desarrollo,¿Cómo FIDEL CASTRO acabó con la economía de CUBA?,es,Alta,UgxpcyR63ICTwgNamRF4AaABAg,,0,@_yk9ch9hw5q,Lo que tienen que hacer la tiranía castrista es acabarse de largar del poder y dar libertad a los cubanos.,2025-07-24T22:02:39Z,2025-07-24T22:02:39Z,0,0,youtube,2026-04-05T13:39:36.692670
bHtI3lCm8wU,Economia y Desarrollo,¿Cómo FIDEL CASTRO acabó con la economía de CUBA?,es,Alta,UgxgdKu-ojBdnqm6yXN4AaABAg,,0,@SalomónLorenteValdivia,Falló la revolución cubana a favor de la población el pueblo cubano está muriendo de hambre ya es hora que Raúl  castro haga algo para evitar que el pueblo cubano muera de hambre castro debe permitir que países que tienen dinero inviertan en Cuba digamos los chinos los árabes los EE UU y otros,2025-07-24T21:29:46Z,2025-07-24T21:29:46Z,0,0,youtube,2026-04-05T13:39:36.692675
bHtI3lCm8wU,Economia y Desarrollo,¿Cómo FIDEL CASTRO acabó con la economía de CUBA?,es,Alta,UgwuMb_KF97w8yvV2pp4AaABAg,,0,@waltertorres5292,"Robando y asesinando, así se destruyó Cuba.",2025-07-24T13:27:16Z,2025-07-24T13:27:16Z,0,0,youtube,2026-04-05T13:39:36.692680
bHtI3lCm8wU,Economia y Desarrollo,¿Cómo FIDEL CASTRO acabó con la economía de CUBA?,es,Alta,Ugz3cvO7kNIZR9_qvWZ4AaABAg,,0,@_yk9ch9hw5q,"Hoy los niños de Cuba carecen de leche para tomar, algo impensable antes de 1959, donde la leche la llevaban hasta la puerta de la casa, hasta la de chiva que tanto gustaba, y te la ordeñaban en la propia puerta en los pueblitos. Los años sesenta e inicios de los setenta del siglo 20, fue una época de gran cantidad de disparates destructivos juntos por la tiranía castrista en Cuba, debido al voluntarismo y ocurrencias de último minuto del tirano Fidel Castro (a quien además nadie se atrevía a cuestionarle una decisión u orden suya porque sabían lo que le pasaría a quien lo hiciera) que a pesar de que le puso nombre a todos sus disparates y ocurrencias (algo que se le agradece, pues asi pueden ser mostrados a las generaciones futuras en la enseñanza de la historia de la Cuba castrista), cuesta trabajo distinguir el efecto de cada uno por separado. No olvidamos (la peor de todas las decisiones) la llamada ""zafra de os 10 millones"" que desarticuló toda la economía cubana, pero junto a ella estuvo ligada el ""cordón de la Habana"", los planes de genética vacuna (¿quien no recuerda que el tirano quería inventar en Cuba las reses que mas leche y carne dieran, dando lugar a aquellas F1, F2 etc.) para una ganadería que para que produjese leche, se llevaron los aires acondicionados de las oficinas y lugares de trabajo y estudio de La Habana, dejando sumidos en el mas espantoso calor a los trabajadores de la isla. O quien no recuerda la eliminación de la contabilidad entre empresas y por lo tanto de la carrera de Contabilidad en las universidades, asi como de los cobros y pagos entre empresas. O las tenebrosas por represivas UMAP, donde encerraban a todo el que pareciera (aunque no lo fuera) homosexual, tuviera creencias religiosas, escuchara música en inglés, usara pantalones muy apretados (en el caso de los hombres) u tuviera el pelo largo. O la ""parametración"" que destruyó a tantos artistas e intelectuales, dentro del ""quinquenio gris"", y una de las decisiones mas destructivas del tirano Fidel Castro, aquella eufemísticamente llamada ""ofensiva revolucionaria"" (ofensiva robolucionaria) que destruyó a los pequeños comerciantes y la microempresa de Cuba, dejando un vacío comercial enorme en la población que aún hoy se paga. Y estamos hablando aquí solo de lo interno, porque en lo externo andaba fomentado y preparando desde Cuba guerrillas y grupos subversivos en América Latina e iniciando su participación en guerras en África, que tantos recursos de Cuba consumieron. Lo peor es que en el 99% de esas cosas que cité, fracasó, y solo sirvieron para acumular la destrucción causada por el tirano Fidel Castro a Cuba.",2025-07-24T03:01:09Z,2025-07-24T03:01:09Z,0,0,youtube,2026-04-05T13:39:36.692684
bHtI3lCm8wU,Economia y Desarrollo,¿Cómo FIDEL CASTRO acabó con la economía de CUBA?,es,Alta,UgzObMlvLVa3j4Ds1CV4AaABAg,,0,@_yk9ch9hw5q,"Los comunistas manejan un lenguaje de doble moral. Si los zurdirojetes hacen caer a un gobierno, le llaman a sus actos terroristas como ""revolución"", pero si lo hacen los que ideológicamente son contrarios a ellos, le llaman ""golpe de estado"". Es solo un problema de punto de vista ideológico esas etiquetas. El tirano Fidel Castro antes de 1959 no era un ""revolucionario"", era un vulgar pandillero vándalo que adoptó el terrorismo como forma de acceder al poder con su megalomanía",2025-07-24T03:00:32Z,2025-07-24T03:00:32Z,0,0,youtube,2026-04-05T13:39:36.692689
bHtI3lCm8wU,Economia y Desarrollo,¿Cómo FIDEL CASTRO acabó con la economía de CUBA?,es,Alta,UgwHqQ5eRal4JBWcWOF4AaABAg,,0,@hernanquevedo2634,"Fidel no dio ningún golpe de estado, llegaron al poder mediante una revolución, no confundas los conceptos..",2025-07-24T01:11:25Z,2025-07-24T01:11:25Z,0,1,youtube,2026-04-05T13:39:36.692693
bHtI3lCm8wU,Economia y Desarrollo,¿Cómo FIDEL CASTRO acabó con la economía de CUBA?,es,Alta,UgwHqQ5eRal4JBWcWOF4AaABAg.AKwgcfYUh3nALDybAWaumS,UgwHqQ5eRal4JBWcWOF4AaABAg,1,@avionbarato1151,"Golpe de estado: Un golpe de estado es una toma ilegal e ilegítima del poder político de un país, generalmente por parte de las fuerzas armadas o de un grupo rebelde. Implica el desplazamiento de las autoridades existentes a través de medios violentos o ilegales, con el objetivo de establecer un nuevo régimen. Es exactamente lo que hizo Fidel Castro",2025-07-31T03:34:49Z,2025-07-31T03:34:49Z,0,0,youtube,2026-04-05T13:39:36.692698
bHtI3lCm8wU,Economia y Desarrollo,¿Cómo FIDEL CASTRO acabó con la economía de CUBA?,es,Alta,UgwTPNENgSDvI7JkBo94AaABAg,,0,@_yk9ch9hw5q,"Cuba con el comunismo solo tuvo destrucción y atraso, además de pérdida de sus libertades los cubanos, por eso lo mejor es  que regrese al capitalismo, que es donde estuvo mejor. Es lo que desean la mayoría de los cubanos, por eso ahora adoran a los EEUU como nunca antes de 1959",2025-07-23T01:29:50Z,2025-07-23T01:29:50Z,0,0,youtube,2026-04-05T13:39:36.692702
bHtI3lCm8wU,Economia y Desarrollo,¿Cómo FIDEL CASTRO acabó con la economía de CUBA?,es,Alta,UgxxjT6JM7eTfFKiVcp4AaABAg,,0,@luisperez5712,y el boicot de los gringos apa?,2025-07-22T20:16:21Z,2025-07-22T20:16:21Z,0,0,youtube,2026-04-05T13:39:36.692707
bHtI3lCm8wU,Economia y Desarrollo,¿Cómo FIDEL CASTRO acabó con la economía de CUBA?,es,Alta,UgwQjE3p9wX6QHp2Oup4AaABAg,,0,@coyotehambriento2032,"Hacia allá va México con su partido en el poder NARCORENA , no lo digo yo me lo dijeron cubanos en la Habana",2025-07-22T19:04:45Z,2025-07-22T19:04:45Z,1,0,youtube,2026-04-05T13:39:36.692712
bHtI3lCm8wU,Economia y Desarrollo,¿Cómo FIDEL CASTRO acabó con la economía de CUBA?,es,Alta,UgyDfm9CFpvBPp2jZ8F4AaABAg,,0,@r591-j9z,🎉🎉🎉,2025-07-21T20:12:01Z,2025-07-21T20:12:01Z,0,0,youtube,2026-04-05T13:39:36.692716
bHtI3lCm8wU,Economia y Desarrollo,¿Cómo FIDEL CASTRO acabó con la economía de CUBA?,es,Alta,UgyPYMHDFInhwXqi5W54AaABAg,,0,@_yk9ch9hw5q,"La acabó como un tirano que era, y no solo la economía, también a las familias, las edificaciones, la cultura y el arte y hasta las libertades (que fue lo que más destruyó)",2025-07-20T22:55:55Z,2025-07-20T22:55:55Z,0,0,youtube,2026-04-05T13:39:36.692721
bHtI3lCm8wU,Economia y Desarrollo,¿Cómo FIDEL CASTRO acabó con la economía de CUBA?,es,Alta,UgzLQJvm_jcTPwYgKm54AaABAg,,0,@leonorangelicaherreravalde7109,Vaya ignorancia Cuba estaba era,2025-07-20T21:56:11Z,2025-07-20T21:56:11Z,0,0,youtube,2026-04-05T13:39:36.692725
bHtI3lCm8wU,Economia y Desarrollo,¿Cómo FIDEL CASTRO acabó con la economía de CUBA?,es,Alta,UgwErdLiZnzxna77XNN4AaABAg,,0,@IvetNordelo,La destruyó con la ayuda de España y Canadá...esos países apoyaron el gobierno cubano. Nunca al pueblo.......,2025-07-20T20:55:34Z,2025-07-20T20:55:34Z,0,0,youtube,2026-04-05T13:39:36.692729
bHtI3lCm8wU,Economia y Desarrollo,¿Cómo FIDEL CASTRO acabó con la economía de CUBA?,es,Alta,UgxxWjTpC6u2hk3HbON4AaABAg,,0,@RobertoGarciaSanz,y hoy en día se han sacado todo el dinero los militares y realmente no queda ningún servicio atendido en Cuba,2025-07-20T11:36:46Z,2025-07-20T11:36:46Z,0,0,youtube,2026-04-05T13:39:36.692733
bHtI3lCm8wU,Economia y Desarrollo,¿Cómo FIDEL CASTRO acabó con la economía de CUBA?,es,Alta,UgylqzhVeBBHvux9dgx4AaABAg,,0,@_yk9ch9hw5q,"La generación de 1959 que apoyó al tirano Fidel Castro a tomar el poder fue una generación de trogloditas. Son culpables junto a él  de la destrucción de Cuba. Y le regalaron su libertad al tirano Fidel Castro dejando que fuera su amo, una sumisión total que luego él la convirtió en ley.",2025-07-20T00:53:57Z,2025-07-20T00:53:57Z,1,0,youtube,2026-04-05T13:39:36.692738
bHtI3lCm8wU,Economia y Desarrollo,¿Cómo FIDEL CASTRO acabó con la economía de CUBA?,es,Alta,UgxK7As54rgXoMotLpF4AaABAg,,0,@ricardoramirez7513,Pura basura en ésta página!😂😂😂😂😂😂😂,2025-07-20T00:31:56Z,2025-07-20T00:31:56Z,0,0,youtube,2026-04-05T13:39:36.692742
bHtI3lCm8wU,Economia y Desarrollo,¿Cómo FIDEL CASTRO acabó con la economía de CUBA?,es,Alta,UgydaJTM71_lrpe1YXV4AaABAg,,0,@_yk9ch9hw5q,"Los cubanos saben por experiencia que su prosperidad futura depende de su alianza (¿unión?) con los EEUU. Hoy Cuba está mas norteamericanizada que antes de 1959, hasta con su moneda preferida, que es el dólar (hasta para la tiranía castrista). Por eso se habla hoy de ""las dos orillas""",2025-07-19T23:17:17Z,2025-07-19T23:17:29Z,1,0,youtube,2026-04-05T13:39:36.692747
bHtI3lCm8wU,Economia y Desarrollo,¿Cómo FIDEL CASTRO acabó con la economía de CUBA?,es,Alta,UgxKCYT8mGcceXDiIpR4AaABAg,,0,@_yk9ch9hw5q,"Antes de 1959 los cubanos odiaban a los EEUU. Ahora lo adoran. Por eso tantos músicos y artistas emigraron a los EEUU. La gente en Cuba no extraña a sus ídolos que se asentaron en Miami porque el internet les ha permitido seguirles. Hoy en Cuba las nuevas generaciones copian cuanta moda y música les llega de Miami. El tirano Fidel Castro logró en la gente de Cuba el efecto contrario a lo que buscaba con su odio hacia EEUU. Por eso se habla de ""las dos orillas"".",2025-07-18T02:36:53Z,2025-07-18T02:36:53Z,1,0,youtube,2026-04-05T13:39:36.692751
bHtI3lCm8wU,Economia y Desarrollo,¿Cómo FIDEL CASTRO acabó con la economía de CUBA?,es,Alta,Ugx1rwPlMd9_Aw6Ioct4AaABAg,,0,@enriquegonzalez3597,"Con Batista estabamo mejor. Vendíamos barato azuquita, rumba y mujere. Era economía egemplar. Oy somos malo y nos bloquean. Querrán que volvamo a aqueyó? A. Yo no",2025-07-18T01:30:19Z,2025-07-18T01:30:19Z,0,0,youtube,2026-04-05T13:39:36.692755
bHtI3lCm8wU,Economia y Desarrollo,¿Cómo FIDEL CASTRO acabó con la economía de CUBA?,es,Alta,UgzcqAB-hMfA0QZ0GK14AaABAg,,0,@_yk9ch9hw5q,"Bajo el tirano Fidel Castro y el castrocomunismo, junto a la escasez de comida, transporte y electricidad, el otro problema que más ha afectado a los cubanos es el de la vivienda. La construcción de viviendas es uno de los mayores fracasos de la tiranía castrista. Hoy el déficit habitacional de los cubanos es mucho mayor que el de antes de 1959, no solo por la falta de construcción de vivienda desde los años ochenta, sino porque las que existen carecen de mantenimiento y cada vez hay más derrumbes en Cuba. Hay personas viviendo en casas de cartón, y la mayoría de las familias viven hacinadas porque no hay adónde irse a vivir cuando contraes matrimonio y formas tu propia familia. De hecho, la otrora elegante y cada vez más floreciente Habana, una de las capitales más hermosas de América antes de 1959, parece una ciudad bombardeada (excepto en las zonas turísticas). Solo se han construido hoteles (principalmente de lujo) para el turismo extranjero, muchos de ellos de lujo cuyas habitaciones nunca han sido ocupadas pues el turismo que va a Cuba es barato, principalmente buscando sexo fácil en el turismo sexual castrista. La carencia de materiales de construcción (pese a que Cuba siempre tuvo una industria de materiales de construcción) a partir de los años ochenta obedece a que la tiranía castrista los ha destinado a construir hoteles para el turismo internacional y han sido acaparados por el consorcio militar GAESA, además de las demencias belicosas del difunto tirano Fidel Castro, que los ha destinado para construir lo que llamó eufemísticamente “túneles populares” para su supuesta posible guerras contra EEUU (todo un gigantesco despilfarro de materiales de construcción) o a construir en otros países hospitales y hasta aeropuertos (como el de Granada en tiempos de Bishop) para satisfacer sus obsesiones ególatras de ser visto como un mesías internacional del tercer mundo, patología esa de la que siempre padeció.",2025-07-17T17:50:43Z,2025-07-17T17:50:43Z,1,0,youtube,2026-04-05T13:39:36.692759
bHtI3lCm8wU,Economia y Desarrollo,¿Cómo FIDEL CASTRO acabó con la economía de CUBA?,es,Alta,Ugz6s8AmA31MvMiyKXZ4AaABAg,,0,@AldoRibas-i2n,Definitivamente SÍ!!!!,2025-07-17T17:30:16Z,2025-07-17T17:30:16Z,0,0,youtube,2026-04-05T13:39:36.692764
bHtI3lCm8wU,Economia y Desarrollo,¿Cómo FIDEL CASTRO acabó con la economía de CUBA?,es,Alta,UgxaLSILpqmcznOZr_14AaABAg,,0,@bqs4936,Cuba sufre del bloqueo económico más largo de la historia desde principio de los años 60... Pero parece que eso no tiene nada que ver con la situación económica actual?,2025-07-17T08:23:33Z,2025-07-17T08:23:33Z,0,0,youtube,2026-04-05T13:39:36.692768
bHtI3lCm8wU,Economia y Desarrollo,¿Cómo FIDEL CASTRO acabó con la economía de CUBA?,es,Alta,UgxAftKReKFyOdYs-9t4AaABAg,,0,@_yk9ch9hw5q,"Cuba perdió toda la prosperidad y modernidad que había ganado antes de 1959, es un país donde sus ciudadanos buscan emigrar desesperadamente, como nunca antes de 1959",2025-07-16T21:18:34Z,2025-07-16T21:18:34Z,1,0,youtube,2026-04-05T13:39:36.692773
bHtI3lCm8wU,Economia y Desarrollo,¿Cómo FIDEL CASTRO acabó con la economía de CUBA?,es,Alta,Ugz3Mm6shW6SLMubVd14AaABAg,,0,@_yk9ch9hw5q,Convirtió a Cuba en un país en ruinas....y sin libertades,2025-07-16T19:42:54Z,2025-07-16T19:42:54Z,1,0,youtube,2026-04-05T13:39:36.692777
bHtI3lCm8wU,Economia y Desarrollo,¿Cómo FIDEL CASTRO acabó con la economía de CUBA?,es,Alta,UgyNcXenHcb_flyW1-d4AaABAg,,0,@misaelalvarez7976,"Porque no menciona al principio la pobreza extrema en la parte oscura del país??? 
Empezamos mal",2025-07-16T18:45:33Z,2025-07-16T18:45:33Z,0,0,youtube,2026-04-05T13:39:36.692781
bHtI3lCm8wU,Economia y Desarrollo,¿Cómo FIDEL CASTRO acabó con la economía de CUBA?,es,Alta,UgzygjriacI76BOLk7B4AaABAg,,0,@juanignaciocorral4674,"Como destruyo este desgraciado a Cuba, un pais hermoso y gente buena.",2025-07-14T22:37:37Z,2025-07-14T22:37:37Z,2,0,youtube,2026-04-05T13:39:36.692786
bHtI3lCm8wU,Economia y Desarrollo,¿Cómo FIDEL CASTRO acabó con la economía de CUBA?,es,Alta,UgxTi24cgKufy255lyN4AaABAg,,0,@VicenteTorrez-c5u,"Existe un canal en YouTube llamado La Hustoria Incomprendida..allí esta este dato completo..NO solo un fragmento de este video..es poco profesional de tu parte editar un fragmento. Se llama. Violar los derechos de autor ....está bien que des a conocer la historia, pero debes investigar por tu propia cuenta",2025-07-14T18:15:49Z,2025-07-14T18:15:49Z,0,0,youtube,2026-04-05T13:39:36.692790
bHtI3lCm8wU,Economia y Desarrollo,¿Cómo FIDEL CASTRO acabó con la economía de CUBA?,es,Alta,UgwaECL57c1bBIeHRTd4AaABAg,,0,@rafaeljimenez9181,Fidel Castro mal nacido enjendroo del mal destroso un pueblo y la isla mas bella y prospera,2025-07-14T14:04:47Z,2025-07-14T14:04:47Z,0,0,youtube,2026-04-05T13:39:36.692795
bHtI3lCm8wU,Economia y Desarrollo,¿Cómo FIDEL CASTRO acabó con la economía de CUBA?,es,Alta,UgyH6v9pcRvt7SpzpQF4AaABAg,,0,@DomingoFernándezFraile,Ha dejado a Cuba hundida hundida totalmente,2025-07-13T19:49:24Z,2025-07-13T19:49:24Z,0,0,youtube,2026-04-05T13:39:36.692799
bHtI3lCm8wU,Economia y Desarrollo,¿Cómo FIDEL CASTRO acabó con la economía de CUBA?,es,Alta,UgzMQ4Di9SEDMKBSBt54AaABAg,,0,@DomingoFernándezFraile,Toda la culpa la tiene del hundimiento de Cuba Fidel Fidel Castro toda la culpa del desalojo que hay,2025-07-13T19:48:46Z,2025-07-13T19:48:46Z,0,0,youtube,2026-04-05T13:39:36.692805
bHtI3lCm8wU,Economia y Desarrollo,¿Cómo FIDEL CASTRO acabó con la economía de CUBA?,es,Alta,Ugx5ImfoHi2D97E-TTJ4AaABAg,,0,@_yk9ch9hw5q,Dejó como herencia un país en ruinas y una nación desintegrada.,2025-07-11T18:16:53Z,2025-07-11T18:16:53Z,1,0,youtube,2026-04-05T13:39:36.692809
45J0q2xi7Qk,ElDiaQue,Así era IRÁN Antes De La Revolución Del Ayatollah,es,Alta,UgwGcLv-H7mUxAmfhJN4AaABAg,,0,@williamborjamancia,"RESUMEN: 

EN LATINOAMERICA DEBEMOS LUCHAR CONTRA EL ISLAM, NO PERMITAN QUE ENTRE EN SUS PAISES Y HAGAN TODO LO POSIBLE PARA CREAR UN MOVIMIENTO EN CONTRA DE ESTE Y QUE SEA SACADO DE SUS PAISES.",2026-04-03T06:02:43Z,2026-04-03T06:02:43Z,0,0,youtube,2026-04-05T13:39:37.633542
45J0q2xi7Qk,ElDiaQue,Así era IRÁN Antes De La Revolución Del Ayatollah,es,Alta,UgwsIpTZegUGq9CtwgZ4AaABAg,,0,@cristiancisternas4294,"Si esta guerra termina con la eliminacion del regimen ,estoy seguro que pasara lo mismo que paso antes. traeran a una marioneta, dejara al pueblo en la pobreza y le dejaran todo a extranjeros , provocara odio e indignación , y volverán al regimen.",2026-04-02T01:40:30Z,2026-04-02T01:40:30Z,0,0,youtube,2026-04-05T13:39:37.633558
45J0q2xi7Qk,ElDiaQue,Así era IRÁN Antes De La Revolución Del Ayatollah,es,Alta,Ugy0rcCVZ9NnzeC5UMJ4AaABAg,,0,@mexter1693,Cuando el remedio es peor que la enfermedad,2026-03-31T13:29:38Z,2026-03-31T13:29:38Z,0,0,youtube,2026-04-05T13:39:37.633567
45J0q2xi7Qk,ElDiaQue,Así era IRÁN Antes De La Revolución Del Ayatollah,es,Alta,Ugz-U69vLJcqu0wjvNt4AaABAg,,0,@TrinMedina,"Es el problema cuando las “revoluciones” están impulsadas por resentidos en busca de poder. Hasta en Francia, que mucha gente enaltece todo lo que sucedió con como desplazaron a la monarquía, los “revolucionarios” terminaron enloquecidos de poder. Uno de ellos en sus cartas, hasta confesaba que ya no sabía si habían eran los buenos o si alguna vez algo de lo que hicieron fue con esa intención, apenado por como el poder había enloquecido a sus compañeros.",2026-03-27T04:30:56Z,2026-03-27T04:30:56Z,1,0,youtube,2026-04-05T13:39:37.633571
45J0q2xi7Qk,ElDiaQue,Así era IRÁN Antes De La Revolución Del Ayatollah,es,Alta,UgzafECDLuf6c61t1W14AaABAg,,0,@eduardochino3318,"En México afortunadamente las cosas cambiaron para bien que hasta abusan de la libertad de expresión y llaman a cualquier cosa ""dictadura"".",2026-03-26T19:17:17Z,2026-03-26T19:17:17Z,0,0,youtube,2026-04-05T13:39:37.633574
45J0q2xi7Qk,ElDiaQue,Así era IRÁN Antes De La Revolución Del Ayatollah,es,Alta,UgwIjPyhGMmwtD4367N4AaABAg,,0,@Mauricio-u3g,Ojalá y Trump libere a todas estas mujeres,2026-03-24T14:26:51Z,2026-03-24T14:26:51Z,0,0,youtube,2026-04-05T13:39:37.633578
45J0q2xi7Qk,ElDiaQue,Así era IRÁN Antes De La Revolución Del Ayatollah,es,Alta,UgxUfoNj8xQ5XeBgBXh4AaABAg,,0,@mariadirocco1996,Cómo han olvidado sus verdaderos orígenes. Irán pertenecía al pueblo persa una cultura maravillosa como la era romana...,2026-03-22T18:50:16Z,2026-03-22T18:50:16Z,0,0,youtube,2026-04-05T13:39:37.633582
45J0q2xi7Qk,ElDiaQue,Así era IRÁN Antes De La Revolución Del Ayatollah,es,Alta,UgwOm4Bk2zeK804Nr6d4AaABAg,,0,@jesscallSB,☪️ancer,2026-03-22T18:11:20Z,2026-03-22T18:11:20Z,0,0,youtube,2026-04-05T13:39:37.633586
45J0q2xi7Qk,ElDiaQue,Así era IRÁN Antes De La Revolución Del Ayatollah,es,Alta,Ugz_j0RHIeofOMgjxkt4AaABAg,,0,@chiomedina3462,Los que hacen estos vídeos son puros ojetes lameculos de Trump y del desaparecido Nethanyahu. 🤢💩💩💩💩💩,2026-03-19T14:05:18Z,2026-03-19T14:05:18Z,0,0,youtube,2026-04-05T13:39:37.633589
45J0q2xi7Qk,ElDiaQue,Así era IRÁN Antes De La Revolución Del Ayatollah,es,Alta,UgxpUEr46K6wz2Phe7N4AaABAg,,0,@chiomedina3462,Y en tu país respetan a las mujeres?  Puro cliché hijos de pu....,2026-03-19T14:02:52Z,2026-03-19T14:02:52Z,0,0,youtube,2026-04-05T13:39:37.633593
45J0q2xi7Qk,ElDiaQue,Así era IRÁN Antes De La Revolución Del Ayatollah,es,Alta,Ugx7hoWdLpQjQuoxMx54AaABAg,,0,@danteavellaneda1356,"Cuando no la Cia interviniendo en otros países,",2026-03-19T01:31:01Z,2026-03-19T01:33:14Z,0,0,youtube,2026-04-05T13:39:37.633596
45J0q2xi7Qk,ElDiaQue,Así era IRÁN Antes De La Revolución Del Ayatollah,es,Alta,UgwgAnQKDP5fCVq-sr94AaABAg,,0,@MariaBarreto-s6p,Dios coloca rey de reyes y el pueblo elige a Barrabás 🤦🏼‍♀️,2026-03-18T20:21:46Z,2026-03-18T20:21:46Z,0,0,youtube,2026-04-05T13:39:37.633600
45J0q2xi7Qk,ElDiaQue,Así era IRÁN Antes De La Revolución Del Ayatollah,es,Alta,UgwZ3Lml7r2Q9Xy8ozJ4AaABAg,,0,@rominaromero4588,"Que bello era irán antes,ojala vuelvan a hacer lo que fuerón..",2026-03-18T17:11:29Z,2026-03-18T17:11:29Z,0,0,youtube,2026-04-05T13:39:37.633603
45J0q2xi7Qk,ElDiaQue,Así era IRÁN Antes De La Revolución Del Ayatollah,es,Alta,UgzCw2vGJ0Qp42r8e0F4AaABAg,,0,@FernandoTorres-zy8yk,porque siempre tratan de justificar lo que hace estados unidos.,2026-03-18T13:19:28Z,2026-03-18T13:19:28Z,0,0,youtube,2026-04-05T13:39:37.633606
45J0q2xi7Qk,ElDiaQue,Así era IRÁN Antes De La Revolución Del Ayatollah,es,Alta,Ugzm6jk2pc_AWTohwpt4AaABAg,,0,@TravelerOnFire2.0,"Gringolandia TENÍA mucha influencia en lRAN en aquellos años para hacerla dócil a beneficio de lSRAHELL en un futuro cercano y así tener TODO EL PODER EN EL ORIENTE MEDIO y así llegar a hackear a RUSIA. 
ENHORABUENA hoy lRAN es el último bastión de esa zona y resiste a pesar de todo, de lo contrario LOS MALOS DE LA HISTORIA dominarían nustras vidas y las mujeres de lRAN serían como las gringas así de mujeerzuelas y empoderadas ambiciosas, hedonistas burdeleras.... Como fueron las mujeres de CUBA cuando fué el burdel de los gringos antes de su revolución. 
Este video está  cegado y arrodillado a los intereses de los gringos genocidas SlONlSTAS; lástima que ya no exista el buen criterio en estos supuestos ''creadores de contenido'' VENDIDOS!!",2026-03-18T03:34:09Z,2026-03-18T03:34:09Z,0,0,youtube,2026-04-05T13:39:37.633610
45J0q2xi7Qk,ElDiaQue,Así era IRÁN Antes De La Revolución Del Ayatollah,es,Alta,UgwGtSu-vfjdJjOaO1h4AaABAg,,0,@mariagonzales5286,"Acá en Chile Boric , un vago  sin haber trabajado un solo día en su vida , llegó al poder con sus amigos diciendo que ellos harían la revolución.....lo único que hicieron fue ...y está documentado y revisado que ROBARON TODO EL DINERO QUE PUDIERON, NUNCA DEVOLVIERON UN DOLO PESO Y NINGUNO DE ELLOS PAGA EN CARCEL HOY, TAMBIÉN METIERON AL APARATO PUBLICO A CUANTO AMIGO Y PARIENTE PUDIERON Y LOS DEJARON APERNADOS O AMARRADOS EN LOS CARGOS PÚBLICOS, Y TRATARON DE VENDER A LOS CHINOS TODA LA INFORMACIÓN SENCIBLE DE CHILE , EMPRESAS INVERSIONES, BASES DE DATOS , SEGURIDAD ETC ....Y ENDEUDARON EL PAÍS COMO NUNCA ANTES .....
ESO ES LO QUE ESTOS LADRONES HICIERON USANDO EL DISCURSO AÑEJO DE LA REVOLUCIÓN..",2026-03-17T20:00:40Z,2026-03-17T20:00:40Z,0,0,youtube,2026-04-05T13:39:37.633614
45J0q2xi7Qk,ElDiaQue,Así era IRÁN Antes De La Revolución Del Ayatollah,es,Alta,UgxKDtuq68wKfLZe8Al4AaABAg,,0,@fmcap1070,Pobres de las mujeres y niñas que de vivir en libertad pasaron de un día a otro a ser esclavas y a vestirse como la parca,2026-03-16T14:55:31Z,2026-03-16T14:55:31Z,3,0,youtube,2026-04-05T13:39:37.633617
45J0q2xi7Qk,ElDiaQue,Así era IRÁN Antes De La Revolución Del Ayatollah,es,Alta,UgxNnwEVEru5tdzDy3d4AaABAg,,0,@antonioalvarado8423,Calla sorete,2026-03-16T11:08:36Z,2026-03-16T11:08:36Z,0,1,youtube,2026-04-05T13:39:37.633621
45J0q2xi7Qk,ElDiaQue,Así era IRÁN Antes De La Revolución Del Ayatollah,es,Alta,UgxNnwEVEru5tdzDy3d4AaABAg.AUPrmGJV4z5AUSyyQjOZuD,UgxNnwEVEru5tdzDy3d4AaABAg,1,@walterrivera2183,Soretes los que ofenden a falta de argumentos,2026-03-17T16:09:09Z,2026-03-17T16:09:09Z,0,0,youtube,2026-04-05T13:39:37.633626
45J0q2xi7Qk,ElDiaQue,Así era IRÁN Antes De La Revolución Del Ayatollah,es,Alta,UgzPeuJBcsYt_a78Brh4AaABAg,,0,@Barbarrock,Lo que no se cuenta es quien quitó y puso al Sha y al Ayatolá. Los servicios secretos ingleses y la CIA siempre estuvieron detrás. Cuenten lo que hay detrás de lo que se ve en la simple superficie y se comprenderá mejor la actual situación!!!!,2026-03-16T08:03:54Z,2026-03-16T08:03:54Z,0,1,youtube,2026-04-05T13:39:37.633629
45J0q2xi7Qk,ElDiaQue,Así era IRÁN Antes De La Revolución Del Ayatollah,es,Alta,UgzPeuJBcsYt_a78Brh4AaABAg.AUPXdUVNIy_AUSzEK0gVGo,UgzPeuJBcsYt_a78Brh4AaABAg,1,@walterrivera2183,"Claro, los comunistas que apoyaron a la “revolución” iraní, los manipulo la CIA. De tu mentira lo único que consuela es: Los cientos de comunistas que fueron colgados y llegaron a Gran Bretaña como asilados políticos. Pero aun así, los sucialistas no escarmientan...",2026-03-17T16:11:27Z,2026-03-17T16:11:27Z,0,0,youtube,2026-04-05T13:39:37.633633
45J0q2xi7Qk,ElDiaQue,Así era IRÁN Antes De La Revolución Del Ayatollah,es,Alta,UgzSjLRS0jGRgP31tN54AaABAg,,0,@cescfontvela8330,Cada pais tiene lo que s merece😢,2026-03-16T07:57:35Z,2026-03-16T07:57:35Z,0,0,youtube,2026-04-05T13:39:37.633636
45J0q2xi7Qk,ElDiaQue,Así era IRÁN Antes De La Revolución Del Ayatollah,es,Alta,Ugz2JH9GC0G0j3WdYaZ4AaABAg,,0,@cescfontvela8330,La culpa la tiene la gente por permitted sus atrocidades😢,2026-03-16T07:57:01Z,2026-03-16T07:57:01Z,0,0,youtube,2026-04-05T13:39:37.633641
45J0q2xi7Qk,ElDiaQue,Así era IRÁN Antes De La Revolución Del Ayatollah,es,Alta,UgzmMLUq39Hcp6pEasJ4AaABAg,,0,@cescfontvela8330,No tendrian que existir estos paises diabolicos,2026-03-16T07:56:25Z,2026-03-16T07:56:25Z,0,0,youtube,2026-04-05T13:39:37.633645
45J0q2xi7Qk,ElDiaQue,Así era IRÁN Antes De La Revolución Del Ayatollah,es,Alta,UgwDJRcbAnuRzdzBBsl4AaABAg,,0,@Ruth-w1c9j,"Ese pentagrama 2:06  de ciro el grande lo veo en todas las naciones en todos los eslogan en lis billeyes en el srbol de navidad en corea del norte en china en Marruecos en la loteria en las reseñas en  las banderas en la frente de reyes de la actualidad 😮ese dimbolo oculta halgo trascendental 😮
Ni me parece bien el regimen ayatola que reprime mucho ni tampovo me gusta la degeneraion moral” debe haber algun terminó medio “ es que ustedes o se van a un extremo o al oyro no conocen el  termino medio” ni tanto no tsn calvo",2026-03-16T06:33:37Z,2026-03-16T06:39:22Z,0,0,youtube,2026-04-05T13:39:37.633649
45J0q2xi7Qk,ElDiaQue,Así era IRÁN Antes De La Revolución Del Ayatollah,es,Alta,UgwQ_rRrbC_kZ6A_qs54AaABAg,,0,@trapitosensual,"La verdad nunca fue un país libre Irán, en todo momento hubo pobreza, muerte y opresión. Que triste que un país siempre viva asfixiado de una forma u otra",2026-03-16T05:49:16Z,2026-03-16T05:49:16Z,0,1,youtube,2026-04-05T13:39:37.633652
45J0q2xi7Qk,ElDiaQue,Así era IRÁN Antes De La Revolución Del Ayatollah,es,Alta,UgwQ_rRrbC_kZ6A_qs54AaABAg.AUPIERtLsnaAUSzNuax3MP,UgwQ_rRrbC_kZ6A_qs54AaABAg,1,@walterrivera2183,"Fueron de mal en peor. El comunismo y estos bárbaros religiosos, no traen nada bueno.",2026-03-17T16:12:46Z,2026-03-17T16:12:46Z,0,0,youtube,2026-04-05T13:39:37.633656
45J0q2xi7Qk,ElDiaQue,Así era IRÁN Antes De La Revolución Del Ayatollah,es,Alta,Ugw3FQPimA_Dr4MAOfd4AaABAg,,0,@pantomicino,Este cuento repetido por Estados Unidos hasta el cansancio ya nadie lo cree. Y menos con la brutal invasión a Irán en 2026.,2026-03-16T02:37:38Z,2026-03-16T02:37:38Z,0,1,youtube,2026-04-05T13:39:37.633660
45J0q2xi7Qk,ElDiaQue,Así era IRÁN Antes De La Revolución Del Ayatollah,es,Alta,Ugw3FQPimA_Dr4MAOfd4AaABAg.AUOxIldObEnAUSzUJQaPGM,Ugw3FQPimA_Dr4MAOfd4AaABAg,1,@walterrivera2183,"Claro, es lindo defender a un régimen religioso fuera del país que controla...",2026-03-17T16:13:39Z,2026-03-17T16:13:39Z,1,0,youtube,2026-04-05T13:39:37.633664
45J0q2xi7Qk,ElDiaQue,Así era IRÁN Antes De La Revolución Del Ayatollah,es,Alta,UgxvFg0xkCTyPMmcCZB4AaABAg,,0,@joseaguilar-x5j7t,"bla..bla .bla ""gobierno teocrático absolutista""... claro si quieren un lider que sea ""manoseador de menores"" un pedófilo que hacia de la  trata de blancas ""su poder""... era fraterno de Epstein ...",2026-03-16T01:54:27Z,2026-03-16T01:54:27Z,0,1,youtube,2026-04-05T13:39:37.633667
45J0q2xi7Qk,ElDiaQue,Así era IRÁN Antes De La Revolución Del Ayatollah,es,Alta,UgxvFg0xkCTyPMmcCZB4AaABAg.AUOsMW-lVFKAUpW9CfVIpp,UgxvFg0xkCTyPMmcCZB4AaABAg,1,@eduardochino3318,"Las dos cosas son iguales, en la teocracia también hay violadores",2026-03-26T19:30:23Z,2026-03-26T19:30:23Z,0,0,youtube,2026-04-05T13:39:37.633670
45J0q2xi7Qk,ElDiaQue,Así era IRÁN Antes De La Revolución Del Ayatollah,es,Alta,UgyYJ3VEeo5AaKkNekR4AaABAg,,0,@sydgt3160,un video de los trabajadores argentinos con Peron  VS Miey,2026-03-16T00:53:25Z,2026-03-16T00:53:25Z,0,2,youtube,2026-04-05T13:39:37.633674
45J0q2xi7Qk,ElDiaQue,Así era IRÁN Antes De La Revolución Del Ayatollah,es,Alta,UgyYJ3VEeo5AaKkNekR4AaABAg.AUOlNYTkoUyAUSohMze6z6,UgyYJ3VEeo5AaKkNekR4AaABAg,1,@aspergerArgentino1465,kirchnerista montonero peronismo original será anticomunista y nacionalista no es izquierda   perón era militar,2026-03-17T14:39:27Z,2026-03-17T14:39:27Z,2,0,youtube,2026-04-05T13:39:37.633677
45J0q2xi7Qk,ElDiaQue,Así era IRÁN Antes De La Revolución Del Ayatollah,es,Alta,UgyYJ3VEeo5AaKkNekR4AaABAg.AUOlNYTkoUyAUpWCzzfLhm,UgyYJ3VEeo5AaKkNekR4AaABAg,1,@eduardochino3318,​@aspergerArgentino1465como les está yendo con el estafador de Milei?,2026-03-26T19:30:54Z,2026-03-26T19:30:54Z,0,0,youtube,2026-04-05T13:39:37.633681
45J0q2xi7Qk,ElDiaQue,Así era IRÁN Antes De La Revolución Del Ayatollah,es,Alta,UgzqzTy835TXGr5vm0Z4AaABAg,,0,@cristiansalinas4436,Tenía que ser la CIA xd,2026-03-15T23:55:05Z,2026-03-15T23:55:05Z,0,1,youtube,2026-04-05T13:39:37.633684
45J0q2xi7Qk,ElDiaQue,Así era IRÁN Antes De La Revolución Del Ayatollah,es,Alta,UgzqzTy835TXGr5vm0Z4AaABAg.AUOehDu2hBvAUSz_7elhbI,UgzqzTy835TXGr5vm0Z4AaABAg,1,@walterrivera2183,Fuentes: HispanTV...,2026-03-17T16:14:26Z,2026-03-17T16:14:26Z,0,0,youtube,2026-04-05T13:39:37.633687
45J0q2xi7Qk,ElDiaQue,Así era IRÁN Antes De La Revolución Del Ayatollah,es,Alta,UgzZ3Vx4xnLb9OfNOgZ4AaABAg,,0,@jeremypinero1483,"Y recuerden señores, el islam es lo peor del planeta junto con el socialismo.",2026-03-15T22:21:24Z,2026-03-15T22:21:24Z,3,0,youtube,2026-04-05T13:39:37.633691
45J0q2xi7Qk,ElDiaQue,Así era IRÁN Antes De La Revolución Del Ayatollah,es,Alta,Ugy_ai43uSWOOG_DUhZ4AaABAg,,0,@brendabarranco234,"14:49 ""Pero gobernar mediante una Policía Secreta que torturaba y ejecutaba..."" y que mientras el Sha nadaba en lujos, la mayoría de la población nadaba en miseria por lo cual las personas(incluidas la población femenina) abrazaron el extremismo religioso. Deberías mencionar los bloqueos y sanciones económicas que le hicieron al régimen cuando tomó el poder.  El armamento y dinero que las potencias occidentales le dieron a Hussein para hacerles guerra.  USA e Israel solo están cosechando lo que han sembrado.",2026-03-15T21:42:28Z,2026-03-15T22:04:45Z,0,0,youtube,2026-04-05T13:39:37.633694
45J0q2xi7Qk,ElDiaQue,Así era IRÁN Antes De La Revolución Del Ayatollah,es,Alta,Ugxo5o98GyPkaLrzjAl4AaABAg,,0,@leonardosanchez2360,"En pocas palabras Irán es una mafia religiosa corrupta que ah asumido a su pueblo en la pobreza, para financiar una ideologia que exporta a todo el mundo.",2026-03-15T21:29:41Z,2026-03-15T21:29:41Z,0,0,youtube,2026-04-05T13:39:37.633698
45J0q2xi7Qk,ElDiaQue,Así era IRÁN Antes De La Revolución Del Ayatollah,es,Alta,Ugyq2cMdYjUTN8McRkl4AaABAg,,0,@marceloprofe.1294,"¿ Y cuál es la diferencia entre el golpe de estado de 1953 y la campaña de propaganda británica Mi6 y la CIA estadounidense con la agresión actual de Israel-Trump.?
 La autocracia del sha llevó a la revolución islámica...El ataque iraquí cuándo comenzaba la REVOLUCIÓN consolidó al régimen en una guerra terrible, ahora mataron al ayatolá y atacaron por sorpresa al país, es evidente lo que puede pasar.",2026-03-15T17:52:04Z,2026-03-15T17:52:04Z,0,1,youtube,2026-04-05T13:39:37.633701
45J0q2xi7Qk,ElDiaQue,Así era IRÁN Antes De La Revolución Del Ayatollah,es,Alta,Ugyq2cMdYjUTN8McRkl4AaABAg.AUO09Rhn14XAUSzkpN-2ZL,Ugyq2cMdYjUTN8McRkl4AaABAg,1,@walterrivera2183,Cual es la diferencia: Con el Sha no oprimían mujeres ni salían clérigos a decir que son objetos sexuales. Pareciera que algunos jamás tuvieron una madre.,2026-03-17T16:16:02Z,2026-03-17T16:16:02Z,0,0,youtube,2026-04-05T13:39:37.633705
45J0q2xi7Qk,ElDiaQue,Así era IRÁN Antes De La Revolución Del Ayatollah,es,Alta,UgxS8lYllEDr0eQzGmd4AaABAg,,0,@martingarcillas7530,No mientan por favor,2026-03-15T17:44:12Z,2026-03-15T17:44:12Z,0,0,youtube,2026-04-05T13:39:37.633708
45J0q2xi7Qk,ElDiaQue,Así era IRÁN Antes De La Revolución Del Ayatollah,es,Alta,UgyK5j4BPCZ3bkgyW_B4AaABAg,,0,@Onirio27,"En cada episodio de la historia Estados Unidos deja su huella (Esclavitud y racismo es algo que Estados Unidos no quiere se les recuerde, pero aun en la actualidad en Estados Unidos la ley y los derechos son para unos pocos), pero si se hiciera un recuento; ha hecho más mal que bien, y siempre a beneficio de Estados Unidos ""America para los norteamericanos"", todos los demás son potencialmente terroristas. Quienes mueven los hilos en Estados Unidos, Trump no lo creo!, que ocultan, cual es la necesidad de tanto petróleo, en los últimos años solo conflicto con países que tienen petróleo, bases en todos lados para seguridad o para oprimir, que sigue después, obligar a ciudadanos de otros países a incorporarse al ejército de USA, dejando familiares en el olvido y que mueran de hambre, en donde queda los derechos de vida, la guerra no trae la paz sino más conflicto, resentimiento y enojo, para los fanáticos amates de USA si les molesto este comentario, no pediré perdón por la verdad... Aunque no sea alguien, alguien los será por mí, la justicia siempre llega...",2026-03-15T16:59:23Z,2026-03-15T16:59:23Z,0,0,youtube,2026-04-05T13:39:37.633712
45J0q2xi7Qk,ElDiaQue,Así era IRÁN Antes De La Revolución Del Ayatollah,es,Alta,UgwW5sf5Fhp80TQu1cR4AaABAg,,0,@Em-empirePlay,Socialismo. Que esperan,2026-03-15T16:35:43Z,2026-03-15T16:35:43Z,1,0,youtube,2026-04-05T13:39:37.633716
45J0q2xi7Qk,ElDiaQue,Así era IRÁN Antes De La Revolución Del Ayatollah,es,Alta,Ugx5j8fsRVkHRPBrA314AaABAg,,0,@ronaldibazetatello5258,También el Sha y su entorno eran los más corruptos,2026-03-15T14:53:50Z,2026-03-15T14:53:50Z,0,0,youtube,2026-04-05T13:39:37.633719
45J0q2xi7Qk,ElDiaQue,Así era IRÁN Antes De La Revolución Del Ayatollah,es,Alta,Ugz95pOiOxLe7BmZsYN4AaABAg,,0,@juanki847,Osea usar ropa muy provocativa casi desnuda es más moral como las vestimentas de Iran,2026-03-15T14:49:31Z,2026-03-15T14:49:31Z,0,0,youtube,2026-04-05T13:39:37.633723
45J0q2xi7Qk,ElDiaQue,Así era IRÁN Antes De La Revolución Del Ayatollah,es,Alta,UgyB_Jtl62qi01XACst4AaABAg,,0,@winaqwinaq2020,"Democracia gringa: gobernantes titeres impuestos a través de procesos electorales fraudulentos, que dejen robar a EEUU el petróleo.  Moral gringa: los archivos de Ekstein.",2026-03-15T14:45:03Z,2026-03-15T14:45:03Z,1,0,youtube,2026-04-05T13:39:37.633726
45J0q2xi7Qk,ElDiaQue,Así era IRÁN Antes De La Revolución Del Ayatollah,es,Alta,Ugx1hKIbpcztVHwquFh4AaABAg,,0,@PanchoLoco-c4h,Jajajaja 🤣🤣🤣🤣🤣🤣🤣🤣🤣🤣🤣🤣🤣🤣🤣,2026-03-15T12:45:41Z,2026-03-15T12:45:41Z,0,0,youtube,2026-04-05T13:39:37.633729
45J0q2xi7Qk,ElDiaQue,Así era IRÁN Antes De La Revolución Del Ayatollah,es,Alta,UgwScWEbp97svoIznYp4AaABAg,,0,@carolatenccia4790,Salieron de Guatemala pa guatepeor,2026-03-15T02:37:56Z,2026-03-15T02:37:56Z,0,0,youtube,2026-04-05T13:39:37.633733
45J0q2xi7Qk,ElDiaQue,Así era IRÁN Antes De La Revolución Del Ayatollah,es,Alta,UgzVaznFTlqSRjtWxvp4AaABAg,,0,@nelsonaguero2077,VIVA TRUMP,2026-03-14T19:47:41Z,2026-03-14T19:47:41Z,1,0,youtube,2026-04-05T13:39:37.633736
45J0q2xi7Qk,ElDiaQue,Así era IRÁN Antes De La Revolución Del Ayatollah,es,Alta,Ugz7XkPyld-AzlaE6Yd4AaABAg,,0,@ernestomendez5677,Eso es lo malo que un loco extremista llegue a tener poder. Sometiendo a sus pobladores.,2026-03-14T16:05:55Z,2026-03-14T16:05:55Z,1,0,youtube,2026-04-05T13:39:37.633740
45J0q2xi7Qk,ElDiaQue,Así era IRÁN Antes De La Revolución Del Ayatollah,es,Alta,UgyoNse71lEnUf0m-uJ4AaABAg,,0,@renatoandrade9572,"Jajajaja me rio más bien, las estúpidas de morado en la calle a favor de Irán, y los estúpidos iraníes protestando con el único q les dio espacio a ser libres jajaja, pobres pendejos",2026-03-14T14:44:18Z,2026-03-14T14:44:18Z,1,0,youtube,2026-04-05T13:39:37.633743
45J0q2xi7Qk,ElDiaQue,Así era IRÁN Antes De La Revolución Del Ayatollah,es,Alta,UgwIgXEO0dnvk66JdDV4AaABAg,,0,@MrMr-yw6mg,Mal video. Falso falso,2026-03-14T13:43:52Z,2026-03-14T13:43:52Z,0,0,youtube,2026-04-05T13:39:37.633747
45J0q2xi7Qk,ElDiaQue,Así era IRÁN Antes De La Revolución Del Ayatollah,es,Alta,UgzGJVOde0PrDZFRJBV4AaABAg,,0,@guillermoraulsarmientofran9693,Y no mencionas los miles de muertos y torturados por el Sha? Que sesgado o que manipulador.... cada vez este canal esta en decadencia,2026-03-14T13:43:37Z,2026-03-14T13:43:37Z,0,0,youtube,2026-04-05T13:39:37.633750
45J0q2xi7Qk,ElDiaQue,Así era IRÁN Antes De La Revolución Del Ayatollah,es,Alta,UgyRlM2zQauHytj1Xst4AaABAg,,0,@MrMr-yw6mg,Falso falso falso .,2026-03-14T13:43:11Z,2026-03-14T13:43:11Z,0,0,youtube,2026-04-05T13:39:37.633754
45J0q2xi7Qk,ElDiaQue,Así era IRÁN Antes De La Revolución Del Ayatollah,es,Alta,UgzyYJul38J5BAvrqpJ4AaABAg,,0,@guillermoraulsarmientofran9693,Los anglosajones haciendo su cagadero por el petroleo no se cosa nueva,2026-03-14T13:41:33Z,2026-03-14T13:41:33Z,0,0,youtube,2026-04-05T13:39:37.633757
45J0q2xi7Qk,ElDiaQue,Así era IRÁN Antes De La Revolución Del Ayatollah,es,Alta,UgwKPzFEOmCM3LKiyyJ4AaABAg,,0,@KapSergei,"""A ninguna cultura le gusta que otra venga a imponerse y borrar sus raíces""... Eso es lo que hace  Hollyw00d sobre los Persas...  Sería bueno viajar a Irán y vivir allí un periodo de tiempo para comprender mejor su realidad antes de sólo parafrasear lo que libros occidentales describen tras de un escritorio o teclado...",2026-03-14T12:35:06Z,2026-03-14T12:35:06Z,2,1,youtube,2026-04-05T13:39:37.633761
45J0q2xi7Qk,ElDiaQue,Así era IRÁN Antes De La Revolución Del Ayatollah,es,Alta,UgwKPzFEOmCM3LKiyyJ4AaABAg.AUKs5-0ze_nAV7QmzxObXP,UgwKPzFEOmCM3LKiyyJ4AaABAg,1,@JackMayler,"Pues en un punto es cierto, dentro de Irán es distinto a lo que el mundo lo da a conocer, pero aun así es injustificable que un señor calvo con una religión inservible venga a aplicar una dictadura sin limites. Dejo a este pobre país en la mas pobre miseria posible, si, estados unidos y sus aliados pusieron un bloqueo económico, pero eso demuestra la verdad misma, Irán es una dictadura infuncional, mas que buscar el progreso mayor, buscan aplicar terrorismo al mundo sin un motivo claro.",2026-04-03T03:49:06Z,2026-04-03T03:49:06Z,0,0,youtube,2026-04-05T13:39:37.633764
45J0q2xi7Qk,ElDiaQue,Así era IRÁN Antes De La Revolución Del Ayatollah,es,Alta,UgxbyyzoSzE9QUvwMrJ4AaABAg,,0,@VictorGarcia-u8s,"Esta guerra es por el petroleo, el papel verde sin petroleo no vale nada.
Venezuela fue invadida y ya  saquean el petroleo, ahora están detras de Irán, luego dirán que mexico es un narco estado y tambien le llevarán la ""democracia""",2026-03-14T12:09:53Z,2026-03-14T12:09:53Z,1,2,youtube,2026-04-05T13:39:37.633768
45J0q2xi7Qk,ElDiaQue,Así era IRÁN Antes De La Revolución Del Ayatollah,es,Alta,UgxbyyzoSzE9QUvwMrJ4AaABAg.AUKpCOboltNAUKppLv8LPc,UgxbyyzoSzE9QUvwMrJ4AaABAg,1,@H.J2121,Si es tremendamente un estado narco no jdas jajajaj,2026-03-14T12:15:21Z,2026-03-14T12:15:21Z,0,0,youtube,2026-04-05T13:39:37.633771
45J0q2xi7Qk,ElDiaQue,Así era IRÁN Antes De La Revolución Del Ayatollah,es,Alta,UgxbyyzoSzE9QUvwMrJ4AaABAg.AUKpCOboltNAUpWRzhL7fl,UgxbyyzoSzE9QUvwMrJ4AaABAg,1,@eduardochino3318,​@H.J2121Narcoestado ya era desde el sexenio de Calderón.,2026-03-26T19:32:57Z,2026-03-26T19:32:57Z,1,0,youtube,2026-04-05T13:39:37.633774
45J0q2xi7Qk,ElDiaQue,Así era IRÁN Antes De La Revolución Del Ayatollah,es,Alta,UgzMTEAU1J1cuhXK7Bh4AaABAg,,0,@JesúsTuto,Ahí se demuestra quien es el verdadero régimen que es EEUU,2026-03-14T11:19:36Z,2026-03-14T11:19:36Z,1,0,youtube,2026-04-05T13:39:37.633778
45J0q2xi7Qk,ElDiaQue,Así era IRÁN Antes De La Revolución Del Ayatollah,es,Alta,UgwgQrllvpd0CtPV_L54AaABAg,,0,@rodrigocarbajo1612,Conflicto,2026-03-14T10:20:42Z,2026-03-14T10:20:42Z,0,0,youtube,2026-04-05T13:39:37.633781
45J0q2xi7Qk,ElDiaQue,Así era IRÁN Antes De La Revolución Del Ayatollah,es,Alta,Ugy4zWBn_jzVcdy2BXt4AaABAg,,0,@Carlos-dl2fz,Antes también había corrupcion por eso cayó,2026-03-14T04:14:17Z,2026-03-14T04:14:17Z,0,0,youtube,2026-04-05T13:39:37.633785
45J0q2xi7Qk,ElDiaQue,Así era IRÁN Antes De La Revolución Del Ayatollah,es,Alta,UgyVgvbPLpaZsiBU1r14AaABAg,,0,@carlosandrescoronelespinoz1093,Lamentable suerte para los desecendientes de los persas ... el sha y los ayatolas son la misma porqueria y en medio una sociedad iraní soñando la libertad y desarrollo que ninguno de estos los concedería ...,2026-03-14T03:30:18Z,2026-03-14T03:30:18Z,1,0,youtube,2026-04-05T13:39:37.633788
45J0q2xi7Qk,ElDiaQue,Así era IRÁN Antes De La Revolución Del Ayatollah,es,Alta,UgzvTtht9RVdYd1jSCB4AaABAg,,0,@cruzvelazquezcruzvelazquez2528,BIEN MAMÁCITAS.  LO MALO ES QUE SUS MACHOS SON MUY PICADORES PERO BIEN MARICAS.  NI LAS DEFIENDEN ESTOS CABRONES,2026-03-13T23:42:44Z,2026-03-13T23:42:44Z,0,0,youtube,2026-04-05T13:39:37.633792
45J0q2xi7Qk,ElDiaQue,Así era IRÁN Antes De La Revolución Del Ayatollah,es,Alta,UgxSXRX3JnZ00KzOfPV4AaABAg,,0,@sebastianquintero3854,SIEMPRE TU REVOLUCIONARIO.......SERA A CORTO O LARGO PLAZO TU NUEVO OPRESOR,2026-03-13T13:47:53Z,2026-03-13T13:47:53Z,0,0,youtube,2026-04-05T13:39:37.633796
45J0q2xi7Qk,ElDiaQue,Así era IRÁN Antes De La Revolución Del Ayatollah,es,Alta,Ugycrq8pEJToHlXYs8J4AaABAg,,0,@sofasitx,Afganistán igual ;(,2026-03-13T06:03:44Z,2026-03-13T06:03:44Z,0,0,youtube,2026-04-05T13:39:37.633799
45J0q2xi7Qk,ElDiaQue,Así era IRÁN Antes De La Revolución Del Ayatollah,es,Alta,UgwEICn5ATuuENb7YSh4AaABAg,,0,@rodrigodiaz1662,"modernidad? drogas, sexo, pedofilia si eso es modernidad prefiero seguir a Alá",2026-03-13T03:07:23Z,2026-03-13T03:07:23Z,1,1,youtube,2026-04-05T13:39:37.633803
45J0q2xi7Qk,ElDiaQue,Así era IRÁN Antes De La Revolución Del Ayatollah,es,Alta,UgwEICn5ATuuENb7YSh4AaABAg.AUHHK72HWZZAUSq1Hh1dh3,UgwEICn5ATuuENb7YSh4AaABAg,1,@aspergerArgentino1465,Sí sos musulman porque no te llevas a irán,2026-03-17T14:51:02Z,2026-03-17T14:51:02Z,2,0,youtube,2026-04-05T13:39:37.633806
45J0q2xi7Qk,ElDiaQue,Así era IRÁN Antes De La Revolución Del Ayatollah,es,Alta,Ugxp5aYfU88FI3-MuRt4AaABAg,,0,@cordoba-arg,"cuantas mentiras decis magnus, me extraña",2026-03-13T03:05:29Z,2026-03-13T03:05:29Z,0,0,youtube,2026-04-05T13:39:37.633810
45J0q2xi7Qk,ElDiaQue,Así era IRÁN Antes De La Revolución Del Ayatollah,es,Alta,Ugyb7Y6yqYvksAuqD-N4AaABAg,,0,@frandavid386,Irán es tal cual lo que es hoy antes de la intervención de 1953 y hay que aceptar su destino de cada país sin intervenciones para que cambie simplemente porque otro país lo dice por qué no podemos cambiar la vida de nuestros vecinos y decirle cómo tienen que vivir y qué es lo que tienen que hacer ni meternos en la vida de nadie más solamente tenemos que aceptar tal cual como somos,2026-03-13T02:48:26Z,2026-03-13T02:48:26Z,1,0,youtube,2026-04-05T13:39:37.633813
45J0q2xi7Qk,ElDiaQue,Así era IRÁN Antes De La Revolución Del Ayatollah,es,Alta,Ugy6ah5Y2S4c75kETtN4AaABAg,,0,@frandavid386,Irán nunca había sido intervenida hasta 1953 era virgen de modelos y pensamientos ideales de Estados Unidos hasta que intervino así que tienes que mostrar cómo eran antes de 1953 cuándo nunca había sido intervenido y si nunca hubiera sido intervenido así fuera hoy tal cual como hay que aceptar cómo es cada país y.punto,2026-03-13T02:46:19Z,2026-03-13T02:46:19Z,0,0,youtube,2026-04-05T13:39:37.633817
45J0q2xi7Qk,ElDiaQue,Así era IRÁN Antes De La Revolución Del Ayatollah,es,Alta,UgyxXeNoW33k_Gx5hlF4AaABAg,,0,@frandavid386,Tú estás mostrando la década de los 70 tienes que mostrarme la década antes del 1953 que los Estados Unidos intervinió para poner a un gobierno favorable a los intereses y a la forma de libertad de los Estados Unidos eso no es Irán lo que tú estás mostrando será Irán pero con un gobernante con pensamientos estadounidenses entonces tú estás mostrando un modelo político implantado por los Estados Unidos cuando intervinió si no hubiera intervenido jamás nunca en la vida o ningún país toda su cultura fuera tal cual como es ella porque no puedes imponer un cambio de modelo político y forma de pensar de otro país tenemos que aceptar toda la cultura toda la música de toda esa forma de vivir porque si no no no viéramos en otros países personas con cultura Irán sin velos y sin cultura sino con cultura imperialista estadounidense entonces dices mentira no muéstrame Irán antes del 1953,2026-03-13T02:41:54Z,2026-03-13T02:41:54Z,0,0,youtube,2026-04-05T13:39:37.633820
45J0q2xi7Qk,ElDiaQue,Así era IRÁN Antes De La Revolución Del Ayatollah,es,Alta,UgxiMfHbLoudjq5tQYx4AaABAg,,0,@edytomaso,"asi como castro y chaves, utilizo la ignorancia de los ciudadanos, esos comunistas, islamistas, terroristas, zurdos radicales, matan al pueblo de hambre y miseria",2026-03-13T02:11:23Z,2026-03-13T02:11:23Z,2,1,youtube,2026-04-05T13:39:37.633823
45J0q2xi7Qk,ElDiaQue,Así era IRÁN Antes De La Revolución Del Ayatollah,es,Alta,UgxiMfHbLoudjq5tQYx4AaABAg.AUHAuxVsMB8AUpWe84RkNy,UgxiMfHbLoudjq5tQYx4AaABAg,1,@eduardochino3318,Que bien describes a los fachos y sionistas.,2026-03-26T19:34:45Z,2026-03-26T19:34:45Z,0,0,youtube,2026-04-05T13:39:37.633827
45J0q2xi7Qk,ElDiaQue,Así era IRÁN Antes De La Revolución Del Ayatollah,es,Alta,UgzpHDgMz324fAkMqlR4AaABAg,,0,@AlmA-ANDlNA,"NO Apoyamos las Atrocidades cometidas por el SHA y su Monarquía ABSOLUTA. 
Pero sin Duda su Población Al Menos Tenía un Atisbo de Libertad, porque El Polo Opuesto: el Extremismo ISLÁMICO ha Sido Mucho PEOR para el Pueblo Iraní.",2026-03-13T01:41:28Z,2026-03-13T01:41:28Z,1,0,youtube,2026-04-05T13:39:37.633830
45J0q2xi7Qk,ElDiaQue,Así era IRÁN Antes De La Revolución Del Ayatollah,es,Alta,Ugw-Jg_S6PPIR0EtiQx4AaABAg,,0,@Dina-mq2fw,"Yo no sé como hay personas que apoyen este régimen de Irán 😮 nadie tiene derecho a nada ahí , es para que lo piensen muy bien eas gente que no es Iraní , y que además gozan de sus libertades en sus paises ,antes de apoyar esa dictadura extrema .",2026-03-12T23:08:27Z,2026-03-12T23:08:27Z,1,0,youtube,2026-04-05T13:39:37.633834
45J0q2xi7Qk,ElDiaQue,Así era IRÁN Antes De La Revolución Del Ayatollah,es,Alta,Ugwq9U9pCoyhQq7J3tR4AaABAg,,0,@AKT_iii,Ellos si necesitan quitar el patriarcado que en España joden con su 8am  buscan igualdad en que un sentido estupido. Mandé los a irán o a las guerras por qué hacer problemas es fácil destruir lo que el hombre creo es fácil pero ayudar mejorar la sociedad no?,2026-03-12T21:17:53Z,2026-03-12T21:17:53Z,0,0,youtube,2026-04-05T13:39:37.633837
45J0q2xi7Qk,ElDiaQue,Así era IRÁN Antes De La Revolución Del Ayatollah,es,Alta,UgzPOGkUdFeEogrBdi14AaABAg,,0,@Arnaldo-y6e,Irán  iraníes theran persa revolucion republica lider supremmo seguridad geopolitica estrateguia dentro geografico geopolitica estrateguia es. Una tradicion y. Obligacion.  De. Iran de. Politica y. Estrateguico.  de.belo. Mara.  Todo.  Mujeres. Reguimen.  Revolucion republica Libertad   y.  Pero teocratico y persa.  Y.  Mosulbanes.  Chiitas.  Todos.  Por.  Igual.  Por.  Siglo.  De.  Iran iraní iraníes theran islamico religión persa revolucion republica lider,2026-03-12T20:29:20Z,2026-03-12T20:29:20Z,0,0,youtube,2026-04-05T13:39:37.633840
45J0q2xi7Qk,ElDiaQue,Así era IRÁN Antes De La Revolución Del Ayatollah,es,Alta,Ugw49SB0ZrYDl9uMff94AaABAg,,0,@alferbonnycalabarragan163,Esto es como eso 😂😂,2026-03-12T19:08:09Z,2026-03-12T19:08:09Z,0,0,youtube,2026-04-05T13:39:37.633844
45J0q2xi7Qk,ElDiaQue,Así era IRÁN Antes De La Revolución Del Ayatollah,es,Alta,Ugyqt0toziQ37qtOkjd4AaABAg,,0,@younesselh9088,Las minifaldas son el simbolo del liberatismo y la democracia? EEUU e Israel les importa las mujeres de Irán?? Porque han asesinado 180 niñas de un cole?,2026-03-12T19:03:21Z,2026-03-12T19:04:56Z,1,0,youtube,2026-04-05T13:39:37.633855
45J0q2xi7Qk,ElDiaQue,Así era IRÁN Antes De La Revolución Del Ayatollah,es,Alta,UgwQbfgTkitreFsMlIx4AaABAg,,0,@disonanteconelmundo,"Y todo por los malditos de izquierda que llevaron a los ayatollah, merecen cárcel aquí e infierno si existe en la otra vida.",2026-03-12T18:41:03Z,2026-03-12T18:41:03Z,2,0,youtube,2026-04-05T13:39:37.633859
45J0q2xi7Qk,ElDiaQue,Así era IRÁN Antes De La Revolución Del Ayatollah,es,Alta,UgwDI3cURQOyfzleK2R4AaABAg,,0,@AntonioJimenezA,¿Se ven completamente normales? ¿Qué es normal? ¿el american way of life? ¿y si para una cultura milenaria eso no es aceptable? Teheran era una ciudad cosmopolita? ¿u occidentalizada? ¿O sea que la culpa de los problemas de medio oriente es culpa de Iran? ¿Y qué hay del Sha que gobernaba en los 70's? 'Cuantos años llevaba en el poder respondiendo a los intereses de los EEUU? Decir verdades a medias es bien fácil...,2026-03-12T18:29:00Z,2026-03-12T18:29:00Z,0,0,youtube,2026-04-05T13:39:37.633863
45J0q2xi7Qk,ElDiaQue,Así era IRÁN Antes De La Revolución Del Ayatollah,es,Alta,UgyaC_0U7EXLvnVt_bx4AaABAg,,0,@Gerar_.O,Que loco que un puñado de fanáticos religiosos hagan tanto daño a una población lo peor es que en pleno 2026 hay quienes los defienden.,2026-03-12T18:00:52Z,2026-03-12T18:00:52Z,2,0,youtube,2026-04-05T13:39:37.633866
45J0q2xi7Qk,ElDiaQue,Así era IRÁN Antes De La Revolución Del Ayatollah,es,Alta,Ugx09OtiprcaP8gXiYd4AaABAg,,0,@carlosvega1612,IRANIÉS mALECHORES,2026-03-12T17:53:45Z,2026-03-12T17:53:45Z,0,0,youtube,2026-04-05T13:39:37.633869
45J0q2xi7Qk,ElDiaQue,Así era IRÁN Antes De La Revolución Del Ayatollah,es,Alta,UgweEiSXkDmsKnNr30Z4AaABAg,,0,@Elbombard1840,Recuerda que cuando las cosas están mal pueden empeorar 😅,2026-03-12T16:10:31Z,2026-03-12T16:10:31Z,0,0,youtube,2026-04-05T13:39:37.633873
45J0q2xi7Qk,ElDiaQue,Así era IRÁN Antes De La Revolución Del Ayatollah,es,Alta,UgxTixkI9g7MyditQH54AaABAg,,0,@joseluiscadillosantamaria93,"Muy Interesante documental,
Gracias por esa información,
Solo una cosa no se dice Médicas sino médicos,
En todo caso se debería decir doctoras que es lo correcto,
Por lo demás Felicitaciones por tan ilustrativo video.",2026-03-12T14:42:33Z,2026-03-12T14:42:33Z,0,1,youtube,2026-04-05T13:39:37.633876
45J0q2xi7Qk,ElDiaQue,Así era IRÁN Antes De La Revolución Del Ayatollah,es,Alta,UgxTixkI9g7MyditQH54AaABAg.AUFx4lRHohLAUI7-a4dven,UgxTixkI9g7MyditQH54AaABAg,1,@ElDiaQue,"Hola. No. Según la RAE es correcto decir “médicas”. Te dejo el link: https://www.rae.es/dpd/m%C3%A9dico

Este video lo explica: https://www.instagram.com/reel/DO0fafrjF9s/?igsh=dHBiNGt3ZmJ4bnEw",2026-03-13T10:56:27Z,2026-03-13T10:56:27Z,0,0,youtube,2026-04-05T13:39:37.633879
45J0q2xi7Qk,ElDiaQue,Así era IRÁN Antes De La Revolución Del Ayatollah,es,Alta,Ugxj7JjNDbvZIup7nEZ4AaABAg,,0,@EnrriqueSilva-f1l,"X LO Q ESTÁ SUCEDIENDO AHORITA EN ESPAÑA Y MÉXICO EN 10 AÑOS LOS VEREMOS IGUAL  Q IRÁN, GOBERNANDO DICTADORES INDEFINIDAMENTE D X VIDA, CONTROLA DOLER A LAS MUJERES LA FORMA D VESTIR  USAR TURBANTE, VESTIDAS DE PIE A CABEZA, NEGANDOLE ESTUDIAR Y TRABAJAR, SOLO LAS TENDRÁN PARA TENER HIJOS Y HACER OFICIOS DE LA CASA Y TRATARLAS CM ANIMALES CM LAS TRATAN EN IRÁN",2026-03-12T10:54:32Z,2026-03-12T10:54:32Z,0,1,youtube,2026-04-05T13:39:37.633883
45J0q2xi7Qk,ElDiaQue,Así era IRÁN Antes De La Revolución Del Ayatollah,es,Alta,Ugxj7JjNDbvZIup7nEZ4AaABAg.AUFXzkg9Ke2AUpWr08rWGE,Ugxj7JjNDbvZIup7nEZ4AaABAg,1,@eduardochino3318,No digas mmdas que en México hasta libertad de expresión tenemos de sobra,2026-03-26T19:36:30Z,2026-03-26T19:36:30Z,0,0,youtube,2026-04-05T13:39:37.633886
45J0q2xi7Qk,ElDiaQue,Así era IRÁN Antes De La Revolución Del Ayatollah,es,Alta,UgxZS_ixQpfYe0rxn8x4AaABAg,,0,@alannisd8393,Conflicto,2026-03-12T10:07:23Z,2026-03-12T10:07:23Z,0,0,youtube,2026-04-05T13:39:37.633891
45J0q2xi7Qk,ElDiaQue,Así era IRÁN Antes De La Revolución Del Ayatollah,es,Alta,UgyCuWgFyUBPKqJpI2J4AaABAg,,0,@sansclasico9741,Los iraníes fueron unos ilusos al creerle a unos viejos condenaron el país para sus hijos y hijas ojalás Israel y estados unidos hagan escapar a los sucios terroristas como las ratas que son,2026-03-12T04:19:41Z,2026-03-12T04:19:41Z,2,0,youtube,2026-04-05T13:39:37.633895
45J0q2xi7Qk,ElDiaQue,Así era IRÁN Antes De La Revolución Del Ayatollah,es,Alta,Ugyb9oQStsrMVgbc4up4AaABAg,,0,@milanesaangelical5253,conflicto,2026-03-12T01:39:05Z,2026-03-12T01:39:05Z,0,0,youtube,2026-04-05T13:39:37.633899
45J0q2xi7Qk,ElDiaQue,Así era IRÁN Antes De La Revolución Del Ayatollah,es,Alta,UgzG9WHqtWQE1SODs6V4AaABAg,,0,@cesarromero-wh1be,"me gustan mucho estos videos, pero creo que tiene un sesgo muy claro, como dando a entender que el yugo impuesto por Occidente era mejor . . . . 🤔",2026-03-12T00:33:21Z,2026-03-12T00:33:21Z,0,0,youtube,2026-04-05T13:39:37.633902
45J0q2xi7Qk,ElDiaQue,Así era IRÁN Antes De La Revolución Del Ayatollah,es,Alta,UgxNSZkYHhujNDBpoIZ4AaABAg,,0,@eldante_art_5,IRAN SERA GRANDE CUANDO EL AYATOLA SEA UNA MUJER,2026-03-12T00:02:10Z,2026-03-12T00:02:10Z,0,0,youtube,2026-04-05T13:39:37.633905
45J0q2xi7Qk,ElDiaQue,Así era IRÁN Antes De La Revolución Del Ayatollah,es,Alta,UgzqgJwkECaojtzh0wR4AaABAg,,0,@eldante_art_5,asi que iran era un pais normal antes de los cabeza de toalla 😮😮,2026-03-11T23:40:46Z,2026-03-11T23:40:46Z,2,0,youtube,2026-04-05T13:39:37.633908
45J0q2xi7Qk,ElDiaQue,Así era IRÁN Antes De La Revolución Del Ayatollah,es,Alta,UgxBOKL8ZDNuauvoB294AaABAg,,0,@TheGigiodark,"NO MIENTAS MAGNOS, NO MURIO EL LIDER IRANI... LO ASESIONO EU E ISRAEL... NOS QUEDA CLARO QUE ERES DE ULTRADERECHA PERO NO MIENTAS DESCARADAMENTE....",2026-03-11T22:45:39Z,2026-03-11T22:45:39Z,0,0,youtube,2026-04-05T13:39:37.633912
45J0q2xi7Qk,ElDiaQue,Así era IRÁN Antes De La Revolución Del Ayatollah,es,Alta,UgyDlTGpEorD8BsEJf94AaABAg,,0,@serjimbus,"Es increible como eran los 70 en Iran, Venezuela, España....menos mal que ahora estan y estamos mejor con el ""progreso"" de narcodictaduras y regimenes de terroristas que mucha gente defiende.",2026-03-11T19:34:44Z,2026-03-11T19:34:44Z,0,0,youtube,2026-04-05T13:39:37.633915
45J0q2xi7Qk,ElDiaQue,Así era IRÁN Antes De La Revolución Del Ayatollah,es,Alta,UgzpeTNT7umFjDcgnlB4AaABAg,,0,@Yaco499,"El Irán de los 70s participaba de las fiestas tipo Epstein y compañía. De hecho el SHA era un monigote en las manos de U.K y EEUU, solo le importaba el lujo, viajes, casinos, mujeres y Viva la vida mientras que el pueblo sufría las consecuencias de su despilfarro y el de sus mujeres, amantes y familiares. Es bueno pensar que cualquier tiempo fue mejor pero en este caso, la propaganda falla. No conocer un país y juzgarlo desde la lupa de los Medios en su mayoría pagados por el Sionismo judío, AIPAC, etc; a mí juicio es lamentable",2026-03-11T18:07:37Z,2026-03-11T18:07:37Z,0,0,youtube,2026-04-05T13:39:37.633918
45J0q2xi7Qk,ElDiaQue,Así era IRÁN Antes De La Revolución Del Ayatollah,es,Alta,UgyjwVpiFhp-HtumWL54AaABAg,,0,@MarthaYamileGalvis,Conflicto,2026-03-11T16:51:21Z,2026-03-11T16:51:21Z,0,0,youtube,2026-04-05T13:39:37.633921
45J0q2xi7Qk,ElDiaQue,Así era IRÁN Antes De La Revolución Del Ayatollah,es,Alta,UgyDmMGUkvgF8ISO_tR4AaABAg,,0,@iEpiccXI,"Y ahora estan los de izquierda defendiendo a terroristas, no tiene ningun tipo de sentido",2026-03-11T16:35:53Z,2026-03-11T16:35:53Z,3,1,youtube,2026-04-05T13:39:37.633927
45J0q2xi7Qk,ElDiaQue,Así era IRÁN Antes De La Revolución Del Ayatollah,es,Alta,UgyDmMGUkvgF8ISO_tR4AaABAg.AUD_FxyZtfmAUpUvGlIkzd,UgyDmMGUkvgF8ISO_tR4AaABAg,1,@eduardochino3318,La teocracia es de derecha genio.,2026-03-26T19:19:37Z,2026-03-26T19:19:37Z,0,0,youtube,2026-04-05T13:39:37.633930
45J0q2xi7Qk,ElDiaQue,Así era IRÁN Antes De La Revolución Del Ayatollah,es,Alta,UgxKeHZjtiv0TNk0SJR4AaABAg,,0,@anuchons,Otro líder religioso que niega al hombre el libre albedrío que les dio su dios.,2026-03-11T14:00:53Z,2026-03-11T14:00:53Z,0,0,youtube,2026-04-05T13:39:37.633934
45J0q2xi7Qk,ElDiaQue,Así era IRÁN Antes De La Revolución Del Ayatollah,es,Alta,UgwWhp7W2BueE7FDtYN4AaABAg,,0,@nicarau1273,Las mujeres de Iran son hermosas,2026-03-11T13:10:36Z,2026-03-11T13:10:36Z,2,0,youtube,2026-04-05T13:39:37.633937
45J0q2xi7Qk,ElDiaQue,Así era IRÁN Antes De La Revolución Del Ayatollah,es,Alta,UgxXkOXudNIlFNI3v1l4AaABAg,,0,@Albert-te6vm,Eran trolas igual que en occidente.,2026-03-11T09:50:34Z,2026-03-11T09:50:34Z,0,0,youtube,2026-04-05T13:39:37.633940
45J0q2xi7Qk,ElDiaQue,Así era IRÁN Antes De La Revolución Del Ayatollah,es,Alta,UgyLfDukBmxLyHtqg7J4AaABAg,,0,@hectorpera8345,Q país de merda 😂😂,2026-03-11T06:04:20Z,2026-03-11T06:04:20Z,0,0,youtube,2026-04-05T13:39:37.633944
45J0q2xi7Qk,ElDiaQue,Así era IRÁN Antes De La Revolución Del Ayatollah,es,Alta,Ugx0UPYn2bA3sk1GTtd4AaABAg,,0,@abrahamgutierrez8338,"Argentino al fin, servil a EE UU, deja investigo, varios errores en varios de tus videos con datos erroneos y comentarios
 a modo!",2026-03-11T04:32:57Z,2026-03-11T04:34:09Z,0,0,youtube,2026-04-05T13:39:37.633947
45J0q2xi7Qk,ElDiaQue,Así era IRÁN Antes De La Revolución Del Ayatollah,es,Alta,UgxDVpoHeyd2ZvTJggt4AaABAg,,0,@SinNombreYApellido-u7q,"La masa a veces puede ser muy estúpida, aunque siendo justos al principio fueron solo un grupo de islamistas y universitarios radicales. Btw, no se considera realmente una teocracia, de por si los musulmanes casi ni tenian teocracias, sus monarcas llevaban los titulos de califa u otro religioso, pero bueno sobre todo porque es mas un grupo de radicales que tomaron el poder que otra cosa. Las teocracias de verdad fueron lso Estados Pontificios, diversos obispados y arzobispados y tambien hay ejemplo en Asia, sobre todo el Tibet. Es increible como los musulmanes logran hacer, de alguna forma, todas las cosas mal o a peor jaja",2026-03-11T04:28:28Z,2026-03-11T04:28:28Z,0,0,youtube,2026-04-05T13:39:37.633950
45J0q2xi7Qk,ElDiaQue,Así era IRÁN Antes De La Revolución Del Ayatollah,es,Alta,Ugxry7WpI7AF7v58CXN4AaABAg,,0,@TERIAHSPANISHESPAÑOL,los heteros heteros casados deberian apaoyan  a su esposa o esposas no apaoyaren al hombre que quieren haceren maldades,2026-03-11T02:20:35Z,2026-03-11T02:20:35Z,0,0,youtube,2026-04-05T13:39:37.633954
45J0q2xi7Qk,ElDiaQue,Así era IRÁN Antes De La Revolución Del Ayatollah,es,Alta,UgwQkluxEitcm9GJbVp4AaABAg,,0,@TERIAHSPANISHESPAÑOL,"si matasen  los hombres de paises asiaticos,africanos,en rusia,ucrania,brasil,colombia,venezuela,paraguai,bolivia,suriname,guiana,guaiana francesa ,paises de america central,mexico y estados unidos,hiba ser una paz en estos paises,esto es que sucede cuando dan libertad a los hombres,que pensan que mandan en planeta que son mujeres que jesus cristos,los que son es peor que el demonio",2026-03-11T02:19:22Z,2026-03-11T02:19:22Z,0,0,youtube,2026-04-05T13:39:37.633958
45J0q2xi7Qk,ElDiaQue,Así era IRÁN Antes De La Revolución Del Ayatollah,es,Alta,Ugy9IDOpPmqwa5iynGp4AaABAg,,0,@TERIAHSPANISHESPAÑOL,"si esto sociopata,narcista,narcisista,psicopata ha muerto hace tiempo entonces porque no ha regresado al niormal despues que él ha muerto",2026-03-11T02:16:44Z,2026-03-11T02:16:44Z,0,0,youtube,2026-04-05T13:39:37.633961
45J0q2xi7Qk,ElDiaQue,Así era IRÁN Antes De La Revolución Del Ayatollah,es,Alta,UgxNsJOCwQc8YYqoh7V4AaABAg,,0,@Atmoky,Ahora entiendo porque el Chavismo era aliado de Irán,2026-03-11T01:57:42Z,2026-03-11T01:57:42Z,1,0,youtube,2026-04-05T13:39:37.633965
45J0q2xi7Qk,ElDiaQue,Así era IRÁN Antes De La Revolución Del Ayatollah,es,Alta,Ugw2yaLGxjymnubT1Jt4AaABAg,,0,@carlosgallardo9168,"Este es un vídeo engaña bobos: 1) la mujer vestida de negro en la miniatura muestra el estilo de las mujeres en Arabia no de Irán, actualmente ahí no se usa niqab, menos aún burka, se utiliza el hiyab que permite ver el rostro completo. 2) Actualmente en Iran hay más mujeres en las unirsidedes que en la época de los Palevi, 3) Ninguna revolución, la que sea, triunfa sin el apoyo de las mayorías, Trump se equivoco al pensar que el ""Regimen"" de la revolución islámica no tenía el apoyo del pueblo Iraní, ellos están dispuestos a morir por sus creencias y eso será la principal causa de la primera gran derrota del imperio estaunidense en este siglo, esperen un tiempo y lo veran con sus propios ojos.",2026-03-10T19:42:36Z,2026-03-10T19:42:36Z,1,1,youtube,2026-04-05T13:39:37.633968
45J0q2xi7Qk,ElDiaQue,Así era IRÁN Antes De La Revolución Del Ayatollah,es,Alta,Ugw2yaLGxjymnubT1Jt4AaABAg.AUBKpe9qbaCAUBojdH0j54,Ugw2yaLGxjymnubT1Jt4AaABAg,1,@fernanda4688,Baboso 😂,2026-03-11T00:12:40Z,2026-03-11T00:12:40Z,1,0,youtube,2026-04-05T13:39:37.633971
45J0q2xi7Qk,ElDiaQue,Así era IRÁN Antes De La Revolución Del Ayatollah,es,Alta,UgzOEm8o13Q_m6LyPq94AaABAg,,0,@elkados2818,"moraleja, aunque las cosas esten mal, no se dejen llevar nunca por un regimen islamista, eso es un advertencia para europa, pienso que de todas las religiones, esta es la mas toxica y no deberia existir.",2026-03-10T15:17:33Z,2026-03-10T15:17:33Z,2,1,youtube,2026-04-05T13:39:37.633974
45J0q2xi7Qk,ElDiaQue,Así era IRÁN Antes De La Revolución Del Ayatollah,es,Alta,UgzOEm8o13Q_m6LyPq94AaABAg.AUArVPrc9ynAUBouBypvuj,UgzOEm8o13Q_m6LyPq94AaABAg,1,@fernanda4688,Así es.,2026-03-11T00:14:06Z,2026-03-11T00:14:06Z,1,0,youtube,2026-04-05T13:39:37.633977
45J0q2xi7Qk,ElDiaQue,Así era IRÁN Antes De La Revolución Del Ayatollah,es,Alta,Ugx7ynu-GG-ozmXvAAp4AaABAg,,0,@kimberlyarana6232,Esto es era Irán hasta que empezaron los bombardeos de los criminales de Trump e Israel.  La gran diferencia del trabajo de un investigador que va a conocer la información de primera mano y otro que solo quiere monetizar a como dé lugar las desgracias ajenas como un ave de rapiña. https://www.youtube.com/watch?v=jKPzOEwlTng,2026-03-10T10:07:39Z,2026-03-10T10:07:39Z,0,1,youtube,2026-04-05T13:39:37.633980
45J0q2xi7Qk,ElDiaQue,Así era IRÁN Antes De La Revolución Del Ayatollah,es,Alta,Ugx7ynu-GG-ozmXvAAp4AaABAg.AUAJ1ac5JM3AUSs3Ks0U7w,Ugx7ynu-GG-ozmXvAAp4AaABAg,1,@aspergerArgentino1465,El porque vos no sí sos tan pro iraní porque no te vas irán,2026-03-17T15:08:48Z,2026-03-17T15:08:48Z,1,0,youtube,2026-04-05T13:39:37.633983
45J0q2xi7Qk,ElDiaQue,Así era IRÁN Antes De La Revolución Del Ayatollah,es,Alta,Ugw55sx11uxD6cFGDph4AaABAg,,0,@kimberlyarana6232,"A ver Magnus, tu vídeo convence a gente que no tiene muchos conocimientos sobre el tema, pero la verdad es que falta mucho rigor en tu investigación, supongo que eso pasa cuando quieres sacar vídeos rápido y aprovechar las desgracias de los demás para monetizar, y mira que lo has conseguido,  pero la mayor parte de gente que comenta son seres salidos de las cavernas como una mentalidad simplista.  Están mezclando comunismo, Islam, feminismo, progresismo, y bla bla bla.  Muchos todavía creen que Estados Unidos e Isreal van a salvar a las mujeres de un régimen teocrático, acaso no han visto lo que han hecho en Gaza y en todos los país en donde han puesto sus sucias manos.  En fin, dais penita.  Y ya te digo, convences a personas con poco nivel académico o ignorantes del tema, y sin la capacidad de razonar más allá del: estoy de un lado o del otro, como si esto fuera un partido de futbol.",2026-03-10T10:04:32Z,2026-03-10T10:04:32Z,0,0,youtube,2026-04-05T13:39:37.633986
45J0q2xi7Qk,ElDiaQue,Así era IRÁN Antes De La Revolución Del Ayatollah,es,Alta,UgyWGbIaa66zJ14zxU94AaABAg,,0,@JuanMunoz-rs9wq,Prefiero la Segunda Alternativa.  De esa forma  uno  hecha Andar la Fantasía.  Se Recomienda Mover LAS Neuronas; Sino se Atrofia el Celebro.,2026-03-10T05:35:07Z,2026-03-10T05:35:07Z,1,0,youtube,2026-04-05T13:39:38.524727
45J0q2xi7Qk,ElDiaQue,Así era IRÁN Antes De La Revolución Del Ayatollah,es,Alta,Ugym4XH_6_nmZkH919B4AaABAg,,0,@christianvenegas851,"Hay que ver las dos caras de la moneda.... En la primera como lo señala el vídeo, es malo ver cómo se controlan a las mujeres.... En la otra cara del libertinaje que hay en occidente, las mujeres actualmente en su mayoría son onlyfans, actrices xxx.... Lesbianas,  alcohólicas, irresponsables, quieren vestir desnudas prácticamente..... Y ahora preguntense a que se dedican las mujeres iraníes.... Son estudiosas, hogareñas, responsables etc..... Que si hay un alto grado de machismo, es cierto.... Pero en parte les ha funcionado",2026-03-10T01:01:51Z,2026-03-10T01:01:51Z,0,0,youtube,2026-04-05T13:39:38.524746
45J0q2xi7Qk,ElDiaQue,Así era IRÁN Antes De La Revolución Del Ayatollah,es,Alta,Ugy-IZ9RDPG6s7FzXwF4AaABAg,,0,@SalomeAmaya-r1s,Conflicto,2026-03-10T00:49:06Z,2026-03-10T00:49:06Z,0,0,youtube,2026-04-05T13:39:38.524751
45J0q2xi7Qk,ElDiaQue,Así era IRÁN Antes De La Revolución Del Ayatollah,es,Alta,UgzE4fuzAN9uL0T2oaJ4AaABAg,,0,@SalomeAmaya-r1s,Saludos desde manizales Caldas Colombia me gusta mucho tus publicaciones ❤❤❤❤,2026-03-10T00:48:50Z,2026-03-10T00:48:50Z,0,0,youtube,2026-04-05T13:39:38.524756
45J0q2xi7Qk,ElDiaQue,Así era IRÁN Antes De La Revolución Del Ayatollah,es,Alta,UgyxWGjVluoXrAtAK954AaABAg,,0,@johnvelasquez9363,es falso que existe la policía que arresta a las mujeres sin velo prueba de ellos es que los que dicen esa mentira nunca ponen vides de centros comerciales universidades o las calles en hora punta porque se vería a muchas mujeres iraníes con el cabellos descubierto y vestidas como cualquier mujer del mundo y si no me creen solo busquen vídeos de las calles o centros comerciales de iran de este año o años pasados,2026-03-09T22:47:46Z,2026-03-09T22:47:46Z,0,0,youtube,2026-04-05T13:39:38.524760
45J0q2xi7Qk,ElDiaQue,Así era IRÁN Antes De La Revolución Del Ayatollah,es,Alta,UgxD1QAq28AKpPI_9oh4AaABAg,,0,@SensZidieh,"Empezando el video y dices “regimen” de iran y me cago de risa😂
La propaganda te a castigado mucho tu cerebrito mi compa",2026-03-09T22:36:09Z,2026-03-09T22:36:09Z,1,0,youtube,2026-04-05T13:39:38.524765
45J0q2xi7Qk,ElDiaQue,Así era IRÁN Antes De La Revolución Del Ayatollah,es,Alta,UgwRoGhFPgLgifLCYHJ4AaABAg,,0,@haicr5624,Islamistas extremistas son el cáncer del mundo,2026-03-09T21:29:42Z,2026-03-09T21:29:42Z,2,0,youtube,2026-04-05T13:39:38.524769
45J0q2xi7Qk,ElDiaQue,Así era IRÁN Antes De La Revolución Del Ayatollah,es,Alta,UgxOdxAjA5oVFZ8RSut4AaABAg,,0,@haicr5624,Es increíble el retroceso que sufrieron esos países por culpa de esos islámicos extremistas,2026-03-09T20:16:13Z,2026-03-09T20:16:13Z,1,0,youtube,2026-04-05T13:39:38.524774
45J0q2xi7Qk,ElDiaQue,Así era IRÁN Antes De La Revolución Del Ayatollah,es,Alta,Ugx9NIDzawqk_WG0K454AaABAg,,0,@OCEANIC_BLUE,... el diablo con turbante,2026-03-09T20:00:00Z,2026-03-09T20:00:00Z,0,0,youtube,2026-04-05T13:39:38.524778
45J0q2xi7Qk,ElDiaQue,Así era IRÁN Antes De La Revolución Del Ayatollah,es,Alta,Ugx2u-8rlsRifGaLWsp4AaABAg,,0,@MariaAlmeida-s6l,Si QASEM SOLEIMANI no hubiera sido asesinado creen que Irán sería un aliado ?,2026-03-09T19:50:02Z,2026-03-09T19:50:02Z,0,0,youtube,2026-04-05T13:39:38.524784
45J0q2xi7Qk,ElDiaQue,Así era IRÁN Antes De La Revolución Del Ayatollah,es,Alta,UgzMd2Jr4WLyWgE7Sqp4AaABAg,,0,@juandelmonte-m6w,"todas estas mentiras solo se las creen los mas jovenes, quienes vivimos en aquellos tiempos, sabemos que todo lo que dices esta parcializado- relatado a conveniencia. 
pero en lugar de mujeres detenidas y reprimidas en el otro lado del mundo, porque no nos platicas de las cientos de desaparecidas en jujuy y salta, por ejemplo???? 
o de los ""turistas"" que estan incendiando la patagonia??",2026-03-09T18:44:10Z,2026-03-09T18:44:10Z,0,0,youtube,2026-04-05T13:39:38.524788
45J0q2xi7Qk,ElDiaQue,Así era IRÁN Antes De La Revolución Del Ayatollah,es,Alta,UgxCixzUtBOm-zbbwHx4AaABAg,,0,@DiegoTorres-kz9zb,Y pensar que hay gente de latam que apoya a Irán cuando es la misma basura que el gobierno de Israel,2026-03-09T18:26:07Z,2026-03-09T18:26:07Z,1,0,youtube,2026-04-05T13:39:38.524793
45J0q2xi7Qk,ElDiaQue,Así era IRÁN Antes De La Revolución Del Ayatollah,es,Alta,UgwDhPgJERdh_am_b4d4AaABAg,,0,@jorgeorlandocruzparedes2082,"Dios dijo : maldito el hombre que confía en el hombre ,escrito está en la Biblia .",2026-03-09T18:12:46Z,2026-03-09T18:12:46Z,1,0,youtube,2026-04-05T13:39:38.524797
45J0q2xi7Qk,ElDiaQue,Así era IRÁN Antes De La Revolución Del Ayatollah,es,Alta,Ugw4xOzF_qEvTl26jlB4AaABAg,,0,@michuggan,Que buen trabajo estos videos 🙌,2026-03-09T17:26:03Z,2026-03-09T17:26:03Z,1,0,youtube,2026-04-05T13:39:38.524801
45J0q2xi7Qk,ElDiaQue,Así era IRÁN Antes De La Revolución Del Ayatollah,es,Alta,Ugw1tCbknH1DxHQqS494AaABAg,,0,@OAMelara,"Como siempre el culpable, EUA como mayoneta del sionismo masonico",2026-03-09T16:05:48Z,2026-03-09T16:05:48Z,0,0,youtube,2026-04-05T13:39:38.524805
45J0q2xi7Qk,ElDiaQue,Así era IRÁN Antes De La Revolución Del Ayatollah,es,Alta,Ugy7AfAPyeAhTZunQ5d4AaABAg,,0,@kinto6853,Tu dices que es un Régimen em irán pero cuando es Reyes son reyes no régimen osea el régimen de Rey mato gente y torturó y nunca le dices régimen al régimen del rey que doble moral hablan no entiendo como se le puede decir régimen a irán y es verdad no lo niego pero estados unidos e Israel también son régimen o son democracias allí te la dejo,2026-03-09T15:55:56Z,2026-03-09T15:55:56Z,0,0,youtube,2026-04-05T13:39:38.524810
45J0q2xi7Qk,ElDiaQue,Así era IRÁN Antes De La Revolución Del Ayatollah,es,Alta,Ugws6zLArNXlgmxflcR4AaABAg,,0,@GloriaVillegas-km2wz,Muy interesante este resumen. Triste ver en lo que se convirtió este país. Especialmente para la mujer. Increíble tanta brutalidad. Ojalá algún día cambie ese país.,2026-03-09T13:18:16Z,2026-03-09T13:18:16Z,2,0,youtube,2026-04-05T13:39:38.524814
45J0q2xi7Qk,ElDiaQue,Así era IRÁN Antes De La Revolución Del Ayatollah,es,Alta,UgyLF4xooSlPLYxkjZJ4AaABAg,,0,@JuanPeraltaable,Conflicto,2026-03-09T12:27:19Z,2026-03-09T12:27:19Z,0,0,youtube,2026-04-05T13:39:38.524818
45J0q2xi7Qk,ElDiaQue,Así era IRÁN Antes De La Revolución Del Ayatollah,es,Alta,Ugz5UFglQ6Z3YhuhHiJ4AaABAg,,0,@ValeríaHerreria,No lo sabía que triste.,2026-03-09T12:20:18Z,2026-03-09T12:20:18Z,0,0,youtube,2026-04-05T13:39:38.524822
45J0q2xi7Qk,ElDiaQue,Así era IRÁN Antes De La Revolución Del Ayatollah,es,Alta,Ugzm3SCpCIBDMw3nUth4AaABAg,,0,@Henrique-z6e4h,Mas quem lá colocou estes tipos no Irão foi o império americano….. então agora já não estão satisfeitos porquê? Mas o antigo regime também era bastante sanguinário e bem corrupto….estudem lá história e não digam tanta merd@ por favor,2026-03-09T10:25:18Z,2026-03-09T10:25:18Z,0,0,youtube,2026-04-05T13:39:38.524827
45J0q2xi7Qk,ElDiaQue,Así era IRÁN Antes De La Revolución Del Ayatollah,es,Alta,UgwCfZeo1iejge_Gwmx4AaABAg,,0,@luisedgardolobopuerto3813,"Paso lo que paso en Corea del Norte, Cuba, Venezuela, Rusia,ete",2026-03-09T03:50:35Z,2026-03-09T03:50:35Z,0,0,youtube,2026-04-05T13:39:38.524831
45J0q2xi7Qk,ElDiaQue,Así era IRÁN Antes De La Revolución Del Ayatollah,es,Alta,UgwCkaG_RYY5QB9sX6p4AaABAg,,0,@mariacasanova9675,Si...muestren sus costumbres ..así justifican a dos degenerados y Genocidas como Trump y Netanyahu.  Vamos...🤌🤌,2026-03-09T03:40:23Z,2026-03-09T03:40:23Z,0,0,youtube,2026-04-05T13:39:38.524835
45J0q2xi7Qk,ElDiaQue,Así era IRÁN Antes De La Revolución Del Ayatollah,es,Alta,UgxigGF6dTbNiA0v1YZ4AaABAg,,0,@jalarconcedeno,"el cancer del mundo: SOCIALIMSO, COMUNISMO Y CUALQUIER GOVIERNO BAJO UNA DICTADURA RELIGIOSA DE CUALQUIER DOTRINA.",2026-03-09T03:21:44Z,2026-03-09T03:21:44Z,0,1,youtube,2026-04-05T13:39:38.524839
45J0q2xi7Qk,ElDiaQue,Así era IRÁN Antes De La Revolución Del Ayatollah,es,Alta,UgxigGF6dTbNiA0v1YZ4AaABAg.AU7-mdC-1gIAUpXHWD6FGW,UgxigGF6dTbNiA0v1YZ4AaABAg,1,@eduardochino3318,El cáncer más grande es el neoliberalismo y el sionismo,2026-03-26T19:40:16Z,2026-03-26T19:40:16Z,0,0,youtube,2026-04-05T13:39:38.524848
45J0q2xi7Qk,ElDiaQue,Así era IRÁN Antes De La Revolución Del Ayatollah,es,Alta,UgyotDRbD2vTNFswzTx4AaABAg,,0,@pablovasquezloayza,"Propaganda yanqui. Es cierto que el Sha permitió la occidentalización  y eso que  todo era paz y convivencia pacífica  con los israelíes es falso. Se mantenían buenas relaciones porque  el Sha era subordinado de Israel. Cuando subieron los Ayatolás todo se puso en orden. Critico también ciertos abusos hacia las mujeres pero por eso se va a destrozar al país en una guerra infame, lo que se desea es apoderarse de las reservas petrolíferas de Irán.",2026-03-09T01:26:56Z,2026-03-09T01:28:16Z,1,0,youtube,2026-04-05T13:39:38.524853
45J0q2xi7Qk,ElDiaQue,Así era IRÁN Antes De La Revolución Del Ayatollah,es,Alta,Ugw3nYpXzpyslOQ1X8x4AaABAg,,0,@kelbus8651,Siempre los hdp de los ingleses metidos en todo,2026-03-09T00:29:05Z,2026-03-09T00:29:05Z,0,0,youtube,2026-04-05T13:39:38.524857
45J0q2xi7Qk,ElDiaQue,Así era IRÁN Antes De La Revolución Del Ayatollah,es,Alta,UgxyC3z_iCeCPbszmsV4AaABAg,,0,@aydeecarloslanda2112,"Seguro era otro empleado de estados unidos. Osea el vestir con ropa americana te hace libre???, el escuchar musica americana te hace libre??, no creen que tambien es una imposición mediante el marketing????",2026-03-09T00:05:35Z,2026-03-09T00:05:35Z,0,0,youtube,2026-04-05T13:39:38.524862
45J0q2xi7Qk,ElDiaQue,Así era IRÁN Antes De La Revolución Del Ayatollah,es,Alta,UgybbEHhLukk40hZ6ll4AaABAg,,0,@cmt83cba,Una zurda femirula va a ver este video y se le va a zafar un tornillo 😂,2026-03-08T23:53:02Z,2026-03-08T23:53:02Z,0,0,youtube,2026-04-05T13:39:38.524866
45J0q2xi7Qk,ElDiaQue,Así era IRÁN Antes De La Revolución Del Ayatollah,es,Alta,UgwxIeAJpiuiQugbBDB4AaABAg,,0,@Noname-kz3qo,Felicitacion a los comentarios .sobre la revoluciones.tambien ay que ver que gue culpa de sha sino es malo no.hay rebelion,2026-03-08T23:42:40Z,2026-03-08T23:42:40Z,0,0,youtube,2026-04-05T13:39:38.524871
45J0q2xi7Qk,ElDiaQue,Así era IRÁN Antes De La Revolución Del Ayatollah,es,Alta,UgykoD2LZhOLv69iQR54AaABAg,,0,@cesarmoreno7093,"Ya ni la friegan, ya se parecen a los aliados de EU en Medio Oriente 😮",2026-03-08T23:28:42Z,2026-03-08T23:28:42Z,0,0,youtube,2026-04-05T13:39:38.524877
45J0q2xi7Qk,ElDiaQue,Así era IRÁN Antes De La Revolución Del Ayatollah,es,Alta,UgxbMzQ70naMoNfpwwt4AaABAg,,0,@BernardoDiazDiaz-h3l,El islam es lo mismo que decir Régimen cubano,2026-03-08T22:47:18Z,2026-03-08T22:47:18Z,1,0,youtube,2026-04-05T13:39:38.524882
45J0q2xi7Qk,ElDiaQue,Así era IRÁN Antes De La Revolución Del Ayatollah,es,Alta,Ugyn4homgQAh8ObCmAF4AaABAg,,0,@MariaDelMarLeon,Las mujeres en irán están  luchando y murieron por sus derechos. Allí no bailan ni gritan consignas huecas. Eso es feminismo. En España es charanga.,2026-03-08T22:41:56Z,2026-03-08T22:41:56Z,0,0,youtube,2026-04-05T13:39:38.524886
45J0q2xi7Qk,ElDiaQue,Así era IRÁN Antes De La Revolución Del Ayatollah,es,Alta,Ugx4EH3GMf2i3wdQXV94AaABAg,,0,@juanjoseosoriomartinez5400,LIQUIDALOS TIO TRUMP❤❤❤❤,2026-03-08T22:36:49Z,2026-03-08T22:36:49Z,0,0,youtube,2026-04-05T13:39:38.524891
45J0q2xi7Qk,ElDiaQue,Así era IRÁN Antes De La Revolución Del Ayatollah,es,Alta,UgwXxrBtBb0haXA0T054AaABAg,,0,@NancyGarcia-cm4yy,"corán y biblia el mismo discurso religionista...en la realidad solo buscan esclavizar, robar tierras, ....solo son tiranía de vieja data... que  Dios les de su merecido....Dios si sabe lo que llevan en la conciencia.....",2026-03-08T22:07:03Z,2026-03-08T22:07:03Z,0,0,youtube,2026-04-05T13:39:38.524895
45J0q2xi7Qk,ElDiaQue,Así era IRÁN Antes De La Revolución Del Ayatollah,es,Alta,UgywP0GfiaiaUDNoak94AaABAg,,0,@juliogarita,"Déjelos, esa es su cultura que tiene mas 7 mil años",2026-03-08T21:35:43Z,2026-03-08T21:35:43Z,0,0,youtube,2026-04-05T13:39:38.524900
45J0q2xi7Qk,ElDiaQue,Así era IRÁN Antes De La Revolución Del Ayatollah,es,Alta,UgyXHg7_iP_jucxlzfp4AaABAg,,0,@Anthoine_,"Municipio qlio, no se interesa por ayuda que requieren los vecinos, pero andan pendientes en Youtube. Ahí lo tienen sus votantes 🤡",2026-03-08T21:17:41Z,2026-03-08T21:17:41Z,0,0,youtube,2026-04-05T13:39:38.524904
45J0q2xi7Qk,ElDiaQue,Así era IRÁN Antes De La Revolución Del Ayatollah,es,Alta,UgxWLUR_vYXqnFqV6-94AaABAg,,0,@davidenriquemendezfuentes,conflicto,2026-03-08T21:12:03Z,2026-03-08T21:12:03Z,0,0,youtube,2026-04-05T13:39:38.524908
45J0q2xi7Qk,ElDiaQue,Así era IRÁN Antes De La Revolución Del Ayatollah,es,Alta,UgzdYFCtZmG2z9OoXex4AaABAg,,0,@davidenriquemendezfuentes,hola,2026-03-08T21:10:10Z,2026-03-08T21:10:10Z,0,0,youtube,2026-04-05T13:39:38.524913
45J0q2xi7Qk,ElDiaQue,Así era IRÁN Antes De La Revolución Del Ayatollah,es,Alta,UgwgdaDgvMLuPGQDvV14AaABAg,,0,@snicks-247,Esto solo es una muestra más de que el islam es el mayor cáncer del,2026-03-08T20:52:08Z,2026-03-08T20:52:08Z,0,0,youtube,2026-04-05T13:39:38.524917
45J0q2xi7Qk,ElDiaQue,Así era IRÁN Antes De La Revolución Del Ayatollah,es,Alta,UgxK5OPvBr1nv5bDNax4AaABAg,,0,@elsacuellar137,Magnífica narrativa e información clara. Gracias,2026-03-08T20:15:38Z,2026-03-08T20:15:38Z,0,0,youtube,2026-04-05T13:39:38.524921
45J0q2xi7Qk,ElDiaQue,Así era IRÁN Antes De La Revolución Del Ayatollah,es,Alta,UgzXS1VLlBjzy0-Z-EB4AaABAg,,0,@JorgeMartinez-z7x5l,Propaganda para lavar la cara al imperio Yankee...,2026-03-08T20:12:43Z,2026-03-08T20:12:43Z,0,0,youtube,2026-04-05T13:39:38.524926
45J0q2xi7Qk,ElDiaQue,Así era IRÁN Antes De La Revolución Del Ayatollah,es,Alta,UgzlqIQSAfDUdNm5zbB4AaABAg,,0,@arturocastillo7068,Con 18 años que yo tenía en 1979 uno no es muy listo . Sin embargo  yo me di cuenta en seguida  que esa revolución llevaría al país al desastre . Volverían a la edad media  ......casi . No me gusta esa religión . Nada sale bueno de ella . Y lleva oprimiendo a la gente 1400 años -.,2026-03-08T19:43:24Z,2026-03-08T19:43:24Z,0,0,youtube,2026-04-05T13:39:38.524930
45J0q2xi7Qk,ElDiaQue,Así era IRÁN Antes De La Revolución Del Ayatollah,es,Alta,Ugy_C9avLv14GRZDGH54AaABAg,,0,@jPablin,"El éxito de la antigua irán es la viva muestra de que si nadie te pone trabas, si nadie te embarga nada, si nadie te bloquea por que no piensas como ellos, sin importar tu ideología puedes crecer existosamente",2026-03-08T19:39:39Z,2026-03-08T19:39:39Z,0,0,youtube,2026-04-05T13:39:38.524935
45J0q2xi7Qk,ElDiaQue,Así era IRÁN Antes De La Revolución Del Ayatollah,es,Alta,UgxpyrL4Xtz7-nl8mEp4AaABAg,,0,@LenninRosario,estan seguro que lo mataron -,2026-03-08T18:53:49Z,2026-03-08T18:53:49Z,0,0,youtube,2026-04-05T13:39:38.524939
45J0q2xi7Qk,ElDiaQue,Así era IRÁN Antes De La Revolución Del Ayatollah,es,Alta,UgzsR9pk8YwE-Pw0TUt4AaABAg,,0,@martinparraga-bp1zg,CORRIENTE DE DESINFORMACION ES ESTA - Y QUE LE IMPORTA UNA MINIFALDA? UN RELATO DONDE EEUU Y OBVIO ISRAEL TUVO SUS GARRAS EN LOS RECURSOS QUE RARO?????,2026-03-08T18:46:50Z,2026-03-08T18:46:50Z,0,0,youtube,2026-04-05T13:39:38.524943
45J0q2xi7Qk,ElDiaQue,Así era IRÁN Antes De La Revolución Del Ayatollah,es,Alta,UgzTlW0HVIfYCMdcpxR4AaABAg,,0,@isabelbonache6528,Conflicto,2026-03-08T18:29:56Z,2026-03-08T18:29:56Z,1,0,youtube,2026-04-05T13:39:38.524947
45J0q2xi7Qk,ElDiaQue,Así era IRÁN Antes De La Revolución Del Ayatollah,es,Alta,Ugzxu80EnUI3_WJZPy54AaABAg,,0,@sergiopeteco5815,"Nunca leí que Irán "" fuera un país occidental""! Además, que le importa a EEUU... Como viven, son, elijan, ser, que cultura elijen? Son la policía mundo? A EEUU solo le interesa dominar mundo, y para eso necesita eliminar enemigos políticos, ideológicos, religiosos y filosóficos y ADUEÑARSE y manjar sus recursos naturales, el petróleo, como hice con Irak y Venezuela!",2026-03-08T18:00:58Z,2026-03-08T18:00:58Z,0,0,youtube,2026-04-05T13:39:38.524951
45J0q2xi7Qk,ElDiaQue,Así era IRÁN Antes De La Revolución Del Ayatollah,es,Alta,UgzTAZZwQ_t67faSqUJ4AaABAg,,0,@mariasantibanez1067,Las REVOLUCIONES NUNCA LLEVAN A ALGO BUENO,2026-03-08T17:45:10Z,2026-03-08T17:45:10Z,0,0,youtube,2026-04-05T13:39:38.524956
45J0q2xi7Qk,ElDiaQue,Así era IRÁN Antes De La Revolución Del Ayatollah,es,Alta,Ugyx9eKy-yi3eD9h4DN4AaABAg,,0,@Universe021,Falso video!!!!,2026-03-08T16:57:54Z,2026-03-08T16:57:54Z,0,0,youtube,2026-04-05T13:39:38.524960
45J0q2xi7Qk,ElDiaQue,Así era IRÁN Antes De La Revolución Del Ayatollah,es,Alta,UgwoeVe6KoFLFgHq8MF4AaABAg,,0,@kotaro797,"realmente éste declarado así mismo enfatizó un régimen a su manera pero que ya se notaba por años...
11:20 pero éste dis que clérigo que no tiene nada de clérigo, revolucionador y dictador a su manera también implantó el machismo disfrazado y éste lo llamó : abominación cuando realmente también fue otro igual : usurpador y expropiador de las tierras, mesoginista y machista hacia las mujeres amordazando sus derechos totalmente...",2026-03-08T16:54:34Z,2026-03-08T17:09:30Z,1,0,youtube,2026-04-05T13:39:38.524965
45J0q2xi7Qk,ElDiaQue,Así era IRÁN Antes De La Revolución Del Ayatollah,es,Alta,Ugw8ze7Pw44NDFDjf0N4AaABAg,,0,@ElwinMarrero-m9q,❤,2026-03-08T16:14:58Z,2026-03-08T16:14:58Z,1,0,youtube,2026-04-05T13:39:38.524969
45J0q2xi7Qk,ElDiaQue,Así era IRÁN Antes De La Revolución Del Ayatollah,es,Alta,UgzzRquXB053Xx4zDch4AaABAg,,0,@EdisonArciniegas-s6p,Gracias a Dios que murió ese viejo autoritario,2026-03-08T16:02:00Z,2026-03-08T16:02:00Z,0,0,youtube,2026-04-05T13:39:38.524973
45J0q2xi7Qk,ElDiaQue,Así era IRÁN Antes De La Revolución Del Ayatollah,es,Alta,Ugx32dZRGml8IY2c9k54AaABAg,,0,@sonianoboa6232,"el mismo discurso de siempre, no repita como loro lo que los demás dicen, a menos que ya se haya vendido .... Tómese un tiempo y entreviste a personas comunes y corrientes en Irán y analice sus opiniones",2026-03-08T14:56:07Z,2026-03-08T14:56:07Z,0,0,youtube,2026-04-05T13:39:38.524978
45J0q2xi7Qk,ElDiaQue,Así era IRÁN Antes De La Revolución Del Ayatollah,es,Alta,Ugwa3kJn5FBkFgDanVR4AaABAg,,0,@calimero6978,"falso, iran no obliga a llevar burka como los talibanes de afganistan a los k EEUU les regaló Afganistán para k las mujeres lleven burka gracias a eeuu.",2026-03-08T14:43:41Z,2026-03-08T14:43:41Z,0,0,youtube,2026-04-05T13:39:38.524984
45J0q2xi7Qk,ElDiaQue,Así era IRÁN Antes De La Revolución Del Ayatollah,es,Alta,UgyXYZKSWLQrye9uVCl4AaABAg,,0,@Mario-Camel,"Excelente crónica!. Y donde hay conflicto y desolación es porque al menos uno de los siguientes países intervino; EEUU, Inglaterra, Israel o Rusia.",2026-03-08T14:35:31Z,2026-03-08T14:35:31Z,0,0,youtube,2026-04-05T13:39:38.524988
45J0q2xi7Qk,ElDiaQue,Así era IRÁN Antes De La Revolución Del Ayatollah,es,Alta,UgxhSLOf-au_gFcsfwJ4AaABAg,,0,@omar720__,Debes haber cobrado bien esta propaganda,2026-03-08T14:12:07Z,2026-03-08T14:12:07Z,0,0,youtube,2026-04-05T13:39:38.524992
45J0q2xi7Qk,ElDiaQue,Así era IRÁN Antes De La Revolución Del Ayatollah,es,Alta,Ugw9jedderqL6s3BPOR4AaABAg,,0,@zullybarbotobarboto7720,"PERO AHORA PASA LO MISMO. CON EL GORILA NARANJA CON PAN̈ALES.,,, TIENEN A .MUCHOS CIUDADANOS IGNORANTES . QUE ADORAN AL NARANJA Y AL DIABLO NETANYAHU.  Y ESTOS  ESTAN ADOCTRINANDO ALGUNOS PAISES LATINO AMERICANOS .. CON GOBIERNOS Y PRESIDENTES IGNORANTES DICTADORCILLOS COMO EL ENANO MENTAL NOBOA EN ECUADOR.. CALLADITOS TODOS UDS ESE HOMBRECITO LE ESTA DANDO CON TODO EN ECUADOR. TRAVAJA CON LOS NARCOS SUS BANANERAS ECPORTAN HARINA. .SON LOS PUEBLOS LOS TONTOS.  ARGENTINA "" VERGUENZA .ELIGIENDO A UN DEMENTE.",2026-03-08T14:10:03Z,2026-03-08T14:10:03Z,1,1,youtube,2026-04-05T13:39:38.524997
45J0q2xi7Qk,ElDiaQue,Así era IRÁN Antes De La Revolución Del Ayatollah,es,Alta,Ugw9jedderqL6s3BPOR4AaABAg.AU5aBG5hOroAUpXZJVP-sh,Ugw9jedderqL6s3BPOR4AaABAg,1,@eduardochino3318,La ultraderecha y la teocracia son la peor abominación del mundo,2026-03-26T19:42:42Z,2026-03-26T19:42:42Z,0,0,youtube,2026-04-05T13:39:38.525001
45J0q2xi7Qk,ElDiaQue,Así era IRÁN Antes De La Revolución Del Ayatollah,es,Alta,Ugxi9FLcltJyKgfj82Z4AaABAg,,0,@Noteprometonada,Gracias por explicarme esto te juro hiciste más por mí que todos mis profesores a lo largo de mí vida jaja,2026-03-08T13:56:55Z,2026-03-08T13:56:55Z,0,0,youtube,2026-04-05T13:39:38.525006
45J0q2xi7Qk,ElDiaQue,Así era IRÁN Antes De La Revolución Del Ayatollah,es,Alta,Ugy1Mj-4ACqk8SVejsN4AaABAg,,0,@dorismontenegro8736,La palabra revolución es mardita mala,2026-03-08T13:27:13Z,2026-03-08T13:27:13Z,0,0,youtube,2026-04-05T13:39:38.525010
45J0q2xi7Qk,ElDiaQue,Así era IRÁN Antes De La Revolución Del Ayatollah,es,Alta,UgzdgvYKZeEDpgdduYp4AaABAg,,0,@dorismontenegro8736,Díos quiera irán sea un país libre y las mujeres sean más valoradas,2026-03-08T13:26:34Z,2026-03-08T13:26:34Z,0,0,youtube,2026-04-05T13:39:38.525015
45J0q2xi7Qk,ElDiaQue,Así era IRÁN Antes De La Revolución Del Ayatollah,es,Alta,UgyxUTH0ooc6bko01Xx4AaABAg,,0,@lidiafigueroa7793,Conflicto,2026-03-08T13:23:53Z,2026-03-08T13:23:53Z,0,0,youtube,2026-04-05T13:39:38.525019
45J0q2xi7Qk,ElDiaQue,Así era IRÁN Antes De La Revolución Del Ayatollah,es,Alta,UgzeEJT5BV6diUU8Qal4AaABAg,,0,@juan1911,"Jomeini llegó a ser aun mucho peor que el Sha de Persia, el infierno esta lleno de buenas intenciones, prometió el cielo y ofreció el peor de los infiernos.
Mucho cuidado de blanquear las revoluciones, porque mañana se pueden arrepentir.",2026-03-08T12:38:36Z,2026-03-08T12:38:36Z,1,0,youtube,2026-04-05T13:39:38.525023
45J0q2xi7Qk,ElDiaQue,Así era IRÁN Antes De La Revolución Del Ayatollah,es,Alta,Ugy5IuN7NlBwgzNFcxR4AaABAg,,0,@MoisésLopez-i8n,No se entiende como una cultura tan antigua sea tan retrógrada,2026-03-08T12:32:55Z,2026-03-08T12:32:55Z,0,0,youtube,2026-04-05T13:39:38.525028
45J0q2xi7Qk,ElDiaQue,Así era IRÁN Antes De La Revolución Del Ayatollah,es,Alta,UgynJuk1Yi-LHhC67Ad4AaABAg,,0,@vPsuYmqwR2eqgTAXUhXcT5mqLzrjJ6,"Behind the glitzy surface, the country was fracturing:

Massive Inequality: While elite families owned palaces, one-third of urban Iranians lived in slums without running water or electricity.

Inflation: The sudden influx of oil money caused prices to skyrocket. A ""middle-class"" salary in 1970 could barely pay for a small apartment by 1975.

Rural Neglect: The ""White Revolution"" broke up traditional farms but didn't give peasants the tools to succeed. Millions of villagers fled to the cities, where they lived in poverty and turned toward religious leaders for support.

The ""State of Fear"": SAVAK
This is where the decade was truly ""bad"" for everyone. The Shah’s secret police, SAVAK, was one of the most feared intelligence agencies in the world.

Total Surveillance: It was said that ""one in every ten Iranians"" was a SAVAK informant. People were afraid to speak even in their own living rooms.

Torture: SAVAK used horrific ""scientific"" torture methods on political dissidents—including communists, liberals, and religious activists.

Political Monopoly: In 1975, the Shah abolished all political parties and created a single one (the Rastakhiz Party). He famously told Iranians: ""If you don't like it, get your passport and leave.""",2026-03-08T12:19:56Z,2026-03-08T12:19:56Z,0,0,youtube,2026-04-05T13:39:38.525032
45J0q2xi7Qk,ElDiaQue,Así era IRÁN Antes De La Revolución Del Ayatollah,es,Alta,UgxRsA0LSh1uR8wrQAR4AaABAg,,0,@arisotar,"Fuente, el pedófilo y Epstein. La pregunta es por qué pones una foto de mujeres de Irán con ropa de luto? Por el asesinato de las 160 niñas. El objetivo del pedófilo era la amenaza nuclear, luego el cambio de régimen. Ambos objetivos logrados. Ahora me vienen con el cuento de las mujeres? Y mañana con el cuento de que no creen en el díos judío?",2026-03-08T12:10:35Z,2026-03-08T12:10:35Z,0,0,youtube,2026-04-05T13:39:38.525036
45J0q2xi7Qk,ElDiaQue,Así era IRÁN Antes De La Revolución Del Ayatollah,es,Alta,UgyMVdfSNauug9ozCJJ4AaABAg,,0,@HQB357,"He visto muchos videos de ciudades Iraníes donde las mujeres no andan con su cabello cubierto,y en muchos restaurantes tanto hombres como mujeres tomando bebidas como cervesas y vinos,Ya no se sabe a quién creer.",2026-03-08T11:46:12Z,2026-03-08T11:46:12Z,1,1,youtube,2026-04-05T13:39:38.525040
45J0q2xi7Qk,ElDiaQue,Así era IRÁN Antes De La Revolución Del Ayatollah,es,Alta,UgyMVdfSNauug9ozCJJ4AaABAg.AU5KiaEAcvzAUFpj-vPbzX,UgyMVdfSNauug9ozCJJ4AaABAg,1,@bioquimicaenesciencia841,"El marco legal represor del regimen teocratico aun existe, pero los ultimos años ya no hay plata ni gente dispuesta a hacerla cumplir por sueldos bajos. Eso  hizo que la policia de la moral ya no reprima como años antes. Eso nota el divorcio ideologico que hay entre el regimen ultrareligioso y la poblacion mas  secular.",2026-03-12T13:38:17Z,2026-03-12T13:38:17Z,1,0,youtube,2026-04-05T13:39:38.525045
45J0q2xi7Qk,ElDiaQue,Así era IRÁN Antes De La Revolución Del Ayatollah,es,Alta,UgyXhggpjZUi77XJ0814AaABAg,,0,@pablomota4230,Haaah .ok   pero es que ese proceso petrologico -occidentitico parece que  aun  continua   bajo otro  argumento  actual   peligro nuclear      pero mentira,2026-03-08T11:45:32Z,2026-03-08T11:45:32Z,0,0,youtube,2026-04-05T13:39:38.525049
45J0q2xi7Qk,ElDiaQue,Así era IRÁN Antes De La Revolución Del Ayatollah,es,Alta,UgzT12-SXldMQYcqHXJ4AaABAg,,0,@leonardodanielmendez3042,"No pierdo ni 10 segundos más en ver éste video.
El líder religioso de Irán no falleció.
El líder religioso de un país soberano, fué asesinado en un ataque t3rr0rist4, perpetrado por otras dos naciones agresoras .
Hablan de ""régimen"" cuando se refieren a los países que son potencialmente atacables: Venezuela, Cuba, Irán, etc, etc, etc.
El dinero que los dueños del mundo y sus socios gastan en éstos videos y propaganda sucia debe triplicar el gasto que hacen en tropas y misiles.
El daño es similar...",2026-03-08T11:32:39Z,2026-03-08T11:32:39Z,0,0,youtube,2026-04-05T13:39:38.525053
45J0q2xi7Qk,ElDiaQue,Así era IRÁN Antes De La Revolución Del Ayatollah,es,Alta,Ugy3B5FxZaebhM9xJt94AaABAg,,0,@Isabell1878,"Este era Irán hasta hace unos pocos días, hasta que esos criminales decidieron sobre la vida de todas esas personas que vivían tranquilos en su país, como se podrán dar cuenta las mujeres jóvenes andaban sin velo, trabajaban y todo. Que bueno que hay youtubers que muestran la verdad y reciente. https://www.youtube.com/watch?v=jKPzOEwlTng",2026-03-08T09:57:08Z,2026-03-08T09:57:08Z,1,0,youtube,2026-04-05T13:39:38.525057
45J0q2xi7Qk,ElDiaQue,Así era IRÁN Antes De La Revolución Del Ayatollah,es,Alta,UgwaPI-wU2c06eQv3Fl4AaABAg,,0,@Nanugale,La toma de la embajada es la misma que se trata en la película Argo? Donde rescataban alrededor de seis rehenes escondidos en otra embajada?,2026-03-08T07:50:49Z,2026-03-08T07:50:49Z,0,0,youtube,2026-04-05T13:39:38.525062
45J0q2xi7Qk,ElDiaQue,Así era IRÁN Antes De La Revolución Del Ayatollah,es,Alta,UgyRyrofIGSxD4eWkBd4AaABAg,,0,@Dulcetentacion-o4t,"Que un país tenga cosas que mejorar en materia de derechos humanos NO justifica la guerra, ni hace menos grave el bombardeo a su población.",2026-03-08T07:37:31Z,2026-03-08T07:37:31Z,0,0,youtube,2026-04-05T13:39:38.525066
45J0q2xi7Qk,ElDiaQue,Así era IRÁN Antes De La Revolución Del Ayatollah,es,Alta,UgzUDE7p6_l8mqPQo414AaABAg,,0,@lisandroantoniorodriguez9242,¿qué hubiera ocurrido si no metían la cuchara para poner al payaso del Sha?,2026-03-08T07:26:08Z,2026-03-08T07:26:08Z,0,0,youtube,2026-04-05T13:39:38.525070
45J0q2xi7Qk,ElDiaQue,Así era IRÁN Antes De La Revolución Del Ayatollah,es,Alta,Ugy5PsXPMzhC3LYq6I94AaABAg,,0,@silviaweber8670,Conflicto,2026-03-08T07:17:59Z,2026-03-08T07:17:59Z,0,0,youtube,2026-04-05T13:39:38.525075
45J0q2xi7Qk,ElDiaQue,Así era IRÁN Antes De La Revolución Del Ayatollah,es,Alta,Ugz2bINgSy9LcD5SHMp4AaABAg,,0,@benitoaguirre4662,Conflicto,2026-03-08T06:41:55Z,2026-03-08T06:41:55Z,0,0,youtube,2026-04-05T13:39:38.525079
45J0q2xi7Qk,ElDiaQue,Así era IRÁN Antes De La Revolución Del Ayatollah,es,Alta,UgwhtxRtBXjPdjfrv5V4AaABAg,,0,@Gian-o1y685,de verdad existe gente que defiende países como Iran o musulmanes que tienen de religión el ISLAM que es casarte con nenas de 9 años!! mutilarle los genitales!! tener 3 esposas!!matarte si eres gay o lesbiana!! obligarte como mujer a usar velo y sino haces caso te puedo pegar como hombre porque lo dice el coran!! y que solo hagas tareas de la casa sin poder trabajar afuera y si sales a caminar es solo con una compañera al lado!! POSTA DEFIENDEN ESO???se me olvido que encima quieren imponer la SHARIA(ley de expandir el islam y sino te haces del islam te pueden matar!!) en Europa es TERRIBLE los musulmanes como quieren expandir y que se imponga la SHARIA!! hay 57 países musulmanes y los izquierdistas LGBT y feministas defiendan a  los musulmanes!!!1(osea eres feminista o lgbt y dejas entrar a tu país personas que aumentaron el indice de criminalidad europeo de mayoria musulmanes y violaciónes de mujeres? ) de verdad....hay gente tan idiot4 en el mundo,2026-03-08T05:47:56Z,2026-03-08T05:53:16Z,0,0,youtube,2026-04-05T13:39:38.525083
45J0q2xi7Qk,ElDiaQue,Así era IRÁN Antes De La Revolución Del Ayatollah,es,Alta,UgxyK5-8KJv5clPIhbt4AaABAg,,0,@MARIADEMATOS-f1p,"Me acuerdo muy bien de este Xá y su esposa FARADIBA, muy bonita y conocida. En esos tiempos yo era muy joven y no sabia de políticas. Pero yá yo habia estudiado La Civilización PERSA.",2026-03-08T05:29:20Z,2026-03-08T05:29:20Z,0,0,youtube,2026-04-05T13:39:38.525088
45J0q2xi7Qk,ElDiaQue,Así era IRÁN Antes De La Revolución Del Ayatollah,es,Alta,Ugx3EVvr0Webvfj-rdZ4AaABAg,,0,@MARIADEMATOS-f1p,"Pobre y rico pueblo. Solo fué feliz en la Antiuedad, PERSIA y Ciro el Grande con su continuación. Pero su grandeza y paz han dado vueltas. El papá del último Xá fué bueno, pero su ijo se pasó con el lujo, represión y pobreza. Eso hizo que entrara el Ayatola Komeini que fué mucho peor. Una TEOCRACIA,-",2026-03-08T05:26:46Z,2026-03-08T05:26:46Z,1,0,youtube,2026-04-05T13:39:38.525092
45J0q2xi7Qk,ElDiaQue,Así era IRÁN Antes De La Revolución Del Ayatollah,es,Alta,UgxQr3coiJktoKHH56l4AaABAg,,0,@elnegro9158,GraciasOTAS !!!,2026-03-08T04:27:48Z,2026-03-08T04:27:48Z,0,0,youtube,2026-04-05T13:39:38.525096
45J0q2xi7Qk,ElDiaQue,Así era IRÁN Antes De La Revolución Del Ayatollah,es,Alta,UgwcJ11HBKBJBIEoNDZ4AaABAg,,0,@willianrivera8250,"Wow 😮😳 tenian una policia de la moral,, y le quitaban alas mujeres que usaban su ropa de su fe no 🙂‍↔️ saben que quieren.😮",2026-03-08T03:17:07Z,2026-03-08T03:17:07Z,0,0,youtube,2026-04-05T13:39:38.525101
45J0q2xi7Qk,ElDiaQue,Así era IRÁN Antes De La Revolución Del Ayatollah,es,Alta,UgxDvn3k1vVeA7xIKL14AaABAg,,0,@LilianaMarielSierra,Pura propaganda anglosionistas en este video. Dan asco!!!,2026-03-08T03:04:00Z,2026-03-08T03:04:00Z,0,1,youtube,2026-04-05T13:39:38.525106
45J0q2xi7Qk,ElDiaQue,Así era IRÁN Antes De La Revolución Del Ayatollah,es,Alta,UgxDvn3k1vVeA7xIKL14AaABAg.AU4Oxu3zsDNAU5YckRR2AH,UgxDvn3k1vVeA7xIKL14AaABAg,1,@giurqqaas,"Es la realidad, quieras o no asi viven allá",2026-03-08T13:47:44Z,2026-03-08T13:47:44Z,0,0,youtube,2026-04-05T13:39:38.525111
45J0q2xi7Qk,ElDiaQue,Así era IRÁN Antes De La Revolución Del Ayatollah,es,Alta,UgxT3eqxP5WhVZ5F3sJ4AaABAg,,0,@elixlozano2512,Este vodeo debrian ver los americamos q appyan a iran..q agi las mujeres no tienen derechos cono los hobres,2026-03-08T02:21:35Z,2026-03-08T02:21:35Z,0,0,youtube,2026-04-05T13:39:38.525115
45J0q2xi7Qk,ElDiaQue,Así era IRÁN Antes De La Revolución Del Ayatollah,es,Alta,UgyIfcr3wDM6I11oEvJ4AaABAg,,0,@normaacevedo-r3h,"Irán era bella,rica,y sus mujeres bellas.",2026-03-08T02:11:13Z,2026-03-08T02:11:13Z,0,0,youtube,2026-04-05T13:39:38.525119
45J0q2xi7Qk,ElDiaQue,Así era IRÁN Antes De La Revolución Del Ayatollah,es,Alta,UgyzUfb4JhZICxGcozR4AaABAg,,0,@elgatoaparato9895,Viendo como están de estúpidos todos con el progresismo el tiktok y la mierda de identidad de género parece que ésa es la única forma de salvar a la humanidad,2026-03-08T02:07:16Z,2026-03-08T02:07:16Z,0,0,youtube,2026-04-05T13:39:38.525124
45J0q2xi7Qk,ElDiaQue,Así era IRÁN Antes De La Revolución Del Ayatollah,es,Alta,UgwIA9lYCKZfl6-eswJ4AaABAg,,0,@normaacevedo-r3h,Demonios esos aystolas,2026-03-08T02:04:09Z,2026-03-08T02:04:09Z,0,0,youtube,2026-04-05T13:39:38.525128
45J0q2xi7Qk,ElDiaQue,Así era IRÁN Antes De La Revolución Del Ayatollah,es,Alta,Ugxvn9OpBGwIf1UOuoV4AaABAg,,0,@normaacevedo-r3h,"Vivían muy bien proogreso,las mujeres eran libres podrían estudiar ,bisr vestirse a la moda,manejar",2026-03-08T02:03:39Z,2026-03-08T02:03:39Z,0,0,youtube,2026-04-05T13:39:38.525133
45J0q2xi7Qk,ElDiaQue,Así era IRÁN Antes De La Revolución Del Ayatollah,es,Alta,Ugw1-keFSu96bUN6ord4AaABAg,,0,@aERatus-Egx63,"Eldiaque y la totalidad de los comentarios, pues yo NO estoy a favor de los Gobiernos gringos colonos terroristas y los sionistas invasores genocidas ambos fascistas e individualistas, me da lástima su dios patria y familia (que por cierto lo dijo Mussolini) como también su ""libertad"" hecha un carajo, pero no es tarde para que ustedes sean críticos con esas escorias.",2026-03-08T02:02:21Z,2026-03-08T02:02:21Z,0,0,youtube,2026-04-05T13:39:38.525137
45J0q2xi7Qk,ElDiaQue,Así era IRÁN Antes De La Revolución Del Ayatollah,es,Alta,Ugw289S-HqZ5Cv0cLAZ4AaABAg,,0,@54622522,"que hermoso que fue, ahora solo son cenizas y lagrimas",2026-03-08T02:00:45Z,2026-03-08T02:00:45Z,0,0,youtube,2026-04-05T13:39:38.525141
45J0q2xi7Qk,ElDiaQue,Así era IRÁN Antes De La Revolución Del Ayatollah,es,Alta,UgwaF9eD99MAcUrp-Kt4AaABAg,,0,@neboo6174,Este vídeo es pro-Israel ..Hasta el 70 los jvdi0s no tenían tanta población y el nivel de r4c!sm0 que manejaban no era  tanto como el de hoy en día..si buscan otros videos se van a dar cuenta..,2026-03-08T01:55:13Z,2026-03-08T01:55:13Z,0,0,youtube,2026-04-05T13:39:38.525145
45J0q2xi7Qk,ElDiaQue,Así era IRÁN Antes De La Revolución Del Ayatollah,es,Alta,Ugz_n5OcmJCt2Ma8hJ14AaABAg,,0,@LuciadelaRosaPerez-cn8tv,"A mediados de los 80,s tuve un tomo del libro Guinnes de los récords, y constaba el banquete del Sha. Recuerdo que el Dom Perignon 🍾🥂 y el caviar beluga formaron parte del menú...👌😻👍",2026-03-08T01:32:43Z,2026-03-08T01:32:43Z,1,0,youtube,2026-04-05T13:39:38.525149
45J0q2xi7Qk,ElDiaQue,Así era IRÁN Antes De La Revolución Del Ayatollah,es,Alta,UgzUmutN2qPkEQGwre54AaABAg,,0,@odelmisfelipe2899,Todas estas revoluciones terminan mal y acabando con su propia gente.. Ahí tienen a Cuba.,2026-03-08T01:20:27Z,2026-03-08T01:20:27Z,0,0,youtube,2026-04-05T13:39:38.525154
45J0q2xi7Qk,ElDiaQue,Así era IRÁN Antes De La Revolución Del Ayatollah,es,Alta,UgyuvKj9qQEf-1GT7Wt4AaABAg,,0,@juance7824,"No escucho a nadie hablar del hijodeputa mas grande de todo el mundo que nunca se le acaban los fosforos para encender el fuego de las revoluciones.iran,el nazcismo,che guevara cuba,farc colombia,croacia/yugoslavia,haiti,etc,etc,etc.vean la pelicula basada en echos reales argo y quitense la venda de los ojos,ovejas!🫡💪",2026-03-08T01:10:07Z,2026-03-08T01:10:07Z,0,0,youtube,2026-04-05T13:39:38.525158
45J0q2xi7Qk,ElDiaQue,Así era IRÁN Antes De La Revolución Del Ayatollah,es,Alta,UgxJHlFvPVf4ie1dYOB4AaABAg,,0,@beckyroque8950,Y ddespues de adorar al tirano Ayatoilet vino la noche y el clerigo se olvido de las promesas y a matar se ha dicho...,2026-03-08T00:39:24Z,2026-03-08T00:39:24Z,0,0,youtube,2026-04-05T13:39:38.525162
45J0q2xi7Qk,ElDiaQue,Así era IRÁN Antes De La Revolución Del Ayatollah,es,Alta,UgzB5WnM6vLBoqSp0OJ4AaABAg,,0,@beckyroque8950,Marxistas y Ayatoilets son de ;a misma ideologia fun damentalista x eso se apoyan unos a otros xq son lo mismo de represores,2026-03-08T00:36:57Z,2026-03-08T00:36:57Z,0,0,youtube,2026-04-05T13:39:38.525166
45J0q2xi7Qk,ElDiaQue,Así era IRÁN Antes De La Revolución Del Ayatollah,es,Alta,UgzzQ4A1jrM5u7Z6Aqp4AaABAg,,0,@ErickQuinonez-tk4ee,USA realmente va a lograr el objetivo de que la sociedad Iraní retome el curso que llevaba en los setentas o los dejara a su suerte como sucedió con Irak y Afganistán solo justificando sus intervenciones militares pero dejando a todo un pueblo en manos de otros tiranos como sucede en Venezuela que el pueblo sigue bajo la dictadura pero USA ahora tiene el control del petróleo 🛢️,2026-03-08T00:22:51Z,2026-03-08T00:22:51Z,0,0,youtube,2026-04-05T13:39:38.525170
45J0q2xi7Qk,ElDiaQue,Así era IRÁN Antes De La Revolución Del Ayatollah,es,Alta,Ugw47bckv2Pi5MYCOL54AaABAg,,0,@JaimeRojasMeléndez-e5j,Conflicto,2026-03-07T23:57:20Z,2026-03-07T23:57:20Z,0,0,youtube,2026-04-05T13:39:38.525174
45J0q2xi7Qk,ElDiaQue,Así era IRÁN Antes De La Revolución Del Ayatollah,es,Alta,UgyBOnXbSF8wxd7W0Hx4AaABAg,,0,@juanmanuellozanodaniel7484,Está mierda se pudo haber resumido en 10 minutos,2026-03-07T23:51:25Z,2026-03-07T23:51:25Z,0,0,youtube,2026-04-05T13:39:38.525178
45J0q2xi7Qk,ElDiaQue,Así era IRÁN Antes De La Revolución Del Ayatollah,es,Alta,UgwdTMqceKI7XrQqPIR4AaABAg,,0,@premitr0605,Me sienta muuy maal el negro. 🤧🤧🫩😭😭😭,2026-03-07T23:47:04Z,2026-03-07T23:47:04Z,0,0,youtube,2026-04-05T13:39:38.525183
45J0q2xi7Qk,ElDiaQue,Así era IRÁN Antes De La Revolución Del Ayatollah,es,Alta,UgzAOtqR33fNGkdcRvl4AaABAg,,0,@Francarol_1993,Nada justifica la muerte de niños,2026-03-07T23:42:40Z,2026-03-07T23:42:40Z,1,0,youtube,2026-04-05T13:39:38.525187
45J0q2xi7Qk,ElDiaQue,Así era IRÁN Antes De La Revolución Del Ayatollah,es,Alta,Ugw-v62GC212XwG6CU14AaABAg,,0,@aeski25,"Esto demuestra que el mundo siempre ha sido y seguirá siendo la misma mierda, lo que cambia son los tiempos. Vivan y sean felices como puedan, donde puedan y con lo que puedan.",2026-03-07T23:36:30Z,2026-03-07T23:36:30Z,0,0,youtube,2026-04-05T13:39:38.525191
45J0q2xi7Qk,ElDiaQue,Así era IRÁN Antes De La Revolución Del Ayatollah,es,Alta,Ugyr5OsBD05sKP65M-14AaABAg,,0,@Zetita005,"El sha era una 💩 también,puesto por estados unidos y Francia para que irán no nacionalizar su petróleo",2026-03-07T23:10:37Z,2026-03-07T23:10:37Z,0,0,youtube,2026-04-05T13:39:38.525195
45J0q2xi7Qk,ElDiaQue,Así era IRÁN Antes De La Revolución Del Ayatollah,es,Alta,Ugw-ka4CLYgjDlVsfEN4AaABAg,,0,@rociovillagra81,"Iran sobrevivió al Sha, al abuso sistemático de las potencias y tantas otras cosas mas. Esperemos que ese pueblo, al que llamamos ""cuna de la civilización "" encuentre paz",2026-03-07T22:57:25Z,2026-03-07T22:57:25Z,0,0,youtube,2026-04-05T13:39:38.525199
45J0q2xi7Qk,ElDiaQue,Así era IRÁN Antes De La Revolución Del Ayatollah,es,Alta,UgyqfDPtT12p-BUyjzZ4AaABAg,,0,@josejesusluna2695,Por eso fuera morena fuera narcopoliticos de México,2026-03-07T22:49:57Z,2026-03-07T22:49:57Z,0,0,youtube,2026-04-05T13:39:39.324515
45J0q2xi7Qk,ElDiaQue,Así era IRÁN Antes De La Revolución Del Ayatollah,es,Alta,UgzOLND1cAj3wQIHiyR4AaABAg,,0,@majoma1980,Vídeo publicidad pro Israel,2026-03-07T22:30:18Z,2026-03-07T22:30:18Z,0,0,youtube,2026-04-05T13:39:39.324532
45J0q2xi7Qk,ElDiaQue,Así era IRÁN Antes De La Revolución Del Ayatollah,es,Alta,UgyHVVf8ThAUYJgoJ754AaABAg,,0,@nataliasandez5405,Quizás evitaron el desastre social que hoy día es el mundo principalmente estados undidos.me parece que este pedofilo aprovecha la ocasión sin a ver ido jamas y vivido en esa cultura este seguramente ubiera sido ajusticiado por sus actos con menores.,2026-03-07T22:30:18Z,2026-03-07T22:30:18Z,0,0,youtube,2026-04-05T13:39:39.324537
45J0q2xi7Qk,ElDiaQue,Así era IRÁN Antes De La Revolución Del Ayatollah,es,Alta,UgyCSImu4QPP1p_c5w54AaABAg,,0,@ksrkp3496,"hacé un video  no del ""conflicto, sino del GENOCIDIO EN GAZA",2026-03-07T22:23:57Z,2026-03-07T22:23:57Z,0,0,youtube,2026-04-05T13:39:39.324541
45J0q2xi7Qk,ElDiaQue,Así era IRÁN Antes De La Revolución Del Ayatollah,es,Alta,Ugyg9r3nrFJ_2BpOHa14AaABAg,,0,@reylergutierrez5668,Se dejaron engañar por ideologías  y ahora  no pueden salir,2026-03-07T22:23:18Z,2026-03-07T22:23:18Z,0,0,youtube,2026-04-05T13:39:39.324545
45J0q2xi7Qk,ElDiaQue,Así era IRÁN Antes De La Revolución Del Ayatollah,es,Alta,UgwxN96DjsWNxo7ltyF4AaABAg,,0,@pamelasanhueza8841,"Como no, los ingleses siempre metidos donde no los llaman, y luego solo señalan a los gringos -que razón no falta- como únicos culpables.",2026-03-07T22:21:30Z,2026-03-07T22:21:30Z,0,0,youtube,2026-04-05T13:39:39.324549
45J0q2xi7Qk,ElDiaQue,Así era IRÁN Antes De La Revolución Del Ayatollah,es,Alta,Ugz6vbYa07vMuPMtEq14AaABAg,,0,@victorval3308,"Lo que tienen en común tanto irán como Venezuela son sus gobiernos del asco, si sus gobiernos hubieran abogado por los intereses de su gente y fueran paises estables, libres, no se hubieran metido ni Israel ni EU, porque lo que les importa es robarse el petróleo, si Venezuela no fuera petrolero, los gringos no se hubieran metido a robarles sus recursos disfrazado de ""llevarles la democracia""",2026-03-07T22:16:08Z,2026-03-07T22:16:08Z,2,0,youtube,2026-04-05T13:39:39.324553
45J0q2xi7Qk,ElDiaQue,Así era IRÁN Antes De La Revolución Del Ayatollah,es,Alta,UgxA2dB08vO5VfMnv3R4AaABAg,,0,@Tommend12,Esos tiranos impusieron por la fuerza esa cultura radical,2026-03-07T22:08:21Z,2026-03-07T22:08:21Z,0,0,youtube,2026-04-05T13:39:39.324557
45J0q2xi7Qk,ElDiaQue,Así era IRÁN Antes De La Revolución Del Ayatollah,es,Alta,UgwXYeTzFCY5WMKFbqB4AaABAg,,0,@notisurnotisur8957,conflicto,2026-03-07T22:05:28Z,2026-03-07T22:05:28Z,0,0,youtube,2026-04-05T13:39:39.324561
45J0q2xi7Qk,ElDiaQue,Así era IRÁN Antes De La Revolución Del Ayatollah,es,Alta,UgxWmgPTNxWGA6UwQfR4AaABAg,,0,@mariafonseca7704,"También La mujeres devemos vestir conservadoras con modestia 
 independientemente de nuestra raza La palabras de Dios es para todo el univerzo
(Juan 8:32) Y conoceréis  la Verdad, y la Verdad os hará 
libres 
La Verdad es Cristo Jesús",2026-03-07T21:07:15Z,2026-03-07T21:07:15Z,1,0,youtube,2026-04-05T13:39:39.324567
45J0q2xi7Qk,ElDiaQue,Así era IRÁN Antes De La Revolución Del Ayatollah,es,Alta,UgxrIwd1o2JP34mlZmV4AaABAg,,0,@nachobus_99,"Irónico cómo el feminismo, teniendo la oportunidad de luchar contra un verdadero Patriarcado opresor que m4t4 mujeres... decide apoyar dictadores y al régimen de ayatolas",2026-03-07T21:00:34Z,2026-03-07T21:00:34Z,5,0,youtube,2026-04-05T13:39:39.324571
45J0q2xi7Qk,ElDiaQue,Así era IRÁN Antes De La Revolución Del Ayatollah,es,Alta,UgxWsj2C0pTo2iHNz_t4AaABAg,,0,@MsMJENNIE,"Cuando cambió se adelantan, si aun no pasa nada 😅😅😅😅",2026-03-07T20:40:42Z,2026-03-07T20:40:42Z,0,0,youtube,2026-04-05T13:39:39.324575
45J0q2xi7Qk,ElDiaQue,Así era IRÁN Antes De La Revolución Del Ayatollah,es,Alta,UgzuVKrTzZvCK_s4qmx4AaABAg,,0,@nancypartyn8755,"Yo necesito escuchar la version que ellos tienen de esta version. No me gusta quedarme con un solo lado de la historia. Aunque yo como miembro( o como dicen los que hablan mal castellalno: miembra, hahahah) de amnistia Internacional, le pedi a unos companeros de Iran que me escibieran una carta para enviarsela al gobierno de Iran. se trataba de oponerme a la dilapidacion de 3 mujeres supuestamente acusadas de adulterio. los companeros se negaron porque para ellos era justas eras dilapidaciones;. Les explique que podria ser culpables y segun sus leyes se merecian la muerte( azunque el corazon no escoge de quein uno debe enamorarse) pero en todo caso que la mate el marido, porque los metidos que no les consta, que no los afecta, que no els debe importar la vida privada de lso demas? guardaron silenci y me miraron con respeto ante mi planteamoento; pero no queisieron escribr mi carta a pesar que silo yo firmaria. La mande en Ingles y la presion si logro liberar a ls tres mujeres.",2026-03-07T20:28:54Z,2026-03-07T20:34:05Z,0,0,youtube,2026-04-05T13:39:39.324579
45J0q2xi7Qk,ElDiaQue,Así era IRÁN Antes De La Revolución Del Ayatollah,es,Alta,Ugz1SIzOhtXQ6PwDYoZ4AaABAg,,0,@carlosolid7187,"Este video es para justificar los Ataques de Israel y EEUU???? PORQUE ahora critican a IRAN? CADA pais tiene el gobernante que merece,Sabian uds que EEUU   invadió Mexico de un dia para otro y le quito casi la mitad de su territorio? O Inglaterra todavia tiene mas  de 10 colonias??? No a la Guerra!!!",2026-03-07T20:11:12Z,2026-03-07T20:11:12Z,0,0,youtube,2026-04-05T13:39:39.324583
45J0q2xi7Qk,ElDiaQue,Así era IRÁN Antes De La Revolución Del Ayatollah,es,Alta,UgzhLGWFWfvQnp7uLYF4AaABAg,,0,@jaax4571,"13:14 Lo de siempre... los 'estudiantes' DE IZQUIERDA ELLOS ESO SI, salen a pudrirlaa favor del cabeza de toallon. RESULTADO? Mas de 40 años de tirania islamica extrema. AYYY CON ESTOS HIJOS DE ALA... HIJOS DE REMILPUTA.",2026-03-07T19:47:56Z,2026-03-07T19:47:56Z,0,0,youtube,2026-04-05T13:39:39.324587
45J0q2xi7Qk,ElDiaQue,Así era IRÁN Antes De La Revolución Del Ayatollah,es,Alta,Ugyof2LEg00egNARyNB4AaABAg,,0,@angelsoto1475,"Así era Palestina, un lugar donde todas las religiones convivían en paz hasta que llegó el SIONISMO impulsado por Inglaterra y EEUU y todo se volvió un caos. DEBERIAMOS SER MENOS HIPOCRITAS.",2026-03-07T19:39:50Z,2026-03-07T19:41:35Z,0,0,youtube,2026-04-05T13:39:39.324591
45J0q2xi7Qk,ElDiaQue,Así era IRÁN Antes De La Revolución Del Ayatollah,es,Alta,Ugyx9XMEzVFrpsOD7TR4AaABAg,,0,@jorgefernandoburirojas3871,"Y porque no hablan de la policia secreta que tenia ese regimen y que mataban a los que pensaban diferente y claro llego el consumismo  occidental, sexo, alcohol y ronk and roll.",2026-03-07T19:38:47Z,2026-03-07T19:59:14Z,1,0,youtube,2026-04-05T13:39:39.324595
45J0q2xi7Qk,ElDiaQue,Así era IRÁN Antes De La Revolución Del Ayatollah,es,Alta,UgxxDbszzTDSj4rJiUV4AaABAg,,0,@xander4638,magnus sos vos?,2026-03-07T19:36:22Z,2026-03-07T19:36:22Z,0,0,youtube,2026-04-05T13:39:39.324599
45J0q2xi7Qk,ElDiaQue,Así era IRÁN Antes De La Revolución Del Ayatollah,es,Alta,Ugz8w2ZeuHkFSc4d8bV4AaABAg,,0,@MARIAISABELVAZQUEZRODRIGUE-q8m,¡¡¡ ABAJO EL REGIMEN ACTUAL DE IRAN Y LOS AYATOLA Y OJALA VUELVA A SER UN PAIS DONDE CONVIVAN SERES HUMANOS DE DIFERENTES RAZAS Y RELIGIONES EN PAZ !!!.,2026-03-07T19:35:07Z,2026-03-07T19:35:07Z,0,1,youtube,2026-04-05T13:39:39.324603
45J0q2xi7Qk,ElDiaQue,Así era IRÁN Antes De La Revolución Del Ayatollah,es,Alta,Ugz8w2ZeuHkFSc4d8bV4AaABAg.AU3aaBemQcWAU3b31ZHGQv,Ugz8w2ZeuHkFSc4d8bV4AaABAg,1,@angelsoto1475,"Así era Palestina, un lugar donde todas las religiones convivían en paz hasta que llegó el SIONISMO y todo se volvió un caos.",2026-03-07T19:39:11Z,2026-03-07T19:39:11Z,0,0,youtube,2026-04-05T13:39:39.324611
45J0q2xi7Qk,ElDiaQue,Así era IRÁN Antes De La Revolución Del Ayatollah,es,Alta,UgznRNajPE8Cpfet-ZZ4AaABAg,,0,@dickmunoz3424,"La 4Te Iran😢.
Así inician los dictadores",2026-03-07T19:21:50Z,2026-03-07T19:21:50Z,0,1,youtube,2026-04-05T13:39:39.324615
45J0q2xi7Qk,ElDiaQue,Así era IRÁN Antes De La Revolución Del Ayatollah,es,Alta,UgznRNajPE8Cpfet-ZZ4AaABAg.AU3_3v1ab-qAU3bESwVUyS,UgznRNajPE8Cpfet-ZZ4AaABAg,1,@angelsoto1475,CHNGATUMADRE quienes son aquí los criminales? ERES UN HIPOCRITA.,2026-03-07T19:40:45Z,2026-03-07T19:40:45Z,0,0,youtube,2026-04-05T13:39:39.324619
45J0q2xi7Qk,ElDiaQue,Así era IRÁN Antes De La Revolución Del Ayatollah,es,Alta,Ugwx0e5Sd02NpBqWQKR4AaABAg,,0,@luisarnold5840,Conflicto,2026-03-07T19:20:13Z,2026-03-07T19:20:13Z,0,0,youtube,2026-04-05T13:39:39.324622
45J0q2xi7Qk,ElDiaQue,Así era IRÁN Antes De La Revolución Del Ayatollah,es,Alta,UgwKGX9VQSEeKMCSlsN4AaABAg,,0,@horembebguerrero4075,"Y aún así, Disparos Unidos no tiene nada que hacer ahí, como en ningún otro país que no sea el suyo.",2026-03-07T18:59:24Z,2026-03-07T18:59:24Z,2,0,youtube,2026-04-05T13:39:39.324627
45J0q2xi7Qk,ElDiaQue,Así era IRÁN Antes De La Revolución Del Ayatollah,es,Alta,Ugz7wtGvECV7tp8TQ1Z4AaABAg,,0,@raulcortes3048,"Pero dime?, a quien le importa, como se comporte la Gente en IRAN, ELLOS con su régimen TEOCRATICO, son FELICES, sean como sean, se vistan como se vistan, les impongan cientos de restricciones, es MUY SU PROBLEMA, dime? TODO eso en que te afecta en tu estilo de vida? EN NADA, entonces hay que dejar a la gente que viva su vida y lo más recomendable es NO METERNOS EN LO QUE NO, NOS IMPORTA, ellos demostraron su rabia y tristeza, por haberles asesinado a su Maximo Lider Religioso, Millones de IRANIES, se volcaron a las calles de todo IRAN, protestando por tal Asesinato, solo piensa si fuera malo su régimen NO lo apoyaria TODO el PAÍS, recuerda que LAS MENTIRAS GEOPOLÍTICAS, hay en todo el Mundo por CONVENIENCIAS ECONOMÍCAS",2026-03-07T18:30:25Z,2026-03-07T18:30:25Z,0,0,youtube,2026-04-05T13:39:39.324631
45J0q2xi7Qk,ElDiaQue,Así era IRÁN Antes De La Revolución Del Ayatollah,es,Alta,Ugw5o6EcNSQgOlKboVR4AaABAg,,0,@ZANCAILLO,Se le acabó la fiesta a la teocracia iraní,2026-03-07T18:16:41Z,2026-03-07T18:16:41Z,0,0,youtube,2026-04-05T13:39:39.324635
45J0q2xi7Qk,ElDiaQue,Así era IRÁN Antes De La Revolución Del Ayatollah,es,Alta,UgzSt1_npvRW-stqfbR4AaABAg,,0,@Mariaminblue,"ZOOcialismo = islam, musulman=ZOOcialista. Hermanos e IGUALES en la DESTRUCCIÓN y la MUERTE 👎",2026-03-07T18:15:03Z,2026-03-07T18:15:03Z,0,0,youtube,2026-04-05T13:39:39.324639
45J0q2xi7Qk,ElDiaQue,Así era IRÁN Antes De La Revolución Del Ayatollah,es,Alta,UgyquKfz_yWrXHHGGYp4AaABAg,,0,@americopaucar2631,"ca,bio de lideres demonios por otros ambos estilos filosoficos nos lleban ala destruccion",2026-03-07T18:14:39Z,2026-03-07T18:14:39Z,0,0,youtube,2026-04-05T13:39:39.324643
45J0q2xi7Qk,ElDiaQue,Así era IRÁN Antes De La Revolución Del Ayatollah,es,Alta,UgwRPAelMz_5ouoSSJp4AaABAg,,0,@tommyarayah8252,un paçis sçin la usura  y sçin FM I quien la genera. solo un dato,2026-03-07T18:11:13Z,2026-03-07T18:11:13Z,0,0,youtube,2026-04-05T13:39:39.324647
45J0q2xi7Qk,ElDiaQue,Así era IRÁN Antes De La Revolución Del Ayatollah,es,Alta,UgyCbjIOAV_o2W2cyaF4AaABAg,,0,@gabrielagelpi4216,Conflicto.,2026-03-07T18:08:49Z,2026-03-07T18:08:49Z,0,0,youtube,2026-04-05T13:39:39.324651
45J0q2xi7Qk,ElDiaQue,Así era IRÁN Antes De La Revolución Del Ayatollah,es,Alta,UgwwZAXKY-AEIJGQqmR4AaABAg,,0,@AbigailSerrano-w6i,"Se van al extremo ahora. 
Casi DESNUDAS LAS MUJERES MUNDIAL casi😂
Q vistan normal pero tampoco DESNUDAS como ahora",2026-03-07T17:46:43Z,2026-03-07T17:46:43Z,1,0,youtube,2026-04-05T13:39:39.324655
45J0q2xi7Qk,ElDiaQue,Así era IRÁN Antes De La Revolución Del Ayatollah,es,Alta,UgyEu5YIxra--IgMtHl4AaABAg,,0,@DamasoOntiverio,"Malditos perros, se roban el dinero para vivir como puercos, mientras el pueblo se muere de hambre, maldita sean todos esos perros, y perras!",2026-03-07T17:40:50Z,2026-03-07T17:40:50Z,0,0,youtube,2026-04-05T13:39:39.324659
45J0q2xi7Qk,ElDiaQue,Así era IRÁN Antes De La Revolución Del Ayatollah,es,Alta,UgwEsMVi4azigMUHnZZ4AaABAg,,0,@LulaBarrientos-f1s,TERRORISTAS  NUNCA MAS !!!!!!,2026-03-07T17:26:55Z,2026-03-07T17:26:55Z,0,0,youtube,2026-04-05T13:39:39.324663
45J0q2xi7Qk,ElDiaQue,Así era IRÁN Antes De La Revolución Del Ayatollah,es,Alta,UgwxKB7J8CLaM72yUeh4AaABAg,,0,@LulaBarrientos-f1s,Ayatola TERRORISTAS  SOLO TRAJERON DESTRUCION Y MUERTE,2026-03-07T17:26:27Z,2026-03-07T17:26:27Z,0,0,youtube,2026-04-05T13:39:39.324667
45J0q2xi7Qk,ElDiaQue,Así era IRÁN Antes De La Revolución Del Ayatollah,es,Alta,Ugx7EL1o6U1c0MPHesd4AaABAg,,0,@rafaelperezmorales3813,😊😊😊😊😊😊😊,2026-03-07T17:20:10Z,2026-03-07T17:20:10Z,0,0,youtube,2026-04-05T13:39:39.324672
45J0q2xi7Qk,ElDiaQue,Así era IRÁN Antes De La Revolución Del Ayatollah,es,Alta,UgwFN0kjjN-N75pejGN4AaABAg,,0,@HalowHN,Que buen video bro,2026-03-07T17:16:41Z,2026-03-07T17:16:41Z,0,0,youtube,2026-04-05T13:39:39.324676
45J0q2xi7Qk,ElDiaQue,Así era IRÁN Antes De La Revolución Del Ayatollah,es,Alta,Ugx4jjycUO_MKry6V_14AaABAg,,0,@jlazaromorales4656,en una revolucion unos sufren otros ganan el puesto de los contraros y el pueblo sigue siendo oprimido por los nuevos lideres los pobres de la revolucion terminan ciendo millonarios los civiles solo terminan ciendo escalera de los nuevos tiranos  igual con las votaciones politicas y los partidos politicos  salen unos ladrones politicos y entran los pobres a combertirse en millonarios asi es aqui en Guatemala  y otros paises vecinos,2026-03-07T17:12:38Z,2026-03-07T17:12:38Z,0,0,youtube,2026-04-05T13:39:39.324680
45J0q2xi7Qk,ElDiaQue,Así era IRÁN Antes De La Revolución Del Ayatollah,es,Alta,UgzxFpnYolW931zZv2l4AaABAg,,0,@joseespinal872,Según escucho la historia siempre será la misma cada quien que llega al poder no le importa la población todos hacen lo mismo enriquecerse y hacer el mal hubo libertad antes pero acompañado de pobreza y ahora represión muerte y la maldita pobreza a nadie le importa los pobres,2026-03-07T17:10:54Z,2026-03-07T17:10:54Z,0,0,youtube,2026-04-05T13:39:39.324684
45J0q2xi7Qk,ElDiaQue,Así era IRÁN Antes De La Revolución Del Ayatollah,es,Alta,Ugz0DPr_OjNdqgOep4p4AaABAg,,0,@felisacorona6243,Respetar las costumbres de todos los países  por eso estamos como estamos por creerse sabios al criticar  a otros países,2026-03-07T17:10:54Z,2026-03-07T17:10:54Z,0,0,youtube,2026-04-05T13:39:39.324688
45J0q2xi7Qk,ElDiaQue,Así era IRÁN Antes De La Revolución Del Ayatollah,es,Alta,Ugyp-18eobHX2C0TEfl4AaABAg,,0,@gjgior8318,Elegiste el falso Dios del materialismo. Elegiste la oscuridad. Pasa a buscar el sobre de los sionistas.,2026-03-07T17:08:55Z,2026-03-07T17:08:55Z,0,0,youtube,2026-04-05T13:39:39.324692
45J0q2xi7Qk,ElDiaQue,Así era IRÁN Antes De La Revolución Del Ayatollah,es,Alta,Ugy28W8sdSdKdXPAmMB4AaABAg,,0,@mariapalermo5,"Bueno.... no importa si te depilaste  ¿no?.... Al menos alguna ventaja.... abajo de ese ropaje negro nadie vera si sos gorda, peluda  o fuiste a la peluqueria!!!! 😂😂😂",2026-03-07T17:07:09Z,2026-03-07T17:07:09Z,0,0,youtube,2026-04-05T13:39:39.324696
45J0q2xi7Qk,ElDiaQue,Así era IRÁN Antes De La Revolución Del Ayatollah,es,Alta,Ugwn6gwJY4SKQhT2dmJ4AaABAg,,0,@MicaelaRodriguez-s7f,conflicto,2026-03-07T17:07:05Z,2026-03-07T17:07:05Z,0,0,youtube,2026-04-05T13:39:39.324700
45J0q2xi7Qk,ElDiaQue,Así era IRÁN Antes De La Revolución Del Ayatollah,es,Alta,UgwZRy6IWHfoTMmTwAB4AaABAg,,0,@AlizeeLorieJeveuxFagnani,Y los derechos humanos que no existen 😊,2026-03-07T17:03:03Z,2026-03-07T17:03:03Z,1,0,youtube,2026-04-05T13:39:39.324704
45J0q2xi7Qk,ElDiaQue,Así era IRÁN Antes De La Revolución Del Ayatollah,es,Alta,UgwJzVVNiwhXlJh-ruF4AaABAg,,0,@gustavovillarreal351,"Quien quiere ponerse vestido de monja que se ponga en fin deja más a la imaginación y es más barato, combate el consumismo de los excesos en laas prendas de vestir. Dedicarse a producir para hacerce más ricos a costa del mercado democrático, libertino. No soy socialista creo que es lo peor como sistema económico, pero el capitalismo democrático, que tanto admiro es presa de los gobiernos corruptos qué critican el socialismo pero como lo practican para controlar el mercado qué deben dejar fluir. En fin dejen a cada quien en paz. Que cada uno sea arquitecto de su propio destino.",2026-03-07T16:55:29Z,2026-03-07T16:55:29Z,0,0,youtube,2026-04-05T13:39:39.324708
45J0q2xi7Qk,ElDiaQue,Así era IRÁN Antes De La Revolución Del Ayatollah,es,Alta,UgzMk6INRt45O9MbfcN4AaABAg,,0,@progames2695,Los talibanes son unos locos que se excusan con el corán y la religión mulsumana para hacer crimenes y másacres,2026-03-07T16:53:38Z,2026-03-07T16:53:38Z,0,0,youtube,2026-04-05T13:39:39.324712
45J0q2xi7Qk,ElDiaQue,Así era IRÁN Antes De La Revolución Del Ayatollah,es,Alta,UgyQGpaaBDqS3cEXG0V4AaABAg,,0,@willygutierrez8813,"Esto   que dice esta informacion es una verdadera  falacia  ,  esos estados por la religuion chiita o sumita  son  estados  sumamente cerrados en  cuestión de  moda ,por eso ,  nada creible está información  q se diga q hubo  minifalda  jajaja   es un chiste .",2026-03-07T16:53:02Z,2026-03-07T16:53:02Z,0,0,youtube,2026-04-05T13:39:39.324718
45J0q2xi7Qk,ElDiaQue,Así era IRÁN Antes De La Revolución Del Ayatollah,es,Alta,Ugx8tOmgaQHiFLoEZUx4AaABAg,,0,@kaironconelatri5496,"Falso. La historia de Irán, no comienza en los 70s.
Antes de que el Shaha, impusiera una moda occidental, todos eran ayatolas. En los 60s, Dejen de mentir",2026-03-07T16:51:02Z,2026-03-07T16:51:02Z,0,0,youtube,2026-04-05T13:39:39.324722
45J0q2xi7Qk,ElDiaQue,Así era IRÁN Antes De La Revolución Del Ayatollah,es,Alta,Ugw-HpNrcdqil8vq8PB4AaABAg,,0,@darlingmeza4384,"Niñas de 8 años dadas en matrimonios con hombre mayores, que diabólico.
Irán tiene que ser libre aunque vuelvan unos cuatros a empezar.",2026-03-07T16:43:39Z,2026-03-07T16:43:39Z,0,0,youtube,2026-04-05T13:39:39.324726
45J0q2xi7Qk,ElDiaQue,Así era IRÁN Antes De La Revolución Del Ayatollah,es,Alta,UgwsxCVpsGkwFZ-r9NZ4AaABAg,,0,@cesarsione410,Se pierden de ser felices (comiendo la hamburguesa y la coca loca)?,2026-03-07T16:37:30Z,2026-03-07T16:37:30Z,0,0,youtube,2026-04-05T13:39:39.324730
45J0q2xi7Qk,ElDiaQue,Así era IRÁN Antes De La Revolución Del Ayatollah,es,Alta,UgzrlzzaKO5NoXa7eHJ4AaABAg,,0,@cesarsione410,a costa de regalarle todo el petroleo a EEUU,2026-03-07T16:36:21Z,2026-03-07T16:36:21Z,0,0,youtube,2026-04-05T13:39:39.324735
45J0q2xi7Qk,ElDiaQue,Así era IRÁN Antes De La Revolución Del Ayatollah,es,Alta,UgwDZBgGEHEdqSHROM94AaABAg,,0,@polimorfismo2085-zorro,😮😮😮 bueno de todas formas no podemos decir que por el la forma dictatorial con que atendió MOHAMMA REZA PAHLAVI EN FORMA AUTORITARIA CÓMO GOBERNÓ Y CREYÉNDOSE UN REY HIZO UN REINADO ESTÚPIDO Y RIDÍCULO❤❤❤❤ LA VERDAD FUE COMO UN TIRANO PERO LLEGARON LOS OTROS TIRANOS QUE TAMBIÉN FUERON LOS TERRORISTAS DE LOS AYATOLAS ENTONCES NO SABEMOS QUE FUE POBRE GENTE CÓMO PUEDEN SALIR DE TODO ESTE HOYO VAMOS A VER EN QUÉ TERMINAN❤❤❤❤ EL HIJO DE PHALEVI HOY DÍA.. ESTÁ EN ESTADOS UNIDOS Y FUE ALLÁ HA VIVIDO TODO ESTO ESTOS AÑOS ENTONCES LA MENTALIDAD YA HOY DÍA DEBIÓ HABER CAMBIADO❤❤❤❤ DEBE SER DEMOCRÁTICA Y NO DE NINGÚN RÉGIMEN DE QUE SE CREAN REYES Y AUTORITARIOS NI AYATOLAS NI NADA DE ESTO❤❤❤REZA PAHLAVI ❤❤❤ FUE UN TIRANO TAMBIÉN PARA SU PUEBLO❤❤❤ PERO LOS QUE ESTÁN PROPONIENDO DE PONER EL HIJO QUE YA DEBE TENER UNAS IDEAS MÁS DEMOCRÁTICAS Y MÁS LIBRES NADA DE SUBYUGANTE NADA DE QUITARLE LA LIBERTAD A LAS PERSONAS Y DE NADA DE VIOLAR LOS DERECHOS HUMANOS ALLÁ ESE AYATOLÁS QUE SE MURIÓ MATÓ A LA GENTE COMO SI FUERAN GALLINAS COMO SI FUERAN VACAS PERROS NO SÉ QUÉ ERA❤❤❤❤ LA VIDA ES AYATOLÁ NO LA,2026-03-07T16:36:13Z,2026-03-07T16:36:13Z,0,1,youtube,2026-04-05T13:39:39.324739
45J0q2xi7Qk,ElDiaQue,Así era IRÁN Antes De La Revolución Del Ayatollah,es,Alta,UgwDZBgGEHEdqSHROM94AaABAg.AU3H6wq_z_JAU3Hfgp3mKW,UgwDZBgGEHEdqSHROM94AaABAg,1,@polimorfismo2085-zorro,"😮😮😮😮 OJALÁ Y DESEAMOS QUE LA LIBERTAD LA LIBERTAD LA LIBERTAD LA LIBERTAD DE MENTES Y DE TODA LA CREATIVIDAD Y HERMOSURA QUE TIENEN ESTAS PERSONAS NORMALES EN IRAN.... SALGAN ADELANTE Y PUEDAN SURGIR DE ENTRE LAS CENIZAS BENDICIONES A TODAS LAS COSAS BENÉFICAS Y BONDADOSAS QUE SE PUEDAN DAR...... FUERA MENTALIDADES TEOCRÁTICAS FUERA AUTORITARISMO FUERA DICTADURAS Y NO SE Y MUJERES LIBRES MUJERES LIBRES MUJERES LIBRES MUJERES QUE PUEDAN IR A LA UNIVERSIDAD MUJERES QUE PUEDAN MANEJAR UN CARRO MUJERES QUE PUEDAN SALIR A LA CALLE MUJERES QUE NO SE REVELEN Y NO SOLAMENTE TENGAN HIJOS PARA ESAS..,C COSAS DISQUE HOMBRES QUE HAY ALLÁ❤❤❤❤ MUJERES LIBRES MUJERES LIBRES MUJERES LIBRES😮😮😮😮😮Y BENDICIONES AL PRESIDENTE TRUMP QUE ESTÁ ACTUANDO DE LA MEJOR FORMA PARA BUSCAR LA PAZ DE ESA REGIÓN❤❤❤❤❤ MUJERES QUE VOTEN MUJERES QUE TENGAN LIBERTAD DE DECIR Y ESCOGER A QUIEN QUIERA DE ESPOSO MUJERES QUE PUEDAN TRABAJAR MUJERES QUE GANEN MÁS PLATA QUE LOS HOMBRES PORQUE SON MÁS INTELIGENTES SON LOS SERES MÁS INTELIGENTES QUE HAY EN EL PLANETA SON LAS MUJERES FELICITACIONES MUJERES Y LIBRES DE TODAS ESAS COSAS QUE LAS SUBYUGAN Y MALTRATAN❤❤❤❤❤",2026-03-07T16:41:07Z,2026-03-07T16:41:07Z,0,0,youtube,2026-04-05T13:39:39.324743
45J0q2xi7Qk,ElDiaQue,Así era IRÁN Antes De La Revolución Del Ayatollah,es,Alta,UgyS6LZ953AmZ5HmLYN4AaABAg,,0,@socorrobulnes7947,MAGNUS  COMO  SIEMPRE  LA  NARRACIONES  CONCISAS  INTERESANTE  ERES  COMO  CATEDRATICO  DE  HISTORIA  EXITOS.NO  CAMBIES  AQUI  DE  LIMA  PERU🎉 VAMOOOS♾️💯🥳👳‍♂️🥷💣💥,2026-03-07T16:34:39Z,2026-03-07T16:34:39Z,0,0,youtube,2026-04-05T13:39:39.324747
45J0q2xi7Qk,ElDiaQue,Así era IRÁN Antes De La Revolución Del Ayatollah,es,Alta,Ugx3Uj76HnfYFt6rJnt4AaABAg,,0,@MG-eh3ol,Parece Que Trump vino a salvar el undo de su propio exterminio,2026-03-07T16:31:39Z,2026-03-07T16:31:39Z,0,0,youtube,2026-04-05T13:39:39.324751
45J0q2xi7Qk,ElDiaQue,Así era IRÁN Antes De La Revolución Del Ayatollah,es,Alta,Ugx04BHw_GXxZXn7xJ54AaABAg,,0,@polimorfismo2085-zorro,❤❤❤❤ los países que apoyan estos países terroristas❤❤❤ SON PAÍSES TERRORISTAS LOS PAÍSES QUE APOYAN ESTE TIPO DE TEOCRACIA SON PAÍSES TERRORISTAS Y ACABAN CON LA LIBERTAD Y LOS DERECHOS HUMANOS LOS PISOTEAN❤❤❤❤❤ QUÉ SE DIGA DE LAS MUJERES LAS MUJERES EN IRÁN SON MALTRATADAS SUBYUGADAS LAS TRATA MAL LOS HOMBRES SON MALTRATADORES Y A VECES HASTA LAS MATAN❤❤❤❤❤ EN IRÁN❤❤❤ EN IRÁN LAS MUJERES NO VAN A ESTUDIAR NO VAN A LA UNIVERSIDAD Y LA MUJER QUE LO QUIERE HACER LAS MATAN❤❤❤ SUS PROPIOS PADRES LAS VENDEN JOVENCITAS PARA QUE NO ESTUDIAN SINO PARA QUE TENGAN HIJOS SON MALTRATADORES DESDE PEQUEÑOS HAY MUCHOS VIDEOS HAY MUCHAS PELÍCULAS QUE SE MUESTRAN EL MALTRATO A LAS MUJERES❤❤❤❤❤ ES CON EL HECHO QUE ESTAMOS EN EL SIGLO 22 SIGLO XXI SEDE QUE LAS MUJERES NO PUEDAN IR A LA UNIVERSIDAD MIREN EL CASO DE UNA CHICA QUE ESTUVO YENDO A LA UNIDAD A ESTUDIAR Y EL MISMO PAPÁ LA MALTRATABA❤❤🤍💚♥️🤍♥️💚🤍♥️💚💚💚💚❤️❤️❤️🤍🤍🤍,2026-03-07T16:19:17Z,2026-03-07T16:19:17Z,0,0,youtube,2026-04-05T13:39:39.324755
45J0q2xi7Qk,ElDiaQue,Así era IRÁN Antes De La Revolución Del Ayatollah,es,Alta,UgzRF99hmI-Xs6i9D_R4AaABAg,,0,@miryanechavarria8478,ASI ACTUAN LOS  COMUNIZTAS  SÓLO  QUE EL TIEMPO  DEMUESTRA TODO LO CONTRARIO  Y FINALMENTE   TARDÉ  O TEMPRANO  SEVERAN LA CONCECESIAS  DE LOS QUE APOLLAN ALOS MALANDROS PERO  ESO LLEVA  SU TIEMPO  Y MEREN BIEN  CÓMO  SE LLEGA UN PAIS   ALA LARGA  ASU PROPIAS REPRESIÓN  POR  CREEN    EN EL GAÑO POR LO BISTO  HESTAVAN MEJOR ANTES CONTODO SUS LIMITASINES PERO  HESTAVAN MEJOR ANTES ESO PASA CUÁNDO  LOS ESTUPIDOS  VIVEN QUEJANDOCEN  Y ALA LARGA SI NO ESTBAN CONTETOS CON UNA TASITA AHORA  SELES  DA EL DOBLÉ  ALGO ASI ESTA  POR  PASAR A QUI EN COLOMBIA  UN POCO DE ESTUPIDOS  CREYENDO    QUE SEPEDA  LOS ALIBRAR    MEREN Y VEAN PARA DÓNDE  ES QUE ESTOS TORSIDOS PUEDEN ALA LARGA  DESTRUIR  A UN PAIS,2026-03-07T16:18:30Z,2026-03-07T16:18:30Z,0,1,youtube,2026-04-05T13:39:39.324759
45J0q2xi7Qk,ElDiaQue,Así era IRÁN Antes De La Revolución Del Ayatollah,es,Alta,UgzRF99hmI-Xs6i9D_R4AaABAg.AU3F59pXHifAUAFsvu2c8O,UgzRF99hmI-Xs6i9D_R4AaABAg,1,@kimberlyarana6232,¿Te está dando un derrame cerebral o qué?  Mejor vuelve a la escuela porque sangran los ojos al leerte.,2026-03-10T09:40:07Z,2026-03-10T09:40:07Z,0,0,youtube,2026-04-05T13:39:39.324763
45J0q2xi7Qk,ElDiaQue,Así era IRÁN Antes De La Revolución Del Ayatollah,es,Alta,UgwoZx6FD5viEbbE4od4AaABAg,,0,@polimorfismo2085-zorro,❤❤❤ mirar en su país terroristas...😮😮😮😮partamos de este punto de vista que es un país que viola los derechos humanos mata a las personas viola el derecho que tienen las mujeres a ser libres a vestir a ser inteligentes hacer a estudiar en las universidades porque las mujeres allá solamente deben de ser sirvientas de estos asquerosos terroristas❤❤❤❤❤❤ TEOCRACIA ABSOLUTISTA TÚ LO ACABAS DE DECIR ESTÁS AUTOCRACIAS Y ESTAS SON TEOCRACIAS❤❤❤ CÓMO SE QUIERAN LLAMAR TEOCRACIAS AUTOCRACIA SON DICTATORIALES SON DICTADORES QUE ORDENAN AL PUEBLO Y LE QUITAN LA LIBERTAD NO PUEDEN PENSAR NO PUEDEN HACER NADA LAS MUJERES SON LAS SIRVIENTAS DE ESAS TEOCRACIAS❤❤❤ MUJERES SUBYUGADAS POR ESTOS HOMBRES ASQUEROSOS QUE SOLAMENTE LAS UTILIZAN PARA TENERLES HIJOS Y PARA QUE LES LAVEN Y LE TRAPEEN LAS MUJERES EN EL MUNDO DEBEN DE SER LIBRES❤❤❤❤ ADEMÁS SON MUJERES HERMOSAS SON MUJERES QUE TIENEN UNA CARA HERMOSA UN PELO DIVINO NO SE PUEDEN PONER UNA UN ESCOTE NO SE PUEDEN PINTAR LA CARA TIENEN QUE ANDAR CON UN TRAPO NEGRO POR TODAS PARTES QUÉ ES ESTO ESCONDIDAS Y ENTERRADAS COMO SI ESTUVIERAN MUERTAS❤❤❤❤ ESTÁS TEOCRACIAS AUTOCRACIAS COMO LAS QUIERAN LLAMAR😮😮😮😮 SON DICTADURAS SON DICTADURAS QUE VIOLAN LOS DERECHOS HUMANOS QUE ACABAN CON LA LIBERTAD DEL SER HUMANO YA SEA HOMBRES O MUJERES❤❤❤ FELICITACIONES A LAS MUJERES DEL MUNDO QUE SON LIBRES DE HACER LO QUE QUIERA DE IR DONDE QUIERAN DE PONERSE LA ROPA QUE QUIERAN DE MANEJAR DE IR A LA UNIVERSIDAD DE TRABAJAR Y GANAR MÁS PLATA QUE LOS HOMBRES Y NO LAVANDO Y PLANCHANDO COMO ALGUNAS DE ALLÁ TIENEN QUE ESTAR SOLAMENTE VIENDO LOS HIJOS Y FUERA ESO PISOTEADAS POR LOS HOMBRES❤❤❤ VIVAN LAS MUJERES DEL MUNDO LAS QUIERO A TODAS LAS MUJERES DEL MUNDO REVELADAS NO SE DEJEN PISOTEAR POR NADIE 🙂‍↕️🙂‍↕️💚🤍💚💚💚💚💚😐😐😐💙🩵🩵💚🧡🩶🤍🩷🖤🤎💜💜🩵,2026-03-07T16:16:36Z,2026-03-07T16:16:36Z,0,0,youtube,2026-04-05T13:39:39.324767
45J0q2xi7Qk,ElDiaQue,Así era IRÁN Antes De La Revolución Del Ayatollah,es,Alta,Ugx83YJ2mFOVA4UQ6Ph4AaABAg,,0,@MG-eh3ol,Les paso lo de Venezuela tenian todo y earn libres pero no lo sabian,2026-03-07T16:11:18Z,2026-03-07T16:11:18Z,0,0,youtube,2026-04-05T13:39:39.324771
45J0q2xi7Qk,ElDiaQue,Así era IRÁN Antes De La Revolución Del Ayatollah,es,Alta,UgywfJheuoduHO3Qpw14AaABAg,,0,@dilberguerra4384,"Lo que más me sorprende es cómo muchos medios de comunicación difunden información desinformada, tomando como fuente redes sociales como TikTok o comentarios superficiales. Se construye una narrativa simplista en la que Irán aparece como víctima y el “villano” siempre es Israel, cuando en realidad el conflicto es mucho más complejo.

Más allá de la ideología, lo que mueve esta guerra es el dinero y la ambición. La población iraní vivía con mayor tranquilidad antes de que el régimen endureciera su control, y hoy sufre las consecuencias de un sistema que nunca ha trabajado por el bienestar del pueblo, sino por intereses propios. Por eso resulta doloroso ver cómo millones de personas inocentes viven sin derechos fundamentales, atrapadas en un régimen que les niega libertad.

Aclaro que no justifico los abusos de Israel, pero es evidente que allí existe una diferencia significativa en cuanto a derechos y libertades, mientras que en Irán los derechos humanos prácticamente no existen debido al régimen. Esta situación recuerda a lo que ocurre en países como Cuba, donde el sistema comunista ha sofocado las oportunidades y la dignidad de la gente.

En conclusión, el verdadero problema no es la religión ni las creencias, sino los líderes que perpetúan la opresión. El pueblo iraní merece libertad, merece migrar si lo desea y merece vivir con dignidad, lejos de los intereses egoístas de quienes gobiernan.",2026-03-07T15:57:14Z,2026-03-07T15:57:14Z,0,0,youtube,2026-04-05T13:39:39.324775
45J0q2xi7Qk,ElDiaQue,Así era IRÁN Antes De La Revolución Del Ayatollah,es,Alta,Ugw7B2j7kv7ra4TNtgZ4AaABAg,,0,@ceciliacr934,De Guatemala a Guate peor....,2026-03-07T15:51:56Z,2026-03-07T15:51:56Z,0,0,youtube,2026-04-05T13:39:39.324779
45J0q2xi7Qk,ElDiaQue,Así era IRÁN Antes De La Revolución Del Ayatollah,es,Alta,UgwwcgX01pkFWf2UvHZ4AaABAg,,0,@teco1790,I$lam es la religion Que lleva la firma de satanas el Que odia profundamente al humano y esclavisa a ambos musulmanes como a Los Que no lo son parte de esa religion si Caen en las manos de Los musulmanes.,2026-03-07T15:48:33Z,2026-03-07T15:48:33Z,0,0,youtube,2026-04-05T13:39:39.324784
45J0q2xi7Qk,ElDiaQue,Así era IRÁN Antes De La Revolución Del Ayatollah,es,Alta,UgxypdoTA-ABS6ksehd4AaABAg,,0,@Celiamiller2020,Se repite las historia una y otra vez en los pueblos. Salen de un dictador y entran en otro.,2026-03-07T15:41:08Z,2026-03-07T15:41:08Z,0,0,youtube,2026-04-05T13:39:39.324788
45J0q2xi7Qk,ElDiaQue,Así era IRÁN Antes De La Revolución Del Ayatollah,es,Alta,UgyCyuUWWV8x8k2F5_d4AaABAg,,0,@cmorenomaster,LO QUE VEO   EN EL VIDEO  ES ...QUE ALGUIEN ESTABA  DEPRABANDO  AL PUEBLO  IRANI DE  SUS   COSTUMBRES....COMO LO HACEN CON TODO EL MUNDO...Y NO DUDO  QUE  ERA ISRAEL Y EEUU...EMPEZANDO CON SUS CONCIERTOS MUSICALES,2026-03-07T15:37:11Z,2026-03-07T15:37:11Z,0,0,youtube,2026-04-05T13:39:39.324793
45J0q2xi7Qk,ElDiaQue,Así era IRÁN Antes De La Revolución Del Ayatollah,es,Alta,UgzJWkEe1a-8A8a_PN94AaABAg,,0,@miguelnavarrete4248,"Lo mismo que Cuba, los regímenes comunistas y dictaduras son la semilla del mal, destruyendo todo lo que tocan, en su propio beneficio y enriquecimiento, a mayor riqueza, mayor ejército y mayor poder de control, nada es casual, todo esta comprado, amañado y premeditado para un fin, reducir la población mundial y el enriquecimiento de las Élites del poder.",2026-03-07T15:34:24Z,2026-03-07T15:34:24Z,1,0,youtube,2026-04-05T13:39:39.324797
45J0q2xi7Qk,ElDiaQue,Así era IRÁN Antes De La Revolución Del Ayatollah,es,Alta,UgwZ5tUX4d1COQhjETN4AaABAg,,0,@ultraarg6615,"Por eso es mejor pensar en prevenir antes de que pasen estás cosas, a muchos les llaman xenófobos por no permitir que una cultura de origen extranjero se importe en nuestros países. 
Y ojo no todos son iguales Pero uno no es adivino.",2026-03-07T15:33:31Z,2026-03-07T15:33:31Z,7,0,youtube,2026-04-05T13:39:39.324801
45J0q2xi7Qk,ElDiaQue,Así era IRÁN Antes De La Revolución Del Ayatollah,es,Alta,UgxvYgzdc7Yl_ZXLxq14AaABAg,,0,@shahinshamshiri-amirkolai1931,Solo un ignorante llama a la revolición,2026-03-07T15:31:24Z,2026-03-07T15:31:24Z,0,0,youtube,2026-04-05T13:39:39.324805
45J0q2xi7Qk,ElDiaQue,Así era IRÁN Antes De La Revolución Del Ayatollah,es,Alta,UgyQy6f2bv6ZUxqr7LN4AaABAg,,0,@WendyNavarro-t6o,Dios es amor pero este régimen es diabético muy malo sobretodo con las mujeres y niños,2026-03-07T15:30:25Z,2026-03-07T15:30:25Z,0,0,youtube,2026-04-05T13:39:39.324809
45J0q2xi7Qk,ElDiaQue,Así era IRÁN Antes De La Revolución Del Ayatollah,es,Alta,UgwEfBiSuofFFQKJmDh4AaABAg,,0,@samuelinclanbecerra9444,Por eso estoy con irán.,2026-03-07T14:49:20Z,2026-03-07T14:49:20Z,1,0,youtube,2026-04-05T13:39:39.324813
45J0q2xi7Qk,ElDiaQue,Así era IRÁN Antes De La Revolución Del Ayatollah,es,Alta,UgzRtiECixxBZTS41fF4AaABAg,,0,@salvadorsaldana9368,Comflito,2026-03-07T14:42:57Z,2026-03-07T14:42:57Z,0,0,youtube,2026-04-05T13:39:39.324818
45J0q2xi7Qk,ElDiaQue,Así era IRÁN Antes De La Revolución Del Ayatollah,es,Alta,Ugw8ueMPlHEmCdHiHf14AaABAg,,0,@JorgeHendrix-q7s,Que asco de video de propaganda falsa.,2026-03-07T14:29:44Z,2026-03-07T14:29:44Z,0,0,youtube,2026-04-05T13:39:39.324822
45J0q2xi7Qk,ElDiaQue,Así era IRÁN Antes De La Revolución Del Ayatollah,es,Alta,UgzCCwamrIOxo7VzoS94AaABAg,,0,@daviiee_0,Me gustan tus vídeos pero tragarme tres anuncios por cada 5 minutos es pasarse,2026-03-07T14:23:34Z,2026-03-07T14:23:34Z,0,1,youtube,2026-04-05T13:39:39.324826
45J0q2xi7Qk,ElDiaQue,Así era IRÁN Antes De La Revolución Del Ayatollah,es,Alta,UgzCCwamrIOxo7VzoS94AaABAg.AU31wLgUqV6AU40b4f1hIP,UgzCCwamrIOxo7VzoS94AaABAg,1,@Zetita005,Usa breve y ya,2026-03-07T23:31:10Z,2026-03-07T23:31:10Z,0,0,youtube,2026-04-05T13:39:39.324829
45J0q2xi7Qk,ElDiaQue,Así era IRÁN Antes De La Revolución Del Ayatollah,es,Alta,Ugwa5Lv_6XdmgO8XCy54AaABAg,,0,@SL1999,PEOR que el COMUNISMO,2026-03-07T14:15:30Z,2026-03-07T14:15:30Z,0,0,youtube,2026-04-05T13:39:39.324833
45J0q2xi7Qk,ElDiaQue,Así era IRÁN Antes De La Revolución Del Ayatollah,es,Alta,UgwtKqyzLm53XnFLC9Z4AaABAg,,0,@CarMen-ns9rr,"Es un crimen , lo que están haciendo, este par de criminales",2026-03-07T14:15:12Z,2026-03-07T14:15:12Z,0,0,youtube,2026-04-05T13:39:39.324837
45J0q2xi7Qk,ElDiaQue,Así era IRÁN Antes De La Revolución Del Ayatollah,es,Alta,Ugw8OHAnqgUNiTwORFp4AaABAg,,0,@SamaelNc,Seguramente las mujeres serían menos vagabundas jaja,2026-03-07T14:09:06Z,2026-03-07T14:09:06Z,0,0,youtube,2026-04-05T13:39:39.324840
45J0q2xi7Qk,ElDiaQue,Así era IRÁN Antes De La Revolución Del Ayatollah,es,Alta,Ugx7B0gEWmypXAS1_jp4AaABAg,,0,@usiusillo,Conflicto,2026-03-07T14:03:51Z,2026-03-07T14:03:51Z,0,0,youtube,2026-04-05T13:39:39.324844
45J0q2xi7Qk,ElDiaQue,Así era IRÁN Antes De La Revolución Del Ayatollah,es,Alta,UgypxcT1yfMWkjzSMDZ4AaABAg,,0,@polygranja6003,Conflict,2026-03-07T14:00:20Z,2026-03-07T14:00:20Z,0,0,youtube,2026-04-05T13:39:39.324848
45J0q2xi7Qk,ElDiaQue,Así era IRÁN Antes De La Revolución Del Ayatollah,es,Alta,Ugy4W_jKior6Amal3gt4AaABAg,,0,@isaianibalavilameneses1446,"1:09 no lo sé la verdad, y eso que vivo en Venezuela, no entiendo como nuestros mayores tomaron esa decisión tan estúpida",2026-03-07T13:35:32Z,2026-03-07T13:35:32Z,16,1,youtube,2026-04-05T13:39:39.324852
45J0q2xi7Qk,ElDiaQue,Así era IRÁN Antes De La Revolución Del Ayatollah,es,Alta,Ugy4W_jKior6Amal3gt4AaABAg.AU2xRTLIBQDAUDubAYUVcv,Ugy4W_jKior6Amal3gt4AaABAg,1,@serjimbus,"Te prometo todo gratis, te prometo un mundo ideal, hasta que me votas, me hago rico y me da igual todo mientras yo esté bien...
Lo que no entiendo es que si saben que al final acabaran capturados, suicidandose, o asesinados por otros o por los suyos....como puede seguir habiendo lideres así .",2026-03-11T19:42:25Z,2026-03-11T19:42:25Z,3,0,youtube,2026-04-05T13:39:39.324856
45J0q2xi7Qk,ElDiaQue,Así era IRÁN Antes De La Revolución Del Ayatollah,es,Alta,Ugym5xf2zkRS7cwKZEp4AaABAg,,0,@HéctorRicardoLucasPalacios,España pronto será estado islámico sin derechos para nadie y odio hacia las mujeres 😢,2026-03-07T13:29:20Z,2026-03-07T13:29:20Z,1,0,youtube,2026-04-05T13:39:39.324859
45J0q2xi7Qk,ElDiaQue,Así era IRÁN Antes De La Revolución Del Ayatollah,es,Alta,UgyZ3CpzoJ_RNuvPlK54AaABAg,,0,@fabianbolado1266,"Komeini..fué lo más loco..retrógrado mental..que tuvo irán...con posturas comunistas..antidemocrático..que haya existido
Peorrrrrr...que con el Shá R.Palhevi. !!",2026-03-07T13:09:02Z,2026-03-07T13:09:02Z,0,0,youtube,2026-04-05T13:39:39.324863
45J0q2xi7Qk,ElDiaQue,Así era IRÁN Antes De La Revolución Del Ayatollah,es,Alta,UgwN38nOfXaKPgZNb7F4AaABAg,,0,@JoVeZNo,Palabra del Gran Satán o del Pequeño Satán? este video,2026-03-07T13:04:30Z,2026-03-07T13:04:30Z,0,0,youtube,2026-04-05T13:39:39.324867
45J0q2xi7Qk,ElDiaQue,Así era IRÁN Antes De La Revolución Del Ayatollah,es,Alta,UgwrEp6xNwLwvwoQ5tt4AaABAg,,0,@agostinoservalli947,"Hijos de Puta mentirosos sionistas o pagados por los sionistas y los malditos criminales pedofilos gringos, os deseo que se hundan todos al infierno, malditos Satanistas",2026-03-07T13:01:45Z,2026-03-07T13:01:45Z,0,0,youtube,2026-04-05T13:39:39.324871
45J0q2xi7Qk,ElDiaQue,Así era IRÁN Antes De La Revolución Del Ayatollah,es,Alta,UgyTrDnHs3s4O0SZsUR4AaABAg,,0,@anakin-pd7tp,iran esta peor k los nazis,2026-03-07T12:50:37Z,2026-03-07T12:50:37Z,0,0,youtube,2026-04-05T13:39:39.324875
45J0q2xi7Qk,ElDiaQue,Así era IRÁN Antes De La Revolución Del Ayatollah,es,Alta,Ugza-Kij4YrUnPLr8r14AaABAg,,0,@carmengloriamugaastudillo1265,"Libertad, justicia y amor.  Dios existe",2026-03-07T12:44:30Z,2026-03-07T12:44:30Z,2,2,youtube,2026-04-05T13:39:39.324880
45J0q2xi7Qk,ElDiaQue,Así era IRÁN Antes De La Revolución Del Ayatollah,es,Alta,Ugza-Kij4YrUnPLr8r14AaABAg.AU2ran5l2g5AU3DRIVI99D,Ugza-Kij4YrUnPLr8r14AaABAg,1,@fannybow3797,"No, no existe",2026-03-07T16:04:03Z,2026-03-07T16:04:03Z,0,0,youtube,2026-04-05T13:39:39.324884
45J0q2xi7Qk,ElDiaQue,Así era IRÁN Antes De La Revolución Del Ayatollah,es,Alta,Ugza-Kij4YrUnPLr8r14AaABAg.AU2ran5l2g5AU5a5vqMfTK,Ugza-Kij4YrUnPLr8r14AaABAg,1,@giurqqaas,"​@fannybow3797si, si existe",2026-03-08T14:09:20Z,2026-03-08T14:09:20Z,0,0,youtube,2026-04-05T13:39:39.324887
45J0q2xi7Qk,ElDiaQue,Así era IRÁN Antes De La Revolución Del Ayatollah,es,Alta,Ugz_wvTce8IL_UxD8bd4AaABAg,,0,@socialsocial8350,"Hay un montón de similitudes con Venezuela, no solo con el tema de la llegada al poder de los regímenes tiranos/criminales. Es que cuando tenia la bonanza petrolera fue la misma vaina, derroche de dinero en manos de unos pocos, cuando la gran mayoría vivía en pobreza extrema.",2026-03-07T12:33:37Z,2026-03-07T12:33:37Z,0,0,youtube,2026-04-05T13:39:39.324891
45J0q2xi7Qk,ElDiaQue,Así era IRÁN Antes De La Revolución Del Ayatollah,es,Alta,UgypUiny9DCWYUqsdCZ4AaABAg,,0,@labendecida7440,Eso pasa cuando le dejas decisiones a  los hombres que se sienten amenazados por las mujeres . Cuando la mujer debería ser la columna del hombre .,2026-03-07T12:32:06Z,2026-03-07T12:32:06Z,0,0,youtube,2026-04-05T13:39:39.324895
45J0q2xi7Qk,ElDiaQue,Así era IRÁN Antes De La Revolución Del Ayatollah,es,Alta,UgxI9qmb1trGqef_PHd4AaABAg,,0,@NormaOrellana-y7r,"Los hombres Iranies deben cambiar el trato a sus mujeres, madre, abuela, esposa, hija, hermana, estan rodeados de mujeres y siempre lo estaran,, ""hombres""piensen un poquito uds nacen de una mujer, que los cuida, no traten a sus esposas como esclavas por que ellas tambien cuida de uds, amen a sus hijas, solo asi en Iran habran cambios reales,, respeto y amor entre uds",2026-03-07T12:29:25Z,2026-03-07T12:29:25Z,1,2,youtube,2026-04-05T13:39:39.324899
45J0q2xi7Qk,ElDiaQue,Así era IRÁN Antes De La Revolución Del Ayatollah,es,Alta,UgxI9qmb1trGqef_PHd4AaABAg.AU2ps9xjm40AU3CoKT6YxF,UgxI9qmb1trGqef_PHd4AaABAg,1,@fannybow3797,Wow tu comentario hizo que no pasara nada,2026-03-07T15:58:35Z,2026-03-07T15:58:35Z,0,0,youtube,2026-04-05T13:39:39.324903
45J0q2xi7Qk,ElDiaQue,Así era IRÁN Antes De La Revolución Del Ayatollah,es,Alta,UgxI9qmb1trGqef_PHd4AaABAg.AU2ps9xjm40AU3Cr_obKBj,UgxI9qmb1trGqef_PHd4AaABAg,1,@fannybow3797,Debes entender que tus palabras de amor no sirven de nada en contra de las armas,2026-03-07T15:59:02Z,2026-03-07T15:59:02Z,0,0,youtube,2026-04-05T13:39:39.324906
45J0q2xi7Qk,ElDiaQue,Así era IRÁN Antes De La Revolución Del Ayatollah,es,Alta,Ugw-kyLWMKALTfsyDYB4AaABAg,,0,@ElviaRosaliaPulido,La Envidia comunista destruye todo lo bello y armonioso😢,2026-03-07T12:23:22Z,2026-03-07T12:23:22Z,2,1,youtube,2026-04-05T13:39:39.324910
45J0q2xi7Qk,ElDiaQue,Así era IRÁN Antes De La Revolución Del Ayatollah,es,Alta,Ugw-kyLWMKALTfsyDYB4AaABAg.AU2pB01AV9kAU3rpYScPcj,Ugw-kyLWMKALTfsyDYB4AaABAg,1,@maritzarecillas9275,No sabes ni que es el comunismo,2026-03-07T22:05:46Z,2026-03-07T22:05:46Z,0,0,youtube,2026-04-05T13:39:39.324915
45J0q2xi7Qk,ElDiaQue,Así era IRÁN Antes De La Revolución Del Ayatollah,es,Alta,UgyO963lI7xXi_uTbbp4AaABAg,,0,@Yes56833,"era el burdel de medio oriente de los estados unidos, porque no lo dices bien!!!",2026-03-07T12:17:12Z,2026-03-07T12:17:12Z,2,0,youtube,2026-04-05T13:39:39.324919
45J0q2xi7Qk,ElDiaQue,Así era IRÁN Antes De La Revolución Del Ayatollah,es,Alta,UgyOzZiZLNl2TEnowqB4AaABAg,,0,@JuanCarlos-xc9rg,Cuerpo  de las mujeres no es motivo de vergüenza 😡 👇 🤦  ni odio  😡 🤦 😒 😑 🙄 🤷 😡  dios.hizo mujer bonita interesante.sexualmente  espiritualmente,2026-03-07T11:16:32Z,2026-03-07T11:16:32Z,1,0,youtube,2026-04-05T13:39:39.324923
45J0q2xi7Qk,ElDiaQue,Así era IRÁN Antes De La Revolución Del Ayatollah,es,Alta,UgyrxXhslXsv6HTDd6J4AaABAg,,0,@Froilan-Herrera,Conflicto,2026-03-07T11:15:08Z,2026-03-07T11:15:08Z,0,0,youtube,2026-04-05T13:39:39.324927
45J0q2xi7Qk,ElDiaQue,Así era IRÁN Antes De La Revolución Del Ayatollah,es,Alta,Ugyhy_Vhx3gmOq4bXaJ4AaABAg,,0,@el0maity,Increíble como los kukas defienden a esos hdp,2026-03-07T11:02:08Z,2026-03-07T11:02:15Z,0,0,youtube,2026-04-05T13:39:39.324931
45J0q2xi7Qk,ElDiaQue,Así era IRÁN Antes De La Revolución Del Ayatollah,es,Alta,UgyHmcZ7kh1CZ2x8b1t4AaABAg,,0,@TheStudent19,¡¡¡MUY BUENO!!!     ¡¡¡Un GRAN documental!!!   ¡¡¡FELICITACIONES!!! 👏🏻👏🏻👏🏻👏🏻👏🏻👏🏻👏🏻👏🏻👏🏻👏🏻👏🏻👏🏻👏🏻👏🏻,2026-03-07T09:54:59Z,2026-03-07T09:54:59Z,2,0,youtube,2026-04-05T13:39:39.324935
45J0q2xi7Qk,ElDiaQue,Así era IRÁN Antes De La Revolución Del Ayatollah,es,Alta,Ugzsk5W80Uo_6-nBun14AaABAg,,0,@unetablepourdeuxpersonness6134,"1968 FUE EL AÑO DE LAS MASACRES A LA JUVENTUD EN TODO EL MUNDO Y CURIOSAMENTE JUEGOS OLIMPICOS Y PAZ , FUE UNA LOCURA 1968",2026-03-07T09:24:51Z,2026-03-07T09:24:51Z,0,0,youtube,2026-04-05T13:39:39.324939
45J0q2xi7Qk,ElDiaQue,Así era IRÁN Antes De La Revolución Del Ayatollah,es,Alta,UgzaI-g1inKz3A1CnU54AaABAg,,0,@unetablepourdeuxpersonness6134,"NUNCA MEZCLAR RELIGIÓN CON POLITICA ES LA CLAVE , DEBE COPIAR IRAN A INGLATERRA CON EL HIJO DEL SHA , SOLO ASI HABRA PAZ Y CRECIMIENTO.",2026-03-07T09:22:11Z,2026-03-07T09:22:11Z,1,0,youtube,2026-04-05T13:39:39.324943
45J0q2xi7Qk,ElDiaQue,Así era IRÁN Antes De La Revolución Del Ayatollah,es,Alta,UgydvVcZuaGQCvsEeY54AaABAg,,0,@GregorioMario,Ningún país en la tierra tiene derecho a quitarles la libertad a las mujeres y el derecho de como deben vivir en pleno siglo 21 por culpa de un dictador miserable h... Pta terrorista bien EEUU Dios los bendiga. AMÉN. Gracias.,2026-03-07T08:33:36Z,2026-03-07T08:33:36Z,1,0,youtube,2026-04-05T13:39:39.324947
45J0q2xi7Qk,ElDiaQue,Así era IRÁN Antes De La Revolución Del Ayatollah,es,Alta,UgyccFHmUW_a4z3QQyB4AaABAg,,0,@eduardomendoza9037,La tal usà mata a más de 100 mil personas cada año con el famoso fenta que les cayó como anillo al dedo para controlar y reducir la población.,2026-03-07T07:17:40Z,2026-03-07T07:17:40Z,1,0,youtube,2026-04-05T13:39:39.324951
45J0q2xi7Qk,ElDiaQue,Así era IRÁN Antes De La Revolución Del Ayatollah,es,Alta,UgyCpMJTyxelCl6gfh14AaABAg,,0,@Rubn47,En el 14:12 la IA se puso loca e hizo que se besaran los dos pibes XD,2026-03-07T07:07:05Z,2026-03-07T07:07:05Z,0,0,youtube,2026-04-05T13:39:39.324955
45J0q2xi7Qk,ElDiaQue,Así era IRÁN Antes De La Revolución Del Ayatollah,es,Alta,UgwO1iwWTxP3mjB6N6J4AaABAg,,0,@sandratorres5360,"Viejo maldito, q robo a su pueblo millones de millones,lavando dinero en España.",2026-03-07T05:13:57Z,2026-03-07T05:13:57Z,1,0,youtube,2026-04-05T13:39:39.324959
45J0q2xi7Qk,ElDiaQue,Así era IRÁN Antes De La Revolución Del Ayatollah,es,Alta,Ugza138FUPougTXPIrJ4AaABAg,,0,@Fammilia,No hay neuronas cuando cagas palo conociendo el resultado.😢,2026-03-07T04:45:18Z,2026-03-07T04:45:18Z,0,0,youtube,2026-04-05T13:39:39.324963
45J0q2xi7Qk,ElDiaQue,Así era IRÁN Antes De La Revolución Del Ayatollah,es,Alta,UgxujrrS75P-lSsCEJB4AaABAg,,0,@carlosmontalban687,"Anda, como que la policía del Sha no reprimía el país y asesinaba gente. La SAVAK fue creada en 1957 con ayuda significativa de la CIA (Estados Unidos) y el Mossad (Israel) para entrenar y organizar su estructura. Operó hasta la Revolución Islámica de 1979, cuando fue disuelta (aunque algunos de sus elementos fueron absorbidos o reestructurados en el nuevo régimen).
La SAVAK era notoria por su brutalidad: vigilancia masiva, arrestos arbitrarios, torturas sistemáticas, ejecuciones y represión de cualquier oposición política (comunistas, islamistas, liberales, etc.). Se convirtió en uno de los símbolos más odiados del régimen del Sha y contribuyó enormemente al descontento popular que llevó a su caída.",2026-03-07T04:28:13Z,2026-03-07T04:28:13Z,1,0,youtube,2026-04-05T13:39:39.324967
45J0q2xi7Qk,ElDiaQue,Así era IRÁN Antes De La Revolución Del Ayatollah,es,Alta,UgxdODqyPhYoXMfcUtZ4AaABAg,,0,@luzhelenarestrepo80,"ESE REZA PABLEVI ,EL SHA,FUE UN DICTADOR,CORRUPTO!!!😢😢😢TAMPOCO HIZO NADA X EL PUEBLO!?!😢😢😢😢",2026-03-07T03:56:45Z,2026-03-07T03:56:45Z,0,0,youtube,2026-04-05T13:39:39.324970
45J0q2xi7Qk,ElDiaQue,Así era IRÁN Antes De La Revolución Del Ayatollah,es,Alta,UgxKdDI7L1uZm78intN4AaABAg,,0,@cintiabelucci7833,Conflicto! Gracias ❤,2026-03-07T03:34:37Z,2026-03-07T03:34:37Z,0,0,youtube,2026-04-05T13:39:39.324974
45J0q2xi7Qk,ElDiaQue,Así era IRÁN Antes De La Revolución Del Ayatollah,es,Alta,UgxXbfKsVE_G8EUhY7J4AaABAg,,0,@nazaretanderson,"Faltaron varias cosas. La intervención inglesa La embajada de USA era un cuartel de la CIA. Quedó como museo . Era enorme y dedicada al espionaje. La CIA siempre estuvo involucrada en Irán y hace bastante el Mossad y los ingleses con la Britsh Petroleum. El Sha era un déspota. La pena de muerte también existía y se aplicaba durante el reinado de Mohammad Reza Pahlavi (1941-1979) en Irán. Era utilizada por el régimen monárquico como herramienta de represión contra opositores políticos, comunistas y disidentes, particularmente a través de la policía secreta SAVAK, antes de la Revolución. No es real que todas las mujeres se vistan de negro, eso lo pueden comprobar acá mismo , con Youtubers que han estado allí.",2026-03-07T03:23:48Z,2026-03-07T03:23:48Z,3,0,youtube,2026-04-05T13:39:39.324978
45J0q2xi7Qk,ElDiaQue,Así era IRÁN Antes De La Revolución Del Ayatollah,es,Alta,UgzgIsHGdZcvBwy4fMd4AaABAg,,0,@Un_error_en_la_matrix,"Pasó lo que siempre pasa, ""quitan un régimen"", pero solo para instaurar el suyo.",2026-03-07T03:08:55Z,2026-03-07T03:08:55Z,131,9,youtube,2026-04-05T13:39:40.091047
45J0q2xi7Qk,ElDiaQue,Así era IRÁN Antes De La Revolución Del Ayatollah,es,Alta,UgzgIsHGdZcvBwy4fMd4AaABAg.AU1pj4Kn-HNAU3VqDV3SQ_,UgzgIsHGdZcvBwy4fMd4AaABAg,1,@Billij036,"Ya, pero la verdad prefiero vivir en Puerto Rico q en Irán",2026-03-07T18:44:52Z,2026-03-07T18:44:52Z,6,0,youtube,2026-04-05T13:39:40.091070
45J0q2xi7Qk,ElDiaQue,Así era IRÁN Antes De La Revolución Del Ayatollah,es,Alta,UgzgIsHGdZcvBwy4fMd4AaABAg.AU1pj4Kn-HNAU3at2NxgEy,UgzgIsHGdZcvBwy4fMd4AaABAg,1,@angelsoto1475,@Billij036 En la llamada isla de basura flotante? Conste que son los republicanos los que le llaman así,2026-03-07T19:37:41Z,2026-03-07T19:37:41Z,2,0,youtube,2026-04-05T13:39:40.091075
45J0q2xi7Qk,ElDiaQue,Así era IRÁN Antes De La Revolución Del Ayatollah,es,Alta,UgzgIsHGdZcvBwy4fMd4AaABAg.AU1pj4Kn-HNAU3lUDZw97Y,UgzgIsHGdZcvBwy4fMd4AaABAg,1,@leandrosotelolobos1496,@angelsoto1475 pues yo prefiero vivir en Venezuela antes que Cuba o Iran,2026-03-07T21:10:17Z,2026-03-07T21:10:17Z,3,0,youtube,2026-04-05T13:39:40.091079
45J0q2xi7Qk,ElDiaQue,Así era IRÁN Antes De La Revolución Del Ayatollah,es,Alta,UgzgIsHGdZcvBwy4fMd4AaABAg.AU1pj4Kn-HNAU3lbBxs1bJ,UgzgIsHGdZcvBwy4fMd4AaABAg,1,@leandrosotelolobos1496,@angelsoto1475 o puede que incluso prefiera mejor vivir en Cuba antes que Iran,2026-03-07T21:11:22Z,2026-03-07T21:11:22Z,3,0,youtube,2026-04-05T13:39:40.091083
45J0q2xi7Qk,ElDiaQue,Así era IRÁN Antes De La Revolución Del Ayatollah,es,Alta,UgzgIsHGdZcvBwy4fMd4AaABAg.AU1pj4Kn-HNAULNov7oQf4,UgzgIsHGdZcvBwy4fMd4AaABAg,1,@iris1189,VAN A DAR EL PODER AL PUEBLO VE BURRRO,2026-03-14T17:21:07Z,2026-03-14T17:21:07Z,0,0,youtube,2026-04-05T13:39:40.091086
45J0q2xi7Qk,ElDiaQue,Así era IRÁN Antes De La Revolución Del Ayatollah,es,Alta,UgzhFHFOjVD6OzsX3Zh4AaABAg,,0,@VasquezDocumental,Cambiaste de editor??,2026-03-07T02:48:06Z,2026-03-07T02:48:06Z,0,0,youtube,2026-04-05T13:39:40.091092
45J0q2xi7Qk,ElDiaQue,Así era IRÁN Antes De La Revolución Del Ayatollah,es,Alta,UgxGQd-ceyuhA8hdirV4AaABAg,,0,@lat9540,Básicamente iran paso de una Monarquía dictactorial a una Teocracia Dictatorial,2026-03-07T02:45:43Z,2026-03-07T02:45:43Z,0,0,youtube,2026-04-05T13:39:40.091097
45J0q2xi7Qk,ElDiaQue,Así era IRÁN Antes De La Revolución Del Ayatollah,es,Alta,Ugy9i0TdN1q2ctfODxJ4AaABAg,,0,@legendssaiyanblue,5:23 Ese momento fue dónde en verdad se jodio Irán.,2026-03-07T02:45:31Z,2026-03-07T02:45:31Z,0,0,youtube,2026-04-05T13:39:40.091101
45J0q2xi7Qk,ElDiaQue,Así era IRÁN Antes De La Revolución Del Ayatollah,es,Alta,UgyCMttMf1Pqdm1L0tV4AaABAg,,0,@nosferatuyt,Error haber liberado a Khomeini en el 74... debieron ejecutarlo.,2026-03-07T02:21:06Z,2026-03-07T02:21:06Z,0,0,youtube,2026-04-05T13:39:40.091106
45J0q2xi7Qk,ElDiaQue,Así era IRÁN Antes De La Revolución Del Ayatollah,es,Alta,UgwiyElHt_-XGVTvd3F4AaABAg,,0,@happymary61524,Conflicto,2026-03-07T02:20:56Z,2026-03-07T02:20:56Z,0,0,youtube,2026-04-05T13:39:40.091110
45J0q2xi7Qk,ElDiaQue,Así era IRÁN Antes De La Revolución Del Ayatollah,es,Alta,UgyavzKipt1lL8ZGUlF4AaABAg,,0,@00202nd,"Por eso se cubren, porque la belleza de la mujer es de origen divino, por eso para los hombres es difícil no mirar hasta de reojo mujeres, lo traen en su instinto. El hecho que se cubran es protección y respeto hacia ellas mismas. Ahora mira occidente: tanto liberalismo y mujer empoderada que hasta protestando desnudas salen a la calle... y los hombres felices y luego éstas mujeres siguen más resentidas que nunca, porque ya se perdió el respeto al cuerpo de la mujer, partiendo por ellas mismas",2026-03-07T02:20:14Z,2026-03-07T02:20:14Z,0,2,youtube,2026-04-05T13:39:40.091114
45J0q2xi7Qk,ElDiaQue,Así era IRÁN Antes De La Revolución Del Ayatollah,es,Alta,UgyavzKipt1lL8ZGUlF4AaABAg.AU1k9YLxTKcAU1ohtV7KT2,UgyavzKipt1lL8ZGUlF4AaABAg,1,@lat9540,"Si, el problema vienr que las consecuencias de quitarse ese velo es el arresto o la muerte",2026-03-07T03:00:01Z,2026-03-07T03:00:01Z,0,0,youtube,2026-04-05T13:39:40.091118
45J0q2xi7Qk,ElDiaQue,Así era IRÁN Antes De La Revolución Del Ayatollah,es,Alta,UgyavzKipt1lL8ZGUlF4AaABAg.AU1k9YLxTKcAU2SsOFow9y,UgyavzKipt1lL8ZGUlF4AaABAg,1,@Carocaro-w9s,😂😂😂😂😂,2026-03-07T08:59:43Z,2026-03-07T08:59:43Z,0,0,youtube,2026-04-05T13:39:40.091122
45J0q2xi7Qk,ElDiaQue,Así era IRÁN Antes De La Revolución Del Ayatollah,es,Alta,Ugz437XGVTTTfcqPMwR4AaABAg,,0,@CarlosFlores-i7i,Tu que hiciste este video sesgado sobre irán estados unidos no es la verdadera democracia que pensas sobre tu presidente loco matando su pueblo viejo n ICE invasión de países como venezuela con inventos jodiendo a cuba y ahora jodiendo a Irán.se creen los dueños y policías del mundo y son no las los piratas del mundo moderno los de la falsa democracia matones y ladrones que te pasa boludo.,2026-03-07T02:11:31Z,2026-03-07T02:11:31Z,1,0,youtube,2026-04-05T13:39:40.091126
45J0q2xi7Qk,ElDiaQue,Así era IRÁN Antes De La Revolución Del Ayatollah,es,Alta,Ugw2c0Nq6h1UxSOgYZx4AaABAg,,0,@santiagocarrillovalera2840,EL ÚNICO QUE JUZGA SE LLAMA DIOS EN EL NOMBRE DE NUESTRO SEÑOR JESUCRISTO Y EL ESPIRITU SANTO AMÉN AMÉN Y AMÉN,2026-03-07T02:00:26Z,2026-03-07T02:00:26Z,0,0,youtube,2026-04-05T13:39:40.091131
45J0q2xi7Qk,ElDiaQue,Así era IRÁN Antes De La Revolución Del Ayatollah,es,Alta,Ugy2UTSH7_rO0g5o0u94AaABAg,,0,@Billij036,De aquí a 50 años se hará un video así sobre Europa,2026-03-07T01:56:30Z,2026-03-07T01:56:30Z,94,7,youtube,2026-04-05T13:39:40.091135
45J0q2xi7Qk,ElDiaQue,Así era IRÁN Antes De La Revolución Del Ayatollah,es,Alta,Ugy2UTSH7_rO0g5o0u94AaABAg.AU1hRcj0ROzAU4IaTXDfj7,Ugy2UTSH7_rO0g5o0u94AaABAg,1,@doloresrojasperez665,Sin duda,2026-03-08T02:08:22Z,2026-03-08T02:08:22Z,8,0,youtube,2026-04-05T13:39:40.091140
45J0q2xi7Qk,ElDiaQue,Así era IRÁN Antes De La Revolución Del Ayatollah,es,Alta,Ugy2UTSH7_rO0g5o0u94AaABAg.AU1hRcj0ROzAU4KNG47TVz,Ugy2UTSH7_rO0g5o0u94AaABAg,1,@firielcasselius4033,"Y los jovenes de esa epoca maldeciran a sus padres y abuelos cobardes y buenistas, que vendieron el continente y su futuro al islam.",2026-03-08T02:23:54Z,2026-03-08T02:23:54Z,24,0,youtube,2026-04-05T13:39:40.091145
45J0q2xi7Qk,ElDiaQue,Así era IRÁN Antes De La Revolución Del Ayatollah,es,Alta,Ugy2UTSH7_rO0g5o0u94AaABAg.AU1hRcj0ROzAUB8IT5uDj_,Ugy2UTSH7_rO0g5o0u94AaABAg,1,@illarisoqtachinchaysulca6553,"@firielcasselius4033 claro,imbecil,nada tiene que ver con el hecho de que fue europa quien hizo mierda medio oriente,no?",2026-03-10T17:53:05Z,2026-03-10T17:53:05Z,0,0,youtube,2026-04-05T13:39:40.091149
45J0q2xi7Qk,ElDiaQue,Así era IRÁN Antes De La Revolución Del Ayatollah,es,Alta,Ugy2UTSH7_rO0g5o0u94AaABAg.AU1hRcj0ROzAUDsXTq6Z20,Ugy2UTSH7_rO0g5o0u94AaABAg,1,@takunitz,"​​@firielcasselius4033 europa ya dejó de ser algo referente.

Es muy débil y está más desorganizado, todo le tienen que pedir permiso a EEUU.",2026-03-11T19:24:18Z,2026-03-11T19:24:51Z,5,0,youtube,2026-04-05T13:39:40.091153
45J0q2xi7Qk,ElDiaQue,Así era IRÁN Antes De La Revolución Del Ayatollah,es,Alta,Ugy2UTSH7_rO0g5o0u94AaABAg.AU1hRcj0ROzAULOCrobZaQ,Ugy2UTSH7_rO0g5o0u94AaABAg,1,@iris1189,LAS EUROPEAS CON BURKA 😂😂😂😂😂😂😂😂,2026-03-14T17:24:32Z,2026-03-14T17:24:32Z,0,0,youtube,2026-04-05T13:39:40.091157
45J0q2xi7Qk,ElDiaQue,Así era IRÁN Antes De La Revolución Del Ayatollah,es,Alta,UgyV8IgckrABOEA0E9F4AaABAg,,0,@Candycandy-l3x,De pende a que le llaman libertad. En los estados unidos la libertada la tiene el gobierno para hacer lo que quiera incluso des vivir ciudadanos,2026-03-07T01:49:24Z,2026-03-07T01:49:24Z,2,0,youtube,2026-04-05T13:39:40.091161
45J0q2xi7Qk,ElDiaQue,Así era IRÁN Antes De La Revolución Del Ayatollah,es,Alta,UgzOmLq2wPpUklNg6U94AaABAg,,0,@MartinMartinez-j3c,Y COMO ERAN LOS EEUU ANTES DEL TRUMPETAS Y SUS GUERRAS?????????,2026-03-07T01:42:40Z,2026-03-07T01:42:40Z,0,0,youtube,2026-04-05T13:39:40.091166
45J0q2xi7Qk,ElDiaQue,Así era IRÁN Antes De La Revolución Del Ayatollah,es,Alta,Ugxrovq1oeDDLYywAgN4AaABAg,,0,@arlexdavidlopezrestrepo154,Osea que occidente nos vende la idea de que la forma ideal de vida es la de aquí de occidente  osea que ninguna mujer se siente bien estando asi no lo creo no creo que todas las mujeres en el mundo diga que la felicidad y la libertad es andar en bola por la calle creo que juzgamos con el racero con el contamos y pensamos que lo que vemos bueno nosotros es lo correcto para todo el mundo somos impostores tal como nos lo ha enseñado el tío sam que lo de eeuu es el modelo ideal la perfección no lo creo no lo creo y no lo creeré nunca,2026-03-07T01:29:42Z,2026-03-07T01:29:42Z,0,0,youtube,2026-04-05T13:39:40.091170
45J0q2xi7Qk,ElDiaQue,Así era IRÁN Antes De La Revolución Del Ayatollah,es,Alta,UgxqT7TYZhpf7o-nKAp4AaABAg,,0,@jhonnyrts54,y pensar que hay muchos hombres que tienen ese pensamiendo extremista de ser purita con las mujeres,2026-03-07T01:28:26Z,2026-03-07T01:28:26Z,0,0,youtube,2026-04-05T13:39:40.091174
45J0q2xi7Qk,ElDiaQue,Así era IRÁN Antes De La Revolución Del Ayatollah,es,Alta,UgzzTCWAglqP5V0rzHp4AaABAg,,0,@Erwinharold,"eso es la izquierda, y lo que fomentan",2026-03-07T01:24:15Z,2026-03-07T01:24:15Z,0,0,youtube,2026-04-05T13:39:40.091178
45J0q2xi7Qk,ElDiaQue,Así era IRÁN Antes De La Revolución Del Ayatollah,es,Alta,UgxuKusxhpOXF0h4mpR4AaABAg,,0,@2881ale,"El problema venía desde el primer Shá de Persia y su hijo Reza Pahlavi se engrandeció y hasta ninguneo a EE.UU que lo había mantenido en el poder y entonces los extremistas religiosos tomaron el poder, mintiendo.",2026-03-07T01:08:21Z,2026-03-07T01:08:21Z,0,0,youtube,2026-04-05T13:39:40.091182
45J0q2xi7Qk,ElDiaQue,Así era IRÁN Antes De La Revolución Del Ayatollah,es,Alta,Ugy0pq6cV4pMQKR1q194AaABAg,,0,@The0001JAIR,Hola magnun mefisto cuando haces un video sobre el tiroteo en Canadá me interesa mucho eso de los tiroteos en las escuelas,2026-03-07T01:02:55Z,2026-03-07T01:02:55Z,0,0,youtube,2026-04-05T13:39:40.091187
45J0q2xi7Qk,ElDiaQue,Así era IRÁN Antes De La Revolución Del Ayatollah,es,Alta,UgzJF7_sjEprFsg7NCF4AaABAg,,0,@misaelcastillo1421,Conflicto,2026-03-07T00:47:27Z,2026-03-07T00:47:27Z,0,0,youtube,2026-04-05T13:39:40.091191
45J0q2xi7Qk,ElDiaQue,Así era IRÁN Antes De La Revolución Del Ayatollah,es,Alta,UgyNSyyIbuV0-Ax-9_54AaABAg,,0,@almagaray4458,Conflicto,2026-03-07T00:45:51Z,2026-03-07T00:45:51Z,0,0,youtube,2026-04-05T13:39:40.091195
45J0q2xi7Qk,ElDiaQue,Así era IRÁN Antes De La Revolución Del Ayatollah,es,Alta,UgzzwKqBGGsrCYee5vJ4AaABAg,,0,@jennycardiel1701,El trom  y Satanjajuy  e Israel y sionistas se quieren apoderar de el mundo y eliminar  a casi todos y solo vivan los pedófilos y  muchos esclavos con estos locos trompistas estamos al borde de el colapso mundial. Ya vimos como mataron por órdenes de el trom a más de 180 niñas en IRAN. Lo que quiere el trompas es el petróleo y poner a  sus gobernadores titeres,2026-03-07T00:38:07Z,2026-03-07T00:38:07Z,0,0,youtube,2026-04-05T13:39:40.091199
45J0q2xi7Qk,ElDiaQue,Así era IRÁN Antes De La Revolución Del Ayatollah,es,Alta,UgwfEZG35HWDPkj8QMl4AaABAg,,0,@jennycardiel1701,Iran❤❤❤❤❤,2026-03-07T00:32:50Z,2026-03-07T00:32:50Z,0,0,youtube,2026-04-05T13:39:40.091203
45J0q2xi7Qk,ElDiaQue,Así era IRÁN Antes De La Revolución Del Ayatollah,es,Alta,UgxYCoALG6VNV8cVl8V4AaABAg,,0,@javierrl7575,"-Monarquías puliendo el dinero de los impuestos en festines.
-Imperialismo británico, estadounidense y soviético.
-Policias asesinando opositores y con Israel de por medio.
-Dictaduras teocrática con represión a homosexuales entre otros...
Pero para muchos los malos son ""los zurdos"", ""progres"" ""feministas""que supuestamente apoyan al ayatola.. 😐 Así nos va al mundo hispano 😔",2026-03-07T00:23:26Z,2026-03-07T00:23:26Z,0,0,youtube,2026-04-05T13:39:40.091208
45J0q2xi7Qk,ElDiaQue,Así era IRÁN Antes De La Revolución Del Ayatollah,es,Alta,UgygR9iKTypNIT17zPl4AaABAg,,0,@GustavoAlejandroVargas-o2b,El problema del shah fue que no hizo desaparecer a la víbora de Khomeini en vez de mandarlo al exilio. Hoy serian una superpotencia.,2026-03-06T23:56:52Z,2026-03-06T23:56:52Z,0,0,youtube,2026-04-05T13:39:40.091212
45J0q2xi7Qk,ElDiaQue,Así era IRÁN Antes De La Revolución Del Ayatollah,es,Alta,UgzToAaqvxMvn4TnvLV4AaABAg,,0,@ruthramirez2628,conflicto,2026-03-06T23:50:04Z,2026-03-06T23:50:04Z,0,0,youtube,2026-04-05T13:39:40.091216
45J0q2xi7Qk,ElDiaQue,Así era IRÁN Antes De La Revolución Del Ayatollah,es,Alta,UgyrvYqr1x2wT-IjIAZ4AaABAg,,0,@JamesYañez-t5j,Como pudo qe esos desgraciados llegaron a ese estado tirano,2026-03-06T23:48:29Z,2026-03-06T23:48:29Z,0,0,youtube,2026-04-05T13:39:40.091220
45J0q2xi7Qk,ElDiaQue,Así era IRÁN Antes De La Revolución Del Ayatollah,es,Alta,Ugw2ysgme8SzqSJPM8p4AaABAg,,0,@cristinamiricasafciu6806,Conflicto,2026-03-06T23:45:21Z,2026-03-06T23:45:21Z,0,0,youtube,2026-04-05T13:39:40.091224
45J0q2xi7Qk,ElDiaQue,Así era IRÁN Antes De La Revolución Del Ayatollah,es,Alta,UgxYGco-js7Z6y7y4954AaABAg,,0,@elfisgonciego3918,"Somos Occidente, nos guste o no. Nuestras bases están asentadas en la cultura de la antigüa Grecia y Roma. (Artes, musica, arquitectura, democracia, gastronomía, etc) A mi me encanta. Somos consumistas, Somos católicos, cristianos, ateos, agnósticos o judíos, nos guste o no. A mi me gusta... A muchos parece que no. La ideología estupida de izquierda incrustada en las mentes de millones, anti USA y antisemita. culpas de gobiernos hipócritas (líderes millonarios) y pseudosocialistas que llevaron a la ruina a muchos en Latam. 
Acá tuvimos uno del 2003 al 2015. Les doy a elegir, vivir en USA o en esos países islámicos fanáticos, sin democracia y llevar a sus esposas o hijas. 
Y eso no me lleva para nada a defender la política exterior de USA o el estado de Israel que no para de masacrar pueblos y tirar bombas. No mezclar judaísmo con sionismo. Otro error que se suele cometer.",2026-03-06T23:41:23Z,2026-03-06T23:48:25Z,0,0,youtube,2026-04-05T13:39:40.091229
45J0q2xi7Qk,ElDiaQue,Así era IRÁN Antes De La Revolución Del Ayatollah,es,Alta,UgwkkQbaDW2244cu-WV4AaABAg,,0,@rodrigogin735,ISLAMISMO + MARXIMO= LOCURA TOTAL😢,2026-03-06T23:38:44Z,2026-03-06T23:38:44Z,0,0,youtube,2026-04-05T13:39:40.091233
45J0q2xi7Qk,ElDiaQue,Así era IRÁN Antes De La Revolución Del Ayatollah,es,Alta,UgwMtrT0gAMf2YiwNDp4AaABAg,,0,@TheGosttheRain,"El mal que le hicieron estos monstruos a ""su país"" Irán! Ojalá Irán vuelva a ser libre como Turquía y como occidente.",2026-03-06T23:38:16Z,2026-03-06T23:38:16Z,0,0,youtube,2026-04-05T13:39:40.091237
45J0q2xi7Qk,ElDiaQue,Así era IRÁN Antes De La Revolución Del Ayatollah,es,Alta,Ugz5_-gAKquJpFyoozB4AaABAg,,0,@SyntheticBoy,"El islam es el veneno del pueblo... al igual que todas las religiones, ojala que algun dia haya un mundo ateo.",2026-03-06T23:23:40Z,2026-03-06T23:23:40Z,0,0,youtube,2026-04-05T13:39:40.091242
45J0q2xi7Qk,ElDiaQue,Así era IRÁN Antes De La Revolución Del Ayatollah,es,Alta,UgyZUK9-8GKMPh65f7p4AaABAg,,0,@HomerJaySimpson-v5u,"Amo el acento estilo ""porteño antiguo"" con el que narras. saludos desde ciudad de buenos aires ❤",2026-03-06T23:20:47Z,2026-03-06T23:20:47Z,0,0,youtube,2026-04-05T13:39:40.091246
45J0q2xi7Qk,ElDiaQue,Así era IRÁN Antes De La Revolución Del Ayatollah,es,Alta,UgzcU-VHyex2Bjdh3TJ4AaABAg,,0,@BlancaAzucena1,"lor iraníes hombres deberían colocarse su velo primero, antes de obligar a la mujer.",2026-03-06T23:19:41Z,2026-03-06T23:19:41Z,22,1,youtube,2026-04-05T13:39:40.091250
45J0q2xi7Qk,ElDiaQue,Así era IRÁN Antes De La Revolución Del Ayatollah,es,Alta,UgzcU-VHyex2Bjdh3TJ4AaABAg.AU1QV3ZNYTnAUOlcvFkCDp,UgzcU-VHyex2Bjdh3TJ4AaABAg,1,@sydgt3160,anda a israel con un crucifijo a ver como te escupen ....seas hombre o mujer .....toda esta webada es propaganda y tu te la tragas enterita,2026-03-16T00:55:39Z,2026-03-16T00:55:39Z,0,0,youtube,2026-04-05T13:39:40.091255
45J0q2xi7Qk,ElDiaQue,Así era IRÁN Antes De La Revolución Del Ayatollah,es,Alta,Ugz8NB6SV3A_1hOAijJ4AaABAg,,0,@mapricano,Excelente informe ❤,2026-03-06T23:19:20Z,2026-03-06T23:19:20Z,0,1,youtube,2026-04-05T13:39:40.091259
45J0q2xi7Qk,ElDiaQue,Así era IRÁN Antes De La Revolución Del Ayatollah,es,Alta,Ugz8NB6SV3A_1hOAijJ4AaABAg.AU1QS__bMZWAU2zPq5eQUm,Ugz8NB6SV3A_1hOAijJ4AaABAg,1,@MariaFlores-fq7ch,República.iran.pero.son.arabe.ojala.sea.turquia,2026-03-07T13:52:47Z,2026-03-07T13:52:47Z,0,0,youtube,2026-04-05T13:39:40.091263
45J0q2xi7Qk,ElDiaQue,Así era IRÁN Antes De La Revolución Del Ayatollah,es,Alta,UgxItAk4s04vEGygrMZ4AaABAg,,0,@TheGosttheRain,Lo mismo era Afganistán! Donde entran los militares la vida se transforma en una mierda! Irán y Afganistán eran como Argentina antes de los militares,2026-03-06T23:18:04Z,2026-03-06T23:18:04Z,1,0,youtube,2026-04-05T13:39:40.091268
45J0q2xi7Qk,ElDiaQue,Así era IRÁN Antes De La Revolución Del Ayatollah,es,Alta,Ugy7K1L6IUg9j1SfiOl4AaABAg,,0,@martharuiz5364,Dejen de mentír !!¡ Ocupecen de USTEDES!!!!,2026-03-06T23:14:27Z,2026-03-06T23:14:27Z,1,0,youtube,2026-04-05T13:39:40.091272
45J0q2xi7Qk,ElDiaQue,Así era IRÁN Antes De La Revolución Del Ayatollah,es,Alta,UgyaLut8ltEtY_oBp414AaABAg,,0,@reinacampos7057,Puede  ser todo bonito pero cuando llega el comunismo todo mal Con los políticos corruptos de izquierda hará están todos locos por el poder  con el dinero 💰  los dictadores    No sirven,2026-03-06T23:00:18Z,2026-03-06T23:00:18Z,0,0,youtube,2026-04-05T13:39:40.091276
45J0q2xi7Qk,ElDiaQue,Así era IRÁN Antes De La Revolución Del Ayatollah,es,Alta,Ugxgrc5XM0Fc8UQvEP14AaABAg,,0,@AngelGuzman-re4yn,Claro de prostitutas a mujeres de entes.,2026-03-06T22:57:24Z,2026-03-06T22:57:24Z,0,0,youtube,2026-04-05T13:39:40.091280
45J0q2xi7Qk,ElDiaQue,Así era IRÁN Antes De La Revolución Del Ayatollah,es,Alta,Ugyec_lxdRiTPE7IHUB4AaABAg,,0,@alem219,Conflicto,2026-03-06T22:56:45Z,2026-03-06T22:56:45Z,0,0,youtube,2026-04-05T13:39:40.091284
45J0q2xi7Qk,ElDiaQue,Así era IRÁN Antes De La Revolución Del Ayatollah,es,Alta,Ugz1lWw7iPUDHyz8Jkh4AaABAg,,0,@inesdiaz4028,Useful idiots influenced and used the poorest and most uneducated people and infiltrated schools the communist influence and Russia - CCCP China this is what they do so sad and the people fall for it they gave the country to a terrorist Islamic regime 🤮🤮🤮,2026-03-06T22:56:31Z,2026-03-06T22:58:53Z,0,0,youtube,2026-04-05T13:39:40.091289
45J0q2xi7Qk,ElDiaQue,Así era IRÁN Antes De La Revolución Del Ayatollah,es,Alta,UgyUJx0ceisF83rO0GB4AaABAg,,0,@Chrislandtve,"1:22 falleció de forma natural, naturalmente le cayeron 30 bombas.",2026-03-06T22:51:13Z,2026-03-06T22:51:13Z,0,0,youtube,2026-04-05T13:39:40.091293
45J0q2xi7Qk,ElDiaQue,Así era IRÁN Antes De La Revolución Del Ayatollah,es,Alta,UgxFpyjNA0LzW8TPojp4AaABAg,,0,@lancasterwarrior8050,Todo lo que el islam toca lo destruye y corrompe.. religión de demonios,2026-03-06T22:50:35Z,2026-03-06T22:50:35Z,1,0,youtube,2026-04-05T13:39:40.091297
45J0q2xi7Qk,ElDiaQue,Así era IRÁN Antes De La Revolución Del Ayatollah,es,Alta,Ugzo8Rc-Zu1ukpNRphV4AaABAg,,0,@donatodeangelis1603,Conflicto 2da parte por favor,2026-03-06T22:35:16Z,2026-03-06T22:35:16Z,0,0,youtube,2026-04-05T13:39:40.091301
45J0q2xi7Qk,ElDiaQue,Así era IRÁN Antes De La Revolución Del Ayatollah,es,Alta,UgxtO5u1lifIHW1h2qJ4AaABAg,,0,@thespejel3619,Jajaajajaja tremendo video propagandista de mrd🤣🤣🤣🤣🤣🤣,2026-03-06T22:32:41Z,2026-03-06T22:32:41Z,0,0,youtube,2026-04-05T13:39:40.091305
45J0q2xi7Qk,ElDiaQue,Así era IRÁN Antes De La Revolución Del Ayatollah,es,Alta,UgxcDOPb9j051X8yfAt4AaABAg,,0,@GuillermoRodriguez-gu6nk,cualquier parecido a Colombia es pura coincidencia con los zurdos comunistas,2026-03-06T22:32:25Z,2026-03-06T22:32:25Z,0,1,youtube,2026-04-05T13:39:40.091310
45J0q2xi7Qk,ElDiaQue,Así era IRÁN Antes De La Revolución Del Ayatollah,es,Alta,UgxcDOPb9j051X8yfAt4AaABAg.AU1L4tHpNOFAU2TSW_FMNm,UgxcDOPb9j051X8yfAt4AaABAg,1,@Carocaro-w9s,"Uribestia tenia que ser. Muestranos a las mujeres vestidas de pie a cabeza y sin derechos en Colombia. O muestranos al lider religioso que tiene al
Pais vuelto una teocracia. Esperare sentada tus evidencias 🙄😂😂😂",2026-03-07T09:04:47Z,2026-03-07T09:04:47Z,0,0,youtube,2026-04-05T13:39:40.091314
45J0q2xi7Qk,ElDiaQue,Así era IRÁN Antes De La Revolución Del Ayatollah,es,Alta,Ugw4hU4i3ViK2f7V6Ft4AaABAg,,0,@marcosyana1168,Jajaja resumen del video CULPA de occidente bien ahi😎,2026-03-06T22:29:13Z,2026-03-06T22:29:13Z,0,0,youtube,2026-04-05T13:39:40.091318
45J0q2xi7Qk,ElDiaQue,Así era IRÁN Antes De La Revolución Del Ayatollah,es,Alta,UgxeEnVkuaSeOJo4yg14AaABAg,,0,@cristiansantana0.23,Malditoooo 😢😢😢los ayartolah,2026-03-06T22:22:28Z,2026-03-06T22:22:28Z,0,0,youtube,2026-04-05T13:39:40.091322
45J0q2xi7Qk,ElDiaQue,Así era IRÁN Antes De La Revolución Del Ayatollah,es,Alta,UgzpdmJ47sGZO6VuWYh4AaABAg,,0,@demetriustelenoid7975,"Ya se ve a quien apoyas, me desuscribi de tu canal derechista. Que vivan los pueblos libres del mundo!",2026-03-06T22:14:00Z,2026-03-06T22:14:00Z,1,0,youtube,2026-04-05T13:39:40.091327
45J0q2xi7Qk,ElDiaQue,Así era IRÁN Antes De La Revolución Del Ayatollah,es,Alta,Ugx3dFs4_ZItaSGn5Cx4AaABAg,,0,@GuillermoEspinozaMoreno,"chale, esperaba ver una critica tanto al occidentalismo, como a su régimen, pero ya vi de donde masca la iguana lmao",2026-03-06T21:56:15Z,2026-03-06T21:56:15Z,2,0,youtube,2026-04-05T13:39:40.091331
45J0q2xi7Qk,ElDiaQue,Así era IRÁN Antes De La Revolución Del Ayatollah,es,Alta,UgxU4D3bDADrjxw-HfF4AaABAg,,0,@pilarfreg5642,"Nada justifica el ataque cobarde a Iran. 
Xq’ se permitiría q’ otro país venga a mandar lo q’ tienes q’ hacer en tu propio país, no justifico la represión q’ tiene Iran pero solo su pueblo puede poner un alto, Estados Unidos junto con Israel lo q’ quieren es su petróleo, tampoco lo justifico.",2026-03-06T21:55:28Z,2026-03-06T21:55:28Z,1,0,youtube,2026-04-05T13:39:40.091336
45J0q2xi7Qk,ElDiaQue,Así era IRÁN Antes De La Revolución Del Ayatollah,es,Alta,UgzF83-rTvFZYmpqLLF4AaABAg,,0,@ZahratSaghira-hs9wc,Y aún así femilocas y socialistas defienden ese país,2026-03-06T21:51:04Z,2026-03-06T21:51:04Z,0,0,youtube,2026-04-05T13:39:40.091340
45J0q2xi7Qk,ElDiaQue,Así era IRÁN Antes De La Revolución Del Ayatollah,es,Alta,Ugw_U_kewm6_foWj5AF4AaABAg,,0,@Isabell1878,"Viendo los comentarios me doy cuenta de que la gente solo puede pensar en blanco o negro, creen que si un régimen teocrático es malo, el ataque de Israel y Estados Unidos será la salvación. No es así, aquí el problema es que tanto Trump como Netanyahu son unos oportunistas, hipócritas, mentirosos y saqueadores, lo único que quieren es el petróleo de Irán, tomar el control total de la región y perjudicar a China.  A ellos las mujeres iraníes les importa un carajo.  No hay que ser ingenuos, por favor, tal parece que no conocen nada de historia reciente del mundo, acaso no saben de todo el daño que Estados Unidos le ha hecho al mundo, especialmente a Latinoamérica, acaso no han visto lo que Israel y Estados Unidos han hecho en Gaza. Por favor, no hay que ser tan ingenuos para pensar que la vida de los iraníes va a mejorar después de esto, ojalá fuera así, pero solo saldrán de las llamas para caer en las brasas.",2026-03-06T21:09:35Z,2026-03-06T21:09:35Z,3,2,youtube,2026-04-05T13:39:40.091344
45J0q2xi7Qk,ElDiaQue,Así era IRÁN Antes De La Revolución Del Ayatollah,es,Alta,Ugw_U_kewm6_foWj5AF4AaABAg.AU1BbB1BXPRAU1EohVzMlB,Ugw_U_kewm6_foWj5AF4AaABAg,1,@mr.m959,y tu parece que te vas demaciado al negro que al blanco,2026-03-06T21:37:38Z,2026-03-06T21:37:38Z,1,0,youtube,2026-04-05T13:39:40.091350
45J0q2xi7Qk,ElDiaQue,Así era IRÁN Antes De La Revolución Del Ayatollah,es,Alta,Ugw_U_kewm6_foWj5AF4AaABAg.AU1BbB1BXPRAU2U0YPM_ol,Ugw_U_kewm6_foWj5AF4AaABAg,1,@Carocaro-w9s,"Tal cual. Pero la gente no lee, y son del lado derechista ultraconservador religioso… pierdes tu tiempo, porque solo comen biblia y jamas leen un libro de historia.",2026-03-07T09:09:42Z,2026-03-07T09:09:42Z,1,0,youtube,2026-04-05T13:39:40.091354
45J0q2xi7Qk,ElDiaQue,Así era IRÁN Antes De La Revolución Del Ayatollah,es,Alta,UgzaebFAL6qWSiX5j8x4AaABAg,,0,@adolfodelreyllaurado1145,el malvado islamismo  es algo diabólico ...,2026-03-06T21:00:51Z,2026-03-06T21:00:51Z,1,0,youtube,2026-04-05T13:39:40.091359
45J0q2xi7Qk,ElDiaQue,Así era IRÁN Antes De La Revolución Del Ayatollah,es,Alta,UgwR2f2UCsYPmub_4D94AaABAg,,0,@manu_alpha,y al dia de hoy es increible como las feministas y los progres tienen odio a todas las religiones menos a la que defienden que casualmente es la que mas viola los derechos para lo que ellos creen defender (nunca ha sido asi).,2026-03-06T20:56:53Z,2026-03-06T20:56:53Z,1,1,youtube,2026-04-05T13:39:40.091363
45J0q2xi7Qk,ElDiaQue,Así era IRÁN Antes De La Revolución Del Ayatollah,es,Alta,UgwR2f2UCsYPmub_4D94AaABAg.AU1A9GQu0qeAU3D53QrBho,UgwR2f2UCsYPmub_4D94AaABAg,1,@fannybow3797,No puedes generalizar yo condeno todas las religiones,2026-03-07T16:01:01Z,2026-03-07T16:01:01Z,0,0,youtube,2026-04-05T13:39:40.091367
45J0q2xi7Qk,ElDiaQue,Así era IRÁN Antes De La Revolución Del Ayatollah,es,Alta,UgxOSMiivxOoWpljgp14AaABAg,,0,@susanaportugalmacedo5937,Conflicto,2026-03-06T20:53:05Z,2026-03-06T20:53:05Z,0,0,youtube,2026-04-05T13:39:40.091371
45J0q2xi7Qk,ElDiaQue,Así era IRÁN Antes De La Revolución Del Ayatollah,es,Alta,UgwmcGL9zkD-6HpiZjt4AaABAg,,0,@guille6940,conflicto,2026-03-06T20:47:01Z,2026-03-06T20:47:01Z,0,0,youtube,2026-04-05T13:39:40.091379
45J0q2xi7Qk,ElDiaQue,Así era IRÁN Antes De La Revolución Del Ayatollah,es,Alta,UgxV6qOjzgyYfDOBZvt4AaABAg,,0,@julionivelo97,Le dieron enn la cabeza al barbuchas ¡¡¡¡.....,2026-03-06T20:44:08Z,2026-03-06T20:44:08Z,0,0,youtube,2026-04-05T13:39:40.091384
45J0q2xi7Qk,ElDiaQue,Así era IRÁN Antes De La Revolución Del Ayatollah,es,Alta,UgwD_zNBUYx_kyfc24l4AaABAg,,0,@JhonPeruano2026,La medicina fue peor que la enfermedad,2026-03-06T20:41:45Z,2026-03-06T20:41:45Z,0,0,youtube,2026-04-05T13:39:40.091388
45J0q2xi7Qk,ElDiaQue,Así era IRÁN Antes De La Revolución Del Ayatollah,es,Alta,Ugz4728yngyGCp_lz_B4AaABAg,,0,@samariasamanta1009,le abrieron la puerta al mismisimo demonio,2026-03-06T20:30:44Z,2026-03-06T20:30:44Z,0,0,youtube,2026-04-05T13:39:40.091392
45J0q2xi7Qk,ElDiaQue,Así era IRÁN Antes De La Revolución Del Ayatollah,es,Alta,Ugzs6FGU44oC8FS7QsJ4AaABAg,,0,@cristobalgomez2166,Si,2026-03-06T20:30:34Z,2026-03-06T20:30:34Z,0,0,youtube,2026-04-05T13:39:40.091397
45J0q2xi7Qk,ElDiaQue,Así era IRÁN Antes De La Revolución Del Ayatollah,es,Alta,UgygIPugtTP_PNv7UX94AaABAg,,0,@LupeBalboa-i1k,"Que diferencia por dios,  está claro que éstos régimenes son una mafia, no se puede permitir algo así, libertad ‼️",2026-03-06T20:28:53Z,2026-03-06T20:28:53Z,0,0,youtube,2026-04-05T13:39:40.091401
45J0q2xi7Qk,ElDiaQue,Así era IRÁN Antes De La Revolución Del Ayatollah,es,Alta,Ugw3LCSEayDRdHGZKrB4AaABAg,,0,@jonariver6846,Para empezar antes de la opresión islámica  Irán  tenía su nombre histórico de PERSIA !! ...,2026-03-06T20:12:20Z,2026-03-06T20:12:20Z,0,0,youtube,2026-04-05T13:39:40.091405
45J0q2xi7Qk,ElDiaQue,Así era IRÁN Antes De La Revolución Del Ayatollah,es,Alta,Ugw49FOeusBmbSMmBbd4AaABAg,,0,@JUANPolanco-y5l9y,conflicto,2026-03-06T20:12:07Z,2026-03-06T20:12:07Z,0,0,youtube,2026-04-05T13:39:40.091409
45J0q2xi7Qk,ElDiaQue,Así era IRÁN Antes De La Revolución Del Ayatollah,es,Alta,UgxCRRcM6M5JZWbLeCR4AaABAg,,0,@FranckMiranda-p9w,"ah claro y por eso israel y eeeuu tiene que bombardearlo para traerles la libertad y ""democracia"", porque por supuesto ellos son civilizados y los iranies no, israel que masacra al pueblo palestino ellos son los sabios y civilizados y un eeuu que promueve golpes de estado, secuestra y mata lideres de estado , son muy civlizados, ya veo que el moderador del canal es un pro sionista y capaz voto por el sionista del javier milei",2026-03-06T20:08:46Z,2026-03-06T20:08:46Z,0,0,youtube,2026-04-05T13:39:40.091413
45J0q2xi7Qk,ElDiaQue,Así era IRÁN Antes De La Revolución Del Ayatollah,es,Alta,UgzfA4Mj4Om4NCekjSV4AaABAg,,0,@SebastiánCastillo-y6n,"Malditos viejos los ayatola, los toman por  idiotas, y se convierten en eso, la religión es el opio del pueblo",2026-03-06T20:02:21Z,2026-03-06T20:02:21Z,0,0,youtube,2026-04-05T13:39:40.091418
45J0q2xi7Qk,ElDiaQue,Así era IRÁN Antes De La Revolución Del Ayatollah,es,Alta,UgwnCwqFse9ImGyCWJF4AaABAg,,0,@CiriloSantos-n2h,y como saben Silas mujeres  están de buen ver si cubren todo solo imaginando cro yo,2026-03-06T19:53:39Z,2026-03-06T19:53:39Z,0,0,youtube,2026-04-05T13:39:40.091425
45J0q2xi7Qk,ElDiaQue,Así era IRÁN Antes De La Revolución Del Ayatollah,es,Alta,UgzQ4WEqwPqDghP8VcF4AaABAg,,0,@jluistl,"El Irán actual es un asco. Es una masacre diaria a gran escala. El Irán anterior era una monarquía totalitaria, con mucho terrorismo de estado de parte del Chad. El antiguo Irán, del que habían escapado con el Chad, era aún peor que los otros dos sistemas que mencioné.",2026-03-06T19:52:30Z,2026-03-06T19:52:30Z,0,0,youtube,2026-04-05T13:39:40.091429
45J0q2xi7Qk,ElDiaQue,Así era IRÁN Antes De La Revolución Del Ayatollah,es,Alta,Ugw4-J6pqnHuzWpNAot4AaABAg,,0,@jaimemelgar6660,Buen Documental,2026-03-06T19:43:15Z,2026-03-06T19:43:15Z,0,0,youtube,2026-04-05T13:39:40.091433
45J0q2xi7Qk,ElDiaQue,Así era IRÁN Antes De La Revolución Del Ayatollah,es,Alta,UgxMTiCQzdA4L9azKid4AaABAg,,0,@AntonioRocha-pc8qv,"Venía muy bien el relato histórico de Irán ,de lo que fue y de lo que es .Pero en un momento del relato dice ..."" Irak atacó a Irán con armas químicas ..."" Y ahí el relato histórico del informe te hace dudar ??? Cómo armas químicas ? Eso decían los Yankees para justificar el ataque a Irak !!! Y era una vil mentira !! Un invento total !!! Y vos repetís lo mismo ? Una mentira !!! Ya deja de ser parcial tu informe para ser pro yankee y no me interesa.",2026-03-06T19:40:18Z,2026-03-06T19:40:18Z,0,0,youtube,2026-04-05T13:39:40.091438
45J0q2xi7Qk,ElDiaQue,Así era IRÁN Antes De La Revolución Del Ayatollah,es,Alta,UgyUoyYuDs6C2D0eRgR4AaABAg,,0,@arianjakon,Pasaron de Guatemala a Guatepeor.,2026-03-06T19:36:13Z,2026-03-06T19:36:13Z,0,0,youtube,2026-04-05T13:39:40.091442
45J0q2xi7Qk,ElDiaQue,Así era IRÁN Antes De La Revolución Del Ayatollah,es,Alta,UgzIXDYoLluoxqcDIVV4AaABAg,,0,@JuanMartinez-fs6gu,"El verdadero problema de Irán es su proyecto nuclear. A nadie le importa si derrochas el tesoro del estado en banquetes que duran meses, mujeres, champán, vinos de lujos y orgias pero si la misma cantidad de dinero, o más, lo gastas en hacer una bomba nuclear para hacer desaparecer una nación que consideras ""infidel"" , eso ya es otra cosa.",2026-03-06T19:35:07Z,2026-03-06T19:35:07Z,0,0,youtube,2026-04-05T13:39:40.091446
45J0q2xi7Qk,ElDiaQue,Así era IRÁN Antes De La Revolución Del Ayatollah,es,Alta,UgzwtoDBme56dWUTADF4AaABAg,,0,@SullivanGz,"Enserio están más interesados en comentar tonterías, piensen que en 2026 aún ay países donde matan a personas por ideologías estúpidas",2026-03-06T19:28:13Z,2026-03-06T19:28:13Z,0,0,youtube,2026-04-05T13:39:40.091451
45J0q2xi7Qk,ElDiaQue,Así era IRÁN Antes De La Revolución Del Ayatollah,es,Alta,UgzIxkPA5awWGf84VIx4AaABAg,,0,@edgargarridomora331,"¿Porqué esa necedad de occidentalizar a esos países?, ""ENTRE LOS INDIVÍDUOS COMO ENTRE LAS NACIONES, EL RESPETO AL DERECHO AJENO ES LA PAZ Y LA CONSERVACIÓN DE LOS BIENES"".",2026-03-06T19:23:33Z,2026-03-06T19:23:33Z,0,0,youtube,2026-04-05T13:39:40.091455
45J0q2xi7Qk,ElDiaQue,Así era IRÁN Antes De La Revolución Del Ayatollah,es,Alta,Ugy0ioglgjr5D9SjHpV4AaABAg,,0,@maria419able,"ERA TREMENDA LACRAS, CRIMINAL, PEDOFILO, SÁDICO, PERVERTIDO SEXUAL, ESCLAVISTA, ASESINO, TORTURADOR, LADRÓN, BASURA, EGOISTA, CODICIOSO, ENVIDIOSO,MISERABLE, RATA.💩💩💩💩💩💩💩💩💩💩💩💩💩💩💩",2026-03-06T19:05:30Z,2026-03-06T19:05:30Z,0,0,youtube,2026-04-05T13:39:40.091459
45J0q2xi7Qk,ElDiaQue,Así era IRÁN Antes De La Revolución Del Ayatollah,es,Alta,Ugzi0p_Q9uKZDW-bICl4AaABAg,,0,@Antonio-x-z7p,"¿Cómo una nación abraza la revolución? al creer en las mentiras.
Lo mismo ocurió en Cuba, lo mismo ocurrió en Venezuela. Estas dos naciones eran prósperas antes de la llegada de la ""revolución"".",2026-03-06T19:00:27Z,2026-03-06T19:00:27Z,0,0,youtube,2026-04-05T13:39:40.091464
45J0q2xi7Qk,ElDiaQue,Así era IRÁN Antes De La Revolución Del Ayatollah,es,Alta,UgzVxjl68aTuetotck54AaABAg,,0,@foxyan1106,Esas viejas parecen la muerte. Solo les falta lo hoz.,2026-03-06T18:59:38Z,2026-03-06T18:59:38Z,0,0,youtube,2026-04-05T13:39:40.091468
45J0q2xi7Qk,ElDiaQue,Así era IRÁN Antes De La Revolución Del Ayatollah,es,Alta,UgxNSmebcSCPtzVOTPN4AaABAg,,0,@Mentetriunfador-u7b,Y uno de argentina cuando era la tierra de argentivos nativos ( antes de que los europeos y yankis se hicieran de ese pueblo ).,2026-03-06T18:58:19Z,2026-03-06T18:58:19Z,0,0,youtube,2026-04-05T13:39:40.091473
45J0q2xi7Qk,ElDiaQue,Así era IRÁN Antes De La Revolución Del Ayatollah,es,Alta,UgxX91dhkaPShf2RUYJ4AaABAg,,0,@Mentetriunfador-u7b,Hola mo puedes hacer un video del pasado de los nativos americanos ( antes de que llegaran los matones yankis ). Y los asesinaran y despojaran,2026-03-06T18:57:29Z,2026-03-06T18:57:29Z,0,0,youtube,2026-04-05T13:39:40.091477
45J0q2xi7Qk,ElDiaQue,Así era IRÁN Antes De La Revolución Del Ayatollah,es,Alta,UgxHDtIP4Hyyq_QMgPt4AaABAg,,0,@arielplazas3894,"🤣TRUMPETERO queria el NOBEL PAZ antes de empezar la 3 GORRA MUNDIAL para que la HISTORIA lo justificara como HEROE a pesar de aniqui1ar el Planeta, pero NO  le comieron cuento y quedará como lo peor en toda la HISTORIA DE LA HUMANIDAD, tanto que nadie se acoradará que exitió un tal H1TLER",2026-03-06T18:55:13Z,2026-03-06T18:55:13Z,2,0,youtube,2026-04-05T13:39:40.091481
45J0q2xi7Qk,ElDiaQue,Así era IRÁN Antes De La Revolución Del Ayatollah,es,Alta,Ugxu-k-QdlaU7Qmcbdh4AaABAg,,0,@leonelvenancio1271,Saca el video de las niñas que murieron por estar en la  Escuela en Iran por un misil de la LIBERTAD de USA/Israel  en esta guerra,2026-03-06T18:51:59Z,2026-03-06T18:51:59Z,1,1,youtube,2026-04-05T13:39:40.091485
45J0q2xi7Qk,ElDiaQue,Así era IRÁN Antes De La Revolución Del Ayatollah,es,Alta,Ugxu-k-QdlaU7Qmcbdh4AaABAg.AU0wrPvZGKRAU1F2GkRZcu,Ugxu-k-QdlaU7Qmcbdh4AaABAg,1,@mr.m959,"se descubrio que ese video era de cuanod iran ataco irak, hace años",2026-03-06T21:39:38Z,2026-03-06T21:39:38Z,4,0,youtube,2026-04-05T13:39:40.091489
45J0q2xi7Qk,ElDiaQue,Así era IRÁN Antes De La Revolución Del Ayatollah,es,Alta,UgyMOKBwULlJl3un_vR4AaABAg,,0,@conytokarz8074,Es sorprendente que los musulmanes se han matado y se siguen matando entre ellos (Shiites and Sunnis). También es sorprendente entender el horror que el Ayatolá Ali Jamanei ha causado en el medio este. Es increíble el nivel de maldad de este ente del mal,2026-03-06T18:32:04Z,2026-03-06T18:32:04Z,0,0,youtube,2026-04-05T13:39:40.091493
45J0q2xi7Qk,ElDiaQue,Así era IRÁN Antes De La Revolución Del Ayatollah,es,Alta,UgylHdd1Vy9lCWsgyNZ4AaABAg,,0,@JorgeLeon-j9g,Esos depravados religiosos son una amenaza para la humanidad los talibanes los ayatolas .. fanáticos religiosos lunáticos verdaderos traficante de religión lobos infernales con piel de oveja que se creen Dios o sus enviados y son tan retorcidos cínicos que con sus actos criminales demuestran que solo están al servicio de los demonios.... pero ésto también seda en el supuesto cristianismo el judaísmo etc... Dios es amor ❤️ y amor ❤️ es Dios...y no el poco invento de los criminales chiflados de toda clase de líderes religiosos que son pura podredumbre,2026-03-06T18:21:31Z,2026-03-06T18:21:31Z,0,0,youtube,2026-04-05T13:39:40.091498
45J0q2xi7Qk,ElDiaQue,Así era IRÁN Antes De La Revolución Del Ayatollah,es,Alta,Ugw5dNZFq50XHCScsjx4AaABAg,,0,@FaidalyReyes,😂😂😂😂pobre mujeres puros trapos esas mujeres son hermosas ...,2026-03-06T18:20:59Z,2026-03-06T18:20:59Z,0,0,youtube,2026-04-05T13:39:40.091502
45J0q2xi7Qk,ElDiaQue,Así era IRÁN Antes De La Revolución Del Ayatollah,es,Alta,UgwLVe9r5fDKxWlYkWl4AaABAg,,0,@stevensonquintero7151,CONFLICTO,2026-03-06T18:06:04Z,2026-03-06T18:06:04Z,0,0,youtube,2026-04-05T13:39:40.091506
45J0q2xi7Qk,ElDiaQue,Así era IRÁN Antes De La Revolución Del Ayatollah,es,Alta,UgwcxxS7Uu6He29uPMF4AaABAg,,0,@CarlosAlvaradoaraya,"No existe ningún caso donde la llegada del islam haya traído una mejor sociedad
. Siempre llega pura mierda",2026-03-06T17:59:01Z,2026-03-06T17:59:01Z,0,0,youtube,2026-04-05T13:39:40.091511
45J0q2xi7Qk,ElDiaQue,Así era IRÁN Antes De La Revolución Del Ayatollah,es,Alta,UgyAsXSStZD0FqosWe14AaABAg,,0,@leopoldoaguilera9286,Conflicto,2026-03-06T17:50:15Z,2026-03-06T17:50:15Z,0,0,youtube,2026-04-05T13:39:40.091515
45J0q2xi7Qk,ElDiaQue,Así era IRÁN Antes De La Revolución Del Ayatollah,es,Alta,UgwZplne87f5pG5kAtJ4AaABAg,,0,@natturatmosphere8951,"Ahora las mujeres Irán más libres sin el temor de que les de unas ""Trumpadas"".",2026-03-06T17:48:06Z,2026-03-06T17:48:06Z,0,0,youtube,2026-04-05T13:39:40.091519
45J0q2xi7Qk,ElDiaQue,Así era IRÁN Antes De La Revolución Del Ayatollah,es,Alta,UgzXIGZli_Mo03iVxeR4AaABAg,,0,@IsabelMachado-h8l,Todas la llamadas Revoluciones tienen excesos...siempre paga el.debil,2026-03-06T17:46:33Z,2026-03-06T17:46:33Z,0,0,youtube,2026-04-05T13:39:40.091524
45J0q2xi7Qk,ElDiaQue,Así era IRÁN Antes De La Revolución Del Ayatollah,es,Alta,Ugwa5W7-AHLRaIuWyB94AaABAg,,0,@carlosdavila4164,"LA MALDITA REVOLUCION JAMAS A SERVIDO PARA NADA BENO EL SOCIALISMO EL COMUNISMO HIZQUIERDISTAS ISLAM MUSULMAN  SOLO SON MALDISTOS SATANICO QUE DESTRUYEN AL MUNDO CRISTIANO .,",2026-03-06T17:45:18Z,2026-03-06T17:45:18Z,0,0,youtube,2026-04-05T13:39:40.091528
45J0q2xi7Qk,ElDiaQue,Así era IRÁN Antes De La Revolución Del Ayatollah,es,Alta,UgyQ2o_CExWxlL2Ro0h4AaABAg,,0,@wuilliamtesara8781,al sistema gringo no le importa su cultura lo gue ellos quieren són recursos recursos,2026-03-06T17:41:33Z,2026-03-06T17:41:33Z,0,0,youtube,2026-04-05T13:39:40.091532
45J0q2xi7Qk,ElDiaQue,Así era IRÁN Antes De La Revolución Del Ayatollah,es,Alta,UgwApH4kPARiZhr-nzB4AaABAg,,0,@AndroidOpSys,Salieron de Guatemala pa Guatepeor!!!!,2026-03-06T17:36:48Z,2026-03-06T17:36:48Z,2,0,youtube,2026-04-05T13:39:40.091537
45J0q2xi7Qk,ElDiaQue,Así era IRÁN Antes De La Revolución Del Ayatollah,es,Alta,Ugy4U2JVhm_a20jg6rZ4AaABAg,,0,@oeleveoleve.7562,"ese pueblo sufrio desde monarquias diversas pero todas autoritarias, colonialismo, revoluciones defenestradas , intervenciones extranjeras golpes de estado, pero sin imposiciones religiosas. persecusiones,  pero remato con la teocracia impuesta bajo mentiras y vericuetos politicos. todas fueron terribles de eso no hay duda, pero esta es hoy dia la peor de todas, al menos del siglo XX y XXI",2026-03-06T17:36:32Z,2026-03-06T17:36:32Z,0,0,youtube,2026-04-05T13:39:40.091541
45J0q2xi7Qk,ElDiaQue,Así era IRÁN Antes De La Revolución Del Ayatollah,es,Alta,UgyV3LHDjxl5CPhwO4x4AaABAg,,0,@joseguerra6933,Buen contenido,2026-03-06T17:32:53Z,2026-03-06T17:32:53Z,0,0,youtube,2026-04-05T13:39:40.091545
45J0q2xi7Qk,ElDiaQue,Así era IRÁN Antes De La Revolución Del Ayatollah,es,Alta,UgwySluqEtnbZUNTHv54AaABAg,,0,@mannyanthony9130,"Que Lindo era la vida en IRAN libre en esos años 70, luego con la dictadura y el FANATISMO la vino a cagar , IRAN con tanto petróleo seria unos o el pais mas bello y moderno del planeta , pero no , como siempre el FANATISMO y LA CORUPCION  la viene cagar , la locura del humano .",2026-03-06T17:30:08Z,2026-03-06T17:41:27Z,0,0,youtube,2026-04-05T13:39:40.091549
45J0q2xi7Qk,ElDiaQue,Así era IRÁN Antes De La Revolución Del Ayatollah,es,Alta,Ugy1_46YzHPNWN0hl3d4AaABAg,,0,@angelorivera1560,"Excelente trabajo periodístico, personalmente no conocía mucho de la historia política de Iran",2026-03-06T17:17:18Z,2026-03-06T17:17:18Z,2,0,youtube,2026-04-05T13:39:40.091554
45J0q2xi7Qk,ElDiaQue,Así era IRÁN Antes De La Revolución Del Ayatollah,es,Alta,Ugxw0Xwmw-K56hAovoB4AaABAg,,0,@GalaGarcias-m9u,"Mas de 1,000 personas a,ñ,e,s,i,n,d,d,as en iran pero eso o,ñ le preocupa a la ONU",2026-03-06T17:15:46Z,2026-03-06T17:15:46Z,1,0,youtube,2026-04-05T13:39:40.091558
45J0q2xi7Qk,ElDiaQue,Así era IRÁN Antes De La Revolución Del Ayatollah,es,Alta,Ugwp1ftXqvBq9_9azLV4AaABAg,,0,@elrestaurador_xr,"Hamas es financiado por Israel , al igual  que lo fue ETA ., mefisto te haces el rebelde y siempre terminas lamiendo las suelas de los zapatos de los poderosos, israel y estados unidos ., sos obediente del régimen establecido y en tu ignorancia pareces manifestar estar orgulloso de tu alienación",2026-03-06T17:10:42Z,2026-03-06T17:10:42Z,0,0,youtube,2026-04-05T13:39:40.091562
45J0q2xi7Qk,ElDiaQue,Así era IRÁN Antes De La Revolución Del Ayatollah,es,Alta,UgzivFLeUBATjKvJaQd4AaABAg,,0,@noahrodriguezp,"Y el genocidio y despojo de  Israel que hace con el pueblo Palestino, los bonbardeos de EU a las escuelas de niñas, la violacion de niños por gente de dinero la derecha, un presidente pedofilo wue violo niños?? eso si es correcto es democracia?",2026-03-06T17:06:13Z,2026-03-06T17:06:13Z,1,0,youtube,2026-04-05T13:39:40.091566
45J0q2xi7Qk,ElDiaQue,Así era IRÁN Antes De La Revolución Del Ayatollah,es,Alta,Ugz1n5RLqg-Hx6X7fDh4AaABAg,,0,@pascualfrancisco5264,Hasta cuando Estados Unidos fue a meter las narices en Iran. Lean su historia para hablar correctamente. Las mujeres Iraní es muy bella—pero Estados Unidos la cago!!!,2026-03-06T16:56:03Z,2026-03-06T16:56:03Z,0,0,youtube,2026-04-05T13:39:40.091570
45J0q2xi7Qk,ElDiaQue,Así era IRÁN Antes De La Revolución Del Ayatollah,es,Alta,UgylLVJ3uCoTXNprL3R4AaABAg,,0,@bilmagironcabrera5357,Siempre desprestigiando a los países árabes… que bueno que las mujeres se tapan… va de acuerdo a su vida espiritual….,2026-03-06T16:48:22Z,2026-03-06T16:48:22Z,0,0,youtube,2026-04-05T13:39:40.091574
45J0q2xi7Qk,ElDiaQue,Así era IRÁN Antes De La Revolución Del Ayatollah,es,Alta,UgwrP3NLVscK1yjqWT54AaABAg,,0,@salud7987,Los dos extremos,2026-03-06T16:31:22Z,2026-03-06T16:31:22Z,0,0,youtube,2026-04-05T13:39:40.091579
45J0q2xi7Qk,ElDiaQue,Así era IRÁN Antes De La Revolución Del Ayatollah,es,Alta,UgyHVOlZoR34Ovn1S7l4AaABAg,,0,@RobertoAlvarado-ok6kq,Todos los pueblos tienen el gobierno que merecen,2026-03-06T16:27:06Z,2026-03-06T16:27:06Z,0,0,youtube,2026-04-05T13:39:40.833539
45J0q2xi7Qk,ElDiaQue,Así era IRÁN Antes De La Revolución Del Ayatollah,es,Alta,UgxHuZdLsgB0UsNj4el4AaABAg,,0,@RobertValles-b9n,Conflito,2026-03-06T16:24:20Z,2026-03-06T16:24:20Z,0,0,youtube,2026-04-05T13:39:40.833559
45J0q2xi7Qk,ElDiaQue,Así era IRÁN Antes De La Revolución Del Ayatollah,es,Alta,UgxgchVGnASXWq2eNiZ4AaABAg,,0,@danieladuran3190,La historia del munfo,2026-03-06T16:23:24Z,2026-03-06T16:23:24Z,0,0,youtube,2026-04-05T13:39:40.833564
45J0q2xi7Qk,ElDiaQue,Así era IRÁN Antes De La Revolución Del Ayatollah,es,Alta,UgxTEi_jsYdLycLmQLl4AaABAg,,0,@victoriapettigrew1431,Al parecer ninguno fue conveniente para su pueblo.,2026-03-06T16:21:42Z,2026-03-06T16:21:42Z,0,0,youtube,2026-04-05T13:39:40.833572
45J0q2xi7Qk,ElDiaQue,Así era IRÁN Antes De La Revolución Del Ayatollah,es,Alta,Ugw00dgS7Cx55R4MaS94AaABAg,,0,@mariorossi5857,"DEJE SE DECIR MENTIRAS !!! usted solo hace propaganda sionista !!!
Las mujeres religiosas como la foto de portada, siempre existieton en Irán, incluso en la época de la DICTADURA del Sha !!! (pero nunca se tapan la boca).
CUANTA HIPOCRESÍA ESTE CANAL !!!
Fíjense como este canal sonista quiere engañarle, ver video abajo:
https://youtu.be/HKyzkDktEnQ?si=byob3fKMexA3th4j",2026-03-06T16:20:59Z,2026-03-06T17:07:54Z,1,1,youtube,2026-04-05T13:39:40.833577
45J0q2xi7Qk,ElDiaQue,Así era IRÁN Antes De La Revolución Del Ayatollah,es,Alta,Ugw00dgS7Cx55R4MaS94AaABAg.AU0f_S-UzLyAU1hoFJn1EY,Ugw00dgS7Cx55R4MaS94AaABAg,1,@MichaelRoman-k2m,La verdad es que no han tenido libertad ni con la dictadura del sha ni mucho menos con el régimen fanático religioso maligno de los ayatolas.,2026-03-07T01:59:43Z,2026-03-07T01:59:43Z,0,0,youtube,2026-04-05T13:39:40.833585
45J0q2xi7Qk,ElDiaQue,Así era IRÁN Antes De La Revolución Del Ayatollah,es,Alta,UgwvsuMHkImMlX9O6qt4AaABAg,,0,@EluniversoesLey.,M I S Ó G I N O S (odiadores de mujeres) cagados de la cabeza...,2026-03-06T16:16:38Z,2026-03-06T16:16:38Z,0,0,youtube,2026-04-05T13:39:40.833590
45J0q2xi7Qk,ElDiaQue,Así era IRÁN Antes De La Revolución Del Ayatollah,es,Alta,UgwMRHaekVaaw6KUegl4AaABAg,,0,@karloslutuns9156,ALWAYS KING REZAAAAAAAAAAAAAAAAA PAHLVIIIIIIIIIII💚💚💚💚🤍🤍🤍🤍❤❤❤❤,2026-03-06T16:13:56Z,2026-03-06T16:13:56Z,0,0,youtube,2026-04-05T13:39:40.833595
45J0q2xi7Qk,ElDiaQue,Así era IRÁN Antes De La Revolución Del Ayatollah,es,Alta,UgxqFBvHkRA7dex8SCh4AaABAg,,0,@RamónivanMateo,Más antes tenía que darle pa bajo  a ese genoxida,2026-03-06T16:12:23Z,2026-03-06T16:12:23Z,0,0,youtube,2026-04-05T13:39:40.833599
45J0q2xi7Qk,ElDiaQue,Así era IRÁN Antes De La Revolución Del Ayatollah,es,Alta,UgzsELmIKEi9x0_cAfJ4AaABAg,,0,@pepinox01,La CIA como siempre desestabilizando los estados,2026-03-06T16:09:44Z,2026-03-06T16:09:44Z,0,0,youtube,2026-04-05T13:39:40.833603
45J0q2xi7Qk,ElDiaQue,Así era IRÁN Antes De La Revolución Del Ayatollah,es,Alta,UgySiB_Iq7K39CaEr8B4AaABAg,,0,@chavelisantos5509,Interesante. Me gustaria un video de el dia que cayo el ultimo shah de Iran.,2026-03-06T16:09:31Z,2026-03-06T16:09:31Z,0,0,youtube,2026-04-05T13:39:40.833607
45J0q2xi7Qk,ElDiaQue,Así era IRÁN Antes De La Revolución Del Ayatollah,es,Alta,UgzJvIhmR-1irS-0PX14AaABAg,,0,@benitaaranda9383,Que tiempos cuando el SHA reinaba Que les pasó Eran casi europeos y llegaron los fanáticos iluminados y han destrozado el país y la vida de los iraníes Falta les haría otro Sha,2026-03-06T16:01:20Z,2026-03-06T16:01:20Z,0,0,youtube,2026-04-05T13:39:40.833612
45J0q2xi7Qk,ElDiaQue,Así era IRÁN Antes De La Revolución Del Ayatollah,es,Alta,Ugx9jMAH9z6NrRLkgch4AaABAg,,0,@naibethzapata7618,"Siempre los pueblos buscando bienestar van de una lado al otro, siendo víctimas de lideres que se corrompen en el poder un ciclo sin fin",2026-03-06T15:58:41Z,2026-03-06T15:58:41Z,0,0,youtube,2026-04-05T13:39:40.833615
45J0q2xi7Qk,ElDiaQue,Así era IRÁN Antes De La Revolución Del Ayatollah,es,Alta,UgxFzPyXw0TebBZOBUZ4AaABAg,,0,@PedroSabala-j9w,el Islam y el Rey mida son los mismos todos lo que tocan lo dañan...,2026-03-06T15:58:03Z,2026-03-06T15:58:03Z,0,0,youtube,2026-04-05T13:39:40.833620
45J0q2xi7Qk,ElDiaQue,Así era IRÁN Antes De La Revolución Del Ayatollah,es,Alta,Ugx_N1uOTVSvu_CffvR4AaABAg,,0,@moodkeeperOk,que bizarro decir que el gobierno moderno de iran sea uno tan regresivo xD llevado por religión... atrasaron una barbaridad el avance de la humanidad,2026-03-06T15:54:43Z,2026-03-06T15:54:43Z,0,0,youtube,2026-04-05T13:39:40.833624
45J0q2xi7Qk,ElDiaQue,Así era IRÁN Antes De La Revolución Del Ayatollah,es,Alta,UgzbsfkYBdOvQBjcDAZ4AaABAg,,0,@Rivan98,Que gran país hubiese sido Irán si no hubiera caído ante el regimen islamico,2026-03-06T15:54:35Z,2026-03-06T15:54:35Z,0,0,youtube,2026-04-05T13:39:40.833629
45J0q2xi7Qk,ElDiaQue,Así era IRÁN Antes De La Revolución Del Ayatollah,es,Alta,Ugyidn1AKrVEAfOogdJ4AaABAg,,0,@GonzaloDelgado-ij9pw,el regimen terrorista de los ayatolas solo buscan violencia y destruccion absoluta,2026-03-06T15:51:58Z,2026-03-06T15:51:58Z,1,0,youtube,2026-04-05T13:39:40.833633
45J0q2xi7Qk,ElDiaQue,Así era IRÁN Antes De La Revolución Del Ayatollah,es,Alta,UgzdL90SMlvAhnM-cQh4AaABAg,,0,@geampierre3291o1o,Ps q bueno..q siga siendo asi hasta el fin del mundo.. de puro velos.. esas tradiciones deberian expandirse en todo el mundo y paises,2026-03-06T15:46:55Z,2026-03-06T15:46:55Z,0,0,youtube,2026-04-05T13:39:40.833637
45J0q2xi7Qk,ElDiaQue,Así era IRÁN Antes De La Revolución Del Ayatollah,es,Alta,Ugx3M_catU5dtdq3_uB4AaABAg,,0,@lilianavelasquez3309,CONFLICTO,2026-03-06T15:37:55Z,2026-03-06T15:37:55Z,0,0,youtube,2026-04-05T13:39:40.833641
45J0q2xi7Qk,ElDiaQue,Así era IRÁN Antes De La Revolución Del Ayatollah,es,Alta,UgzzqBx7ibLP-L4CsvJ4AaABAg,,0,@freboho7720,"Conclusión: Ni Emperadores/Reyes, ni Ayatolas/Teocracia que son lo peor.",2026-03-06T15:36:50Z,2026-03-06T15:36:50Z,0,0,youtube,2026-04-05T13:39:40.833646
45J0q2xi7Qk,ElDiaQue,Así era IRÁN Antes De La Revolución Del Ayatollah,es,Alta,UgwvOz-VqisZG4sWoYd4AaABAg,,0,@VerdolagaPte,"Eres de ultra derecha verdad? 
Te gusta que en Internet haya videos de menores de edad sexualizados, te gusta ver cómo se matan unos con otros no? 
Maldito perro miserable... Ese es un país que le esta peleando mano a pelo al diablo.",2026-03-06T15:32:33Z,2026-03-06T15:32:33Z,0,0,youtube,2026-04-05T13:39:40.833650
45J0q2xi7Qk,ElDiaQue,Así era IRÁN Antes De La Revolución Del Ayatollah,es,Alta,Ugz9ThMTgVP0dnNc2ZB4AaABAg,,0,@pardoxnema4757,"Moraleja: Nunca se dejen endulzar el oido con el discurso de la revolución, especialmente si son religiosos locos, ancianos, militares o los disque son del pueblo, ya se ha demostrado que eso termina muy mal",2026-03-06T15:32:11Z,2026-03-06T15:32:11Z,293,35,youtube,2026-04-05T13:39:40.833655
45J0q2xi7Qk,ElDiaQue,Así era IRÁN Antes De La Revolución Del Ayatollah,es,Alta,Ugz9ThMTgVP0dnNc2ZB4AaABAg.AU0_znHQ1xLAU4EQjMD0Ol,Ugz9ThMTgVP0dnNc2ZB4AaABAg,1,@luenaarmas1117,"Ninguna revolución, de ningún tipo.Miraca Cuba.",2026-03-08T01:31:57Z,2026-03-08T01:31:57Z,12,0,youtube,2026-04-05T13:39:40.833659
45J0q2xi7Qk,ElDiaQue,Así era IRÁN Antes De La Revolución Del Ayatollah,es,Alta,Ugz9ThMTgVP0dnNc2ZB4AaABAg.AU0_znHQ1xLAU4JzYcuhq5,Ugz9ThMTgVP0dnNc2ZB4AaABAg,1,@firielcasselius4033,Rara vez las revoluciones terminan bien.,2026-03-08T02:20:32Z,2026-03-08T02:20:32Z,16,0,youtube,2026-04-05T13:39:40.833663
45J0q2xi7Qk,ElDiaQue,Así era IRÁN Antes De La Revolución Del Ayatollah,es,Alta,Ugz9ThMTgVP0dnNc2ZB4AaABAg.AU0_znHQ1xLAU64t__eFed,Ugz9ThMTgVP0dnNc2ZB4AaABAg,1,@martinparraga-bp1zg,CORRIENTE DE DESINFORMACION ES ESTA - Y QUE LE IMPORTA UNA MINIFALDA? UN RELATO DONDE EEUU Y OBVIO ISRAEL TUVO SUS GARRAS EN LOS RECURSOS QUE RARO?????,2026-03-08T18:47:08Z,2026-03-08T18:47:08Z,6,0,youtube,2026-04-05T13:39:40.833667
45J0q2xi7Qk,ElDiaQue,Así era IRÁN Antes De La Revolución Del Ayatollah,es,Alta,Ugz9ThMTgVP0dnNc2ZB4AaABAg.AU0_znHQ1xLAU6KONlSrXn,Ugz9ThMTgVP0dnNc2ZB4AaABAg,1,@SnowVillers789,"@martinparraga-bp1zg el truco de culpar a israel y USA ya no sirve, esos grupos *revolucionarios* siempre son el mal del mundo",2026-03-08T21:02:32Z,2026-03-08T21:02:32Z,10,0,youtube,2026-04-05T13:39:40.833671
45J0q2xi7Qk,ElDiaQue,Así era IRÁN Antes De La Revolución Del Ayatollah,es,Alta,Ugz9ThMTgVP0dnNc2ZB4AaABAg.AU0_znHQ1xLAU6RkD51QaX,Ugz9ThMTgVP0dnNc2ZB4AaABAg,1,@mondemelange,Eso es verdad,2026-03-08T22:06:49Z,2026-03-08T22:06:49Z,5,0,youtube,2026-04-05T13:39:40.833674
45J0q2xi7Qk,ElDiaQue,Así era IRÁN Antes De La Revolución Del Ayatollah,es,Alta,Ugw7uVALQllq9EO1LDJ4AaABAg,,0,@alejandradelcarmenalvarezh3159,Irán libre🎉,2026-03-06T15:31:30Z,2026-03-06T15:31:30Z,0,0,youtube,2026-04-05T13:39:40.833678
45J0q2xi7Qk,ElDiaQue,Así era IRÁN Antes De La Revolución Del Ayatollah,es,Alta,UgzxrhcvYiRSe7VUkKd4AaABAg,,0,@sotoescalantejonathan1120,El Koran si mahoma no va a la Montaña la montaña ira ah mahoma,2026-03-06T15:28:11Z,2026-03-06T15:28:11Z,0,0,youtube,2026-04-05T13:39:40.833682
45J0q2xi7Qk,ElDiaQue,Así era IRÁN Antes De La Revolución Del Ayatollah,es,Alta,UgwMG-2p_8a81kGd5ld4AaABAg,,0,@thlttlchld14,"Aquí viendo comentarios de los libertos doble moral q hablan de dictadura pero bien q apoyan pedofilos, violadores y come wawas",2026-03-06T15:25:21Z,2026-03-06T15:25:21Z,0,0,youtube,2026-04-05T13:39:40.833686
45J0q2xi7Qk,ElDiaQue,Así era IRÁN Antes De La Revolución Del Ayatollah,es,Alta,UgyaMwNIHkTJQ6gSFyV4AaABAg,,0,@Jornegre8096,Por eso al igual que su podrido y asqueroso líder todas esas ratas deben ser liquidadas...,2026-03-06T15:24:13Z,2026-03-06T15:24:13Z,0,0,youtube,2026-04-05T13:39:40.833691
45J0q2xi7Qk,ElDiaQue,Así era IRÁN Antes De La Revolución Del Ayatollah,es,Alta,UgyCq-G7OI_FpdVXKFR4AaABAg,,0,@fernandocabrera573,ASI DE HIPOCRITA ES NUESTRA SOCIEDAD RECHAZA Y APOYA LO QUE LE CONVIENE,2026-03-06T15:22:15Z,2026-03-06T15:22:15Z,0,0,youtube,2026-04-05T13:39:40.833695
45J0q2xi7Qk,ElDiaQue,Así era IRÁN Antes De La Revolución Del Ayatollah,es,Alta,UgyHXI6yxDAwHMesP_l4AaABAg,,0,@_chrisxd,Ese gobierno es un tumor maligno para el mundo,2026-03-06T15:16:27Z,2026-03-06T15:16:27Z,0,0,youtube,2026-04-05T13:39:40.833699
45J0q2xi7Qk,ElDiaQue,Así era IRÁN Antes De La Revolución Del Ayatollah,es,Alta,UgzI7xp6kJ3kWuxOzZR4AaABAg,,0,@antoniodeciga5252,Puro zurdo esta en contra de TRUMP y su agenda de exterminar DICTADORES 😢,2026-03-06T15:09:22Z,2026-03-06T15:09:30Z,0,0,youtube,2026-04-05T13:39:40.833703
45J0q2xi7Qk,ElDiaQue,Así era IRÁN Antes De La Revolución Del Ayatollah,es,Alta,UgwEtKZL8NKRBSHyZZN4AaABAg,,0,@Cuenta-c4k2t,"No querian que las vieran esos asesinos dictadores.
Bola de corruptos es que son esos asesinos dictadores de Iran.",2026-03-06T15:07:04Z,2026-03-06T15:07:04Z,0,0,youtube,2026-04-05T13:39:40.833708
45J0q2xi7Qk,ElDiaQue,Así era IRÁN Antes De La Revolución Del Ayatollah,es,Alta,UgyeLvwBh3Ulff7aRmx4AaABAg,,0,@victorperezorio1676,"Irán está sometido por los religiosos, como todos los países.  El pueblo iraní no tiene nada que ver con los dictadores, pero EEUU no tiene derecho a hacer esas matanzas!!! Por qué no ataca Arabia, Qatar, EAU que tienen a gobernantes de la misma calaña y también.matan a opositores igual que los ayatolás?? Iran libre!!! Israhell y Trump a la justicia por genocidas!!",2026-03-06T15:06:56Z,2026-03-06T15:06:56Z,0,2,youtube,2026-04-05T13:39:40.833712
45J0q2xi7Qk,ElDiaQue,Así era IRÁN Antes De La Revolución Del Ayatollah,es,Alta,UgyeLvwBh3Ulff7aRmx4AaABAg.AU0Y657LmaGAU0bf5w1yYC,UgyeLvwBh3Ulff7aRmx4AaABAg,1,@Rivan98,Iran financia muchos grupos terroristas como hezbollah,2026-03-06T15:46:48Z,2026-03-06T15:46:48Z,0,0,youtube,2026-04-05T13:39:40.833716
45J0q2xi7Qk,ElDiaQue,Así era IRÁN Antes De La Revolución Del Ayatollah,es,Alta,UgyeLvwBh3Ulff7aRmx4AaABAg.AU0Y657LmaGAU0gLv45449,UgyeLvwBh3Ulff7aRmx4AaABAg,1,@victorperezorio1676,​@Rivan98EEUU financia genocidas como Israhell y negocia con otros dictadores. Les importa el petróleo. No las personas.,2026-03-06T16:27:44Z,2026-03-06T16:27:44Z,0,0,youtube,2026-04-05T13:39:40.833720
45J0q2xi7Qk,ElDiaQue,Así era IRÁN Antes De La Revolución Del Ayatollah,es,Alta,Ugx0GBi7O-vxs8_iILZ4AaABAg,,0,@thlttlchld14,Buen video espero q hagas un video de lo q el estado de Israel esta haciendo actualmente con los palestinos,2026-03-06T14:58:52Z,2026-03-06T14:58:52Z,0,0,youtube,2026-04-05T13:39:40.833724
45J0q2xi7Qk,ElDiaQue,Así era IRÁN Antes De La Revolución Del Ayatollah,es,Alta,UgwoS0GaSVLNVjDWg2R4AaABAg,,0,@nosferatuyt,Siempre los ingleses piratas basura detrás de todo.,2026-03-06T14:53:07Z,2026-03-06T14:53:07Z,0,0,youtube,2026-04-05T13:39:40.833728
45J0q2xi7Qk,ElDiaQue,Así era IRÁN Antes De La Revolución Del Ayatollah,es,Alta,UgzICkqQ82kkY0xUasp4AaABAg,,0,@ARR1BA_ESPAÑA,Han pasado de vivir con los valores democráticos occidentales a retroceder al medievo,2026-03-06T14:52:22Z,2026-03-06T14:52:22Z,0,0,youtube,2026-04-05T13:39:40.833732
45J0q2xi7Qk,ElDiaQue,Así era IRÁN Antes De La Revolución Del Ayatollah,es,Alta,UgwhgnhLp2Uf_5WzxGd4AaABAg,,0,@onecanal6726,el islam deberia ser ilegal y diagnticado como enfermedad mental,2026-03-06T14:49:09Z,2026-03-06T14:49:09Z,0,0,youtube,2026-04-05T13:39:40.833737
45J0q2xi7Qk,ElDiaQue,Así era IRÁN Antes De La Revolución Del Ayatollah,es,Alta,Ugydw4GBF3oRnTp9Kdp4AaABAg,,0,@dariotepata7855,Era basura antes! Ahora se ven bien lindas,2026-03-06T14:47:41Z,2026-03-06T14:47:41Z,1,0,youtube,2026-04-05T13:39:40.833741
45J0q2xi7Qk,ElDiaQue,Así era IRÁN Antes De La Revolución Del Ayatollah,es,Alta,UgweimhUgLquwQD1_354AaABAg,,0,@AlejandroGarcia-gb8do,conflicto 🗣,2026-03-06T14:47:13Z,2026-03-06T14:47:13Z,0,0,youtube,2026-04-05T13:39:40.833746
45J0q2xi7Qk,ElDiaQue,Así era IRÁN Antes De La Revolución Del Ayatollah,es,Alta,UgzyPHx0al-_nYexuH14AaABAg,,0,@blancarosa7566,Ejemplo que cuando   Los governantes se  equivocan proclamándose  reyes sin ser nombrados por su pueblo.    Los gobernantes deben trabajar para el pueblo onrrado  y asegurando su estabilidad. 👍👍👍👍,2026-03-06T14:42:53Z,2026-03-06T14:42:53Z,0,0,youtube,2026-04-05T13:39:40.833750
45J0q2xi7Qk,ElDiaQue,Así era IRÁN Antes De La Revolución Del Ayatollah,es,Alta,Ugy7cdL94EdtDGyIfwp4AaABAg,,0,@braianroldan5035,"""policía de la moral""
Acá tenemos una cosa que se la pasa a los gritos hablando de la 
moral y su superioridad moral 🤣. Le encantaría esa policía en el pais",2026-03-06T14:42:37Z,2026-03-06T14:42:37Z,0,0,youtube,2026-04-05T13:39:40.833755
45J0q2xi7Qk,ElDiaQue,Así era IRÁN Antes De La Revolución Del Ayatollah,es,Alta,Ugz3og-EJ8AKEhp3UKZ4AaABAg,,0,@braianroldan5035,Esto pasa cuando se vuelven religiosos extremos.,2026-03-06T14:41:40Z,2026-03-06T14:41:40Z,0,0,youtube,2026-04-05T13:39:40.833759
45J0q2xi7Qk,ElDiaQue,Así era IRÁN Antes De La Revolución Del Ayatollah,es,Alta,Ugwsx4QgzmvRBPtl4wZ4AaABAg,,0,@pedrooscarbarreyro332,El culpable fue el imbécil del Sha que empezó a delirar y se auto eligió rey absoluto y a  hotigar y encarcelar a su pueblo haciendo que llegue lo que después se convirtió este asco de Ayatikas y los que le kamen las botas,2026-03-06T14:38:59Z,2026-03-06T14:38:59Z,0,0,youtube,2026-04-05T13:39:40.833763
45J0q2xi7Qk,ElDiaQue,Así era IRÁN Antes De La Revolución Del Ayatollah,es,Alta,UgzmrHai6fnS-mhiFnx4AaABAg,,0,@Ruble99,"19:27  menuda revolución, volver al medievo 😂😂😂😂",2026-03-06T14:38:57Z,2026-03-06T14:38:57Z,13,4,youtube,2026-04-05T13:39:40.833768
45J0q2xi7Qk,ElDiaQue,Así era IRÁN Antes De La Revolución Del Ayatollah,es,Alta,UgzmrHai6fnS-mhiFnx4AaABAg.AU0Uu5lNwkbAU2pexiAexy,UgzmrHai6fnS-mhiFnx4AaABAg,1,@socialsocial8350,Lo mismo hizo Fidel con Cuba y Chavez en Venezuela.,2026-03-07T12:27:36Z,2026-03-07T12:27:36Z,3,0,youtube,2026-04-05T13:39:40.833772
45J0q2xi7Qk,ElDiaQue,Así era IRÁN Antes De La Revolución Del Ayatollah,es,Alta,UgzmrHai6fnS-mhiFnx4AaABAg.AU0Uu5lNwkbAU36f6OiEGq,UgzmrHai6fnS-mhiFnx4AaABAg,1,@Ruble99,​@socialsocial8350ellos o los EEUU con su bloqueo?,2026-03-07T15:04:54Z,2026-03-07T15:04:54Z,1,0,youtube,2026-04-05T13:39:40.833775
45J0q2xi7Qk,ElDiaQue,Así era IRÁN Antes De La Revolución Del Ayatollah,es,Alta,UgzmrHai6fnS-mhiFnx4AaABAg.AU0Uu5lNwkbAU36ovf0caA,UgzmrHai6fnS-mhiFnx4AaABAg,1,@Ruble99,Igual q en Irak q está el isis gobernando después d pasar los EEUU repartiendo democracia,2026-03-07T15:06:15Z,2026-03-07T15:06:15Z,0,0,youtube,2026-04-05T13:39:40.833779
45J0q2xi7Qk,ElDiaQue,Así era IRÁN Antes De La Revolución Del Ayatollah,es,Alta,UgzmrHai6fnS-mhiFnx4AaABAg.AU0Uu5lNwkbAU5MV1D8m86,UgzmrHai6fnS-mhiFnx4AaABAg,1,@adilemcastillo1061,​@socialsocial8350Es verdad,2026-03-08T12:01:41Z,2026-03-08T12:01:41Z,0,0,youtube,2026-04-05T13:39:40.833782
45J0q2xi7Qk,ElDiaQue,Así era IRÁN Antes De La Revolución Del Ayatollah,es,Alta,UgyrbmovgOgs6xkinPh4AaABAg,,0,@FernandoGranada-n2z6i,Nadie es nadie para imponer régimen en un país .viva la democracia,2026-03-06T14:30:46Z,2026-03-06T14:30:46Z,0,0,youtube,2026-04-05T13:39:40.833787
45J0q2xi7Qk,ElDiaQue,Así era IRÁN Antes De La Revolución Del Ayatollah,es,Alta,UgxCG41tygD7LZPEXeB4AaABAg,,0,@Germenaner,"Ni lo uno ni lo otro.  En el régimen actual creo que supera la tradición, pues la mujer de entonces no estaba visible para la gente más que a través de sus ojos, o  incluso ni hasta eso..Sin embargo, el régimen de la monarquía las mostraba repugnantemente indignas, nada que ver con lo que podría suponerse  seguir la creencia en Dios...Hoy , se puede reconocer que Dios reclama una venganza contra el mundo. Un mundo corrompido hasta el extremo por sus habitantes que han repudiado todas las Leyes Divinas.",2026-03-06T14:28:01Z,2026-03-06T14:40:05Z,1,1,youtube,2026-04-05T13:39:40.833791
45J0q2xi7Qk,ElDiaQue,Así era IRÁN Antes De La Revolución Del Ayatollah,es,Alta,UgxCG41tygD7LZPEXeB4AaABAg.AU0Te1PkuqpAU3DN1prR-0,UgxCG41tygD7LZPEXeB4AaABAg,1,@fannybow3797,Por favor si dios es igual de machista que no hayas leido mucho de la biblia es otra cosa,2026-03-07T16:03:28Z,2026-03-07T16:03:28Z,0,0,youtube,2026-04-05T13:39:40.833794
45J0q2xi7Qk,ElDiaQue,Así era IRÁN Antes De La Revolución Del Ayatollah,es,Alta,UgwxLLqRa1jjRGqyuhJ4AaABAg,,0,@blancarosa7566,Los imperios siempre an participado en desestabilizar  alos paises por intereses,2026-03-06T14:25:06Z,2026-03-06T14:25:06Z,0,0,youtube,2026-04-05T13:39:40.833799
45J0q2xi7Qk,ElDiaQue,Así era IRÁN Antes De La Revolución Del Ayatollah,es,Alta,Ugwi_nUl1WyMgfL_O1t4AaABAg,,0,@blancarosa7566,"Iran 🇮🇷 lo secuestro el régimen de los ayatola     Al igual que cuba. ..,Venezuela ,y venezuela 🇻🇪 y  todos los comunistas ‼️",2026-03-06T14:22:04Z,2026-03-06T14:22:04Z,0,0,youtube,2026-04-05T13:39:40.833803
45J0q2xi7Qk,ElDiaQue,Así era IRÁN Antes De La Revolución Del Ayatollah,es,Alta,UgwXjDJo8yVUY5tn3ul4AaABAg,,0,@Ruble99,Hay q eliminar todas las religiones del mundo,2026-03-06T14:21:36Z,2026-03-06T14:21:36Z,0,0,youtube,2026-04-05T13:39:40.833807
45J0q2xi7Qk,ElDiaQue,Así era IRÁN Antes De La Revolución Del Ayatollah,es,Alta,UgwCxc7jGDR_7XfOdXN4AaABAg,,0,@LibiarocioGonzalez,Cómo siempre el hombre domina al hombre para su propia destrucción 😢😢,2026-03-06T14:10:25Z,2026-03-06T14:10:25Z,0,0,youtube,2026-04-05T13:39:40.833811
45J0q2xi7Qk,ElDiaQue,Así era IRÁN Antes De La Revolución Del Ayatollah,es,Alta,Ugz7LxoN-1teGHdJ30Z4AaABAg,,0,@NazaFagu,EEUU TIENE BOMBAS PERO LOS DEMÁS NO PUEDEN 😂😅😂😅,2026-03-06T14:07:18Z,2026-03-06T14:07:18Z,0,0,youtube,2026-04-05T13:39:40.833815
45J0q2xi7Qk,ElDiaQue,Así era IRÁN Antes De La Revolución Del Ayatollah,es,Alta,Ugyg7VFj7TqytnF8w0p4AaABAg,,0,@NazaFagu,LIBERTAD O MUERTE COMUNISTAS Y YANKEES SON LA MISMA PORQUERIA,2026-03-06T14:05:00Z,2026-03-06T14:05:00Z,0,0,youtube,2026-04-05T13:39:40.833819
45J0q2xi7Qk,ElDiaQue,Así era IRÁN Antes De La Revolución Del Ayatollah,es,Alta,Ugw2wlapC4DlVqjyaEZ4AaABAg,,0,@monel-s3o,"No falleció, lo mataron no digan las cosas como no son.",2026-03-06T13:52:48Z,2026-03-06T13:52:48Z,0,0,youtube,2026-04-05T13:39:40.833823
45J0q2xi7Qk,ElDiaQue,Así era IRÁN Antes De La Revolución Del Ayatollah,es,Alta,Ugzi1WWcFb_muCCQbVp4AaABAg,,0,@cardboardbox5704,"El Islam es una completa locura... Sin dudas Allah es el mismo Diablo...

🕋🕌☪️ = 👹🐍",2026-03-06T13:45:19Z,2026-03-06T13:45:19Z,0,0,youtube,2026-04-05T13:39:40.833827
45J0q2xi7Qk,ElDiaQue,Así era IRÁN Antes De La Revolución Del Ayatollah,es,Alta,Ugz_zh54nb9CQt12sVN4AaABAg,,0,@silviachinchayan,Conflicto.,2026-03-06T13:25:01Z,2026-03-06T13:25:01Z,0,0,youtube,2026-04-05T13:39:40.833831
45J0q2xi7Qk,ElDiaQue,Así era IRÁN Antes De La Revolución Del Ayatollah,es,Alta,UgzNk_QNdapeQxPdnXp4AaABAg,,0,@fernandovanzzini7141,Una tiranía x otra igual,2026-03-06T13:21:44Z,2026-03-06T13:21:56Z,0,0,youtube,2026-04-05T13:39:40.833835
45J0q2xi7Qk,ElDiaQue,Así era IRÁN Antes De La Revolución Del Ayatollah,es,Alta,UgyFxS06bqSz0We37bN4AaABAg,,0,@mauriciomartinez4303,Gracias que gran reportaje!,2026-03-06T13:16:41Z,2026-03-06T13:16:50Z,0,0,youtube,2026-04-05T13:39:40.833839
45J0q2xi7Qk,ElDiaQue,Así era IRÁN Antes De La Revolución Del Ayatollah,es,Alta,Ugy2Su52O3D5Q5lA-wZ4AaABAg,,0,@lilianlamela,Conflicto,2026-03-06T13:08:40Z,2026-03-06T13:08:40Z,0,0,youtube,2026-04-05T13:39:40.833845
45J0q2xi7Qk,ElDiaQue,Así era IRÁN Antes De La Revolución Del Ayatollah,es,Alta,UgzfEik5xHWA_Akjmtl4AaABAg,,0,@AlcarjelAndino,Régimen cochino,2026-03-06T13:06:49Z,2026-03-06T13:06:49Z,0,0,youtube,2026-04-05T13:39:40.833849
45J0q2xi7Qk,ElDiaQue,Así era IRÁN Antes De La Revolución Del Ayatollah,es,Alta,Ugw6fI9IcbNlHj9xeTB4AaABAg,,0,@AlPadrin0,"A este pendejo de mierda le pagan x ser un buen goy o que? Hoy en día las mujeres en Irán todavia andan como antes.. 
Por que no hablas de como son los Israelies o Judios?",2026-03-06T13:00:51Z,2026-03-06T13:00:51Z,0,0,youtube,2026-04-05T13:39:40.833853
45J0q2xi7Qk,ElDiaQue,Así era IRÁN Antes De La Revolución Del Ayatollah,es,Alta,UgzhkJ_OCd4oJGjudn14AaABAg,,0,@madelcarmenrodriguezgranja5794,"Las religiones son la lacra social mundial de la especie humana, que tristeza de país Irán, 😢",2026-03-06T12:54:05Z,2026-03-06T12:54:05Z,0,0,youtube,2026-04-05T13:39:40.833858
45J0q2xi7Qk,ElDiaQue,Así era IRÁN Antes De La Revolución Del Ayatollah,es,Alta,UgwWeMnfdjN4LLx2zs14AaABAg,,0,@sofiajackelinevalerianocar902,"Las mujeres no tienen mas derechos porque alguien bueno se los da, las mujeres siempre han luchado, persistido y conseguido a fuerza los derechos que obtienen.",2026-03-06T12:54:02Z,2026-03-06T12:54:02Z,0,0,youtube,2026-04-05T13:39:40.833862
45J0q2xi7Qk,ElDiaQue,Así era IRÁN Antes De La Revolución Del Ayatollah,es,Alta,Ugw7j_SrVmQ-9SwDlYN4AaABAg,,0,@Sufikerth,Policia de la moran se llaman estos viejos verdes pedofilos que toman niñas por mujeres y las violan ... todos ese regimen demoniaco corrupto debe desaparecer ...Iran libre justicia para las personas masacradas por el Idi Amin de Iran ..,2026-03-06T12:47:58Z,2026-03-06T12:47:58Z,0,0,youtube,2026-04-05T13:39:40.833866
45J0q2xi7Qk,ElDiaQue,Así era IRÁN Antes De La Revolución Del Ayatollah,es,Alta,UgwGjDoBWC2lZB5z7rR4AaABAg,,0,@rolomdq64,El islam es una secta que todo lo arruina como los peronchos .,2026-03-06T12:47:37Z,2026-03-06T12:47:37Z,0,0,youtube,2026-04-05T13:39:40.833871
45J0q2xi7Qk,ElDiaQue,Así era IRÁN Antes De La Revolución Del Ayatollah,es,Alta,UgxruT3VsZ3vmvWnCTl4AaABAg,,0,@sofiajackelinevalerianocar902,"Los psicópatas integrados, con frecuencia viven hasta muy viejos, esos casi no enferman, están vacíos hasta para eso, son reptiles por dentro. Tal como ese ayatolá.",2026-03-06T12:42:54Z,2026-03-06T12:52:35Z,0,0,youtube,2026-04-05T13:39:40.833875
45J0q2xi7Qk,ElDiaQue,Así era IRÁN Antes De La Revolución Del Ayatollah,es,Alta,UgzDAc8egBliS9qa6oh4AaABAg,,0,@birmaniasanchez9836,Conflicto,2026-03-06T12:41:39Z,2026-03-06T12:41:39Z,0,0,youtube,2026-04-05T13:39:40.833879
45J0q2xi7Qk,ElDiaQue,Así era IRÁN Antes De La Revolución Del Ayatollah,es,Alta,UgwaXpspHa9y3bjFB1Z4AaABAg,,0,@OsvaldoBenitez-do4xg,Algun zurdo vera esto y se le safará un tornillo,2026-03-06T12:40:39Z,2026-03-06T12:40:39Z,0,0,youtube,2026-04-05T13:39:40.833883
45J0q2xi7Qk,ElDiaQue,Así era IRÁN Antes De La Revolución Del Ayatollah,es,Alta,Ugzpz_hMjOLvGlHNhYB4AaABAg,,0,@matias43228,"hacé una del medio oriente y el ""terrorismo islámico"" antes de 1947",2026-03-06T12:35:30Z,2026-03-06T12:35:30Z,0,0,youtube,2026-04-05T13:39:40.833887
45J0q2xi7Qk,ElDiaQue,Así era IRÁN Antes De La Revolución Del Ayatollah,es,Alta,UgxV8rvwniaspAzXitJ4AaABAg,,0,@jose.deluca4924,"despues de ver esto quiero saber que piensan los que defienden al regimen Irani y sobre todo por el trato a la mujer, a ver que dice el colectivo de actrices",2026-03-06T12:34:21Z,2026-03-06T12:34:21Z,0,0,youtube,2026-04-05T13:39:40.833891
45J0q2xi7Qk,ElDiaQue,Así era IRÁN Antes De La Revolución Del Ayatollah,es,Alta,Ugy63lXMULCe7kQA52x4AaABAg,,0,@matias43228,Magnus Jewfisto?,2026-03-06T12:32:51Z,2026-03-06T12:32:51Z,0,0,youtube,2026-04-05T13:39:40.833895
45J0q2xi7Qk,ElDiaQue,Así era IRÁN Antes De La Revolución Del Ayatollah,es,Alta,Ugwfs12kvxxJ-9iNqSZ4AaABAg,,0,@FrancoLencina-x6l6l,Magnus ase un video el diaque murió baba vanga la vidente que predecia las guerras y todo lo que está pasando hoy en el mundo,2026-03-06T12:27:48Z,2026-03-06T12:27:48Z,0,0,youtube,2026-04-05T13:39:40.833900
45J0q2xi7Qk,ElDiaQue,Así era IRÁN Antes De La Revolución Del Ayatollah,es,Alta,UgzYFq9LGqDjl_BSB6t4AaABAg,,0,@albertgonzales3879,"Así mismo fue un país moderno y luego se convirtió en un infierno, pero así son los pueblos de ignorantes y necesitan un dictador que ponga límites.",2026-03-06T12:20:41Z,2026-03-06T12:20:41Z,0,0,youtube,2026-04-05T13:39:40.833904
45J0q2xi7Qk,ElDiaQue,Así era IRÁN Antes De La Revolución Del Ayatollah,es,Alta,Ugz-wtfNyEF9Ymcd6kl4AaABAg,,0,@yoenlayuma,"Es decir Irán ya estaba mal y llego  Alí Jamenei y acabo de destrozar Irán con su Islamismo Radical. Bueno, espero ahora los Iraníes puedan ser libres de una vez.",2026-03-06T12:11:28Z,2026-03-06T12:11:28Z,0,0,youtube,2026-04-05T13:39:40.833908
45J0q2xi7Qk,ElDiaQue,Así era IRÁN Antes De La Revolución Del Ayatollah,es,Alta,UgxHSoXxV2G7CblXgPF4AaABAg,,0,@SandyK.-zt5to,El AYATOLLAH  no fallecio lo asesinaron Isarael y Estados Unidos. ! La informacion correcta. Y no apoyo a los AYATOLLAHS. Ni al Sha de Iran.,2026-03-06T12:06:48Z,2026-03-06T12:06:48Z,0,0,youtube,2026-04-05T13:39:40.833912
45J0q2xi7Qk,ElDiaQue,Así era IRÁN Antes De La Revolución Del Ayatollah,es,Alta,UgxbBMXW4uPAXh5HrcZ4AaABAg,,0,@sandropuntocom,"Desde su revolución, Irán es el mayor exportador de terroristas y grupos armados que eliminan cristianos y odian al mundo más que a sus propios paisanos.",2026-03-06T12:05:10Z,2026-03-06T12:05:10Z,0,0,youtube,2026-04-05T13:39:40.833915
45J0q2xi7Qk,ElDiaQue,Así era IRÁN Antes De La Revolución Del Ayatollah,es,Alta,Ugx9BdDyPj63T3OYuyV4AaABAg,,0,@sandropuntocom,"El 77 murieron 40 y luego 60 y hubo una tremenda revolución... Ahora el régimen de los ayatollahs matan cientos de miles en 50 años y ahora matan  40000 en dos días y según los zurdos (otra ves) el problema es Israel y EEUU , países que dieron sus mejores días a Irán",2026-03-06T12:01:20Z,2026-03-06T12:01:20Z,0,0,youtube,2026-04-05T13:39:40.833919
45J0q2xi7Qk,ElDiaQue,Así era IRÁN Antes De La Revolución Del Ayatollah,es,Alta,Ugx5O1fkgDF4AgNJzQd4AaABAg,,0,@sandropuntocom,"No es cierta toda la información que presentas, es mentira que Israel y usa hayan hecho tanto daño, pasaba lo que estaba pasando ahora y el país necesitaba salir de los dictadores, a veces pasan cosas como en Cuba Venezuela Chile Salvador Guatemala. Etc etc etc. Y alguien tiene que actuar para salvar estos países.",2026-03-06T11:54:40Z,2026-03-06T11:54:40Z,0,1,youtube,2026-04-05T13:39:40.833923
45J0q2xi7Qk,ElDiaQue,Así era IRÁN Antes De La Revolución Del Ayatollah,es,Alta,Ugx5O1fkgDF4AgNJzQd4AaABAg.AU0C5wGHW9DAUAGKEF6i5O,Ugx5O1fkgDF4AgNJzQd4AaABAg,1,@kimberlyarana6232,"Eres bastante retrasado, yo soy de Guatemala y aquí no levantamos cabeza por culpa del gran daño que nos hizo Estados Unidos, además, Israel entrenó a los militares que masacraron al pueblo guatemalteco, con la estúpida excusa del comunismo, y por eso masacraron de forma horrible a niños, mujeres, ancianos, ni qué decir de que en la capital mataron estudiantes, y a cualquiera que pensara un poco distinto y luchara por la justicia social.",2026-03-10T09:43:59Z,2026-03-10T09:43:59Z,0,0,youtube,2026-04-05T13:39:40.833927
45J0q2xi7Qk,ElDiaQue,Así era IRÁN Antes De La Revolución Del Ayatollah,es,Alta,Ugw5vSN5pADTsP8XJod4AaABAg,,0,@jaisasanchez4315,"Conflicto, excelente investigación",2026-03-06T11:54:33Z,2026-03-06T11:54:33Z,0,0,youtube,2026-04-05T13:39:40.833934
45J0q2xi7Qk,ElDiaQue,Así era IRÁN Antes De La Revolución Del Ayatollah,es,Alta,Ugx3JUZFhU1dTU7STWZ4AaABAg,,0,@joserossis7454,VIVA. USA.   TRUMP. ES AHORA MISMO EL PRESIDENTE. DE IRAN,2026-03-06T11:54:18Z,2026-03-06T11:54:18Z,0,0,youtube,2026-04-05T13:39:40.833939
45J0q2xi7Qk,ElDiaQue,Así era IRÁN Antes De La Revolución Del Ayatollah,es,Alta,UgwsyLL4w4QnIwFHV3l4AaABAg,,0,@deivygomez1570,Por qué es tan difícil hacerle enteder a los imbéciles que el hecho de no apoyar los crimenes del pedófilo presidente de eeuu y el genocida matanyahu no es apoyar al régimen asesino del ayatolá?,2026-03-06T11:53:09Z,2026-03-06T11:53:09Z,0,0,youtube,2026-04-05T13:39:40.833942
45J0q2xi7Qk,ElDiaQue,Así era IRÁN Antes De La Revolución Del Ayatollah,es,Alta,UgyV6ZHE01393QziZQl4AaABAg,,0,@Belénful,Por que hablan lo q no saben? Uds estuvieron en Iran? Por q son tan ignorantes y creen todo lo q los noticieros occidentales le venden? Hasta cuándo van a ser manejados como títeres? No crean todo lo q los youtubers venden.. la ignorancia es la madre de todos los incautos . No crean todo lo les cuentan .,2026-03-06T11:48:19Z,2026-03-06T11:48:19Z,0,0,youtube,2026-04-05T13:39:40.833946
45J0q2xi7Qk,ElDiaQue,Así era IRÁN Antes De La Revolución Del Ayatollah,es,Alta,UgxRK7LRS4XUzrsYTMh4AaABAg,,0,@wagnar,Iran es literalmente Handmaid’s Tale pero las feministas insisten que el peligro son los republicanos 😂,2026-03-06T11:40:23Z,2026-03-06T11:40:23Z,0,0,youtube,2026-04-05T13:39:40.833950
45J0q2xi7Qk,ElDiaQue,Así era IRÁN Antes De La Revolución Del Ayatollah,es,Alta,UgwcfI84ZDMT-mmf2_V4AaABAg,,0,@gustavosaffi2382,"Ah........ahora entiendoooo !!!! Como como a los ""libertinos para si mismos pero no para los demas"" no les gusta la cultura de otro pais, lo bombardéan !!! ah, si, si, ahora comprendo !",2026-03-06T11:37:25Z,2026-03-06T11:37:25Z,0,0,youtube,2026-04-05T13:39:40.833954
45J0q2xi7Qk,ElDiaQue,Así era IRÁN Antes De La Revolución Del Ayatollah,es,Alta,UgzwDKDU-FTb7mLm_9h4AaABAg,,0,@Nando88_,Todo lo malo en el mundo es por anglos,2026-03-06T11:34:53Z,2026-03-06T11:34:53Z,0,0,youtube,2026-04-05T13:39:40.833958
45J0q2xi7Qk,ElDiaQue,Así era IRÁN Antes De La Revolución Del Ayatollah,es,Alta,UgwVYNszdJ8LdocHGhV4AaABAg,,0,@gtrmusic.1712,En resumen : ellos mismos se jodieron 😅,2026-03-06T11:32:41Z,2026-03-06T11:32:41Z,0,0,youtube,2026-04-05T13:39:40.833962
45J0q2xi7Qk,ElDiaQue,Así era IRÁN Antes De La Revolución Del Ayatollah,es,Alta,UgwlLqbxO53IC1YcfXB4AaABAg,,0,@Der_Domi,"Es que los Iranies no son Árabes son Persas. Por eso es que el Pueblo quiere ser libre, porque ellos piensan de otra manera al Árabe.",2026-03-06T11:30:48Z,2026-03-06T11:30:48Z,0,0,youtube,2026-04-05T13:39:40.833967
45J0q2xi7Qk,ElDiaQue,Así era IRÁN Antes De La Revolución Del Ayatollah,es,Alta,UgwDdMZJ_Hu8JcRjch54AaABAg,,0,@sandraclaudiadipalma9110,Conflicto,2026-03-06T11:30:45Z,2026-03-06T11:30:45Z,0,0,youtube,2026-04-05T13:39:40.833971
45J0q2xi7Qk,ElDiaQue,Así era IRÁN Antes De La Revolución Del Ayatollah,es,Alta,UgxK_F00eRqpoJtk0_54AaABAg,,0,@Palomalba,🛢️🛢️🛢️🛢️,2026-03-06T11:24:10Z,2026-03-06T11:24:10Z,0,0,youtube,2026-04-05T13:39:40.833975
45J0q2xi7Qk,ElDiaQue,Así era IRÁN Antes De La Revolución Del Ayatollah,es,Alta,UgwLeypupDDij83Lew14AaABAg,,0,@MiguelReyna23,"BUENO,   SI USTEDES RECUERDAN Y VIEROS LA PELICULA  ''MUCHACHO ' 'QUÉ  FILMÓ  SANDRO EN EL  DELTA   ( TIGRE ),  LA CHICA QUÉ FILMÓ CON EL Y TERMINA CASANDOSE  CON  MUCHACHO,  ERA IRANI, !  Y DE TEHRAN.",2026-03-06T11:10:13Z,2026-03-06T11:10:13Z,0,0,youtube,2026-04-05T13:39:40.833979
45J0q2xi7Qk,ElDiaQue,Así era IRÁN Antes De La Revolución Del Ayatollah,es,Alta,UgwT0FbTvlRMTS7Z1Dl4AaABAg,,0,@mar1617c.m,"Que no haya derechos de mujeres está mal pero,las mujeres cada vez andan por las calles casi desnudas,ya no hay pudor pienso que por eso hay muchas violaciones por qué los animales a quienes cogen son a las niñas.Nada justifica que otro pais invada a otro pais ,las problemas se solucionan en casa entre ellos,a mí noe gustaría que el vecino venga a poner orden en mi casa.",2026-03-06T11:04:08Z,2026-03-06T11:04:08Z,0,0,youtube,2026-04-05T13:39:40.833984
45J0q2xi7Qk,ElDiaQue,Así era IRÁN Antes De La Revolución Del Ayatollah,es,Alta,Ugy_RvTOaVXc_u64aVh4AaABAg,,0,@richardhchc9762,"Ayatolas terrucos fanáticos,,solo pudiendo vivir en paz con las religiones del mundo",2026-03-06T11:01:31Z,2026-03-06T11:01:31Z,0,0,youtube,2026-04-05T13:39:40.833988
45J0q2xi7Qk,ElDiaQue,Así era IRÁN Antes De La Revolución Del Ayatollah,es,Alta,UgxMg3OegCRflGMoyNl4AaABAg,,0,@zulmamateos4183,"CONFLICTO,",2026-03-06T10:57:21Z,2026-03-06T10:57:21Z,0,0,youtube,2026-04-05T13:39:40.833992
45J0q2xi7Qk,ElDiaQue,Así era IRÁN Antes De La Revolución Del Ayatollah,es,Alta,UgxSS9SfkyDQyoY-ji94AaABAg,,0,@JosePG-u4q,Resumen: nunca dejes que potencias extranjeras intervengan tu soberanía a favor de la ''democracia'' y la ''libertad''.,2026-03-06T10:51:44Z,2026-03-06T10:51:44Z,1,0,youtube,2026-04-05T13:39:40.833997
45J0q2xi7Qk,ElDiaQue,Así era IRÁN Antes De La Revolución Del Ayatollah,es,Alta,UgyvrzpHGM5iwdq9M8N4AaABAg,,0,@joeyspider,PERO COMO.... si iran y paises de medio oriente son defendidos por comunistas socialistas de occidente jajaja,2026-03-06T10:36:19Z,2026-03-06T10:36:19Z,0,0,youtube,2026-04-05T13:39:40.834001
45J0q2xi7Qk,ElDiaQue,Así era IRÁN Antes De La Revolución Del Ayatollah,es,Alta,UgwGih1w3mdsLZK_Tr14AaABAg,,0,@AndresRusso-b8x,"El lider religioso irani no falleció estú*pido, lo asesinaron que es muy diferente, lo asesinaron los genocidas israelis y los pedofilos estafounidenses, con bombas lanzadas a su casa en la cual murieron tambien sus familares, tenes capacidad mental para entender esto?, idio*ta!!.",2026-03-06T10:21:59Z,2026-03-06T10:21:59Z,0,0,youtube,2026-04-05T13:39:40.834005
45J0q2xi7Qk,ElDiaQue,Así era IRÁN Antes De La Revolución Del Ayatollah,es,Alta,UgxZWpVogZDOQyITqyF4AaABAg,,0,@Rodocruces,Conflicto,2026-03-06T10:19:35Z,2026-03-06T10:19:35Z,0,0,youtube,2026-04-05T13:39:40.834009
45J0q2xi7Qk,ElDiaQue,Así era IRÁN Antes De La Revolución Del Ayatollah,es,Alta,UgwQxB0ETcukGMEdsBN4AaABAg,,0,@AndresRusso-b8x,"Eres im*bé*cil e ignorante, verdad?.",2026-03-06T10:17:33Z,2026-03-06T10:17:33Z,0,0,youtube,2026-04-05T13:39:40.834013
45J0q2xi7Qk,ElDiaQue,Así era IRÁN Antes De La Revolución Del Ayatollah,es,Alta,Ugy532HcUr21589p3vF4AaABAg,,0,@faguilin,Que caiga esa inmundicia de régimen asesino.,2026-03-06T10:06:14Z,2026-03-06T10:06:14Z,0,0,youtube,2026-04-05T13:39:40.834017
45J0q2xi7Qk,ElDiaQue,Así era IRÁN Antes De La Revolución Del Ayatollah,es,Alta,UgyrRJ-M3NNmBmL8-wF4AaABAg,,0,@hugobauer4434,"Un conocido mío iraní me dijo una vez: antes los iraníes, bebían en la calle y rezaban en sus casas, hoy en día rezan en la calle y beben en sus casas. Um amigo mío, estuvo 3 años, enviado por la empresa donde trabajaba en Teherán. A su regreso su esposa me dijo, lo único positivo que puedo contar es que aprendí a hacer vino y cerveza en mi casa. Me decía que cuando era la época de la vendimia, todo el barrio olía a vino. Es el cinismo mas espantoso. Las pistas de skí están divididas, una para los hombres y otra para las mujeres, en el aeropuerto hay una puerta de entrada para los hombres y otra para las mujeres, pero existen los taxis colectivos, una vez viajaba yo en una de ellos, iba lleno en su capacidad, en una esquina se subió una mujer y tranquilamente se sentó en mi falda, ningún problema. El fanatismo religioso, cualquiera que el sea, ha traido a travez de la historia tan sólo desgracias a la humanidad,",2026-03-06T09:46:28Z,2026-03-06T09:46:28Z,0,0,youtube,2026-04-05T13:39:40.834021
45J0q2xi7Qk,ElDiaQue,Así era IRÁN Antes De La Revolución Del Ayatollah,es,Alta,UgwUcVLmDIC-g-SP0F94AaABAg,,0,@setjafetamaromartinez3421,Y porque le hacen caso a un viejo amargado? Igual su gente tiene mucha culpa,2026-03-06T09:33:28Z,2026-03-06T09:33:28Z,0,0,youtube,2026-04-05T13:39:40.834025
45J0q2xi7Qk,ElDiaQue,Así era IRÁN Antes De La Revolución Del Ayatollah,es,Alta,Ugx-GtWR9wlkjPrjP794AaABAg,,0,@monicacarrillo7596,Excelente video 💯👍🙏,2026-03-06T09:21:47Z,2026-03-06T09:21:47Z,0,0,youtube,2026-04-05T13:39:40.834029
45J0q2xi7Qk,ElDiaQue,Así era IRÁN Antes De La Revolución Del Ayatollah,es,Alta,UgziCcElBYjsZzRCDTp4AaABAg,,0,@matiasgera3029,"""Revolucion""",2026-03-06T09:09:26Z,2026-03-06T09:09:26Z,0,0,youtube,2026-04-05T13:39:40.834033
45J0q2xi7Qk,ElDiaQue,Así era IRÁN Antes De La Revolución Del Ayatollah,es,Alta,UgwvJKXHJDhopG-yxa14AaABAg,,0,@MileyEspañol,"Esto tiene mucha similitud con la cuba de 1960 y la de hoy. Todo los totalitarismos suponen una involución. Nadie hace nada porque la izquierda tiene una autopercepcion de superioridad , porque le quita  alos ricos para dárselo a los pobres. Cuando la realidad es justo al revés, una vez que un pobre ha asumido el poder.",2026-03-06T08:58:54Z,2026-03-06T08:58:54Z,1,2,youtube,2026-04-05T13:39:40.834037
45J0q2xi7Qk,ElDiaQue,Así era IRÁN Antes De La Revolución Del Ayatollah,es,Alta,UgwvJKXHJDhopG-yxa14AaABAg.AU-szX9U6cIAU0QLvka3mS,UgwvJKXHJDhopG-yxa14AaABAg,1,@Liv-er8ij,"SI pero no paran de negar las cosas, niegan que hay dictadura, niegan que no hay libertad, etc, cuando esos paises se caen a pedazos, no s respetan los derechos humanos básicos y son dictaduras...siempre el enemigo es el imperalismo yanki, solo saben repetir eso",2026-03-06T13:59:11Z,2026-03-06T13:59:11Z,1,0,youtube,2026-04-05T13:39:40.834041
45J0q2xi7Qk,ElDiaQue,Así era IRÁN Antes De La Revolución Del Ayatollah,es,Alta,UgwvJKXHJDhopG-yxa14AaABAg.AU-szX9U6cIAU1nSwtaBwo,UgwvJKXHJDhopG-yxa14AaABAg,1,@legendssaiyanblue,"Lo mismo que los negacionistas de las Dictaduras Militares de Chile, Argentina, Paraguay y Brasil. En Centroamérica ocurrió una crisis política terminando en guerra civil Guatemalteca, Salvador y Nicaragua, dónde masacraron pueblos indígenas, persiguieron clerigos, y negociaron con narcos, busca el Caso Irán-Contra.",2026-03-07T02:49:06Z,2026-03-07T02:49:06Z,0,0,youtube,2026-04-05T13:39:40.834044
_he3Z-xUr3g,Los Progreñecos,"
¿Está el mantero de Podemos por encima de la ley?, pero explicado con teleñecos",es,Media,UgzhBK-MaxY-mYtpzFt4AaABAg,,0,@maribelcoviedo9180,Tiene razón él y muchos sinvergüenzas y delincuentes como él seguirán victimizandose y riéndose de nosotros mientras no dejemos de ser gilipollas y consintamos q está gentuza nos toreen,2026-04-05T16:52:06Z,2026-04-05T16:52:06Z,0,0,youtube,2026-04-05T13:39:41.698907
_he3Z-xUr3g,Los Progreñecos,"
¿Está el mantero de Podemos por encima de la ley?, pero explicado con teleñecos",es,Media,UgwkqsAMtI6YsrgCPKJ4AaABAg,,0,@ramamacari,"Estimados progreñecos, hacéis un trabajo estupendo retratando la sociedad actual. Comentar la teoría de la estupidez de Dietrich, igual ayudaba a alguno a verse reflejado…Segurísimo que la conocéis. Un saludo y gracias por vuestro trabajo !!!",2026-04-05T12:23:25Z,2026-04-05T12:23:25Z,0,0,youtube,2026-04-05T13:39:41.698925
_he3Z-xUr3g,Los Progreñecos,"
¿Está el mantero de Podemos por encima de la ley?, pero explicado con teleñecos",es,Media,Ugziit_vYMjKq0xzz394AaABAg,,0,@avelinomartinnogales8901,Cada vez os estáis superando a la realidad total😅😅,2026-04-04T16:21:26Z,2026-04-04T16:21:26Z,0,0,youtube,2026-04-05T13:39:41.698931
_he3Z-xUr3g,Los Progreñecos,"
¿Está el mantero de Podemos por encima de la ley?, pero explicado con teleñecos",es,Media,UgzIvHysDy3ignJLk7d4AaABAg,,0,@MeliCordero-w4v,Pregunta ¿por ser blanca no pertenezco a ninguna raza? 😮,2026-04-04T09:51:43Z,2026-04-04T09:51:43Z,0,0,youtube,2026-04-05T13:39:41.698936
_he3Z-xUr3g,Los Progreñecos,"
¿Está el mantero de Podemos por encima de la ley?, pero explicado con teleñecos",es,Media,UgzDNFbdNVObjXhkStF4AaABAg,,0,@Kawaii-vh7xw,Cuando salga Óscar puente ponle como un mono,2026-04-03T12:18:19Z,2026-04-03T12:18:19Z,0,0,youtube,2026-04-05T13:39:41.698940
_he3Z-xUr3g,Los Progreñecos,"
¿Está el mantero de Podemos por encima de la ley?, pero explicado con teleñecos",es,Media,UgyeatVLgzbRmj3HZch4AaABAg,,0,@Kawaii-vh7xw,La voz que le has puesto al negro me recuerda un poco a la de un tío blanco hetero,2026-04-03T12:17:55Z,2026-04-03T12:17:55Z,0,0,youtube,2026-04-05T13:39:41.698946
_he3Z-xUr3g,Los Progreñecos,"
¿Está el mantero de Podemos por encima de la ley?, pero explicado con teleñecos",es,Media,Ugx74asq1WsPBcc19kZ4AaABAg,,0,@Punto-g6q,"Hola progresemos deberíais hacer un video sobre, musulmán el que no bote, que toda la prensa palanganero de izquierdas y tambien de derechas ha hecho tanto ruido, mientras vemos como nos invaden, insultan constantemente a España, su bandera, su himno y la religión católica y nadie dice nada.",2026-04-02T11:39:41Z,2026-04-02T11:39:41Z,0,0,youtube,2026-04-05T13:39:41.698950
_he3Z-xUr3g,Los Progreñecos,"
¿Está el mantero de Podemos por encima de la ley?, pero explicado con teleñecos",es,Media,Ugxi98RlXxE_qSlpNgN4AaABAg,,0,@javirodriguez2342,"España ya esta perdida, que pena, o espabilamos, o desaparecemos.",2026-04-02T07:31:43Z,2026-04-02T07:31:43Z,0,0,youtube,2026-04-05T13:39:41.698955
_he3Z-xUr3g,Los Progreñecos,"
¿Está el mantero de Podemos por encima de la ley?, pero explicado con teleñecos",es,Media,UgxT9xJqQt4gGQbd31F4AaABAg,,0,@errante9238,"A título personal, quemaría su DNI, lo desnudaría, y lo metería de vuelta en otra patera con una botella de agua y una brújula 😂",2026-04-02T06:53:51Z,2026-04-02T06:53:51Z,0,0,youtube,2026-04-05T13:39:41.698960
_he3Z-xUr3g,Los Progreñecos,"
¿Está el mantero de Podemos por encima de la ley?, pero explicado con teleñecos",es,Media,UgwsJ0dosIrJiFMttkJ4AaABAg,,0,@RafaelBallesteros-l4p,"El inframundo de las cloacas del estado con sus recovecos y salas secretas se han encendido las luces y un zumbido creciente suena algo se ha puesto en marcha,y no es bueno para nadie",2026-04-01T14:16:26Z,2026-04-01T14:16:26Z,0,0,youtube,2026-04-05T13:39:41.698965
_he3Z-xUr3g,Los Progreñecos,"
¿Está el mantero de Podemos por encima de la ley?, pero explicado con teleñecos",es,Media,UgzYCJPr0cwqOiqaiLZ4AaABAg,,0,@juancarlospascualperez,Que fuerte. Parece el mundo al revés😨,2026-04-01T12:39:37Z,2026-04-01T12:39:37Z,2,0,youtube,2026-04-05T13:39:41.698969
_he3Z-xUr3g,Los Progreñecos,"
¿Está el mantero de Podemos por encima de la ley?, pero explicado con teleñecos",es,Media,UgzwYp4ueyMPro0VbCl4AaABAg,,0,@juancarlospascualperez,¿Te entegaste el caso de Noelia Castillo? ¿Crees que hubo influencias para llegar ha este extremo pese que a ella estaba bien y puede andar aunque con dificultad según algunos videos que se publicó? ¿Podías hacer un video contando de este tema de la eutanasia embasando el caso ese que convonío a toda España y Europa?,2026-04-01T12:38:03Z,2026-04-01T12:38:41Z,1,0,youtube,2026-04-05T13:39:41.698973
_he3Z-xUr3g,Los Progreñecos,"
¿Está el mantero de Podemos por encima de la ley?, pero explicado con teleñecos",es,Media,UgwtxPpZ_gPHvNyIX0x4AaABAg,,0,@germdz,Excelente como siempre,2026-03-31T11:45:32Z,2026-03-31T11:45:32Z,1,0,youtube,2026-04-05T13:39:41.698978
_he3Z-xUr3g,Los Progreñecos,"
¿Está el mantero de Podemos por encima de la ley?, pero explicado con teleñecos",es,Media,UgwmoLLXULo7pDlECw14AaABAg,,0,@mariaj.martinez4342,"Menudo ridículo que han hecho los de podemos... nobhan pasado 5 minutos de la detención a la campaña mediática de los podemongers. 
De verdad cuánto más hay que aguantar a esta gentuza que no hacen nada bueno a la sociedad.

Por cierto, os he descubierto hace pocos días, sois GENIALES. 
Gracias por contar las cosas de esta manera tan especial.
Suerte y Viva España Libre",2026-03-31T08:08:02Z,2026-03-31T08:09:27Z,2,0,youtube,2026-04-05T13:39:41.698983
_he3Z-xUr3g,Los Progreñecos,"
¿Está el mantero de Podemos por encima de la ley?, pero explicado con teleñecos",es,Media,UgxlQmSwkKt3edkTbat4AaABAg,,0,@BadBoy-fq6yf,"No solo que es mantero, sino que es  narco.",2026-03-31T03:21:44Z,2026-03-31T03:21:44Z,1,0,youtube,2026-04-05T13:39:41.698988
_he3Z-xUr3g,Los Progreñecos,"
¿Está el mantero de Podemos por encima de la ley?, pero explicado con teleñecos",es,Media,Ugy2QjBLHo7S_sxDxC94AaABAg,,0,@BadBoy-fq6yf,"Racismo es cuando un delincuente negro sale libre, mientras sus compinches no negros siguen en la carcel.",2026-03-31T03:20:21Z,2026-03-31T03:20:21Z,1,0,youtube,2026-04-05T13:39:41.698992
_he3Z-xUr3g,Los Progreñecos,"
¿Está el mantero de Podemos por encima de la ley?, pero explicado con teleñecos",es,Media,UgwjoOm7KRy7m3dzoTh4AaABAg,,0,@Stereo4102,"Progreñecos, les tengo otro material: Alegadamente Pedro Sánchez mandó a cerrar el espacio aéreo español a los vuelos militares de Estados Unidos por su guerra contra Irán. ¿Qué creen de eso?",2026-03-30T20:10:31Z,2026-03-30T20:10:31Z,1,0,youtube,2026-04-05T13:39:41.698997
_he3Z-xUr3g,Los Progreñecos,"
¿Está el mantero de Podemos por encima de la ley?, pero explicado con teleñecos",es,Media,UgzcIisvm8peUTfE4GB4AaABAg,,0,@RaquelDuránChico,"Menos mal que había vídeos, olé 👏👏👏 por la actuación policial ❤❤❤",2026-03-30T17:59:55Z,2026-03-30T17:59:55Z,1,0,youtube,2026-04-05T13:39:41.699002
_he3Z-xUr3g,Los Progreñecos,"
¿Está el mantero de Podemos por encima de la ley?, pero explicado con teleñecos",es,Media,UgzGg2RIdJJvrzGY5GR4AaABAg,,0,@NickCosta625,Top manta a su país,2026-03-30T12:25:26Z,2026-03-30T12:25:26Z,1,0,youtube,2026-04-05T13:39:41.699006
_he3Z-xUr3g,Los Progreñecos,"
¿Está el mantero de Podemos por encima de la ley?, pero explicado con teleñecos",es,Media,UgxKa9b_NHR5aOEmNGJ4AaABAg,,0,@Alex-fn8cl,Soy el unico que ve estos videos por los muñecos que por la politica,2026-03-30T10:55:11Z,2026-03-30T10:55:11Z,1,0,youtube,2026-04-05T13:39:41.699011
_he3Z-xUr3g,Los Progreñecos,"
¿Está el mantero de Podemos por encima de la ley?, pero explicado con teleñecos",es,Media,UgxRviXc3L43Ydjg5QV4AaABAg,,0,@Santiago.Rudenko2010,Así va España con estos victimistas,2026-03-30T09:43:11Z,2026-03-30T09:43:11Z,1,0,youtube,2026-04-05T13:39:41.699015
_he3Z-xUr3g,Los Progreñecos,"
¿Está el mantero de Podemos por encima de la ley?, pero explicado con teleñecos",es,Media,UgyS4qXtOMC8cY2qnLN4AaABAg,,0,@cucomatraca,"Está muy claro, la culpa es del Mercadona y de sus clientes, que premeditadamente aparcan cerca 😂",2026-03-30T08:30:30Z,2026-03-30T08:30:30Z,0,0,youtube,2026-04-05T13:39:41.699020
_he3Z-xUr3g,Los Progreñecos,"
¿Está el mantero de Podemos por encima de la ley?, pero explicado con teleñecos",es,Media,UgzV4e6Wz4irOpCBbnd4AaABAg,,0,@Pelmazotte,"Un ICE es lo que necesitamos en España, que vayan pillando a todos los ilegales por la calle y los larguen a su país",2026-03-30T07:07:19Z,2026-03-30T07:07:19Z,0,0,youtube,2026-04-05T13:39:41.699024
_he3Z-xUr3g,Los Progreñecos,"
¿Está el mantero de Podemos por encima de la ley?, pero explicado con teleñecos",es,Media,UgymqSXv8EStq9TP2fB4AaABAg,,0,@ananiascohen5458,Ya fue aprobada esa ley homofóbica.,2026-03-30T00:16:06Z,2026-03-30T00:16:06Z,0,0,youtube,2026-04-05T13:39:41.699028
_he3Z-xUr3g,Los Progreñecos,"
¿Está el mantero de Podemos por encima de la ley?, pero explicado con teleñecos",es,Media,Ugxki6v4pPH8qVIyh0x4AaABAg,,0,@LuisFernandez-ib6sq,Tiene suerte de no haber sucedido en EE.UU.,2026-03-29T18:48:04Z,2026-03-29T18:48:04Z,1,0,youtube,2026-04-05T13:39:41.699033
_he3Z-xUr3g,Los Progreñecos,"
¿Está el mantero de Podemos por encima de la ley?, pero explicado con teleñecos",es,Media,UgwHXpBmLhhrHnOaQOx4AaABAg,,0,@lidiaRios-f2i,Pero si ha venido a brillar y a contribuir!!!!,2026-03-29T18:18:02Z,2026-03-29T18:18:02Z,2,0,youtube,2026-04-05T13:39:41.699038
_he3Z-xUr3g,Los Progreñecos,"
¿Está el mantero de Podemos por encima de la ley?, pero explicado con teleñecos",es,Media,UgyBBRMFDsIkd_uPw9R4AaABAg,,0,@MarcosRamius-i2t,Devuelvan a la gente negra a su lugar de origen: Africa.,2026-03-29T14:48:56Z,2026-03-29T14:48:56Z,0,0,youtube,2026-04-05T13:39:41.699042
_he3Z-xUr3g,Los Progreñecos,"
¿Está el mantero de Podemos por encima de la ley?, pero explicado con teleñecos",es,Media,UgxxwJSjQMkgcwni8rV4AaABAg,,0,@wunderpu,Otro Sarito ? 😂😅,2026-03-29T14:25:42Z,2026-03-29T14:25:42Z,0,0,youtube,2026-04-05T13:39:41.699047
_he3Z-xUr3g,Los Progreñecos,"
¿Está el mantero de Podemos por encima de la ley?, pero explicado con teleñecos",es,Media,Ugzv0FzbC6p1cC7S-QN4AaABAg,,0,@amadoobesoquintanal4086,"Muy buen canal donde podemos vernos mejor reflejados, aunque desgraciadamente solo es un sueño. Vox es la solución.",2026-03-29T12:13:30Z,2026-03-29T12:13:30Z,0,0,youtube,2026-04-05T13:39:41.699051
_he3Z-xUr3g,Los Progreñecos,"
¿Está el mantero de Podemos por encima de la ley?, pero explicado con teleñecos",es,Media,Ugw_V32NSO-N8Bs7RVh4AaABAg,,0,@FenixLegacy,"Es curioso como este pais nos la mete por todos lados a los ciudadianos de bien pero a los que son manifiestamente criminales la policia no los puede ni tocar, efectivamente somos gilipollas",2026-03-29T12:11:28Z,2026-03-29T12:11:28Z,0,1,youtube,2026-04-05T13:39:41.699056
_he3Z-xUr3g,Los Progreñecos,"
¿Está el mantero de Podemos por encima de la ley?, pero explicado con teleñecos",es,Media,Ugw_V32NSO-N8Bs7RVh4AaABAg.AUwSJ5WpzyaAUwh90mEJ2D,Ugw_V32NSO-N8Bs7RVh4AaABAg,1,@LosProgreñecos,Así estamos,2026-03-29T14:29:54Z,2026-03-29T14:29:54Z,0,0,youtube,2026-04-05T13:39:41.699062
_he3Z-xUr3g,Los Progreñecos,"
¿Está el mantero de Podemos por encima de la ley?, pero explicado con teleñecos",es,Media,UgzNTCrPfFFaHB5Cb7F4AaABAg,,0,@amparoblayalabarta8764,A su país todos por la vía rápida.,2026-03-29T11:34:07Z,2026-03-29T11:34:07Z,3,0,youtube,2026-04-05T13:39:41.699067
_he3Z-xUr3g,Los Progreñecos,"
¿Está el mantero de Podemos por encima de la ley?, pero explicado con teleñecos",es,Media,Ugx-0EIAp0Kgs-QklZR4AaABAg,,0,@Jose-e4m7u,POR ESTO LA MEJOR SOLUCIÓN EN ESPAÑA ES UNAS DEPORTACIONES MASIVAS YAAAAA.,2026-03-29T10:31:59Z,2026-03-29T10:31:59Z,0,0,youtube,2026-04-05T13:39:41.699072
_he3Z-xUr3g,Los Progreñecos,"
¿Está el mantero de Podemos por encima de la ley?, pero explicado con teleñecos",es,Media,UgymE2EyPgS0ocPjnRB4AaABAg,,0,@cancelame_esta_rojo,"ajajaja Arroyo no vuelve a Perú,  porque acaba presa, ajajajaj",2026-03-29T10:13:37Z,2026-03-29T10:13:37Z,2,0,youtube,2026-04-05T13:39:41.699077
_he3Z-xUr3g,Los Progreñecos,"
¿Está el mantero de Podemos por encima de la ley?, pero explicado con teleñecos",es,Media,UgxcEKOCN1nYMbbDWMV4AaABAg,,0,@gabrielamartinez2337,"Tercer mundo, tercer mundo y tercer mundo.",2026-03-29T07:04:51Z,2026-03-29T07:04:51Z,1,0,youtube,2026-04-05T13:39:41.699081
_he3Z-xUr3g,Los Progreñecos,"
¿Está el mantero de Podemos por encima de la ley?, pero explicado con teleñecos",es,Media,Ugy53CuohZKA9HcW3QZ4AaABAg,,0,@maeeeeeemiaaaaa,El sí que es racista.,2026-03-29T06:58:34Z,2026-03-29T06:58:34Z,1,1,youtube,2026-04-05T13:39:41.699086
_he3Z-xUr3g,Los Progreñecos,"
¿Está el mantero de Podemos por encima de la ley?, pero explicado con teleñecos",es,Media,Ugy53CuohZKA9HcW3QZ4AaABAg.AUvtVGliwNpAUwB8S7Mhuk,Ugy53CuohZKA9HcW3QZ4AaABAg,1,@LosProgreñecos,Completamente,2026-03-29T09:41:28Z,2026-03-29T09:41:28Z,1,0,youtube,2026-04-05T13:39:41.699090
_he3Z-xUr3g,Los Progreñecos,"
¿Está el mantero de Podemos por encima de la ley?, pero explicado con teleñecos",es,Media,Ugzf5eBnti9YXzy-w854AaABAg,,0,@gustafabian,"Me causa gracia, cuando dicen represión.  Siguen sin entender el significado de la palabra,  que la represión es porque estan rompiendo el orden ya que si harían las cosas bien nadie los reprimiria.
Y acá en Argentina todavía seguimos padeciendo de esta gente violenta😢",2026-03-29T06:49:02Z,2026-03-29T06:49:02Z,0,1,youtube,2026-04-05T13:39:41.699095
_he3Z-xUr3g,Los Progreñecos,"
¿Está el mantero de Podemos por encima de la ley?, pero explicado con teleñecos",es,Media,Ugzf5eBnti9YXzy-w854AaABAg.AUvsPSV-NCcAUwBIyxi6cH,Ugzf5eBnti9YXzy-w854AaABAg,1,@LosProgreñecos,Toca recuperar nuestros países,2026-03-29T09:42:54Z,2026-03-29T09:42:54Z,1,0,youtube,2026-04-05T13:39:41.699099
_he3Z-xUr3g,Los Progreñecos,"
¿Está el mantero de Podemos por encima de la ley?, pero explicado con teleñecos",es,Media,UgytUfI3G4l-dBj2bp94AaABAg,,0,@felipegp6481,Que da igual!! El que no quiere ver la verdad está corrompido y no le interesa.,2026-03-29T02:15:12Z,2026-03-29T02:15:12Z,0,0,youtube,2026-04-05T13:39:41.699103
_he3Z-xUr3g,Los Progreñecos,"
¿Está el mantero de Podemos por encima de la ley?, pero explicado con teleñecos",es,Media,UgzEK-iuEb6vJZdGRRR4AaABAg,,0,@ManolodePirovano,La producción de estos videos son excelentes y de una gran calidad en sus mensajes,2026-03-29T01:48:20Z,2026-03-29T01:48:20Z,1,1,youtube,2026-04-05T13:39:41.699108
_he3Z-xUr3g,Los Progreñecos,"
¿Está el mantero de Podemos por encima de la ley?, pero explicado con teleñecos",es,Media,UgzEK-iuEb6vJZdGRRR4AaABAg.AUvL-6FTk50AUw93LTgkdw,UgzEK-iuEb6vJZdGRRR4AaABAg,1,@LosProgreñecos,😉💪🏻 Gracias!,2026-03-29T09:23:18Z,2026-03-29T09:23:18Z,0,0,youtube,2026-04-05T13:39:41.699112
_he3Z-xUr3g,Los Progreñecos,"
¿Está el mantero de Podemos por encima de la ley?, pero explicado con teleñecos",es,Media,UgwsiMrQ7M4x1tRMbbF4AaABAg,,0,@oscarcurras7367,Gracias.,2026-03-29T00:49:42Z,2026-03-29T00:49:42Z,0,1,youtube,2026-04-05T13:39:41.699116
_he3Z-xUr3g,Los Progreñecos,"
¿Está el mantero de Podemos por encima de la ley?, pero explicado con teleñecos",es,Media,UgwsiMrQ7M4x1tRMbbF4AaABAg.AUvEHfG_2mtAUw9Pm3AhVw,UgwsiMrQ7M4x1tRMbbF4AaABAg,1,@LosProgreñecos,😉,2026-03-29T09:26:22Z,2026-03-29T09:26:22Z,0,0,youtube,2026-04-05T13:39:41.699120
_he3Z-xUr3g,Los Progreñecos,"
¿Está el mantero de Podemos por encima de la ley?, pero explicado con teleñecos",es,Media,UgxI7EhxGUfqrAtV6lN4AaABAg,,0,@josefranco7610,Lo que no hay justificación  es que esta chusma siga aprovechándose  de los españoles y que este gobierno y jueces lo consientan a vivir del cuento a sus paises fuera del mío sois la peste,2026-03-29T00:26:43Z,2026-03-29T00:26:43Z,0,0,youtube,2026-04-05T13:39:41.699124
_he3Z-xUr3g,Los Progreñecos,"
¿Está el mantero de Podemos por encima de la ley?, pero explicado con teleñecos",es,Media,Ugzj0bzjf9twFUDkbmF4AaABAg,,0,@josefranco7610,Ya tienen bien  aprendidas las lecciones siempre tienen la palabra racista en la boca  no saben decir otra cosa cuando les dices algo que  no les gusta co.o vuélvete por donde has venido gracias,2026-03-29T00:20:13Z,2026-03-29T00:20:13Z,0,0,youtube,2026-04-05T13:39:41.699128
_he3Z-xUr3g,Los Progreñecos,"
¿Está el mantero de Podemos por encima de la ley?, pero explicado con teleñecos",es,Media,UgzLJMqOOirOMapJ8U14AaABAg,,0,@MrSam1164,nunca defraudas jaja,2026-03-29T00:17:30Z,2026-03-29T00:17:30Z,0,1,youtube,2026-04-05T13:39:41.699133
_he3Z-xUr3g,Los Progreñecos,"
¿Está el mantero de Podemos por encima de la ley?, pero explicado con teleñecos",es,Media,UgzLJMqOOirOMapJ8U14AaABAg.AUvAanUTJnNAUwB7KVRRS7,UgzLJMqOOirOMapJ8U14AaABAg,1,@LosProgreñecos,😉😉,2026-03-29T09:41:19Z,2026-03-29T09:41:19Z,0,0,youtube,2026-04-05T13:39:41.699138
_he3Z-xUr3g,Los Progreñecos,"
¿Está el mantero de Podemos por encima de la ley?, pero explicado con teleñecos",es,Media,Ugxmb1pXWcfTecW8nup4AaABAg,,0,@jorgedeleon7497,"No sé como los españoles se aguantan a estas personas migrantes que mandan y exigen mas que los propios españoles.
Les van a quitar el pais si no so mas enérgicos y decididos.",2026-03-29T00:04:30Z,2026-03-29T00:04:30Z,0,1,youtube,2026-04-05T13:39:41.699142
_he3Z-xUr3g,Los Progreñecos,"
¿Está el mantero de Podemos por encima de la ley?, pero explicado con teleñecos",es,Media,Ugxmb1pXWcfTecW8nup4AaABAg.AUv96cAJZ9FAUwBGBI1fef,Ugxmb1pXWcfTecW8nup4AaABAg,1,@LosProgreñecos,Exacto,2026-03-29T09:42:32Z,2026-03-29T09:42:32Z,0,0,youtube,2026-04-05T13:39:41.699146
_he3Z-xUr3g,Los Progreñecos,"
¿Está el mantero de Podemos por encima de la ley?, pero explicado con teleñecos",es,Media,UgwW1JFWBy1vT89c8wB4AaABAg,,0,@marcoantoniocachorro7867,"""eso haré mientras los españoles sigáis siendo gilipollas""...
Esa es la frase que lo dice todo.",2026-03-28T22:48:48Z,2026-03-28T22:48:48Z,0,0,youtube,2026-04-05T13:39:41.699150
_he3Z-xUr3g,Los Progreñecos,"
¿Está el mantero de Podemos por encima de la ley?, pero explicado con teleñecos",es,Media,UgysrV4kWMrzol32yRJ4AaABAg,,0,@virreylesaro,Tan antiwoke que de vox y los judíos ni pío decís 😅,2026-03-28T22:42:51Z,2026-03-28T22:42:51Z,0,1,youtube,2026-04-05T13:39:41.699154
_he3Z-xUr3g,Los Progreñecos,"
¿Está el mantero de Podemos por encima de la ley?, pero explicado con teleñecos",es,Media,UgysrV4kWMrzol32yRJ4AaABAg.AUv-lXsfmn2AUwAtzNDwLd,UgysrV4kWMrzol32yRJ4AaABAg,1,@LosProgreñecos,"En tu canal habla de lo que consideres, compadre",2026-03-29T09:39:22Z,2026-03-29T09:39:22Z,0,0,youtube,2026-04-05T13:39:41.699159
_he3Z-xUr3g,Los Progreñecos,"
¿Está el mantero de Podemos por encima de la ley?, pero explicado con teleñecos",es,Media,UgwCJMWK4DKDg4geswl4AaABAg,,0,@Chin_lu,Para lo que ha quedado Mbapé no?? 🥃😎🚬,2026-03-28T22:38:07Z,2026-03-28T22:40:11Z,1,0,youtube,2026-04-05T13:39:41.699163
_he3Z-xUr3g,Los Progreñecos,"
¿Está el mantero de Podemos por encima de la ley?, pero explicado con teleñecos",es,Media,UgwMI2BOBm_oiFnXyKF4AaABAg,,0,@albert-y8o9o,"Este tipo de información es cuando a uno les sale: pero que les pasa? por qué no se defienden, como es que en vez de ir en contra del infractor se van con quien intenta poner orden?. Y la gente que salta en automáico con todo es racismo....uf",2026-03-28T21:42:55Z,2026-03-28T21:42:55Z,0,1,youtube,2026-04-05T13:39:41.699167
_he3Z-xUr3g,Los Progreñecos,"
¿Está el mantero de Podemos por encima de la ley?, pero explicado con teleñecos",es,Media,UgwMI2BOBm_oiFnXyKF4AaABAg.AUutuc56q1IAUw9VBSi86v,UgwMI2BOBm_oiFnXyKF4AaABAg,1,@LosProgreñecos,Así estamos 🙈,2026-03-29T09:27:06Z,2026-03-29T09:27:06Z,0,0,youtube,2026-04-05T13:39:41.699171
_he3Z-xUr3g,Los Progreñecos,"
¿Está el mantero de Podemos por encima de la ley?, pero explicado con teleñecos",es,Media,UgzijQPEYHw5S1NAapV4AaABAg,,0,@HUREZNO,Con todos los puppets que hay en el parlamento solo faltaba el del mantero ratero. A ndongo lo engancho la policia pero bien del cuello y no hubo tanto revuelo y desde luego no estaba rateando como este lumpen.,2026-03-28T21:15:35Z,2026-03-28T21:15:35Z,0,0,youtube,2026-04-05T13:39:41.699175
_he3Z-xUr3g,Los Progreñecos,"
¿Está el mantero de Podemos por encima de la ley?, pero explicado con teleñecos",es,Media,Ugxy5UaBAbtuT1fcJtR4AaABAg,,0,@damianllamazares9975,"Al negro este le falta hablar más como negro, que viene siendo su acento natural. Igual que no me convence mucho su aspecto, no parece mucho un títere como los de Barrio Sésamo.",2026-03-28T20:56:03Z,2026-03-28T20:56:03Z,0,2,youtube,2026-04-05T13:39:41.699180
_he3Z-xUr3g,Los Progreñecos,"
¿Está el mantero de Podemos por encima de la ley?, pero explicado con teleñecos",es,Media,Ugxy5UaBAbtuT1fcJtR4AaABAg.AUuoYOB94kyAUuouQp5ZSu,Ugxy5UaBAbtuT1fcJtR4AaABAg,1,@damianllamazares9975,Que se vaya a Cuba.,2026-03-28T20:59:12Z,2026-03-28T20:59:12Z,0,0,youtube,2026-04-05T13:39:41.699184
_he3Z-xUr3g,Los Progreñecos,"
¿Está el mantero de Podemos por encima de la ley?, pero explicado con teleñecos",es,Media,Ugxy5UaBAbtuT1fcJtR4AaABAg.AUuoYOB94kyAUw4x_Ihvg5,Ugxy5UaBAbtuT1fcJtR4AaABAg,1,@LosProgreñecos,"Es parodia y humor político, Damián.",2026-03-29T08:47:25Z,2026-03-29T08:47:25Z,0,0,youtube,2026-04-05T13:39:41.699188
_he3Z-xUr3g,Los Progreñecos,"
¿Está el mantero de Podemos por encima de la ley?, pero explicado con teleñecos",es,Media,UgykK1RX1uVtWvbvD294AaABAg,,0,@resistantneo5524,"sois mejores periodistas que los perrodistas oficiales!! reflexión profunda, verdaderas preguntas, vais a la raiz, puro arte!",2026-03-28T20:46:25Z,2026-03-28T20:46:25Z,0,0,youtube,2026-04-05T13:39:41.699192
_he3Z-xUr3g,Los Progreñecos,"
¿Está el mantero de Podemos por encima de la ley?, pero explicado con teleñecos",es,Media,UgzqNxM_UgsMjSnRlt54AaABAg,,0,@fernandociao8020,𝑬𝒔𝒕𝒆 𝒄𝒂𝒏𝒂𝒍 𝒆𝒔 𝑹𝑨𝑪𝑰𝑺𝑻𝑨,2026-03-28T20:43:32Z,2026-03-28T20:43:32Z,0,0,youtube,2026-04-05T13:39:41.699196
_he3Z-xUr3g,Los Progreñecos,"
¿Está el mantero de Podemos por encima de la ley?, pero explicado con teleñecos",es,Media,UgwnV2PCMmTduld93ZZ4AaABAg,,0,@elainel.h.4047,Si no hacía nada malo... ¿Por qué corre? 🤣😂,2026-03-28T20:40:58Z,2026-03-28T20:40:58Z,1,1,youtube,2026-04-05T13:39:41.699201
_he3Z-xUr3g,Los Progreñecos,"
¿Está el mantero de Podemos por encima de la ley?, pero explicado con teleñecos",es,Media,UgwnV2PCMmTduld93ZZ4AaABAg.AUumowFJkYfAUw9TNGPEvo,UgwnV2PCMmTduld93ZZ4AaABAg,1,@LosProgreñecos,👌🏻,2026-03-29T09:26:51Z,2026-03-29T09:26:51Z,0,0,youtube,2026-04-05T13:39:41.699205
_he3Z-xUr3g,Los Progreñecos,"
¿Está el mantero de Podemos por encima de la ley?, pero explicado con teleñecos",es,Media,UgyTBBkv9X7e3Dw1Ndt4AaABAg,,0,@vixcavalenciavivaespana6679,"Cuándo conseguiremos estirpar el cáncer podemita?
Desde que aparecieron, maldita la hora, solo han sembrado caos, delincuencia y destrucción.
Espero con ansias el día en que los perdamos de vista para siempre.
SANTIAGO ABASCAL, PRESIDENTE!! 💚🇪🇦✝️🇪🇦💚",2026-03-28T20:27:45Z,2026-03-28T20:27:45Z,1,1,youtube,2026-04-05T13:39:41.699209
_he3Z-xUr3g,Los Progreñecos,"
¿Está el mantero de Podemos por encima de la ley?, pero explicado con teleñecos",es,Media,UgyTBBkv9X7e3Dw1Ndt4AaABAg.AUulJ3kU-aEAUwBeOqsNp2,UgyTBBkv9X7e3Dw1Ndt4AaABAg,1,@LosProgreñecos,100 por 100,2026-03-29T09:45:58Z,2026-03-29T09:45:58Z,1,0,youtube,2026-04-05T13:39:41.699214
_he3Z-xUr3g,Los Progreñecos,"
¿Está el mantero de Podemos por encima de la ley?, pero explicado con teleñecos",es,Media,UgweWf2Phq4-_EkONW94AaABAg,,0,@christianencabo9229,La comisaría de Usera es una cloaca con celdas llenas de inocentes donde se lleva a los que no piensan igual que el gobierno del psoe,2026-03-28T20:16:12Z,2026-03-28T20:16:12Z,1,0,youtube,2026-04-05T13:39:41.699218
_he3Z-xUr3g,Los Progreñecos,"
¿Está el mantero de Podemos por encima de la ley?, pero explicado con teleñecos",es,Media,UgwCqt7ThX0vhEMnvT54AaABAg,,0,@christianencabo9229,Pobrecito otro desastre policial que vulnera el artículo 14 de la Constitución española.,2026-03-28T20:10:32Z,2026-03-28T20:10:32Z,1,1,youtube,2026-04-05T13:39:41.699222
_he3Z-xUr3g,Los Progreñecos,"
¿Está el mantero de Podemos por encima de la ley?, pero explicado con teleñecos",es,Media,UgwCqt7ThX0vhEMnvT54AaABAg.AUujKwkC4G_AUwAGfsohC-,UgwCqt7ThX0vhEMnvT54AaABAg,1,@LosProgreñecos,👌🏻,2026-03-29T09:33:51Z,2026-03-29T09:33:51Z,0,0,youtube,2026-04-05T13:39:41.699226
_he3Z-xUr3g,Los Progreñecos,"
¿Está el mantero de Podemos por encima de la ley?, pero explicado con teleñecos",es,Media,UgxSZj9FFo5EcbIZmAt4AaABAg,,0,@Constructo-r4t,¡RACISTA! 🗣🔥🔥🔥🔥,2026-03-28T20:08:54Z,2026-03-28T20:08:54Z,0,1,youtube,2026-04-05T13:39:41.699230
_he3Z-xUr3g,Los Progreñecos,"
¿Está el mantero de Podemos por encima de la ley?, pero explicado con teleñecos",es,Media,UgxSZj9FFo5EcbIZmAt4AaABAg.AUuj90FTI84AUwBZAXrSO7,UgxSZj9FFo5EcbIZmAt4AaABAg,1,@LosProgreñecos,😂,2026-03-29T09:45:07Z,2026-03-29T09:45:07Z,0,0,youtube,2026-04-05T13:39:41.699234
_he3Z-xUr3g,Los Progreñecos,"
¿Está el mantero de Podemos por encima de la ley?, pero explicado con teleñecos",es,Media,UgwNuSUM6W0AlJzQHhF4AaABAg,,0,@topotsama9539,"Ahora imagina esta detención en Senegral, ahí las hostias no serían racistas, pero seguro que las darían a diferencia de lo que ladran",2026-03-28T19:47:20Z,2026-03-28T19:47:20Z,0,1,youtube,2026-04-05T13:39:41.699239
_he3Z-xUr3g,Los Progreñecos,"
¿Está el mantero de Podemos por encima de la ley?, pero explicado con teleñecos",es,Media,UgwNuSUM6W0AlJzQHhF4AaABAg.AUugg-XOLJ_AUwAHXtFLe6,UgwNuSUM6W0AlJzQHhF4AaABAg,1,@LosProgreñecos,Así es,2026-03-29T09:33:58Z,2026-03-29T09:33:58Z,0,0,youtube,2026-04-05T13:39:41.699243
_he3Z-xUr3g,Los Progreñecos,"
¿Está el mantero de Podemos por encima de la ley?, pero explicado con teleñecos",es,Media,Ugw4l4VeQshtqcFK7pd4AaABAg,,0,@ps-jg4mg,"qué cachondos, seguid así",2026-03-28T19:46:59Z,2026-03-28T19:46:59Z,0,1,youtube,2026-04-05T13:39:41.699247
_he3Z-xUr3g,Los Progreñecos,"
¿Está el mantero de Podemos por encima de la ley?, pero explicado con teleñecos",es,Media,Ugw4l4VeQshtqcFK7pd4AaABAg.AUugdRTnlSmAUw9OFnuEml,Ugw4l4VeQshtqcFK7pd4AaABAg,1,@LosProgreñecos,😉😉,2026-03-29T09:26:09Z,2026-03-29T09:26:09Z,0,0,youtube,2026-04-05T13:39:41.699251
_he3Z-xUr3g,Los Progreñecos,"
¿Está el mantero de Podemos por encima de la ley?, pero explicado con teleñecos",es,Media,UgwVk-mPgjwvh7US_xt4AaABAg,,0,@8871,"Esto es producto de décadas de esto mismo ,pero en ccaa vasca y Cataluña . Era el mismo fin , trasladado  desde cuando podemos rodeo el congreso ,acampada en sol , hasta les escoltaba por las autovías el Ente GC que le pone la lucecita de la DGT 3.0 . Y de esa DGT y sus papeles en 3.0 viene lo de las ultimas votaciones  con la utilización en las votaciones . Todo ha sido una consecución de décadas construyendo. Quien pudo demolerlo fue PP y el de los niños y niñas  solo gestionaron ese modelo socio político .",2026-03-28T19:43:46Z,2026-03-28T19:43:46Z,0,1,youtube,2026-04-05T13:39:41.699255
_he3Z-xUr3g,Los Progreñecos,"
¿Está el mantero de Podemos por encima de la ley?, pero explicado con teleñecos",es,Media,UgwVk-mPgjwvh7US_xt4AaABAg.AUugGvGlq2pAUwAKH1Dstg,UgwVk-mPgjwvh7US_xt4AaABAg,1,@LosProgreñecos,Así es,2026-03-29T09:34:21Z,2026-03-29T09:34:21Z,0,0,youtube,2026-04-05T13:39:41.699259
_he3Z-xUr3g,Los Progreñecos,"
¿Está el mantero de Podemos por encima de la ley?, pero explicado con teleñecos",es,Media,UgyYvoOACZtC4lUDjIh4AaABAg,,0,@centiex,"A mi me da tristeza España,  como puede un inmigrante tener más derechos que un nacional?",2026-03-28T19:42:08Z,2026-03-28T19:42:08Z,5,1,youtube,2026-04-05T13:39:41.699264
_he3Z-xUr3g,Los Progreñecos,"
¿Está el mantero de Podemos por encima de la ley?, pero explicado con teleñecos",es,Media,UgyYvoOACZtC4lUDjIh4AaABAg.AUug50Nmh7_AUwABZCy5dd,UgyYvoOACZtC4lUDjIh4AaABAg,1,@LosProgreñecos,Esto se va a arreglar💪🏻,2026-03-29T09:33:09Z,2026-03-29T09:33:09Z,0,0,youtube,2026-04-05T13:39:41.699268
_he3Z-xUr3g,Los Progreñecos,"
¿Está el mantero de Podemos por encima de la ley?, pero explicado con teleñecos",es,Media,UgzyJE7jwKzZJnQSfWl4AaABAg,,0,@christopherhernandez7540,"06:28 Deportarla o va traer la cultura del ""vivo"" a España. En Perú, se le llama vivos a las personas que no respetan SIMPLES reglas como respetar a la policía o no aprovecharse de donaciones. Son capaces de viajar a otras ciudades por el simple hecho de que alguien esta dando regalos o cosas gratis. Incluso, se molestan cuando su regalo no les cae bien. Son desagradecidos.
Atte: Un peruano.",2026-03-28T19:40:17Z,2026-03-28T19:42:17Z,0,1,youtube,2026-04-05T13:39:41.699272
_he3Z-xUr3g,Los Progreñecos,"
¿Está el mantero de Podemos por encima de la ley?, pero explicado con teleñecos",es,Media,UgzyJE7jwKzZJnQSfWl4AaABAg.AUufsQFKMpqAUwB5T8Tc5x,UgzyJE7jwKzZJnQSfWl4AaABAg,1,@LosProgreñecos,Abrazo Christopher! Esta “viva” no representa a Perú y no es bienvenida,2026-03-29T09:41:04Z,2026-03-29T09:41:04Z,1,0,youtube,2026-04-05T13:39:41.699276
_he3Z-xUr3g,Los Progreñecos,"
¿Está el mantero de Podemos por encima de la ley?, pero explicado con teleñecos",es,Media,Ugyhw4bNnWozszh6qFx4AaABAg,,0,@Jose-bx8sf,"Ya veremos cuál es el próximo progre en encasquetarse el cabestrillo, supongo que lo habrán pagado con dinero público para atacar a la ultraderecha",2026-03-28T19:40:11Z,2026-03-28T19:40:11Z,0,0,youtube,2026-04-05T13:39:41.699280
_he3Z-xUr3g,Los Progreñecos,"
¿Está el mantero de Podemos por encima de la ley?, pero explicado con teleñecos",es,Media,UgwUwri7QqwUdW0LBeZ4AaABAg,,0,@Cristian-pc4oc,"MUCHAS BENDICIONES PROGREÑECOS!!!!!, HACEN UN GRAN TRABAJO EN ESTA BATALLA CULTURAL,  ESPAÑA TIENE QUE DESPERTAR, NOS ESTAN SUSTITUYENDO, VIVA ESPAÑA CARAJOOOOOO!!!!!",2026-03-28T19:32:43Z,2026-03-28T19:32:43Z,6,1,youtube,2026-04-05T13:39:41.699284
_he3Z-xUr3g,Los Progreñecos,"
¿Está el mantero de Podemos por encima de la ley?, pero explicado con teleñecos",es,Media,UgwUwri7QqwUdW0LBeZ4AaABAg.AUuf0-p5uGFAUw9NZyNorL,UgwUwri7QqwUdW0LBeZ4AaABAg,1,@LosProgreñecos,Viva😉🙌🏻💪🏻💪🏻,2026-03-29T09:26:03Z,2026-03-29T09:26:03Z,0,0,youtube,2026-04-05T13:39:41.699289
_he3Z-xUr3g,Los Progreñecos,"
¿Está el mantero de Podemos por encima de la ley?, pero explicado con teleñecos",es,Media,UgykH2xTZ9zH8c9IohN4AaABAg,,0,@agustinisaacperez2880,A los sinverguenzas como este inpresenttables hay que cortarles el chollo...y a berrala que le den..,2026-03-28T19:28:43Z,2026-03-28T19:28:43Z,0,0,youtube,2026-04-05T13:39:41.699293
_he3Z-xUr3g,Los Progreñecos,"
¿Está el mantero de Podemos por encima de la ley?, pero explicado con teleñecos",es,Media,Ugw-zktM-tezArOPtPt4AaABAg,,0,@sophianigrans5265,😒🫤🫩😣😡🤬😤💆🏼‍♀️🤷🏼‍♀️ No hay remedio,2026-03-28T19:11:09Z,2026-03-28T19:11:09Z,1,1,youtube,2026-04-05T13:39:41.699297
_he3Z-xUr3g,Los Progreñecos,"
¿Está el mantero de Podemos por encima de la ley?, pero explicado con teleñecos",es,Media,Ugw-zktM-tezArOPtPt4AaABAg.AUucY4BemhQAUwBXUp8fam,Ugw-zktM-tezArOPtPt4AaABAg,1,@LosProgreñecos,Sí que lo hay 😉,2026-03-29T09:44:53Z,2026-03-29T09:44:53Z,0,0,youtube,2026-04-05T13:39:41.699302
_he3Z-xUr3g,Los Progreñecos,"
¿Está el mantero de Podemos por encima de la ley?, pero explicado con teleñecos",es,Media,UgwE2O0L8QTkM3b1Ms94AaABAg,,0,@franciscolizartemota1595,"Yo soy racista, digo racionalista y que vengan a nuestro país a delinquir y chuparnos recursos por el morro en detrimento de las
necesidades de los Españoles, me toca los c...  Geniales los teleñecos!! ❤",2026-03-28T19:09:07Z,2026-03-28T19:09:07Z,0,0,youtube,2026-04-05T13:39:41.699306
_he3Z-xUr3g,Los Progreñecos,"
¿Está el mantero de Podemos por encima de la ley?, pero explicado con teleñecos",es,Media,Ugy8ME57iMZ6B69RMC54AaABAg,,0,@Blue-p6q,Gracias chicos!! Más claro agua.,2026-03-28T19:09:03Z,2026-03-28T19:09:03Z,0,1,youtube,2026-04-05T13:39:41.699310
_he3Z-xUr3g,Los Progreñecos,"
¿Está el mantero de Podemos por encima de la ley?, pero explicado con teleñecos",es,Media,Ugy8ME57iMZ6B69RMC54AaABAg.AUucIeSyh5vAUw9P-2WHr2,Ugy8ME57iMZ6B69RMC54AaABAg,1,@LosProgreñecos,😉❤️,2026-03-29T09:26:15Z,2026-03-29T09:26:15Z,0,0,youtube,2026-04-05T13:39:41.699315
_he3Z-xUr3g,Los Progreñecos,"
¿Está el mantero de Podemos por encima de la ley?, pero explicado con teleñecos",es,Media,Ugx9Zl6aCwVL7__Q5yN4AaABAg,,0,@fregir,"se cree que la policia de aqui es como la de su pais, que si que te tratan como una mierda si les da la gana",2026-03-28T18:58:11Z,2026-03-28T18:58:11Z,0,0,youtube,2026-04-05T13:39:41.699319
_he3Z-xUr3g,Los Progreñecos,"
¿Está el mantero de Podemos por encima de la ley?, pero explicado con teleñecos",es,Media,UgyOS7TUPVRgy7Q1rcp4AaABAg,,0,@JoseluisCastilloRodriguez-x8w,El juez Ortiz de podemos,2026-03-28T18:50:26Z,2026-03-28T18:50:26Z,0,0,youtube,2026-04-05T13:39:41.699324
_he3Z-xUr3g,Los Progreñecos,"
¿Está el mantero de Podemos por encima de la ley?, pero explicado con teleñecos",es,Media,UgxjCH7V04PrD-2KReV4AaABAg,,0,@marlop1970,Son genios progreñecos 👏🏻👏🏻👏🏻👏🏻👏🏻,2026-03-28T18:46:05Z,2026-03-28T18:46:05Z,0,0,youtube,2026-04-05T13:39:41.699328
_he3Z-xUr3g,Los Progreñecos,"
¿Está el mantero de Podemos por encima de la ley?, pero explicado con teleñecos",es,Media,Ugw4q38hoU7Uf28hCAR4AaABAg,,0,@niter5003,Este no fue el que segun se bajó de la patera pego a señor mallor en la playa y haora esto fuera del país este y todos los demás con el,2026-03-28T18:43:25Z,2026-03-28T18:43:25Z,0,2,youtube,2026-04-05T13:39:41.699333
_he3Z-xUr3g,Los Progreñecos,"
¿Está el mantero de Podemos por encima de la ley?, pero explicado con teleñecos",es,Media,Ugw4q38hoU7Uf28hCAR4AaABAg.AUu_MyJMd1NAUwAO7zxikb,Ugw4q38hoU7Uf28hCAR4AaABAg,1,@LosProgreñecos,Fue otro no?,2026-03-29T09:34:52Z,2026-03-29T09:34:52Z,0,0,youtube,2026-04-05T13:39:41.699338
_he3Z-xUr3g,Los Progreñecos,"
¿Está el mantero de Podemos por encima de la ley?, pero explicado con teleñecos",es,Media,Ugw4q38hoU7Uf28hCAR4AaABAg.AUu_MyJMd1NAUx5EbXHWzV,Ugw4q38hoU7Uf28hCAR4AaABAg,1,@niter5003,Creo que no fue este tipo pero enseguida lo callaron como siempre,2026-03-29T18:09:07Z,2026-03-29T18:09:07Z,0,0,youtube,2026-04-05T13:39:41.699341
_he3Z-xUr3g,Los Progreñecos,"
¿Está el mantero de Podemos por encima de la ley?, pero explicado con teleñecos",es,Media,UgwgaVH11AunFQ-tfbB4AaABAg,,0,@victorangelbencosme8796,"😂 Es como en República Dominicana, si eres blanco a la cárcel sin pruebas😂😂",2026-03-28T18:42:46Z,2026-03-28T18:42:46Z,0,0,youtube,2026-04-05T13:39:41.699346
_he3Z-xUr3g,Los Progreñecos,"
¿Está el mantero de Podemos por encima de la ley?, pero explicado con teleñecos",es,Media,UgwoGetGR7DQo-tqQkJ4AaABAg,,0,@AlexanderSalow-bf6sq,Todo mi apoyo a la policía.,2026-03-28T18:26:02Z,2026-03-28T18:26:02Z,1,1,youtube,2026-04-05T13:39:41.699350
_he3Z-xUr3g,Los Progreñecos,"
¿Está el mantero de Podemos por encima de la ley?, pero explicado con teleñecos",es,Media,UgwoGetGR7DQo-tqQkJ4AaABAg.AUuYNaBcXEXAUwAPevBvuD,UgwoGetGR7DQo-tqQkJ4AaABAg,1,@LosProgreñecos,💪🏻💪🏻,2026-03-29T09:35:05Z,2026-03-29T09:35:05Z,1,0,youtube,2026-04-05T13:39:41.699354
_he3Z-xUr3g,Los Progreñecos,"
¿Está el mantero de Podemos por encima de la ley?, pero explicado con teleñecos",es,Media,UgyaXhkrP22vU185EXN4AaABAg,,0,@mauriciochaar,"500,000 legalizando a ilegales. España está terminada.",2026-03-28T18:22:14Z,2026-03-28T18:22:14Z,0,0,youtube,2026-04-05T13:39:41.699359
_he3Z-xUr3g,Los Progreñecos,"
¿Está el mantero de Podemos por encima de la ley?, pero explicado con teleñecos",es,Media,UgxpGdj9i9GjPPhYlSB4AaABAg,,0,@joseantoniocalzadacarreter2392,"En este país donde todos los ilegales perciben ayudas de todo tipo, donde se les da la sanidad gratuita y donde se les respetan sus ideas y costumbres, lo de racistas huelga.
Lo de canelos queda mas real.",2026-03-28T18:07:10Z,2026-03-28T18:07:10Z,0,0,youtube,2026-04-05T13:39:41.699363
_he3Z-xUr3g,Los Progreñecos,"
¿Está el mantero de Podemos por encima de la ley?, pero explicado con teleñecos",es,Media,Ugwu3xBb25nL0zCmQE54AaABAg,,0,@juanjosefreijedo774,porque en el minuto 1:30 habeis puesto un vid de asmr sobre noticias del Negro Santaolalloh?,2026-03-28T18:03:00Z,2026-03-28T18:03:00Z,0,0,youtube,2026-04-05T13:39:41.699367
_he3Z-xUr3g,Los Progreñecos,"
¿Está el mantero de Podemos por encima de la ley?, pero explicado con teleñecos",es,Media,UgxH9TiFZPrReX_OWbp4AaABAg,,0,@ArteCineCultura,"Este caso es parecido al de George Floyd, donde todos los ""progres"" y ""wokemaniacs"" salieron en masa a denunciar el supuesto racismo policial por el simple hecho de que el detenido era de raza negra. Todo esto se debe al simple hecho de que se creen superiores intelectual y moralmente de los policías a los que consideran seres inferiores a ellos porque pertenecen a una clase social más baja. Porque no olvidemos el hecho de que todo el movimiento ""progre"" del primer mundo es liderado por niños/as/es de papá y respaldado por   seres improductivos que viven del sistema a costa del esfuerzo del emprendedor y de la masa laboral que los mantiene mientras solo se dedican a desprender odio visceral a todos los sujetos que no respalden dicho odio catalogandolos de fascistas, nazis y otras memeces.",2026-03-28T17:59:23Z,2026-03-28T17:59:23Z,0,0,youtube,2026-04-05T13:39:41.699371
_he3Z-xUr3g,Los Progreñecos,"
¿Está el mantero de Podemos por encima de la ley?, pero explicado con teleñecos",es,Media,Ugwn-5zW4E6VHdPqEfp4AaABAg,,0,@danielgomez5222,"Se les tomaron el pais, ya no es España",2026-03-28T17:58:29Z,2026-03-28T17:58:29Z,0,0,youtube,2026-04-05T13:39:41.699376
_he3Z-xUr3g,Los Progreñecos,"
¿Está el mantero de Podemos por encima de la ley?, pero explicado con teleñecos",es,Media,UgyBG0I9OghH8W96MCZ4AaABAg,,0,@ctgonzalez6139,"La peruana hace aquí lo que es su tierra no puede hacer, esta claro que busca puesto político 😊,  pos nada deportacion ya antes que le paguemos un paston como al mantero",2026-03-28T17:45:13Z,2026-03-28T17:46:35Z,0,0,youtube,2026-04-05T13:39:41.699380
_he3Z-xUr3g,Los Progreñecos,"
¿Está el mantero de Podemos por encima de la ley?, pero explicado con teleñecos",es,Media,UgycsoIRZ6NzaHcCABl4AaABAg,,0,@ctgonzalez6139,"Esto tiene pinta de altercado provocado con fines politicos, ellos mismos llamaron a la policía describiendose a sí mismos para hacer una encerrona a la policia. Si es inocente porque huía?",2026-03-28T17:38:49Z,2026-03-28T17:39:45Z,1,1,youtube,2026-04-05T13:39:41.699384
_he3Z-xUr3g,Los Progreñecos,"
¿Está el mantero de Podemos por encima de la ley?, pero explicado con teleñecos",es,Media,UgycsoIRZ6NzaHcCABl4AaABAg.AUuSyhwxCEQAUwADzK2RTa,UgycsoIRZ6NzaHcCABl4AaABAg,1,@LosProgreñecos,Muy posible,2026-03-29T09:33:29Z,2026-03-29T09:33:29Z,0,0,youtube,2026-04-05T13:39:41.699388
_he3Z-xUr3g,Los Progreñecos,"
¿Está el mantero de Podemos por encima de la ley?, pero explicado con teleñecos",es,Media,UgzgYOB-Bu8u9oJfnS94AaABAg,,0,@lulifer5786,Solo en España un ilegal puede ser presidente de un sindicato de manteros y diputado. De casi 50 millones de ciudadanos no hay nadie más preparado.,2026-03-28T17:26:55Z,2026-03-28T17:26:55Z,0,1,youtube,2026-04-05T13:39:41.699393
_he3Z-xUr3g,Los Progreñecos,"
¿Está el mantero de Podemos por encima de la ley?, pero explicado con teleñecos",es,Media,UgzgYOB-Bu8u9oJfnS94AaABAg.AUuRbc2igfTAUwBhKzk9jJ,UgzgYOB-Bu8u9oJfnS94AaABAg,1,@LosProgreñecos,Es  completamente indignante,2026-03-29T09:46:22Z,2026-03-29T09:46:22Z,0,0,youtube,2026-04-05T13:39:41.699397
_he3Z-xUr3g,Los Progreñecos,"
¿Está el mantero de Podemos por encima de la ley?, pero explicado con teleñecos",es,Media,UgxTzQoXyrKvdOcipjx4AaABAg,,0,@josemartin-rx3rp,Deportación inmediata para el mantero...,2026-03-28T17:19:18Z,2026-03-28T17:19:18Z,37,0,youtube,2026-04-05T13:39:41.699402
_he3Z-xUr3g,Los Progreñecos,"
¿Está el mantero de Podemos por encima de la ley?, pero explicado con teleñecos",es,Media,UgysC6LKCScnMlie2f14AaABAg,,0,@sergiorodriguez9760,"Me ha encantado el muñeco de Belarra, jajaja, yo quiero uno!",2026-03-28T17:06:53Z,2026-03-28T17:06:53Z,0,1,youtube,2026-04-05T13:39:41.699407
_he3Z-xUr3g,Los Progreñecos,"
¿Está el mantero de Podemos por encima de la ley?, pero explicado con teleñecos",es,Media,UgysC6LKCScnMlie2f14AaABAg.AUuPJqyeArUAUw9QkUNlsD,UgysC6LKCScnMlie2f14AaABAg,1,@LosProgreñecos,Jajaja😂,2026-03-29T09:26:29Z,2026-03-29T09:26:29Z,0,0,youtube,2026-04-05T13:39:41.699411
_he3Z-xUr3g,Los Progreñecos,"
¿Está el mantero de Podemos por encima de la ley?, pero explicado con teleñecos",es,Media,UgyAON9X-Lu41LynDhJ4AaABAg,,0,@joseluisarismendi9802,En distintas partes del mundo se repite la misma historia.,2026-03-28T16:51:37Z,2026-03-28T16:51:37Z,0,1,youtube,2026-04-05T13:39:41.699415
_he3Z-xUr3g,Los Progreñecos,"
¿Está el mantero de Podemos por encima de la ley?, pero explicado con teleñecos",es,Media,UgyAON9X-Lu41LynDhJ4AaABAg.AUuN_3QfBf6AUwAL5oF8N4,UgyAON9X-Lu41LynDhJ4AaABAg,1,@LosProgreñecos,🙈🙈,2026-03-29T09:34:28Z,2026-03-29T09:34:28Z,0,0,youtube,2026-04-05T13:39:41.699419
_he3Z-xUr3g,Los Progreñecos,"
¿Está el mantero de Podemos por encima de la ley?, pero explicado con teleñecos",es,Media,UgwEbgG5zKpWU9uzGqN4AaABAg,,0,@GilberThorSolkio,"Ahora cada vez que la policía me pare me negaré a identificarme, y que su acto es racista.
""Caballero, pero usted no es negro"", me diría el policía, a lo que yo le respondería: ""soy negro asintomático, y si no cuela, hoy me levanté sintiéndome negro, y me están increpando por ser negro"".",2026-03-28T16:50:04Z,2026-03-28T16:50:04Z,0,0,youtube,2026-04-05T13:39:41.699424
_he3Z-xUr3g,Los Progreñecos,"
¿Está el mantero de Podemos por encima de la ley?, pero explicado con teleñecos",es,Media,UgyYMh0PJqJRTfDAIDt4AaABAg,,0,@theHeartofCommerce,"6:28 Seguramente la Peruana de Follemos es Fanática Compulsiva del Grupo Terrorista de Izquierda Maoísta Sendero Luminoso y de su Comandante Abimael Guzmán, misma Organización Terrorista que sembró el Terror en Perú durante la Década de los 80s, atacando Redes Eléctricas, Estaciones de Policía, Hospitales, Escuelas (algo muy Similar al Caso de Colombia con Pablo Escobar) además de Masacrar Campesinos, Indígenas, Trabajadores, etcétera, las mismas Personas que éstos Delincuentes decían defender uno de los Ejemplos más Trágicos fué el Genocidio Ashaninka, un Pueblo Indígena Masacrado por Sendero Luminoso a Principios de los 90s y en el que más de diez mil Miembros de esta Etnia Amazónica Perdieron la Vida",2026-03-28T16:45:17Z,2026-03-28T16:45:17Z,0,0,youtube,2026-04-05T13:39:41.699428
_he3Z-xUr3g,Los Progreñecos,"
¿Está el mantero de Podemos por encima de la ley?, pero explicado con teleñecos",es,Media,Ugx0sLlbTt_RVkYUc1B4AaABAg,,0,@GilberThorSolkio,El negro de Podemos con el cabestrillo 😂,2026-03-28T16:44:26Z,2026-03-28T16:44:26Z,44,0,youtube,2026-04-05T13:39:41.699432
_he3Z-xUr3g,Los Progreñecos,"
¿Está el mantero de Podemos por encima de la ley?, pero explicado con teleñecos",es,Media,UgyYMeAAVrWIYRplDSR4AaABAg,,0,@alaialuna8019,Estamos en nuestra casa y tenemos derecho a ser lo que nos de la gana. Sin inmigración no hay racismo. De todos modos lo que veo es un delincuente pasandose la ley por el arco del triunfo. Muy bien por la policía 👏🏼👏🏼👏🏼,2026-03-28T16:43:18Z,2026-03-28T16:43:18Z,0,1,youtube,2026-04-05T13:39:41.699436
_he3Z-xUr3g,Los Progreñecos,"
¿Está el mantero de Podemos por encima de la ley?, pero explicado con teleñecos",es,Media,UgyYMeAAVrWIYRplDSR4AaABAg.AUuMc8xVg3RAUwA9PhCsNs,UgyYMeAAVrWIYRplDSR4AaABAg,1,@LosProgreñecos,💪🏻💪🏻,2026-03-29T09:32:52Z,2026-03-29T09:32:52Z,0,0,youtube,2026-04-05T13:39:41.699441
_he3Z-xUr3g,Los Progreñecos,"
¿Está el mantero de Podemos por encima de la ley?, pero explicado con teleñecos",es,Media,UgyjYh3msEYqdzFXb4B4AaABAg,,0,@onzo9212,Van a perder los 4 votos que le quedaban,2026-03-28T16:42:37Z,2026-03-28T16:42:37Z,4,1,youtube,2026-04-05T13:39:41.699445
_he3Z-xUr3g,Los Progreñecos,"
¿Está el mantero de Podemos por encima de la ley?, pero explicado con teleñecos",es,Media,UgyjYh3msEYqdzFXb4B4AaABAg.AUuMYAutnviAUwBcmQQnVU,UgyjYh3msEYqdzFXb4B4AaABAg,1,@LosProgreñecos,Que sea rápido 😉,2026-03-29T09:45:45Z,2026-03-29T09:45:45Z,0,0,youtube,2026-04-05T13:39:41.699449
_he3Z-xUr3g,Los Progreñecos,"
¿Está el mantero de Podemos por encima de la ley?, pero explicado con teleñecos",es,Media,UgwkqNaluQUTI4h3VBh4AaABAg,,0,@jesulinicoviolao6053,"Una vez que llega a diputado, ya es un  preso político. Nadie legislaría si tuviera que cumplir las leyes que imponen a los demás, así como los que hacen cumplir las leyes también están exentos, porque tonto arrestarse a si mismos como bomberos que se pisan la manguera.
Así que si arrestan a un negro porque está robando coches, pero después se comprueba que es diputado, cuales suelen estar aforados, lo suyo es soltarlo, indemnizarle y disculparse, lo mismo debiera pasar con el caso contrario, si a un diputado de vox le da por quemar vivo a mendigos en la calle, algo que a los neonazis les encanta hacer.
Si tuvieron la suerte o la audacia de engañar a la gente hasta sentarse en la poltrona, es su privilegio justo. ¡Que envidia dan los 🤬 políticos!",2026-03-28T16:27:50Z,2026-03-28T16:27:50Z,0,1,youtube,2026-04-05T13:39:41.699453
_he3Z-xUr3g,Los Progreñecos,"
¿Está el mantero de Podemos por encima de la ley?, pero explicado con teleñecos",es,Media,UgwkqNaluQUTI4h3VBh4AaABAg.AUuKquz1xdfAUwBbZNeQ24,UgwkqNaluQUTI4h3VBh4AaABAg,1,@LosProgreñecos,Así es,2026-03-29T09:45:35Z,2026-03-29T09:45:35Z,0,0,youtube,2026-04-05T13:39:41.699457
_he3Z-xUr3g,Los Progreñecos,"
¿Está el mantero de Podemos por encima de la ley?, pero explicado con teleñecos",es,Media,UgzAKEawCbOd3AbPXhh4AaABAg,,0,@ivanorlandsson7459,"Un negro y seis personas no racializadas, menuda manera de llevar el tema a tu terreno",2026-03-28T16:14:10Z,2026-03-28T16:14:10Z,1,1,youtube,2026-04-05T13:39:41.699461
_he3Z-xUr3g,Los Progreñecos,"
¿Está el mantero de Podemos por encima de la ley?, pero explicado con teleñecos",es,Media,UgzAKEawCbOd3AbPXhh4AaABAg.AUuJHhXHVz_AUwAypm1zyx,UgzAKEawCbOd3AbPXhh4AaABAg,1,@LosProgreñecos,Totalmente,2026-03-29T09:40:01Z,2026-03-29T09:40:01Z,0,0,youtube,2026-04-05T13:39:41.699465
_he3Z-xUr3g,Los Progreñecos,"
¿Está el mantero de Podemos por encima de la ley?, pero explicado con teleñecos",es,Media,Ugw-2kNhB-zX5L3cvI94AaABAg,,0,@juanluisllopbayo1686,😂,2026-03-28T16:00:55Z,2026-03-28T16:00:55Z,0,0,youtube,2026-04-05T13:39:41.699469
_he3Z-xUr3g,Los Progreñecos,"
¿Está el mantero de Podemos por encima de la ley?, pero explicado con teleñecos",es,Media,UgwY-rjIMJJfdCfTuMZ4AaABAg,,0,@juanluisllopbayo1686,Hacéis más falta de lo que podáis imaginar.,2026-03-28T16:00:46Z,2026-03-28T16:00:46Z,0,1,youtube,2026-04-05T13:39:41.699473
_he3Z-xUr3g,Los Progreñecos,"
¿Está el mantero de Podemos por encima de la ley?, pero explicado con teleñecos",es,Media,UgwY-rjIMJJfdCfTuMZ4AaABAg.AUuHkf5hpa9AUwAZRLIhL1,UgwY-rjIMJJfdCfTuMZ4AaABAg,1,@LosProgreñecos,😉💪🏻 toca pelear,2026-03-29T09:36:25Z,2026-03-29T09:36:25Z,0,0,youtube,2026-04-05T13:39:41.699478
_he3Z-xUr3g,Los Progreñecos,"
¿Está el mantero de Podemos por encima de la ley?, pero explicado con teleñecos",es,Media,UgymwWyKbEJnw3Qh-C94AaABAg,,0,@Tanita1973,"MALDITOS PODEMITAS
ABSOKUTA BASURA, YA LO DICE PATXI: BASURA",2026-03-28T15:58:55Z,2026-03-28T15:58:55Z,0,0,youtube,2026-04-05T13:39:41.699482
_he3Z-xUr3g,Los Progreñecos,"
¿Está el mantero de Podemos por encima de la ley?, pero explicado con teleñecos",es,Media,UgxcW7MObvX0Td-gjkB4AaABAg,,0,@AlfieLevay-c2d,Que se larguen ‼️‼️‼️😡😡😡,2026-03-28T15:57:44Z,2026-03-28T15:57:44Z,22,0,youtube,2026-04-05T13:39:41.699487
_he3Z-xUr3g,Los Progreñecos,"
¿Está el mantero de Podemos por encima de la ley?, pero explicado con teleñecos",es,Media,Ugyv8_Tw9G0m8b6hwAt4AaABAg,,0,@gusigus304,Ya se!!!LA culpa es de Trump!!,2026-03-28T15:52:19Z,2026-03-28T15:52:19Z,0,1,youtube,2026-04-05T13:39:41.699491
_he3Z-xUr3g,Los Progreñecos,"
¿Está el mantero de Podemos por encima de la ley?, pero explicado con teleñecos",es,Media,Ugyv8_Tw9G0m8b6hwAt4AaABAg.AUuGmgqazGHAUwB_aBhwtY,Ugyv8_Tw9G0m8b6hwAt4AaABAg,1,@LosProgreñecos,😂😂,2026-03-29T09:45:19Z,2026-03-29T09:45:19Z,0,0,youtube,2026-04-05T13:39:41.699510
_he3Z-xUr3g,Los Progreñecos,"
¿Está el mantero de Podemos por encima de la ley?, pero explicado con teleñecos",es,Media,UgyXdzD2gyF2-h9tNSx4AaABAg,,0,@gusigus304,Hacerse victima es negocio!,2026-03-28T15:49:21Z,2026-03-28T15:49:21Z,3,1,youtube,2026-04-05T13:39:41.699515
_he3Z-xUr3g,Los Progreñecos,"
¿Está el mantero de Podemos por encima de la ley?, pero explicado con teleñecos",es,Media,UgyXdzD2gyF2-h9tNSx4AaABAg.AUuGRxZlHr7AUwjzliAVd4,UgyXdzD2gyF2-h9tNSx4AaABAg,1,@CarlosIv27,De los ilegales y de las mujeres en españa asi estan llenas de privilegios todo el día insultando a los hombres que gracias a nosotros tienen todo y victimizandose a diario. Repulsivo e inaguantable ya.,2026-03-29T14:54:43Z,2026-03-29T14:54:43Z,0,0,youtube,2026-04-05T13:39:41.699519
_he3Z-xUr3g,Los Progreñecos,"
¿Está el mantero de Podemos por encima de la ley?, pero explicado con teleñecos",es,Media,UgwCu0iGX7tryw6QtFZ4AaABAg,,0,@joseenriquedetomas4821,"Si en España no puedes ya ser español sin que te llamen ""facha""; si la policía no puede darle una buena y merecidísima h0sti4 a un gilipollas que se cubre con la pantalla del ""racista si me tocas"" cuando se salta todas las leyes habidas y por haber y agrede a esos policías; si además, tenemos que pagarles nosotros (los que cotizamos) los derechos y beneficios que jamás tendrían en sus países (y eso lo digo después de haber viajado por esos países durante 30 años); si nos encaramos contra la policía QUE ESTÁ CUMPLIENDO CON LA LA LEY Y CON DU DEBER frente a gentes que han invadido ilegalmente nuestro país; si es que en España ya todo el mundo se ha vuelto irrecuperablemente gilipollas, entonces este ya no es mi país. O eso, o es que sí es mi país y lo que sobran son los sinvergüenzas como el mantero de los c0j0nes y la mi3rda de políticos que han generado esta situación. Y en ese caso, quienes sobran aquí son ellos. Pero habrá que decidir.",2026-03-28T15:45:05Z,2026-03-28T15:46:45Z,0,0,youtube,2026-04-05T13:39:41.699523
_he3Z-xUr3g,Los Progreñecos,"
¿Está el mantero de Podemos por encima de la ley?, pero explicado con teleñecos",es,Media,Ugw0XFtz4NancQxH7O94AaABAg,,0,@marjorieespinoza2003,no busca la paz busca problemas porque aqui no es feliz ni lo sera nunca España te recomienda por AHORA que vuelvas a tu aldea,2026-03-28T15:42:46Z,2026-03-28T15:42:46Z,1,1,youtube,2026-04-05T13:39:41.699527
_he3Z-xUr3g,Los Progreñecos,"
¿Está el mantero de Podemos por encima de la ley?, pero explicado con teleñecos",es,Media,Ugw0XFtz4NancQxH7O94AaABAg.AUuFgpXgEqeAUwAULIiist,Ugw0XFtz4NancQxH7O94AaABAg,1,@LosProgreñecos,💪🏻💪🏻,2026-03-29T09:35:43Z,2026-03-29T09:35:43Z,0,0,youtube,2026-04-05T13:39:41.699531
_he3Z-xUr3g,Los Progreñecos,"
¿Está el mantero de Podemos por encima de la ley?, pero explicado con teleñecos",es,Media,UgxBWgG2_BkmUP7I3yB4AaABAg,,0,@konietzko4213,"Ese neologismo de ""racializado"" me suena horrible ¿Quiénes son los ""racializados""? ¿Puedo autopercibirme como tal y vivir del cuento? Es que son ya muchos años trabajando para pagar la fiesta de la democracia y el estado del bienestar de otros y quiero chupar del bote un rato. Para variar.",2026-03-28T15:41:47Z,2026-03-28T15:41:47Z,0,1,youtube,2026-04-05T13:39:41.699535
_he3Z-xUr3g,Los Progreñecos,"
¿Está el mantero de Podemos por encima de la ley?, pero explicado con teleñecos",es,Media,UgxBWgG2_BkmUP7I3yB4AaABAg.AUuF_d5NsZlAUwAXevbCJi,UgxBWgG2_BkmUP7I3yB4AaABAg,1,@LosProgreñecos,👌🏻👌🏻,2026-03-29T09:36:10Z,2026-03-29T09:36:10Z,1,0,youtube,2026-04-05T13:39:41.699540
_he3Z-xUr3g,Los Progreñecos,"
¿Está el mantero de Podemos por encima de la ley?, pero explicado con teleñecos",es,Media,UgxVMSTYB3tfPAEqIhR4AaABAg,,0,@AndresSanchez-uw4or,Esto es autentico cine.,2026-03-28T15:40:22Z,2026-03-28T15:40:22Z,1,1,youtube,2026-04-05T13:39:42.550863
_he3Z-xUr3g,Los Progreñecos,"
¿Está el mantero de Podemos por encima de la ley?, pero explicado con teleñecos",es,Media,UgxVMSTYB3tfPAEqIhR4AaABAg.AUuFQCAUjJ9AUwA7iopj65,UgxVMSTYB3tfPAEqIhR4AaABAg,1,@LosProgreñecos,❤,2026-03-29T09:32:38Z,2026-03-29T09:32:38Z,0,0,youtube,2026-04-05T13:39:42.550881
_he3Z-xUr3g,Los Progreñecos,"
¿Está el mantero de Podemos por encima de la ley?, pero explicado con teleñecos",es,Media,Ugxsuy3IiHJ19pQBinl4AaABAg,,0,@JuanCarlosGarciaAlvare,Los africanos pa Africa.,2026-03-28T15:35:11Z,2026-03-28T15:35:11Z,1,0,youtube,2026-04-05T13:39:42.550887
_he3Z-xUr3g,Los Progreñecos,"
¿Está el mantero de Podemos por encima de la ley?, pero explicado con teleñecos",es,Media,UgwDc6bhjFvqyzHLpy14AaABAg,,0,@joaquinmoronborrallo56-qq3un,"Las izquierdas son los culpables de la guerra civil y del franquismo que tanto critican,lo trajeron ellos.",2026-03-28T15:29:36Z,2026-03-28T15:29:36Z,2,1,youtube,2026-04-05T13:39:42.550892
_he3Z-xUr3g,Los Progreñecos,"
¿Está el mantero de Podemos por encima de la ley?, pero explicado con teleñecos",es,Media,UgwDc6bhjFvqyzHLpy14AaABAg.AUuEBKain-2AUwBRlBMNzm,UgwDc6bhjFvqyzHLpy14AaABAg,1,@LosProgreñecos,👌🏻,2026-03-29T09:44:06Z,2026-03-29T09:44:06Z,0,0,youtube,2026-04-05T13:39:42.550896
_he3Z-xUr3g,Los Progreñecos,"
¿Está el mantero de Podemos por encima de la ley?, pero explicado con teleñecos",es,Media,UgyBBA5fJ1dceQr02tZ4AaABAg,,0,@LuNaRaRiS,"Que se pire a luchar en su país, sus "" hermanos"" se lo agradecerían.",2026-03-28T15:19:57Z,2026-03-28T15:19:57Z,0,0,youtube,2026-04-05T13:39:42.550899
_he3Z-xUr3g,Los Progreñecos,"
¿Está el mantero de Podemos por encima de la ley?, pero explicado con teleñecos",es,Media,Ugw-kd5DN2xvAvmkV0l4AaABAg,,0,@Verdadverdadera-n7v,Me encatais progreñecos ❤❤,2026-03-28T15:19:36Z,2026-03-28T15:19:36Z,0,1,youtube,2026-04-05T13:39:42.550903
_he3Z-xUr3g,Los Progreñecos,"
¿Está el mantero de Podemos por encima de la ley?, pero explicado con teleñecos",es,Media,Ugw-kd5DN2xvAvmkV0l4AaABAg.AUuD27ULS5bAUuDNPkdbrA,Ugw-kd5DN2xvAvmkV0l4AaABAg,1,@LosProgreñecos,❤❤,2026-03-28T15:22:30Z,2026-03-28T15:22:30Z,0,0,youtube,2026-04-05T13:39:42.550907
_he3Z-xUr3g,Los Progreñecos,"
¿Está el mantero de Podemos por encima de la ley?, pero explicado con teleñecos",es,Media,Ugzom8TzDQ42v5N3QVR4AaABAg,,0,@arturocastillo7068,El mantero es mierda pura,2026-03-28T15:18:20Z,2026-03-28T15:18:20Z,0,0,youtube,2026-04-05T13:39:42.550910
_he3Z-xUr3g,Los Progreñecos,"
¿Está el mantero de Podemos por encima de la ley?, pero explicado con teleñecos",es,Media,Ugw8vN3ls1uG1mNnscV4AaABAg,,0,@josemanuelperez1813,Enhorabuena.Magnifico video.,2026-03-28T15:18:13Z,2026-03-28T15:18:13Z,0,1,youtube,2026-04-05T13:39:42.550914
_he3Z-xUr3g,Los Progreñecos,"
¿Está el mantero de Podemos por encima de la ley?, pero explicado con teleñecos",es,Media,Ugw8vN3ls1uG1mNnscV4AaABAg.AUuCsy2H9T6AUuDLmDWGVr,Ugw8vN3ls1uG1mNnscV4AaABAg,1,@LosProgreñecos,Muchas gracias!❤,2026-03-28T15:22:17Z,2026-03-28T15:22:17Z,0,0,youtube,2026-04-05T13:39:42.550919
_he3Z-xUr3g,Los Progreñecos,"
¿Está el mantero de Podemos por encima de la ley?, pero explicado con teleñecos",es,Media,UgxZFl1QU8AfX5P6wGB4AaABAg,,0,@italofabiangonzalezortiz857,España esta jodida,2026-03-28T15:14:41Z,2026-03-28T15:14:41Z,0,1,youtube,2026-04-05T13:39:42.550923
_he3Z-xUr3g,Los Progreñecos,"
¿Está el mantero de Podemos por encima de la ley?, pero explicado con teleñecos",es,Media,UgxZFl1QU8AfX5P6wGB4AaABAg.AUuCU6g1A9fAUuDnHDIXB5,UgxZFl1QU8AfX5P6wGB4AaABAg,1,@LosProgreñecos,Entre todos la vamos a recuperar,2026-03-28T15:26:11Z,2026-03-28T15:26:11Z,0,0,youtube,2026-04-05T13:39:42.550926
_he3Z-xUr3g,Los Progreñecos,"
¿Está el mantero de Podemos por encima de la ley?, pero explicado con teleñecos",es,Media,Ugwsy9wpncxmczJTcb14AaABAg,,0,@euskadihelena3861,"Te olvidaste de 'Fascista'...aunque sea una vez;
Racista y Fascista no falla nunca.
(Reír para no llorar)!😅",2026-03-28T15:13:38Z,2026-03-28T15:13:38Z,0,1,youtube,2026-04-05T13:39:42.550930
_he3Z-xUr3g,Los Progreñecos,"
¿Está el mantero de Podemos por encima de la ley?, pero explicado con teleñecos",es,Media,Ugwsy9wpncxmczJTcb14AaABAg.AUuCMSN9InWAUwAaEwdWVD,Ugwsy9wpncxmczJTcb14AaABAg,1,@LosProgreñecos,😂 cierto,2026-03-29T09:36:40Z,2026-03-29T09:36:40Z,0,0,youtube,2026-04-05T13:39:42.550934
_he3Z-xUr3g,Los Progreñecos,"
¿Está el mantero de Podemos por encima de la ley?, pero explicado con teleñecos",es,Media,UgyNKiLo7KCLOgAXYB54AaABAg,,0,@sombrereroloco2327,En momentos como este donde la intolerancia estaría justificada,2026-03-28T15:12:04Z,2026-03-28T15:12:04Z,0,1,youtube,2026-04-05T13:39:42.550937
_he3Z-xUr3g,Los Progreñecos,"
¿Está el mantero de Podemos por encima de la ley?, pero explicado con teleñecos",es,Media,UgyNKiLo7KCLOgAXYB54AaABAg.AUuCAvw0ygdAUuDaK7Ik6R,UgyNKiLo7KCLOgAXYB54AaABAg,1,@LosProgreñecos,"Claro, la ley no puede ser tolerante ni podemita",2026-03-28T15:24:24Z,2026-03-28T15:24:24Z,0,0,youtube,2026-04-05T13:39:42.550941
_he3Z-xUr3g,Los Progreñecos,"
¿Está el mantero de Podemos por encima de la ley?, pero explicado con teleñecos",es,Media,UgyBT0k1WZCSl9SYtwZ4AaABAg,,0,@TheMirlo1971,Un negro que entró por la puerta de atrás y que lo tiene un partido político de mascota y que se pega el día diciéndonos que es negro y el resto somos lo peor. Qué 5 minutos echaba yo ahí...,2026-03-28T15:10:43Z,2026-03-28T15:10:43Z,0,0,youtube,2026-04-05T13:39:42.550945
_he3Z-xUr3g,Los Progreñecos,"
¿Está el mantero de Podemos por encima de la ley?, pero explicado con teleñecos",es,Media,UgyefgJaYnxk4pNY0OB4AaABAg,,0,@guascojuanantonio,"Eso es lo que pasa cuando se deja abierta la puerta a la inmigración ilegal. Llegan sin empleo, no tienen techo. Entonces lo mas facil para ellos es robar, y ocupar casas. 
Esto es claramente una señal de un gobierno incompetente. Que causa que la mayor parte de la inmigración ilegal solo llegue con problemas para la nación de destino.
 Un gobierno debe de planear a nivel habitaciónal, laboral, e integracional la llegada de migrantes. Después de todos la principal obligación y responsabilidad de la nación y del gobierno es con sus ciudadanos",2026-03-28T14:58:06Z,2026-03-28T14:58:06Z,0,0,youtube,2026-04-05T13:39:42.550949
_he3Z-xUr3g,Los Progreñecos,"
¿Está el mantero de Podemos por encima de la ley?, pero explicado con teleñecos",es,Media,Ugwn46RHrSRqRyGDKjN4AaABAg,,0,@Cristina-dv5ij,La gente que da voces para que suelten al delincuente 😂,2026-03-28T14:52:13Z,2026-03-28T14:52:13Z,8,1,youtube,2026-04-05T13:39:42.550952
_he3Z-xUr3g,Los Progreñecos,"
¿Está el mantero de Podemos por encima de la ley?, pero explicado con teleñecos",es,Media,Ugwn46RHrSRqRyGDKjN4AaABAg.AUu9uYLiuagAUuDdm8fEJI,Ugwn46RHrSRqRyGDKjN4AaABAg,1,@LosProgreñecos,No faltan las Charos en estos vídeos,2026-03-28T15:24:53Z,2026-03-28T15:24:53Z,0,0,youtube,2026-04-05T13:39:42.550957
_he3Z-xUr3g,Los Progreñecos,"
¿Está el mantero de Podemos por encima de la ley?, pero explicado con teleñecos",es,Media,Ugyys9rWFH_aWzUesxB4AaABAg,,0,@josemariagomezruiz1818,Lo importante es fomentar el reciclaje del cabestrillo de tontolaya,2026-03-28T14:50:07Z,2026-03-28T14:50:07Z,0,0,youtube,2026-04-05T13:39:42.550960
_he3Z-xUr3g,Los Progreñecos,"
¿Está el mantero de Podemos por encima de la ley?, pero explicado con teleñecos",es,Media,UgwUitu9YMy_NqvTd9R4AaABAg,,0,@JuniorGasperSantos,"Si siguen soltando datos ""opresores"" ustedes serán los próximos en ser llamados racistas. Pero quiero que sepan mis Progreñecos que yo estoy con ustedes, así que puedo absorber una parte de las potenciales acusaciones de parte de nuestros amigos y amigas victimistas. Larga vida a Los Progreñecos!!!",2026-03-28T14:49:08Z,2026-03-28T14:49:08Z,0,1,youtube,2026-04-05T13:39:42.550964
_he3Z-xUr3g,Los Progreñecos,"
¿Está el mantero de Podemos por encima de la ley?, pero explicado con teleñecos",es,Media,UgwUitu9YMy_NqvTd9R4AaABAg.AUu9YzgU7BOAUwAkhuY40h,UgwUitu9YMy_NqvTd9R4AaABAg,1,@LosProgreñecos,"Mil gracias, Adjanix! Sabemos que esto nos traerá riesgos, pero es peor aún perder el país que le debemos a nuestros abuelos y nuestros hijos. La verdad y la dignidad son innegociables e incancelables 💪🏻💪🏻",2026-03-29T09:38:06Z,2026-03-29T09:38:06Z,0,0,youtube,2026-04-05T13:39:42.550968
_he3Z-xUr3g,Los Progreñecos,"
¿Está el mantero de Podemos por encima de la ley?, pero explicado con teleñecos",es,Media,UgzPDWfxJ-q2Xsynmp14AaABAg,,0,@RaulEnriqueFERNÁNDEZ-c1z,El buenismo woke haciendo su trabajo...y el estado bajándose los pantalones...🤯😎😎😎⚽️⚽️⚽️🇦🇷🇦🇷🇦🇷,2026-03-28T14:47:42Z,2026-03-28T14:47:42Z,0,0,youtube,2026-04-05T13:39:42.550972
_he3Z-xUr3g,Los Progreñecos,"
¿Está el mantero de Podemos por encima de la ley?, pero explicado con teleñecos",es,Media,UgzZ2Lf_FX2M2515Zwd4AaABAg,,0,@miguels698,Habla demasiado bien para ser Mbaye,2026-03-28T14:47:29Z,2026-03-28T14:47:29Z,0,0,youtube,2026-04-05T13:39:42.550975
_he3Z-xUr3g,Los Progreñecos,"
¿Está el mantero de Podemos por encima de la ley?, pero explicado con teleñecos",es,Media,UgyLUj5SsWsojW7_VjJ4AaABAg,,0,@losretosderagnar2878,Lo que si puedo decir oor desgracia es que gracias a los imbéciles que nos gobiernan y nos representan no os va q faltar material 😂. Sois muy buenos,2026-03-28T14:46:55Z,2026-03-28T14:46:55Z,1,1,youtube,2026-04-05T13:39:42.550979
_he3Z-xUr3g,Los Progreñecos,"
¿Está el mantero de Podemos por encima de la ley?, pero explicado con teleñecos",es,Media,UgyLUj5SsWsojW7_VjJ4AaABAg.AUu9IiqJ0pnAUuDXRYdigR,UgyLUj5SsWsojW7_VjJ4AaABAg,1,@LosProgreñecos,Es una condena. Ojalá llegue el día que este canal no tenga sentido y lo chapemos. Abrazo!😉👋🏻,2026-03-28T15:23:53Z,2026-03-28T15:23:53Z,0,0,youtube,2026-04-05T13:39:42.550982
_he3Z-xUr3g,Los Progreñecos,"
¿Está el mantero de Podemos por encima de la ley?, pero explicado con teleñecos",es,Media,UgzsfTeZzZnQURPZ2lJ4AaABAg,,0,@rubenVegagarcia-u1j,"¿Hay franco, Francisco beaumont porque te fuiste sin acabar con todos estos subnormales? Y no me digas. Y no me digas que cojamos el ejemplo de pocho. Aunque sea tu nieto😂😂😂😂",2026-03-28T14:45:43Z,2026-03-28T14:45:43Z,1,0,youtube,2026-04-05T13:39:42.550986
_he3Z-xUr3g,Los Progreñecos,"
¿Está el mantero de Podemos por encima de la ley?, pero explicado con teleñecos",es,Media,UgxCIRWVb_mm3JrJqq54AaABAg,,0,@lolipachecomartin6278,"Claro todo un exdiputado,ahora ya no puede ser menos ➖x➖ es +😂🙋",2026-03-28T14:40:40Z,2026-03-28T14:40:40Z,0,0,youtube,2026-04-05T13:39:42.550990
_he3Z-xUr3g,Los Progreñecos,"
¿Está el mantero de Podemos por encima de la ley?, pero explicado con teleñecos",es,Media,UgyvPKpvcyNGQWLTpcF4AaABAg,,0,@carmengarciabermejo9567,"Bien claro...lo que quiere es pasta, como todos....que original.
El racista es el por insultar a nuestras autoridades y culturas.
Los que apoyaron esto..no voy a calificarlos, pero de que van? Me suena a envidia y rencor ancestral.",2026-03-28T14:37:29Z,2026-03-28T14:37:29Z,2,0,youtube,2026-04-05T13:39:42.550994
_he3Z-xUr3g,Los Progreñecos,"
¿Está el mantero de Podemos por encima de la ley?, pero explicado con teleñecos",es,Media,UgyS3XhMJXwfXHNGxtN4AaABAg,,0,@LaKika36,"No nos vamos a mover hasta que los suelten
.... como?",2026-03-28T14:26:25Z,2026-03-28T14:26:25Z,1,1,youtube,2026-04-05T13:39:42.550998
_he3Z-xUr3g,Los Progreñecos,"
¿Está el mantero de Podemos por encima de la ley?, pero explicado con teleñecos",es,Media,UgyS3XhMJXwfXHNGxtN4AaABAg.AUu6x_ZUVP2AUu824cA82a,UgyS3XhMJXwfXHNGxtN4AaABAg,1,@LosProgreñecos,Una peruana desafiando la ley española y a los policías. Así estamos,2026-03-28T14:35:54Z,2026-03-28T14:35:54Z,1,0,youtube,2026-04-05T13:39:42.551001
_he3Z-xUr3g,Los Progreñecos,"
¿Está el mantero de Podemos por encima de la ley?, pero explicado con teleñecos",es,Media,UgxNemoxMjxBMl_3jyh4AaABAg,,0,@joseomarsoria6483,"Tenemos el mismo problema en Argentina con senegaleses traidos por politicas progres del nefasto gobierno peronista kirchnerista anterior, y tambien peruanos, bolivianos, paraguayos etc etc....Aunque a partir del gobierno de Milei, este cancer disminuyo notablemente....",2026-03-28T14:23:20Z,2026-03-28T14:23:20Z,0,1,youtube,2026-04-05T13:39:42.551005
_he3Z-xUr3g,Los Progreñecos,"
¿Está el mantero de Podemos por encima de la ley?, pero explicado con teleñecos",es,Media,UgxNemoxMjxBMl_3jyh4AaABAg.AUu6b2iP7TvAUu8k6exGga,UgxNemoxMjxBMl_3jyh4AaABAg,1,@sdingenieria8686,"Y los senegaleses también se dedicaron a ser “manteros”.
Pero ojo, hace 50 años atrás no existían las ayudas sociales, y de países limítrofes venían a trabajar, aunque eso no implique que también lo hacían para delinquir u ocupar tierras como cualquiera. España, al igual que muchos países con políticos compra votos, regalan el dinero de los contribuyentes para fomentar la dependencia.",2026-03-28T14:42:03Z,2026-03-28T14:42:03Z,0,0,youtube,2026-04-05T13:39:42.551009
_he3Z-xUr3g,Los Progreñecos,"
¿Está el mantero de Podemos por encima de la ley?, pero explicado con teleñecos",es,Media,Ugyc8ok6GYCeE40nWmd4AaABAg,,0,@BUSTILLOSLOPEZ,El buenismo progre es la ruina,2026-03-28T14:21:28Z,2026-03-28T14:21:28Z,1,1,youtube,2026-04-05T13:39:42.551013
_he3Z-xUr3g,Los Progreñecos,"
¿Está el mantero de Podemos por encima de la ley?, pero explicado con teleñecos",es,Media,Ugyc8ok6GYCeE40nWmd4AaABAg.AUu6OKWJckaAUuEIpW9_Mg,Ugyc8ok6GYCeE40nWmd4AaABAg,1,@LosProgreñecos,"Completamente, hay que acabar con el",2026-03-28T15:30:37Z,2026-03-28T15:30:37Z,0,0,youtube,2026-04-05T13:39:42.551016
_he3Z-xUr3g,Los Progreñecos,"
¿Está el mantero de Podemos por encima de la ley?, pero explicado con teleñecos",es,Media,Ugw52wj5yLVZU8j6bdl4AaABAg,,0,@DavidRGPRC,"No es cachondeo. Hay muchos que hacen lo que quieren, y cuando se les llama la atención, te llaman racista. Como está España...",2026-03-28T14:14:43Z,2026-03-28T14:14:43Z,2,0,youtube,2026-04-05T13:39:42.551020
_he3Z-xUr3g,Los Progreñecos,"
¿Está el mantero de Podemos por encima de la ley?, pero explicado con teleñecos",es,Media,UgyliRcsdartL552ftV4AaABAg,,0,@juanluisllopbayo1686,😂 me parto con vosotros,2026-03-28T14:13:35Z,2026-03-28T14:13:35Z,5,1,youtube,2026-04-05T13:39:42.551025
_he3Z-xUr3g,Los Progreñecos,"
¿Está el mantero de Podemos por encima de la ley?, pero explicado con teleñecos",es,Media,UgyliRcsdartL552ftV4AaABAg.AUu5UabUI_oAUuDONWyB4o,UgyliRcsdartL552ftV4AaABAg,1,@LosProgreñecos,😉😂🙌🏻,2026-03-28T15:22:38Z,2026-03-28T15:22:38Z,0,0,youtube,2026-04-05T13:39:42.551028
_he3Z-xUr3g,Los Progreñecos,"
¿Está el mantero de Podemos por encima de la ley?, pero explicado con teleñecos",es,Media,UgyHgZDnhiR8GxGxJxh4AaABAg,,0,@manuelandresguerreromarin2951,Correcto.. . Y esa Perraflautas quien es??? Pudrimos es ta muerto pero hay que aniquilar todo despojo politico que quede por ahi.,2026-03-28T14:10:25Z,2026-03-28T14:10:25Z,0,0,youtube,2026-04-05T13:39:42.551032
_he3Z-xUr3g,Los Progreñecos,"
¿Está el mantero de Podemos por encima de la ley?, pero explicado con teleñecos",es,Media,UgztPDi2w1Rgdf53ax14AaABAg,,0,@juanrodriguez-fw2or,"Mbape ( o como se escriba,  no hablo zuajili ) ha sido detenido por resistencia a la autoridad y lesiones a varios agentes de la ley .. se encuentra detenido en calabozos a espera de una decicion judicial... no .. es broma,, no es español.. ya está en la calle.. sin ninguna consecuencia",2026-03-28T14:04:30Z,2026-03-28T14:04:30Z,3,2,youtube,2026-04-05T13:39:42.551036
_he3Z-xUr3g,Los Progreñecos,"
¿Está el mantero de Podemos por encima de la ley?, pero explicado con teleñecos",es,Media,UgztPDi2w1Rgdf53ax14AaABAg.AUu4S2oVnONAUu86JK50hd,UgztPDi2w1Rgdf53ax14AaABAg,1,@LosProgreñecos,Es una falta de respeto propia de país fallido que Mbayé y sus secuaces puedan comportarse así,2026-03-28T14:36:29Z,2026-03-28T14:36:29Z,1,0,youtube,2026-04-05T13:39:42.551040
_he3Z-xUr3g,Los Progreñecos,"
¿Está el mantero de Podemos por encima de la ley?, pero explicado con teleñecos",es,Media,UgztPDi2w1Rgdf53ax14AaABAg.AUu4S2oVnONAUuHn6vEtRb,UgztPDi2w1Rgdf53ax14AaABAg,1,@juanrodriguez-fw2or,​@LosProgreñecosayer ase.  Sinamos a uns joven con ploblemas mentales... ¿ mas fallido que eso ?...,2026-03-28T16:01:06Z,2026-03-28T16:01:06Z,0,0,youtube,2026-04-05T13:39:42.551043
_he3Z-xUr3g,Los Progreñecos,"
¿Está el mantero de Podemos por encima de la ley?, pero explicado con teleñecos",es,Media,UgylKNdzVi15kc79aJ94AaABAg,,0,@ASP-z6v,"Aquí puede venir la gente necesaria para trabajar de forma ordenada y legal, todo lo demás es un negocio por parte de políticos traidores y cobardes.",2026-03-28T14:02:41Z,2026-03-28T14:02:41Z,44,1,youtube,2026-04-05T13:39:42.551047
_he3Z-xUr3g,Los Progreñecos,"
¿Está el mantero de Podemos por encima de la ley?, pero explicado con teleñecos",es,Media,UgylKNdzVi15kc79aJ94AaABAg.AUu4El3J58nAUuEYeGaANm,UgylKNdzVi15kc79aJ94AaABAg,1,@LosProgreñecos,"Todo lo que has dicho, pero también según cuotas. Más de un 5% (tope 10%) de población extranjera en un país es un suicidio. Estamos ya en 20%",2026-03-28T15:32:47Z,2026-03-28T15:32:47Z,3,0,youtube,2026-04-05T13:39:42.551050
_he3Z-xUr3g,Los Progreñecos,"
¿Está el mantero de Podemos por encima de la ley?, pero explicado con teleñecos",es,Media,Ugwbmkqk5AHcBrvfFy54AaABAg,,0,@joseajenjo8611,"Se cree por encima de la ley, un atentado contra la autoridad clarísimo, el video esta ahí , basta ya de victimizarse.....",2026-03-28T14:02:00Z,2026-03-28T14:02:00Z,1,1,youtube,2026-04-05T13:39:42.551054
_he3Z-xUr3g,Los Progreñecos,"
¿Está el mantero de Podemos por encima de la ley?, pero explicado con teleñecos",es,Media,Ugwbmkqk5AHcBrvfFy54AaABAg.AUu49g6fuWWAUwAWJVNtET,Ugwbmkqk5AHcBrvfFy54AaABAg,1,@LosProgreñecos,💪🏻💪🏻,2026-03-29T09:35:59Z,2026-03-29T09:35:59Z,0,0,youtube,2026-04-05T13:39:42.551058
_he3Z-xUr3g,Los Progreñecos,"
¿Está el mantero de Podemos por encima de la ley?, pero explicado con teleñecos",es,Media,Ugy-5ocHbWo2keCyMJ54AaABAg,,0,@ANTONIOTOMASBUONAMISISAIXA,"Me gustaría saber, por qué en los medios públicos de comunicación, estos partidos de ultraizquierda defensores de terroristas y delincuentes, aparecen a todos horas.",2026-03-28T14:01:22Z,2026-03-28T14:01:22Z,0,0,youtube,2026-04-05T13:39:42.551062
_he3Z-xUr3g,Los Progreñecos,"
¿Está el mantero de Podemos por encima de la ley?, pero explicado con teleñecos",es,Media,UgxtRYh4P_xQrQDcDUt4AaABAg,,0,@TransNobinario,"El racismo debería ser para todos, porque parece ser que a los balncos, se nos puede odiar, al resto no, y recordemos, que aquí en españa no he visto casos de blancos matando a negros, pero viceversa sí.....y en sudáfrica mas....¿estamos tontos o que?, bueno estan ....",2026-03-28T13:57:29Z,2026-03-28T13:57:29Z,0,0,youtube,2026-04-05T13:39:42.551066
_he3Z-xUr3g,Los Progreñecos,"
¿Está el mantero de Podemos por encima de la ley?, pero explicado con teleñecos",es,Media,UgzHj9WW-FOxD4kF8EB4AaABAg,,0,@TransNobinario,"Este es el que se ofendía si le llamaban de color, y negro también....no se da cuenta que si lo criticamos, no es por negro, es por idiota ",2026-03-28T13:54:40Z,2026-03-28T13:54:40Z,41,2,youtube,2026-04-05T13:39:42.551069
_he3Z-xUr3g,Los Progreñecos,"
¿Está el mantero de Podemos por encima de la ley?, pero explicado con teleñecos",es,Media,UgzHj9WW-FOxD4kF8EB4AaABAg.AUu3K5TLK-EAUuDnoCQwas,UgzHj9WW-FOxD4kF8EB4AaABAg,1,@YstmioGaona0505,😂😂,2026-03-28T15:26:15Z,2026-03-28T15:26:15Z,2,0,youtube,2026-04-05T13:39:42.551073
_he3Z-xUr3g,Los Progreñecos,"
¿Está el mantero de Podemos por encima de la ley?, pero explicado con teleñecos",es,Media,UgzHj9WW-FOxD4kF8EB4AaABAg.AUu3K5TLK-EAUuEEvCfOpz,UgzHj9WW-FOxD4kF8EB4AaABAg,1,@LosProgreñecos,"Así es, nadie le critica por su raza, es por su falta de respeto a la ley y no dejar de quejarse de un país infinitamente mejor que el suyo y que además le da de comer y trata con dignidad. 🖐🏻",2026-03-28T15:30:05Z,2026-03-28T15:30:05Z,7,0,youtube,2026-04-05T13:39:42.551076
_he3Z-xUr3g,Los Progreñecos,"
¿Está el mantero de Podemos por encima de la ley?, pero explicado con teleñecos",es,Media,UgxRYZNqSeLNE7DPWKN4AaABAg,,0,@Jose-pb2wy,Tendría que haber sido expulsado en cuanto piso territorio español de forma ilegal,2026-03-28T13:54:15Z,2026-03-28T13:54:15Z,62,3,youtube,2026-04-05T13:39:42.551080
_he3Z-xUr3g,Los Progreñecos,"
¿Está el mantero de Podemos por encima de la ley?, pero explicado con teleñecos",es,Media,UgxRYZNqSeLNE7DPWKN4AaABAg.AUu3GyfFgUHAUuDlAcoy6g,UgxRYZNqSeLNE7DPWKN4AaABAg,1,@LosProgreñecos,Completamente,2026-03-28T15:25:53Z,2026-03-28T15:25:53Z,5,0,youtube,2026-04-05T13:39:42.551083
_he3Z-xUr3g,Los Progreñecos,"
¿Está el mantero de Podemos por encima de la ley?, pero explicado con teleñecos",es,Media,UgxRYZNqSeLNE7DPWKN4AaABAg.AUu3GyfFgUHAUun84TcxB1,UgxRYZNqSeLNE7DPWKN4AaABAg,1,@fernandociao8020,𝒀...,2026-03-28T20:43:44Z,2026-03-28T20:43:44Z,0,0,youtube,2026-04-05T13:39:42.551087
_he3Z-xUr3g,Los Progreñecos,"
¿Está el mantero de Podemos por encima de la ley?, pero explicado con teleñecos",es,Media,UgxRYZNqSeLNE7DPWKN4AaABAg.AUu3GyfFgUHAUwjoZ0qdev,UgxRYZNqSeLNE7DPWKN4AaABAg,1,@CarlosIv27,Exactamente,2026-03-29T14:53:11Z,2026-03-29T14:53:11Z,0,0,youtube,2026-04-05T13:39:42.551090
_he3Z-xUr3g,Los Progreñecos,"
¿Está el mantero de Podemos por encima de la ley?, pero explicado con teleñecos",es,Media,UgxGGbrHfN4_5hRkOLt4AaABAg,,0,@CarlosIv27,Vienen todos con el discursito bien aprendido asi tienen impunidad viven gratis de los españoles para toda la vida si somo racistas no quiero ni un ilegal de estos dentro de España,2026-03-28T13:53:24Z,2026-03-28T13:53:24Z,10,1,youtube,2026-04-05T13:39:42.551094
_he3Z-xUr3g,Los Progreñecos,"
¿Está el mantero de Podemos por encima de la ley?, pero explicado con teleñecos",es,Media,UgxGGbrHfN4_5hRkOLt4AaABAg.AUu3AnDtMPHAUuDqrnKTSy,UgxGGbrHfN4_5hRkOLt4AaABAg,1,@LosProgreñecos,Así es,2026-03-28T15:26:40Z,2026-03-28T15:26:40Z,0,0,youtube,2026-04-05T13:39:42.551097
_he3Z-xUr3g,Los Progreñecos,"
¿Está el mantero de Podemos por encima de la ley?, pero explicado con teleñecos",es,Media,UgzZ_BK7JgzvfbYJYJZ4AaABAg,,0,@barbaravara2100,🤣🤣🤣 Detenidos 6 solidarios y un racializado. No hay color. Hasta Insalubrondo me está cayendo bien.,2026-03-28T13:53:05Z,2026-03-28T13:53:05Z,0,0,youtube,2026-04-05T13:39:42.551101
_he3Z-xUr3g,Los Progreñecos,"
¿Está el mantero de Podemos por encima de la ley?, pero explicado con teleñecos",es,Media,UgzCHOeRKP7evo7IjZZ4AaABAg,,0,@belafito,Un tío que fue miembro de la Asamblea de Madrid insultándonos a todos. Básicamente hay gente que odia a los autóctonos y supuestamente nos presenta. ¡Basta ya!,2026-03-28T13:49:38Z,2026-03-28T13:49:38Z,3,1,youtube,2026-04-05T13:39:42.551105
_he3Z-xUr3g,Los Progreñecos,"
¿Está el mantero de Podemos por encima de la ley?, pero explicado con teleñecos",es,Media,UgzCHOeRKP7evo7IjZZ4AaABAg.AUu2k8F3sZYAUuDfj_fseJ,UgzCHOeRKP7evo7IjZZ4AaABAg,1,@LosProgreñecos,Es una puñetera vergüenza,2026-03-28T15:25:09Z,2026-03-28T15:25:09Z,1,0,youtube,2026-04-05T13:39:42.551109
_he3Z-xUr3g,Los Progreñecos,"
¿Está el mantero de Podemos por encima de la ley?, pero explicado con teleñecos",es,Media,Ugzy-G5zEDVlgOHAw-d4AaABAg,,0,@xelamarshall4887,Defendemos al cabron y señalamos a la gente de pie ....,2026-03-28T13:49:08Z,2026-03-28T13:49:08Z,3,1,youtube,2026-04-05T13:39:42.551114
_he3Z-xUr3g,Los Progreñecos,"
¿Está el mantero de Podemos por encima de la ley?, pero explicado con teleñecos",es,Media,Ugzy-G5zEDVlgOHAw-d4AaABAg.AUu2gV7zr0BAUu4LR0iMZr,Ugzy-G5zEDVlgOHAw-d4AaABAg,1,@LosProgreñecos,Así estamos. Honor a los policías que aún jugándose el puesto por los idiotas podemitas y ppsoeitas intentan cumplir la ley,2026-03-28T14:03:36Z,2026-03-28T14:03:36Z,1,0,youtube,2026-04-05T13:39:42.551118
_he3Z-xUr3g,Los Progreñecos,"
¿Está el mantero de Podemos por encima de la ley?, pero explicado con teleñecos",es,Media,UgwRG317DmonztjpOyR4AaABAg,,0,@manuelgarcia8551,"quitando pagas a todos estos personajes , ya se van ellos solos, por eso solo hay un partido coherente, viva España costumbres, etc, que se mueran los que la odian",2026-03-28T13:48:55Z,2026-03-28T13:48:55Z,4,1,youtube,2026-04-05T13:39:42.551122
_he3Z-xUr3g,Los Progreñecos,"
¿Está el mantero de Podemos por encima de la ley?, pero explicado con teleñecos",es,Media,UgwRG317DmonztjpOyR4AaABAg.AUu2esJRd4mAUuEh6uADOw,UgwRG317DmonztjpOyR4AaABAg,1,@LosProgreñecos,"Es increíble que demos paguitas a nacionales, a extranjeros ya es esquizofrénico",2026-03-28T15:34:04Z,2026-03-28T15:34:04Z,1,0,youtube,2026-04-05T13:39:42.551125
_he3Z-xUr3g,Los Progreñecos,"
¿Está el mantero de Podemos por encima de la ley?, pero explicado con teleñecos",es,Media,UgyOAbc2PGLzHE-ZH794AaABAg,,0,@joferval,Mantero Santaolayo,2026-03-28T13:48:19Z,2026-03-28T13:48:19Z,1,1,youtube,2026-04-05T13:39:42.551129
_he3Z-xUr3g,Los Progreñecos,"
¿Está el mantero de Podemos por encima de la ley?, pero explicado con teleñecos",es,Media,UgyOAbc2PGLzHE-ZH794AaABAg.AUu2aYYEQ01AUuDtSm-PBn,UgyOAbc2PGLzHE-ZH794AaABAg,1,@LosProgreñecos,😂😂,2026-03-28T15:27:01Z,2026-03-28T15:27:01Z,0,0,youtube,2026-04-05T13:39:42.551133
_he3Z-xUr3g,Los Progreñecos,"
¿Está el mantero de Podemos por encima de la ley?, pero explicado con teleñecos",es,Media,Ugx8QAwLdHb37XQ3UrV4AaABAg,,0,@manuelros8314,"un tipo que entro ilegalmente en España es un delincuente, eso de entrada, No tiene mas discurso que la palabra racista. Un tipo que viene a nuestro pais a insultarnos. Este tipo tenia que estar deportado hace años",2026-03-28T13:48:18Z,2026-03-28T13:48:18Z,33,2,youtube,2026-04-05T13:39:42.551136
_he3Z-xUr3g,Los Progreñecos,"
¿Está el mantero de Podemos por encima de la ley?, pero explicado con teleñecos",es,Media,Ugx8QAwLdHb37XQ3UrV4AaABAg.AUu2aRNgAUpAUu2yhCi4WS,Ugx8QAwLdHb37XQ3UrV4AaABAg,1,@CarlosIv27,Sin duda,2026-03-28T13:51:37Z,2026-03-28T13:51:37Z,3,0,youtube,2026-04-05T13:39:42.551140
_he3Z-xUr3g,Los Progreñecos,"
¿Está el mantero de Podemos por encima de la ley?, pero explicado con teleñecos",es,Media,Ugx8QAwLdHb37XQ3UrV4AaABAg.AUu2aRNgAUpAUwBL2y9kna,Ugx8QAwLdHb37XQ3UrV4AaABAg,1,@LosProgreñecos,Totalmente,2026-03-29T09:43:11Z,2026-03-29T09:43:11Z,2,0,youtube,2026-04-05T13:39:42.551143
_he3Z-xUr3g,Los Progreñecos,"
¿Está el mantero de Podemos por encima de la ley?, pero explicado con teleñecos",es,Media,UgyyZiYi0fTt-cfXTIl4AaABAg,,0,@javier2983,6:50 UNA PERUANA CLIENTELISTA DANDO VERGUENZA PERO VIVIENDO DE LO LINDO DEL ESTADO ESPAÑOL.. 😅😅😅😅,2026-03-28T13:47:59Z,2026-03-28T13:49:35Z,15,1,youtube,2026-04-05T13:39:42.551147
_he3Z-xUr3g,Los Progreñecos,"
¿Está el mantero de Podemos por encima de la ley?, pero explicado con teleñecos",es,Media,UgyyZiYi0fTt-cfXTIl4AaABAg.AUu2Z9foLCtAUu89IP-ypE,UgyyZiYi0fTt-cfXTIl4AaABAg,1,@LosProgreñecos,Así estamos,2026-03-28T14:36:53Z,2026-03-28T14:36:53Z,1,0,youtube,2026-04-05T13:39:42.551150
_he3Z-xUr3g,Los Progreñecos,"
¿Está el mantero de Podemos por encima de la ley?, pero explicado con teleñecos",es,Media,UgybZyyKD-Zgzee4Vq94AaABAg,,0,@raulcollado855,Sois unos fenómenos!!!! Gracias por las risas,2026-03-28T13:47:18Z,2026-03-28T13:47:18Z,18,1,youtube,2026-04-05T13:39:42.551154
_he3Z-xUr3g,Los Progreñecos,"
¿Está el mantero de Podemos por encima de la ley?, pero explicado con teleñecos",es,Media,UgybZyyKD-Zgzee4Vq94AaABAg.AUu2U1rEmZkAUu4ClPWmrJ,UgybZyyKD-Zgzee4Vq94AaABAg,1,@LosProgreñecos,😉🙌🏻,2026-03-28T14:02:25Z,2026-03-28T14:02:25Z,1,0,youtube,2026-04-05T13:39:42.551157
_he3Z-xUr3g,Los Progreñecos,"
¿Está el mantero de Podemos por encima de la ley?, pero explicado con teleñecos",es,Media,UgwEmi7ZTJsYdh0IBV14AaABAg,,0,@manuelgarciaalvarez9979,"Joer, ya me enterado del porqué estaba el mantero en el lío, la peruana y la niña de la curva ojalá hubieran estado en casa del traficante de falsificados y hubieran corrido la misma suerte.
Gracias chicos 😘😘😘",2026-03-28T13:47:05Z,2026-03-28T13:47:05Z,0,0,youtube,2026-04-05T13:39:42.551161
_he3Z-xUr3g,Los Progreñecos,"
¿Está el mantero de Podemos por encima de la ley?, pero explicado con teleñecos",es,Media,Ugx5YKtwmT7bYUK9X6B4AaABAg,,0,@joferval,la izquierda ya no engaña ni a los suyos. A la policia se le respeta porque sonos que garantizan la seguridad de los problemas que generan estos delincuentes,2026-03-28T13:46:53Z,2026-03-28T13:46:53Z,1,2,youtube,2026-04-05T13:39:42.551164
_he3Z-xUr3g,Los Progreñecos,"
¿Está el mantero de Podemos por encima de la ley?, pero explicado con teleñecos",es,Media,Ugx5YKtwmT7bYUK9X6B4AaABAg.AUu2R3a3WycAUuBRHzZtpY,Ugx5YKtwmT7bYUK9X6B4AaABAg,1,@ribronk1607,Pues sus jefes están corrompidos  y  a sus órdenes pf,2026-03-28T15:05:34Z,2026-03-28T15:05:34Z,0,0,youtube,2026-04-05T13:39:42.551168
_he3Z-xUr3g,Los Progreñecos,"
¿Está el mantero de Podemos por encima de la ley?, pero explicado con teleñecos",es,Media,Ugx5YKtwmT7bYUK9X6B4AaABAg.AUu2R3a3WycAUuER3mMdx4,Ugx5YKtwmT7bYUK9X6B4AaABAg,1,@LosProgreñecos,Nuestros policías son héroes. No hay aue dejar que los cínicos hipócritas les ataquen,2026-03-28T15:31:45Z,2026-03-28T15:31:45Z,0,0,youtube,2026-04-05T13:39:42.551171
_he3Z-xUr3g,Los Progreñecos,"
¿Está el mantero de Podemos por encima de la ley?, pero explicado con teleñecos",es,Media,UgykBYEO0GZwtt-HCLB4AaABAg,,0,@TransNobinario,"Parece ser que ha vuelto el apartheid, en su mente, y los nazis.....",2026-03-28T13:45:03Z,2026-03-28T13:45:03Z,0,0,youtube,2026-04-05T13:39:42.551175
_he3Z-xUr3g,Los Progreñecos,"
¿Está el mantero de Podemos por encima de la ley?, pero explicado con teleñecos",es,Media,UgzRnpGFKlG0f9xAimN4AaABAg,,0,@mymd2004,Aca en Argentina es exacamente igual....la receta pogre es global,2026-03-28T13:44:32Z,2026-03-28T13:44:32Z,15,3,youtube,2026-04-05T13:39:42.551179
_he3Z-xUr3g,Los Progreñecos,"
¿Está el mantero de Podemos por encima de la ley?, pero explicado con teleñecos",es,Media,UgzRnpGFKlG0f9xAimN4AaABAg.AUu29pU1y-yAUuAe7q5Lgt,UgzRnpGFKlG0f9xAimN4AaABAg,1,@moralom,Estoy totalmente seguro.,2026-03-28T14:58:43Z,2026-03-28T14:58:43Z,1,0,youtube,2026-04-05T13:39:42.551183
_he3Z-xUr3g,Los Progreñecos,"
¿Está el mantero de Podemos por encima de la ley?, pero explicado con teleñecos",es,Media,UgzRnpGFKlG0f9xAimN4AaABAg.AUu29pU1y-yAUuCHSYmMTt,UgzRnpGFKlG0f9xAimN4AaABAg,1,@alanrodriguez8919,"Afortunadamente ya tienen ustedes a Milei, la agenda progre va de salida allá",2026-03-28T15:12:57Z,2026-03-28T15:12:57Z,0,0,youtube,2026-04-05T13:39:42.551186
_he3Z-xUr3g,Los Progreñecos,"
¿Está el mantero de Podemos por encima de la ley?, pero explicado con teleñecos",es,Media,UgzRnpGFKlG0f9xAimN4AaABAg.AUu29pU1y-yAUuE_lnMauB,UgzRnpGFKlG0f9xAimN4AaABAg,1,@LosProgreñecos,Abrazos para Argentina 🇦🇷,2026-03-28T15:33:04Z,2026-03-28T15:33:04Z,0,0,youtube,2026-04-05T13:39:42.551190
_he3Z-xUr3g,Los Progreñecos,"
¿Está el mantero de Podemos por encima de la ley?, pero explicado con teleñecos",es,Media,Ugxzeu8tzroNM6cvYfV4AaABAg,,0,@javier2983,EL BUEN NEGOCIO CLIENTELISTA DEL RACISMO... Y SIGUE CRECIENDO 😅😅😅,2026-03-28T13:44:15Z,2026-03-28T13:44:15Z,12,1,youtube,2026-04-05T13:39:42.551193
_he3Z-xUr3g,Los Progreñecos,"
¿Está el mantero de Podemos por encima de la ley?, pero explicado con teleñecos",es,Media,Ugxzeu8tzroNM6cvYfV4AaABAg.AUu27jeZIDsAUuDjo8h9Sy,Ugxzeu8tzroNM6cvYfV4AaABAg,1,@LosProgreñecos,Así estamos 🙈,2026-03-28T15:25:42Z,2026-03-28T15:25:42Z,0,0,youtube,2026-04-05T13:39:42.551197
_he3Z-xUr3g,Los Progreñecos,"
¿Está el mantero de Podemos por encima de la ley?, pero explicado con teleñecos",es,Media,UgzhgyqnHOTN_pxnh594AaABAg,,0,@TransNobinario,,2026-03-28T13:42:45Z,2026-03-28T13:42:45Z,0,1,youtube,2026-04-05T13:39:42.551200
_he3Z-xUr3g,Los Progreñecos,"
¿Está el mantero de Podemos por encima de la ley?, pero explicado con teleñecos",es,Media,UgzhgyqnHOTN_pxnh594AaABAg.AUu1xiJuXqLAUu4GMnKt0t,UgzhgyqnHOTN_pxnh594AaABAg,1,@LosProgreñecos,🖐🏻,2026-03-28T14:02:54Z,2026-03-28T14:02:54Z,0,0,youtube,2026-04-05T13:39:42.551204
_he3Z-xUr3g,Los Progreñecos,"
¿Está el mantero de Podemos por encima de la ley?, pero explicado con teleñecos",es,Media,Ugzjm0FByyA5v2KMgqx4AaABAg,,0,@sadnoralvadam,"1:26 Serigne que desayunaste hoy?
Serigne:racista
Serigne como esta el clima de hoy?
Serigne:racista
Serigne que edad tienes?
Serigne:racista.
🙄Vaya este tipo esta lavado del cerebro",2026-03-28T13:42:06Z,2026-03-28T13:42:06Z,9,2,youtube,2026-04-05T13:39:42.551208
_he3Z-xUr3g,Los Progreñecos,"
¿Está el mantero de Podemos por encima de la ley?, pero explicado con teleñecos",es,Media,Ugzjm0FByyA5v2KMgqx4AaABAg.AUu1syt-UDFAUuDi_-29Al,Ugzjm0FByyA5v2KMgqx4AaABAg,1,@LosProgreñecos,Vive de ello. Es más listo que nosotros,2026-03-28T15:25:32Z,2026-03-28T15:25:32Z,0,0,youtube,2026-04-05T13:39:42.551211
_he3Z-xUr3g,Los Progreñecos,"
¿Está el mantero de Podemos por encima de la ley?, pero explicado con teleñecos",es,Media,Ugzjm0FByyA5v2KMgqx4AaABAg.AUu1syt-UDFAUuPYxMACuv,Ugzjm0FByyA5v2KMgqx4AaABAg,1,@amadeusdark,"​@LosProgreñecosRacista!




😂",2026-03-28T17:08:56Z,2026-03-28T17:08:56Z,0,0,youtube,2026-04-05T13:39:42.551214
_he3Z-xUr3g,Los Progreñecos,"
¿Está el mantero de Podemos por encima de la ley?, pero explicado con teleñecos",es,Media,UgwMvnGPHVEHlKq0_xl4AaABAg,,0,@jaac6009,A protestar a tu país y déjanos en paz..si te pasa algo con un moreno te vas y protestas en África..,2026-03-28T13:40:38Z,2026-03-28T13:40:38Z,1,0,youtube,2026-04-05T13:39:42.551218
_he3Z-xUr3g,Los Progreñecos,"
¿Está el mantero de Podemos por encima de la ley?, pero explicado con teleñecos",es,Media,UgwbvSmcV122MXGs-WF4AaABAg,,0,@oskarzeu,La skin humilde,2026-03-28T13:24:30Z,2026-03-28T13:24:30Z,2,1,youtube,2026-04-05T13:39:42.551222
_he3Z-xUr3g,Los Progreñecos,"
¿Está el mantero de Podemos por encima de la ley?, pero explicado con teleñecos",es,Media,UgwbvSmcV122MXGs-WF4AaABAg.AUu-s7QVb3RAUuDPKypq-t,UgwbvSmcV122MXGs-WF4AaABAg,1,@LosProgreñecos,😅😅,2026-03-28T15:22:46Z,2026-03-28T15:22:46Z,1,0,youtube,2026-04-05T13:39:42.551225
_he3Z-xUr3g,Los Progreñecos,"
¿Está el mantero de Podemos por encima de la ley?, pero explicado con teleñecos",es,Media,UgykkxQ0MbtRePrrPGl4AaABAg,,0,@franciscoandresfernandez5025,"Somos un país totalmente fragmentado y destruido, al final los zurdos han conseguido lo que siempre han querido, un país destruido. Luego que no sé quejen de lo que va a venir.",2026-03-28T13:22:32Z,2026-03-28T13:22:32Z,32,2,youtube,2026-04-05T13:39:42.551230
_he3Z-xUr3g,Los Progreñecos,"
¿Está el mantero de Podemos por encima de la ley?, pero explicado con teleñecos",es,Media,UgykkxQ0MbtRePrrPGl4AaABAg.AUu-deH4eX-AUuC028UwOH,UgykkxQ0MbtRePrrPGl4AaABAg,1,@euskadihelena3861,"Y ahora con esto de la guerra de Irán, estan llegando gente de eses países por ahí...y pakistanís?
Flipante!
Si creíamos que esto estaba fatal...en final de 2026 vamos alucinar con la gente que va venir!!",2026-03-28T15:10:35Z,2026-03-28T15:10:35Z,0,0,youtube,2026-04-05T13:39:42.551233
_he3Z-xUr3g,Los Progreñecos,"
¿Está el mantero de Podemos por encima de la ley?, pero explicado con teleñecos",es,Media,UgykkxQ0MbtRePrrPGl4AaABAg.AUu-deH4eX-AUuEdd1L3ol,UgykkxQ0MbtRePrrPGl4AaABAg,1,@LosProgreñecos,Toca un cambio y recuperar nuestro país,2026-03-28T15:33:36Z,2026-03-28T15:33:36Z,1,0,youtube,2026-04-05T13:39:42.551237
_he3Z-xUr3g,Los Progreñecos,"
¿Está el mantero de Podemos por encima de la ley?, pero explicado con teleñecos",es,Media,UgyPXxrD5BoGT6Qt9xt4AaABAg,,0,@labibliotecadealejandria,"Lo peor es que tal y como está el nivel político del hemiciclo no será ni el peor que haya pasado por las cortes del estado, y eso que hay que ponerle ganas para encontrar un diputado peor que este.",2026-03-28T13:19:38Z,2026-03-28T13:19:38Z,2,3,youtube,2026-04-05T13:39:42.551240
_he3Z-xUr3g,Los Progreñecos,"
¿Está el mantero de Podemos por encima de la ley?, pero explicado con teleñecos",es,Media,UgyPXxrD5BoGT6Qt9xt4AaABAg.AUu-JRaQXPBAUu2aiFnuuA,UgyPXxrD5BoGT6Qt9xt4AaABAg,1,@enekomrtn,Manda cojones que ese personaje haya sido diputado de un parlamento en este país,2026-03-28T13:48:21Z,2026-03-28T13:48:21Z,1,0,youtube,2026-04-05T13:39:42.551244
_he3Z-xUr3g,Los Progreñecos,"
¿Está el mantero de Podemos por encima de la ley?, pero explicado con teleñecos",es,Media,UgyPXxrD5BoGT6Qt9xt4AaABAg.AUu-JRaQXPBAUu3cKNfFU0,UgyPXxrD5BoGT6Qt9xt4AaABAg,1,@labibliotecadealejandria,"​​@enekomrtnEs triste, pero el sistema está hecho para que esto sea algo natural. Está claro que en esta vida no lo son todo los títulos, porque también en algunos sectores se da lo que algunos llaman titulitis, y que antaño había gente sin carreras, incluso gente del campo con más cultura que muchos con estudios universitarios. Pero cuando llegan los populismos y los que se dedican a parasitar de la política se aglomeran como moscas sobre la mierda, pues es normal que personajes como este individuo alcancen esas posiciones aunque no esté formado ni capacitado para ocupar un cargo con ese tipo de responsabilidad.",2026-03-28T13:57:18Z,2026-03-28T13:58:32Z,0,0,youtube,2026-04-05T13:39:42.551247
_he3Z-xUr3g,Los Progreñecos,"
¿Está el mantero de Podemos por encima de la ley?, pero explicado con teleñecos",es,Media,UgyPXxrD5BoGT6Qt9xt4AaABAg.AUu-JRaQXPBAUwBBD6hFTh,UgyPXxrD5BoGT6Qt9xt4AaABAg,1,@LosProgreñecos,Así estamos 🙈🙈,2026-03-29T09:41:51Z,2026-03-29T09:41:51Z,0,0,youtube,2026-04-05T13:39:42.551250
_he3Z-xUr3g,Los Progreñecos,"
¿Está el mantero de Podemos por encima de la ley?, pero explicado con teleñecos",es,Media,Ugx5RGL0gwfIYkzOHt54AaABAg,,0,@SrTatum143,"Seguro todo fue premeditado, sabían que iba la policía y tenían ya un grupo preparado para intervenir cuando llegaba la policía.",2026-03-28T13:17:45Z,2026-03-28T13:17:45Z,5,2,youtube,2026-04-05T13:39:42.551254
_he3Z-xUr3g,Los Progreñecos,"
¿Está el mantero de Podemos por encima de la ley?, pero explicado con teleñecos",es,Media,Ugx5RGL0gwfIYkzOHt54AaABAg.AUu-5dqfTYdAUuEK1Zejo9,Ugx5RGL0gwfIYkzOHt54AaABAg,1,@LosProgreñecos,No nos extrañaría nada,2026-03-28T15:30:47Z,2026-03-28T15:30:47Z,0,0,youtube,2026-04-05T13:39:42.551257
_he3Z-xUr3g,Los Progreñecos,"
¿Está el mantero de Podemos por encima de la ley?, pero explicado con teleñecos",es,Media,Ugx5RGL0gwfIYkzOHt54AaABAg.AUu-5dqfTYdAUuF4zmW0Aq,Ugx5RGL0gwfIYkzOHt54AaABAg,1,@britxida3967,Pués pensaste lo mismo que yo.,2026-03-28T15:37:28Z,2026-03-28T15:37:47Z,0,0,youtube,2026-04-05T13:39:42.551260
_he3Z-xUr3g,Los Progreñecos,"
¿Está el mantero de Podemos por encima de la ley?, pero explicado con teleñecos",es,Media,UgxU2JAkx_PKAP1f2Fl4AaABAg,,0,@patxi.6834,"A cada uno sus costumbres. 
En su país lo hubieran cagado a palos, y se lo comían con ñame...patatas o lo que usen en su tierra. 
Sus costumbres. Sin falta. Ya!!. 
Pero que se lo coman sus congéneres con sus costumbres. Que las nuestras son amar al prójimo.",2026-03-28T13:15:16Z,2026-03-28T13:15:16Z,1,0,youtube,2026-04-05T13:39:42.551264
_he3Z-xUr3g,Los Progreñecos,"
¿Está el mantero de Podemos por encima de la ley?, pero explicado con teleñecos",es,Media,UgzYwLhnPThjhm_ZGIt4AaABAg,,0,@natalianatalia8250,pobrecita españa !!! qepd !!!,2026-03-28T13:14:33Z,2026-03-28T13:14:33Z,20,1,youtube,2026-04-05T13:39:42.551267
_he3Z-xUr3g,Los Progreñecos,"
¿Está el mantero de Podemos por encima de la ley?, pero explicado con teleñecos",es,Media,UgzYwLhnPThjhm_ZGIt4AaABAg.AUtzjCM4pxIAUwBPGxVGac,UgzYwLhnPThjhm_ZGIt4AaABAg,1,@LosProgreñecos,"No podemos sentir tristeza, hay que sentir rabia y pelelar😉💪🏻",2026-03-29T09:43:46Z,2026-03-29T09:43:46Z,4,0,youtube,2026-04-05T13:39:42.551271
_he3Z-xUr3g,Los Progreñecos,"
¿Está el mantero de Podemos por encima de la ley?, pero explicado con teleñecos",es,Media,UgwLwF4MjYgUMnqZ3hx4AaABAg,,0,@laposadadeeressea2806,De donde sale toda la purria esa ?,2026-03-28T13:08:24Z,2026-03-28T13:08:24Z,1,0,youtube,2026-04-05T13:39:42.551275
_he3Z-xUr3g,Los Progreñecos,"
¿Está el mantero de Podemos por encima de la ley?, pero explicado con teleñecos",es,Media,UgwSDg8vgsiyTsbK3Al4AaABAg,,0,@sendowitos8303,Vete Machu Pichu a comer coin,2026-03-28T13:07:00Z,2026-03-28T13:07:00Z,0,0,youtube,2026-04-05T13:39:42.551279
_he3Z-xUr3g,Los Progreñecos,"
¿Está el mantero de Podemos por encima de la ley?, pero explicado con teleñecos",es,Media,UgwFeG4SVWpT3qEcZTV4AaABAg,,0,@sendowitos8303,El mantero es el racista. Se lo saben todo estos parásitos.,2026-03-28T13:04:40Z,2026-03-28T13:04:40Z,2,0,youtube,2026-04-05T13:39:42.551283
_he3Z-xUr3g,Los Progreñecos,"
¿Está el mantero de Podemos por encima de la ley?, pero explicado con teleñecos",es,Media,UgzKd3zsPwVBY_8Dzw94AaABAg,,0,@Pineforest65,"Si hay necesidad de explicar esto,estamos jodidos.",2026-03-28T13:01:20Z,2026-03-28T13:01:20Z,2,1,youtube,2026-04-05T13:39:42.551287
_he3Z-xUr3g,Los Progreñecos,"
¿Está el mantero de Podemos por encima de la ley?, pero explicado con teleñecos",es,Media,UgzKd3zsPwVBY_8Dzw94AaABAg.AUtyDMB2RTsAUtyKxm3d_f,UgzKd3zsPwVBY_8Dzw94AaABAg,1,@LosProgreñecos,Es triste pero sí,2026-03-28T13:02:22Z,2026-03-28T13:02:22Z,1,0,youtube,2026-04-05T13:39:42.551290
_he3Z-xUr3g,Los Progreñecos,"
¿Está el mantero de Podemos por encima de la ley?, pero explicado con teleñecos",es,Media,Ugx4KShzVJJUozzo3e94AaABAg,,0,@criadobot,España está llena de tontos útiles que defienden a estes mamarraches,2026-03-28T12:57:42Z,2026-03-28T12:57:42Z,1,0,youtube,2026-04-05T13:39:42.551294
_he3Z-xUr3g,Los Progreñecos,"
¿Está el mantero de Podemos por encima de la ley?, pero explicado con teleñecos",es,Media,UgwV1asXK84Lt__1J2R4AaABAg,,0,@SergioCaOL,Este canal es un gran descubrimiento. Gracias por ser representantes de mi voz,2026-03-28T12:57:14Z,2026-03-28T12:57:14Z,54,3,youtube,2026-04-05T13:39:42.551297
_he3Z-xUr3g,Los Progreñecos,"
¿Está el mantero de Podemos por encima de la ley?, pero explicado con teleñecos",es,Media,UgwV1asXK84Lt__1J2R4AaABAg.AUtxkKo19F4AUtyJDm9HBY,UgwV1asXK84Lt__1J2R4AaABAg,1,@LosProgreñecos,Un abrazo Sergio y muchas gracias por tu comentario 😉,2026-03-28T13:02:08Z,2026-03-28T13:02:08Z,4,0,youtube,2026-04-05T13:39:42.551301
_he3Z-xUr3g,Los Progreñecos,"
¿Está el mantero de Podemos por encima de la ley?, pero explicado con teleñecos",es,Media,UgwV1asXK84Lt__1J2R4AaABAg.AUtxkKo19F4AUuC7A6GVRB,UgwV1asXK84Lt__1J2R4AaABAg,1,@euskadihelena3861,"Cierto👍
Lo descubrí hoy y está muy bien!",2026-03-28T15:11:33Z,2026-03-28T15:11:33Z,3,0,youtube,2026-04-05T13:39:42.551305
_he3Z-xUr3g,Los Progreñecos,"
¿Está el mantero de Podemos por encima de la ley?, pero explicado con teleñecos",es,Media,UgwV1asXK84Lt__1J2R4AaABAg.AUtxkKo19F4AV49A2FZClw,UgwV1asXK84Lt__1J2R4AaABAg,1,@tiomao2681,Son muy grandes!!👏👏👏👏,2026-04-01T21:17:23Z,2026-04-01T21:17:23Z,0,0,youtube,2026-04-05T13:39:42.551308
_he3Z-xUr3g,Los Progreñecos,"
¿Está el mantero de Podemos por encima de la ley?, pero explicado con teleñecos",es,Media,UgyWswfNJENWsQv4AAZ4AaABAg,,0,@Perla-w8m1g,Ese morenito.... Es un miserable sinvergüenza,2026-03-28T12:55:36Z,2026-03-28T12:55:36Z,0,0,youtube,2026-04-05T13:39:42.551311
_he3Z-xUr3g,Los Progreñecos,"
¿Está el mantero de Podemos por encima de la ley?, pero explicado con teleñecos",es,Media,UgwJOF0TEGGwP0jMjbV4AaABAg,,0,@antonyhurtado8516,"Solo saben  engañar !!!  esos  izquierdistas.   Siempre falsean todo,  y lo ssben pero no les importa...!!",2026-03-28T12:54:14Z,2026-03-28T12:54:14Z,7,1,youtube,2026-04-05T13:39:42.551315
_he3Z-xUr3g,Los Progreñecos,"
¿Está el mantero de Podemos por encima de la ley?, pero explicado con teleñecos",es,Media,UgwJOF0TEGGwP0jMjbV4AaABAg.AUtxPRW9VlpAUtyGsdisme,UgwJOF0TEGGwP0jMjbV4AaABAg,1,@LosProgreñecos,"Solo les queda el teatro, la demagogia barata y la victimización constante. Son insoportables",2026-03-28T13:01:48Z,2026-03-28T13:01:48Z,2,0,youtube,2026-04-05T13:39:42.551319
_he3Z-xUr3g,Los Progreñecos,"
¿Está el mantero de Podemos por encima de la ley?, pero explicado con teleñecos",es,Media,UgyXVbURjnDb4AXWbA94AaABAg,,0,@sebhate,Donde vive el embappé ese?,2026-03-28T12:53:29Z,2026-03-28T12:53:29Z,1,3,youtube,2026-04-05T13:39:42.551322
_he3Z-xUr3g,Los Progreñecos,"
¿Está el mantero de Podemos por encima de la ley?, pero explicado con teleñecos",es,Media,UgyXVbURjnDb4AXWbA94AaABAg.AUtxJpQH4MVAUtyM5IwL1Y,UgyXVbURjnDb4AXWbA94AaABAg,1,@LosProgreñecos,Mbayé vive en Madrid,2026-03-28T13:02:31Z,2026-03-28T13:02:31Z,1,0,youtube,2026-04-05T13:39:42.551325
_he3Z-xUr3g,Los Progreñecos,"
¿Está el mantero de Podemos por encima de la ley?, pero explicado con teleñecos",es,Media,UgyXVbURjnDb4AXWbA94AaABAg.AUtxJpQH4MVAUtzdsGH2y4,UgyXVbURjnDb4AXWbA94AaABAg,1,@sebhate,"​​@LosProgreñecosNo es mucha informacion, pero se intentará algo, Gracias.",2026-03-28T13:13:49Z,2026-03-28T17:47:39Z,1,0,youtube,2026-04-05T13:39:42.551329
_he3Z-xUr3g,Los Progreñecos,"
¿Está el mantero de Podemos por encima de la ley?, pero explicado con teleñecos",es,Media,UgyXVbURjnDb4AXWbA94AaABAg.AUtxJpQH4MVAUufmRkLJ9A,UgyXVbURjnDb4AXWbA94AaABAg,1,@topotsama9539,Racista,2026-03-28T19:39:28Z,2026-03-28T19:39:28Z,1,0,youtube,2026-04-05T13:39:42.551332
_he3Z-xUr3g,Los Progreñecos,"
¿Está el mantero de Podemos por encima de la ley?, pero explicado con teleñecos",es,Media,Ugy6DwDGcz9VnYC15Ch4AaABAg,,0,@streiler,Remigracion,2026-03-28T12:47:05Z,2026-03-28T12:47:24Z,2,0,youtube,2026-04-05T13:39:42.551335
_he3Z-xUr3g,Los Progreñecos,"
¿Está el mantero de Podemos por encima de la ley?, pero explicado con teleñecos",es,Media,Ugy6KVJ6CwgJ3rOfNe54AaABAg,,0,@kartortizmoran4095,"Soy peruano. Te pido disculpas por los comentarios de esa estupida socialista.
No tofos somos así. Pero como comprenderan, el cancer de la izquierda también ha llegado a podrir los cerebros de algunos compatriotas.
Pero desde aquí les doy ánimo de resistir y luchar en la urnas para que esa pesadilla que vive su gente se acabé.
Fuerza españoles !!!",2026-03-28T12:44:43Z,2026-03-28T12:44:43Z,49,5,youtube,2026-04-05T13:39:42.551339
_he3Z-xUr3g,Los Progreñecos,"
¿Está el mantero de Podemos por encima de la ley?, pero explicado con teleñecos",es,Media,Ugy6KVJ6CwgJ3rOfNe54AaABAg.AUtwJh6WK6vAUtxFGlxLGu,Ugy6KVJ6CwgJ3rOfNe54AaABAg,1,@LosProgreñecos,"Lo sabemos, no te preocupes y un fuerte abrazo. ❤️ Es una simple vividora hipócrita y cínica.",2026-03-28T12:52:51Z,2026-03-28T12:52:51Z,10,0,youtube,2026-04-05T13:39:42.551343
_he3Z-xUr3g,Los Progreñecos,"
¿Está el mantero de Podemos por encima de la ley?, pero explicado con teleñecos",es,Media,Ugy6KVJ6CwgJ3rOfNe54AaABAg.AUtwJh6WK6vAUuCzH1xecO,Ugy6KVJ6CwgJ3rOfNe54AaABAg,1,@euskadihelena3861,"Gracias!
Pero va ser difícil!!
Aparte que mucha gente llena los bolsillos con esto;
desde la mafia que los trae;
políticos;el propio Rey,que es amigo íntimo del Rey de Marruecos.
Esto todos ganan;
desde el pequeño alcalde de pueblo,
Ong's como Cruz roja(por ejemplo).
Todos chupan del bote.
Así que está complicadoy no soy optimista con el panorama!",2026-03-28T15:19:05Z,2026-03-28T15:19:05Z,1,0,youtube,2026-04-05T13:39:42.551346
_he3Z-xUr3g,Los Progreñecos,"
¿Está el mantero de Podemos por encima de la ley?, pero explicado con teleñecos",es,Media,Ugy6KVJ6CwgJ3rOfNe54AaABAg.AUtwJh6WK6vAUuF7i-JTDb,Ugy6KVJ6CwgJ3rOfNe54AaABAg,1,@robertoroeder2716,"Ese sistema izquierdiste te premia por ser un parásito, destruye a los países",2026-03-28T15:37:51Z,2026-03-28T15:37:51Z,1,0,youtube,2026-04-05T13:39:42.551349
_he3Z-xUr3g,Los Progreñecos,"
¿Está el mantero de Podemos por encima de la ley?, pero explicado con teleñecos",es,Media,Ugy6KVJ6CwgJ3rOfNe54AaABAg.AUtwJh6WK6vAUuu3C-5L-U,Ugy6KVJ6CwgJ3rOfNe54AaABAg,1,@kartortizmoran4095,"​@euskadihelena3861dificil pero imposible. Roma no se creo en un día.
Lo importante es que cada vez más españoles van despertando.
Y si esto no fuera suficiente. Existe otro camino.
Ojalá me equivoque. Pero aveces pienso que esto terminará en un guerra civil",2026-03-28T21:44:14Z,2026-03-28T21:44:14Z,1,0,youtube,2026-04-05T13:39:42.551353
_he3Z-xUr3g,Los Progreñecos,"
¿Está el mantero de Podemos por encima de la ley?, pero explicado con teleñecos",es,Media,Ugy6KVJ6CwgJ3rOfNe54AaABAg.AUtwJh6WK6vAUxLW-mIvFa,Ugy6KVJ6CwgJ3rOfNe54AaABAg,1,@carlosrazcon8287,"No te preocupes, los mexicanos tenemos que soportar a la analfabeta de la presidenta (con A) que se queja por estupideces mientras los problemas más importantes son ignorados.",2026-03-29T20:31:18Z,2026-03-29T20:31:18Z,0,0,youtube,2026-04-05T13:39:42.551358
_he3Z-xUr3g,Los Progreñecos,"
¿Está el mantero de Podemos por encima de la ley?, pero explicado con teleñecos",es,Media,UgwYJHR3Qyr6aPGO2B14AaABAg,,0,@normaestelacano2473,España necesita un Bukele con Bullrich.,2026-03-28T12:43:28Z,2026-03-28T12:43:28Z,51,6,youtube,2026-04-05T13:39:42.551361
_he3Z-xUr3g,Los Progreñecos,"
¿Está el mantero de Podemos por encima de la ley?, pero explicado con teleñecos",es,Media,UgwYJHR3Qyr6aPGO2B14AaABAg.AUtwAUr17ggAUtxGOIrptN,UgwYJHR3Qyr6aPGO2B14AaABAg,1,@LosProgreñecos,💪🏻💪🏻,2026-03-28T12:53:00Z,2026-03-28T12:53:00Z,4,0,youtube,2026-04-05T13:39:42.551364
_he3Z-xUr3g,Los Progreñecos,"
¿Está el mantero de Podemos por encima de la ley?, pero explicado con teleñecos",es,Media,UgwYJHR3Qyr6aPGO2B14AaABAg.AUtwAUr17ggAUu3Q7lB3kM,UgwYJHR3Qyr6aPGO2B14AaABAg,1,@fjgo-x1r,"Haha, no tenéis lo que hay que tener para tener un Bukele o un Milei porque la envidia os corroe por dentro. Por eso la social democracia os va que ni pintada, sea la de Podemos o la de VOX. 😂😂😂",2026-03-28T13:55:30Z,2026-03-28T13:55:30Z,1,0,youtube,2026-04-05T13:39:42.551368
_he3Z-xUr3g,Los Progreñecos,"
¿Está el mantero de Podemos por encima de la ley?, pero explicado con teleñecos",es,Media,UgwYJHR3Qyr6aPGO2B14AaABAg.AUtwAUr17ggAUuBar1tWLl,UgwYJHR3Qyr6aPGO2B14AaABAg,1,@euskadihelena3861,Completamente de acuerdo contigo!,2026-03-28T15:07:00Z,2026-03-28T15:07:00Z,1,0,youtube,2026-04-05T13:39:42.551371
_he3Z-xUr3g,Los Progreñecos,"
¿Está el mantero de Podemos por encima de la ley?, pero explicado con teleñecos",es,Media,UgwYJHR3Qyr6aPGO2B14AaABAg.AUtwAUr17ggAUuC9Zu1qQt,UgwYJHR3Qyr6aPGO2B14AaABAg,1,@alanrodriguez8919,También México 🇲🇽,2026-03-28T15:11:53Z,2026-03-28T15:11:53Z,2,0,youtube,2026-04-05T13:39:42.551374
_he3Z-xUr3g,Los Progreñecos,"
¿Está el mantero de Podemos por encima de la ley?, pero explicado con teleñecos",es,Media,UgwYJHR3Qyr6aPGO2B14AaABAg.AUtwAUr17ggAUuJo2HDlw8,UgwYJHR3Qyr6aPGO2B14AaABAg,1,@xCyberDiva,@fjgo-x1r Friki,2026-03-28T16:18:43Z,2026-03-28T16:18:43Z,1,0,youtube,2026-04-05T13:39:42.551377
_he3Z-xUr3g,Los Progreñecos,"
¿Está el mantero de Podemos por encima de la ley?, pero explicado con teleñecos",es,Media,UgyUZX2EfWHSUt95q1t4AaABAg,,0,@enekoredondo2462,En España los inocentes no testifican o aclaran cosas... solo callan... ejem.. Begoña Gómez.. ejem... y los inocentes no se paran cuando la policía les paran para preguntar cosas... Cuando eres inocente hay que hacer esas cosas para no parecer sospechoso... no lo sabíais?,2026-03-28T12:26:39Z,2026-03-28T12:26:39Z,7,1,youtube,2026-04-05T13:39:42.551380
_he3Z-xUr3g,Los Progreñecos,"
¿Está el mantero de Podemos por encima de la ley?, pero explicado con teleñecos",es,Media,UgyUZX2EfWHSUt95q1t4AaABAg.AUtuFL9wZo9AUtuigxBJHW,UgyUZX2EfWHSUt95q1t4AaABAg,1,@LosProgreñecos,Los culpables y los que viven del victimismo prefieren no colaborar,2026-03-28T12:30:47Z,2026-03-28T12:30:47Z,4,0,youtube,2026-04-05T13:39:42.551384
_he3Z-xUr3g,Los Progreñecos,"
¿Está el mantero de Podemos por encima de la ley?, pero explicado con teleñecos",es,Media,UgwyXL8naYL_cO3AU254AaABAg,,0,@juann4110,"Yo vivi ese tiempo en que si alguien agredia a la policía gris franquista,como minimo acababa en un hospital y después en un calabozo todos tenian ese negro final.",2026-03-28T12:25:34Z,2026-03-28T12:25:34Z,1,0,youtube,2026-04-05T13:39:42.551387
_he3Z-xUr3g,Los Progreñecos,"
¿Está el mantero de Podemos por encima de la ley?, pero explicado con teleñecos",es,Media,UgzscsDPik6ZCbcjmWh4AaABAg,,0,@izaro79,"total les dio un ""sofoco"" y hubo que ""airearles"".",2026-03-28T12:20:17Z,2026-03-28T12:20:17Z,12,1,youtube,2026-04-05T13:39:42.551391
_he3Z-xUr3g,Los Progreñecos,"
¿Está el mantero de Podemos por encima de la ley?, pero explicado con teleñecos",es,Media,UgzscsDPik6ZCbcjmWh4AaABAg.AUttWh0PX78AUtteQvNHyf,UgzscsDPik6ZCbcjmWh4AaABAg,1,@LosProgreñecos,"Nadie puede ir en contra de la autoridad policial, sea blanco, negro o azul💪🏻",2026-03-28T12:21:28Z,2026-03-28T12:21:28Z,5,0,youtube,2026-04-05T13:39:42.551394
_he3Z-xUr3g,Los Progreñecos,"
¿Está el mantero de Podemos por encima de la ley?, pero explicado con teleñecos",es,Media,UgxheT7O6yTE1LFgkCV4AaABAg,,0,@AlexiBencosme,"B A S U R A
P O D E M I T A 
🤮🐀🪳🪰🐛🤮
Les PablEs.
La Irene y la Belarra.
El Mantero.
RidículisímEs, ridiculísimEs!
🐀🐁🐀🐁🐀🐁🐀🐁",2026-03-28T12:18:34Z,2026-03-28T12:18:34Z,1,0,youtube,2026-04-05T13:39:42.551398
_he3Z-xUr3g,Los Progreñecos,"
¿Está el mantero de Podemos por encima de la ley?, pero explicado con teleñecos",es,Media,UgxNb8hL2_zWGyCi1RV4AaABAg,,0,@tomberbers,Este mono se merece lo peor...,2026-03-28T12:15:31Z,2026-03-28T12:15:31Z,2,0,youtube,2026-04-05T13:39:42.551401
_he3Z-xUr3g,Los Progreñecos,"
¿Está el mantero de Podemos por encima de la ley?, pero explicado con teleñecos",es,Media,UgwAByOrv3NHMwcD26d4AaABAg,,0,@macpollosinpollo,Jajajaja,2026-03-28T12:13:54Z,2026-03-28T12:13:54Z,3,1,youtube,2026-04-05T13:39:42.551405
_he3Z-xUr3g,Los Progreñecos,"
¿Está el mantero de Podemos por encima de la ley?, pero explicado con teleñecos",es,Media,UgwAByOrv3NHMwcD26d4AaABAg.AUtsn09j8KmAUttcY5OhaJ,UgwAByOrv3NHMwcD26d4AaABAg,1,@macpollosinpollo,Pobrecita como te metes con la niña la curva.,2026-03-28T12:21:13Z,2026-03-28T12:21:13Z,1,0,youtube,2026-04-05T13:39:42.551409
_he3Z-xUr3g,Los Progreñecos,"
¿Está el mantero de Podemos por encima de la ley?, pero explicado con teleñecos",es,Media,Ugzj7c9Gw7fu3P7eXVR4AaABAg,,0,@pepafajardodelbarco8254,"Q TRISTE 😢 AQUÍ CABE CUALQUIERA 
GRACIAS PROGREÑECOS❤",2026-03-28T12:12:31Z,2026-03-28T12:12:31Z,21,2,youtube,2026-04-05T13:39:42.551412
_he3Z-xUr3g,Los Progreñecos,"
¿Está el mantero de Podemos por encima de la ley?, pero explicado con teleñecos",es,Media,Ugzj7c9Gw7fu3P7eXVR4AaABAg.AUtscoVIo_pAUtt9IJZoc3,Ugzj7c9Gw7fu3P7eXVR4AaABAg,1,@feriamaicenera,"Cualquiera no, sólo los criminales. 
La gente de bien fuera de aquí!",2026-03-28T12:17:05Z,2026-03-28T12:17:05Z,0,0,youtube,2026-04-05T13:39:42.551416
_he3Z-xUr3g,Los Progreñecos,"
¿Está el mantero de Podemos por encima de la ley?, pero explicado con teleñecos",es,Media,Ugzj7c9Gw7fu3P7eXVR4AaABAg.AUtscoVIo_pAUttXnx8Nf3,Ugzj7c9Gw7fu3P7eXVR4AaABAg,1,@LosProgreñecos,Así estamos 🙈,2026-03-28T12:20:26Z,2026-03-28T12:20:26Z,2,0,youtube,2026-04-05T13:39:42.551419
_he3Z-xUr3g,Los Progreñecos,"
¿Está el mantero de Podemos por encima de la ley?, pero explicado con teleñecos",es,Media,Ugw0hZGFLDVbYckQBC14AaABAg,,0,@Octovisuals,"¡Ojo, compañero, con las siglas como «SL»: o le pones punto en la ese y en la ele, en ambas ya que ambas están abreviadas y necesitan punto abreviativo, «S.L.», o no le pones a ninguna: «SL»! Por lo demás genial como siempre. Muchas gracias.",2026-03-28T12:10:51Z,2026-03-28T12:10:51Z,4,1,youtube,2026-04-05T13:39:42.551422
_he3Z-xUr3g,Los Progreñecos,"
¿Está el mantero de Podemos por encima de la ley?, pero explicado con teleñecos",es,Media,Ugw0hZGFLDVbYckQBC14AaABAg.AUtsRcxE2DhAUtsdQ0Kua1,Ugw0hZGFLDVbYckQBC14AaABAg,1,@LosProgreñecos,Cierto! Mil gracias por el apunte 😉,2026-03-28T12:12:35Z,2026-03-28T12:12:35Z,2,0,youtube,2026-04-05T13:39:42.551426
_he3Z-xUr3g,Los Progreñecos,"
¿Está el mantero de Podemos por encima de la ley?, pero explicado con teleñecos",es,Media,Ugx3Pr6rXI2RKzdv1el4AaABAg,,0,@goldchocobo9830,"Se tienen el guión bien aprendido, aunque delincan si les dices algo eres un racista, y lo peor que hay millones de borregos que compran el relato.",2026-03-28T12:07:57Z,2026-03-28T12:07:57Z,3,0,youtube,2026-04-05T13:39:42.551429
srH80O3G_uQ,Diego Ruzzarin,"
El error de Estados Unidos en el conflicto con Irán.",es,Media,UgzEeGDu_1kTLiNvk9t4AaABAg,,0,@alejandrovazquez6406,Hermano ese cambio beneficia a México o a los gobernantes de ahora pon atención ya vistes los cambios  y no hubo nada yo vote por el pero fueron cambios radicales  pon atención,2026-04-05T01:41:31Z,2026-04-05T01:41:31Z,0,0,youtube,2026-04-05T13:39:43.381987
srH80O3G_uQ,Diego Ruzzarin,"
El error de Estados Unidos en el conflicto con Irán.",es,Media,UgxT8hSMnlYNi2LUovd4AaABAg,,0,@Drotaku911,Ojalá bomaberdeen pero tu casa porque eres un insoportable,2026-04-05T01:07:08Z,2026-04-05T01:07:08Z,0,0,youtube,2026-04-05T13:39:43.382001
srH80O3G_uQ,Diego Ruzzarin,"
El error de Estados Unidos en el conflicto con Irán.",es,Media,UgwfhcxO8OHNRBrMRG94AaABAg,,0,@semillaespectral,"Gracias Diego, saludos desde Uruguay",2026-04-02T14:05:42Z,2026-04-02T14:05:42Z,0,0,youtube,2026-04-05T13:39:43.382004
srH80O3G_uQ,Diego Ruzzarin,"
El error de Estados Unidos en el conflicto con Irán.",es,Media,UgywOIg5j5aMpBKPDHB4AaABAg,,0,@eliasmeneses6470,❤♥️♥️🇻🇪🇮🇷🇵🇸🇰🇵🇷🇺🇨🇳♥️♥️,2026-04-01T07:08:06Z,2026-04-01T07:08:06Z,0,0,youtube,2026-04-05T13:39:43.382007
srH80O3G_uQ,Diego Ruzzarin,"
El error de Estados Unidos en el conflicto con Irán.",es,Media,Ugz8EQxs59hBVI1rQpV4AaABAg,,0,@oscarjaviermartinezmontiel5663,Imperio en decadencia ?? Jaja sueña Diego sueña.,2026-04-01T07:02:13Z,2026-04-01T07:02:13Z,0,0,youtube,2026-04-05T13:39:43.382009
srH80O3G_uQ,Diego Ruzzarin,"
El error de Estados Unidos en el conflicto con Irán.",es,Media,UgzYnoN1cYlBLcnlFCB4AaABAg,,0,@geovannicorteslopez5127,"Carnal la CIA y Washintong ya te están censurado, debo decirte que entrevistar al embajador fue muy riesgoso, muy.",2026-03-30T23:36:33Z,2026-03-30T23:36:33Z,0,0,youtube,2026-04-05T13:39:43.382012
srH80O3G_uQ,Diego Ruzzarin,"
El error de Estados Unidos en el conflicto con Irán.",es,Media,UgwTysJLBFU28kxqrGF4AaABAg,,0,@Syntek2025,"😂😂 resulta que si han penetrado sus escudos anti misiles (USA e Israel), y como dices no han usado los mejores misiles.",2026-03-30T08:21:49Z,2026-03-30T08:22:49Z,0,0,youtube,2026-04-05T13:39:43.382014
srH80O3G_uQ,Diego Ruzzarin,"
El error de Estados Unidos en el conflicto con Irán.",es,Media,UgyHGCPTAFf6kRap1_l4AaABAg,,0,@franciscojesusgarciahernan6313,"Una guerra es muy costosa y eeuu ha hecho mal las cuentas con ese sinvergüenza inmoral que les preside.
Lo siento por la buena gente que viva allí. Las cosas se van a poner muy feas.
El suelo americano se convertirá en una pesadilla.",2026-03-29T15:59:56Z,2026-03-29T15:59:56Z,0,0,youtube,2026-04-05T13:39:43.382016
srH80O3G_uQ,Diego Ruzzarin,"
El error de Estados Unidos en el conflicto con Irán.",es,Media,UgxAp1LJUFAGDg02QYV4AaABAg,,0,@jjmejiae,"Dios te oye, Diego.  

Que así sea, y este ""imperio"" pase a ser un mal recuerdo.",2026-03-28T15:50:25Z,2026-03-28T15:50:25Z,0,0,youtube,2026-04-05T13:39:43.382018
srH80O3G_uQ,Diego Ruzzarin,"
El error de Estados Unidos en el conflicto con Irán.",es,Media,UgxnzQ06ooJgtBixTI14AaABAg,,0,@BryanBustillos-t9u8c,"Una vez consumido por el nihilismo al que llegue gracias a mi busqueda por el pensamiento critico que fomenta Diego comente en uno de sus videos. Buscaba una guia de que hacer con mi vida, no se si llegue a borrar el mensaje pero creo nunca hubo respuesta. Hoy en dia dos anhos o mas despues, al haber encontrado el debate con Munhoz, y al haber leido un poco mas a Nietzsche me doy cuenta que ahora tengo un criterio con un poco mas de fundamentos. Soy una persona en constante actividad sobre mi vida y no un ninho en busca de salvacion. Llegue al resultado al que llegue, ahora me enfoco en la forma en la que decido llevar mi vida y en por que decido hacerlo. Y por eso te agradezco Diego Ruzzarin, por que gracias a ti me atrevi y atrevo a leer y cuestionar mas que antes.",2026-03-28T09:13:40Z,2026-03-28T09:13:40Z,0,2,youtube,2026-04-05T13:39:43.382021
srH80O3G_uQ,Diego Ruzzarin,"
El error de Estados Unidos en el conflicto con Irán.",es,Media,UgxnzQ06ooJgtBixTI14AaABAg.AUtZ9wfG8mDAUtZGvvyxX4,UgxnzQ06ooJgtBixTI14AaABAg,1,@BryanBustillos-t9u8c,"Perdon por la falta de tildes, no quise cambiar los ajustes de mi teclado tan solo por un comentario.",2026-03-28T09:14:37Z,2026-03-28T09:14:37Z,0,0,youtube,2026-04-05T13:39:43.382024
srH80O3G_uQ,Diego Ruzzarin,"
El error de Estados Unidos en el conflicto con Irán.",es,Media,UgxnzQ06ooJgtBixTI14AaABAg.AUtZ9wfG8mDAUtZqlYcAJi,UgxnzQ06ooJgtBixTI14AaABAg,1,@BryanBustillos-t9u8c,"En cuanto al tema del video, les quiero dejar saber que aqui en Estados Unidos, especialmente en las Universidades, todos toman al gobierno como una broma y una farsa. Aun asi hay mucha mal informacion, frustacion y radicalizacion, me preocupa.",2026-03-28T09:19:39Z,2026-03-28T09:19:39Z,0,0,youtube,2026-04-05T13:39:43.382026
srH80O3G_uQ,Diego Ruzzarin,"
El error de Estados Unidos en el conflicto con Irán.",es,Media,Ugz01G1DpNbR6DkkhzZ4AaABAg,,0,@jairosantacruz7405,El mismo fiasco de Vietnam!! 😅,2026-03-28T02:31:01Z,2026-03-28T02:31:01Z,0,0,youtube,2026-04-05T13:39:43.382028
srH80O3G_uQ,Diego Ruzzarin,"
El error de Estados Unidos en el conflicto con Irán.",es,Media,UgwaS1uJzOehJNF26MR4AaABAg,,0,@alejandroo8252,Diego si logras comunicar a cualquier gobierno se propone que pongan el impuesto a cada dolar de acuerdo el valor de cada pais como la de mexico si vale 20 pesos si el impuesto es 100% sera 40 pesos por dolar no es devaluacion es valor agregado eso es un arma para ma-tar a la fed y mas profundo que los aranceles de trump aparte eso nadie va a invertir a eeuu ni ingresar el turismo,2026-03-26T19:20:14Z,2026-03-26T19:20:14Z,1,0,youtube,2026-04-05T13:39:43.382030
srH80O3G_uQ,Diego Ruzzarin,"
El error de Estados Unidos en el conflicto con Irán.",es,Media,UgxkjOQ8u_BaUCV_rZt4AaABAg,,0,@fernandomartinezgarcia5564,"Canal en decadencia, sin tu amigo maduro no eres nadie verdad RuzZZzarin? 🔥",2026-03-26T18:37:12Z,2026-03-26T18:37:12Z,0,0,youtube,2026-04-05T13:39:43.382033
srH80O3G_uQ,Diego Ruzzarin,"
El error de Estados Unidos en el conflicto con Irán.",es,Media,UgwMgVR4bTyWs5P8LQV4AaABAg,,0,@BhrayanHernandez,"Oye Pero a Trump le enviaron un regalito que no BA a decir que regalito es Pero es un regalito que le dió irán por eso Trump BA a pausar sus ataques 

Irán : ""weeee yo no te eh dado ni madres pinche Lokito"" 😂",2026-03-26T17:42:53Z,2026-03-26T17:42:53Z,0,0,youtube,2026-04-05T13:39:43.382035
srH80O3G_uQ,Diego Ruzzarin,"
El error de Estados Unidos en el conflicto con Irán.",es,Media,UgwEP6wL6cek-koOWv54AaABAg,,0,@SebastianSanchez-u3y,"No estoy de acuerdo en lo que dices sobre Iran, pero tampoco estoy de acuerdo con EUA. Despues de la conferencia que tuviste sobre Iran me gustaria expresarte que ojala tengas mas sentido critico, y no solo por darle la contra a EU, me imagino que qpoyas mucho a china, iran y venezuela que si te vas a vivir a ahi viviriar tambien como en Mexico o como en EU.",2026-03-26T16:26:00Z,2026-03-26T16:26:00Z,0,0,youtube,2026-04-05T13:39:43.382037
srH80O3G_uQ,Diego Ruzzarin,"
El error de Estados Unidos en el conflicto con Irán.",es,Media,UgyDyKLdcpUMqHGQOBt4AaABAg,,0,@fuerzaotan6378,Les recuerdo a los mexicanos que gran parte de la población se sostiene de las remesas que envían sus familiares trabajando en USA.  Si tanto odian a USA emigren a Irán para ver lo lindo que la van a pasar allá.,2026-03-26T12:52:37Z,2026-03-26T12:52:37Z,0,0,youtube,2026-04-05T13:39:43.382040
srH80O3G_uQ,Diego Ruzzarin,"
El error de Estados Unidos en el conflicto con Irán.",es,Media,Ugwjk04-cvW-jRjyO514AaABAg,,0,@gilbertoquiroz2002,Apta!,2026-03-26T08:29:05Z,2026-03-26T08:29:05Z,0,0,youtube,2026-04-05T13:39:43.382042
srH80O3G_uQ,Diego Ruzzarin,"
El error de Estados Unidos en el conflicto con Irán.",es,Media,UgzGyGFZkVe4GepEABh4AaABAg,,0,@yofomeferofo285,Quitarle las armas nucleares a Iran🤣🤣🤣🤣🤣🤣🤣🤣🤣🤣🤣🤣🤣,2026-03-26T01:51:20Z,2026-03-26T01:51:20Z,0,0,youtube,2026-04-05T13:39:43.382044
srH80O3G_uQ,Diego Ruzzarin,"
El error de Estados Unidos en el conflicto con Irán.",es,Media,UgyggoOuf6l2naMR-k94AaABAg,,0,@javierchacondavila5801,Hablas huevadas.,2026-03-26T01:42:58Z,2026-03-26T01:42:58Z,0,0,youtube,2026-04-05T13:39:43.382046
srH80O3G_uQ,Diego Ruzzarin,"
El error de Estados Unidos en el conflicto con Irán.",es,Media,Ugz_G_WJQ0vJ07w8Au14AaABAg,,0,@luisrodriguez727,"Hola Diego, espero te encuentres muy bien, sabes espero algún día se me haga debatir contigo 😮❤❤❤",2026-03-26T00:25:28Z,2026-03-26T00:25:28Z,0,0,youtube,2026-04-05T13:39:43.382049
srH80O3G_uQ,Diego Ruzzarin,"
El error de Estados Unidos en el conflicto con Irán.",es,Media,UgyelAQT1EWl2sxTKkZ4AaABAg,,0,@merky_boy,Impopular? Dices...,2026-03-25T21:35:33Z,2026-03-25T21:35:33Z,0,0,youtube,2026-04-05T13:39:43.382051
srH80O3G_uQ,Diego Ruzzarin,"
El error de Estados Unidos en el conflicto con Irán.",es,Media,UgwXhhUgwU_KqGvqdmx4AaABAg,,0,@U2213L,"Viendo a la sociedad de USA y al mismo al trompas así como está, que pasaría si detuvieramos el envío de mugre (DR0G4S) al gabacho para acábarlos de ch1ng4r??? Eso sería épico verlos j0d1d05 en la gu3rr4 y sin su respectiva mugre, para ver que hacen según ellos muy ch1ng0n3s...!!! Jajajaja 🤣🤣🤣",2026-03-25T19:45:57Z,2026-03-25T19:45:57Z,0,0,youtube,2026-04-05T13:39:43.382053
srH80O3G_uQ,Diego Ruzzarin,"
El error de Estados Unidos en el conflicto con Irán.",es,Media,Ugxi7nq4LaFQOx21vbB4AaABAg,,0,@rubifarfan8924,Viva el pueblo digno y valiente de Irán ❤️🇮🇷,2026-03-25T13:27:32Z,2026-03-25T13:27:32Z,0,0,youtube,2026-04-05T13:39:43.382056
srH80O3G_uQ,Diego Ruzzarin,"
El error de Estados Unidos en el conflicto con Irán.",es,Media,UgwikYCA4mc24ciF_Yx4AaABAg,,0,@omarrodriguezvillezcas3978,Yo creo que Diego Ruzzarin va a convertirse en creyente de Dios. Creo que va a entregarse a Dios en algún momento.,2026-03-25T04:09:25Z,2026-03-25T04:09:25Z,0,0,youtube,2026-04-05T13:39:43.382058
srH80O3G_uQ,Diego Ruzzarin,"
El error de Estados Unidos en el conflicto con Irán.",es,Media,Ugy2EUha0I4qmaK6fdB4AaABAg,,0,@JPcruz007,Cuando vas a debatir con el Dr. Pablo Muñoz Iturrieta?,2026-03-24T17:03:26Z,2026-03-24T17:03:26Z,0,0,youtube,2026-04-05T13:39:43.382061
srH80O3G_uQ,Diego Ruzzarin,"
El error de Estados Unidos en el conflicto con Irán.",es,Media,UgwjiHhAZZxGr8-5Qmh4AaABAg,,0,@arsiqsanchez,"Jajaja me encanta como lo dices, decrépito 🤣",2026-03-24T12:41:44Z,2026-03-24T12:41:44Z,0,0,youtube,2026-04-05T13:39:43.382063
srH80O3G_uQ,Diego Ruzzarin,"
El error de Estados Unidos en el conflicto con Irán.",es,Media,UgzBKqOh7iQgArZf0Qx4AaABAg,,0,@Isaac123-o5f,Diego haz colaboración con Danny bilvao,2026-03-24T10:53:31Z,2026-03-24T10:53:31Z,0,0,youtube,2026-04-05T13:39:43.382065
srH80O3G_uQ,Diego Ruzzarin,"
El error de Estados Unidos en el conflicto con Irán.",es,Media,UgxOMcf_QQqE9fB-7fN4AaABAg,,0,@hectorc6872,"Diego, no encuentro el vídeo donde Irán da sus condiciones para parar.la guerra.
Lo censuraron? 
O dónde como lo busco?",2026-03-24T02:47:06Z,2026-03-24T02:47:06Z,1,0,youtube,2026-04-05T13:39:43.382067
srH80O3G_uQ,Diego Ruzzarin,"
El error de Estados Unidos en el conflicto con Irán.",es,Media,UgwbcOg1SB5wkO6olPV4AaABAg,,0,@AlexBG9,ola bro que te parece si jugamos unos terrarias?,2026-03-22T19:34:56Z,2026-03-22T19:34:56Z,0,0,youtube,2026-04-05T13:39:43.382070
srH80O3G_uQ,Diego Ruzzarin,"
El error de Estados Unidos en el conflicto con Irán.",es,Media,UgxARifji-47YWJrDYB4AaABAg,,0,@tijerasinfilo,Esperemos que tomen hasta la ultima gota de sangre  de los terroristas,2026-03-22T14:47:38Z,2026-03-22T14:47:38Z,0,0,youtube,2026-04-05T13:39:43.382072
srH80O3G_uQ,Diego Ruzzarin,"
El error de Estados Unidos en el conflicto con Irán.",es,Media,UgxRqO9bowJT4nhRtnh4AaABAg,,0,@AlejandroPadilla-t6y,Diego Ruzzarin es el típico envidioso disfrazado de revolucionario,2026-03-21T11:51:25Z,2026-03-21T11:51:25Z,1,0,youtube,2026-04-05T13:39:43.382074
srH80O3G_uQ,Diego Ruzzarin,"
El error de Estados Unidos en el conflicto con Irán.",es,Media,UgxgkuroR8DjjC2gi_14AaABAg,,0,@joserosas399,Una mas de diego pizarrin,2026-03-21T04:50:52Z,2026-03-21T04:50:52Z,2,0,youtube,2026-04-05T13:39:43.382077
srH80O3G_uQ,Diego Ruzzarin,"
El error de Estados Unidos en el conflicto con Irán.",es,Media,UgyNT9ood_kAd0E2EdZ4AaABAg,,0,@IvanMoreno-s1i,"Ay mi Diego . Terco de apostarle a los perdedores. Bueno, yo también lo haría si es parte de mi agenda zurda.   Mira mi Diego. Te voy a aclarar el pensamiento: no sabías que todo lo que se gasta en una guerra es recuperado con creces al ganar esa guerra ?    Velo como una inversión . Yo sé que el chip de zurdo que te cargas no te permite ver esto. Pero al menos inténtalo . 🙂. No verdad terminarás  odiándome cuando veas que el estrecho de Ormuz quedará en manos de USA POR DÉCADAS AL IGUAL QUE LO ESTUVO EL CANAL DE PANAMÁ.   Apostamos?",2026-03-20T22:24:42Z,2026-03-20T22:31:38Z,0,0,youtube,2026-04-05T13:39:43.382079
srH80O3G_uQ,Diego Ruzzarin,"
El error de Estados Unidos en el conflicto con Irán.",es,Media,UgzQbUz-vH-9A8zUBzN4AaABAg,,0,@AnawithA,https://youtu.be/3v060vBWCC0?si=AjI-yv_doEJLVPWb,2026-03-20T18:16:44Z,2026-03-20T18:16:44Z,0,0,youtube,2026-04-05T13:39:43.382082
srH80O3G_uQ,Diego Ruzzarin,"
El error de Estados Unidos en el conflicto con Irán.",es,Media,UgyMp-UHZ2j4DwcUp0x4AaABAg,,0,@artofcode7,Este we ya chole,2026-03-19T15:27:11Z,2026-03-19T15:27:11Z,0,0,youtube,2026-04-05T13:39:43.382084
srH80O3G_uQ,Diego Ruzzarin,"
El error de Estados Unidos en el conflicto con Irán.",es,Media,Ugy3wySz_ch26RbLR9R4AaABAg,,0,@luigi1911,Ojalá y ya definitivamente se acaben los petrodólares que por eso USA se siente dueño del mundo y el universo entero.,2026-03-19T15:05:07Z,2026-03-19T15:05:07Z,0,0,youtube,2026-04-05T13:39:43.382086
srH80O3G_uQ,Diego Ruzzarin,"
El error de Estados Unidos en el conflicto con Irán.",es,Media,UgyF3auqu6lvwkASKdB4AaABAg,,0,@YANVLOGS_,Yo soy youtuber colombiano y la realidad es que ¡Estas cosas me sorprenden si llegan a bogotá!,2026-03-18T18:26:44Z,2026-03-18T18:26:44Z,0,0,youtube,2026-04-05T13:39:43.382089
srH80O3G_uQ,Diego Ruzzarin,"
El error de Estados Unidos en el conflicto con Irán.",es,Media,Ugz2bN4YvLqcYFGd6Jh4AaABAg,,0,@karensenriqf,"¿OYE DIEGO PORQUE NO HAS SIDO CAPAZ DE DECIRLE A TU AUDIENCIA QUE CARL M∆RX M∆T0 A SUS HIJ0S DE H∆MBR€ Y QUE ERA UN J@B0N JU|)I0 Y ESTABA FINANCIADO POR LOS R0STCHILD(una de las cabezas más poderosas del sistema corrupt0 mundi@l) Y QUE DE HECHO UNA VEZ QUE CAYO ALEMANIA MARX ESTABA CON LOS ROSTCHILD EN UNA FIESTA CELEBRANDO.

¿COMO ES POSIBLE QUE L0S PENSAMIENTOS Y LAS IDEAS DE UN JU|)I0 QUE NO MOLESTABAN A UNOS DE LOS OLIGARCAS PODEROSOS DE LA TIERRA COMO LO SON LOS R0STCH|LD SEAN LAS IDEAS QUE SUPUESTAMENTE NOS DARÁN LIBERTAD?, ¿NO TIENE SENTIDO?

ESCUCHEN, SI QUIEREN SABER LA VERDAD DE QUIÉN CONTROLA EL SISTEMA POR FAVOR REVISEN A ESTE USUARIO:

""Samuel cruz revisionismo y geopolítica""",2026-03-18T15:02:27Z,2026-03-21T23:03:28Z,2,1,youtube,2026-04-05T13:39:43.382091
srH80O3G_uQ,Diego Ruzzarin,"
El error de Estados Unidos en el conflicto con Irán.",es,Media,Ugz2bN4YvLqcYFGd6Jh4AaABAg.AUVR7mSAo1xAU_vOKvHXsw,Ugz2bN4YvLqcYFGd6Jh4AaABAg,1,@NOVELROYAL,"Por que ni sus seguidores leen libros, solo por lo elocuente que suena se dejan llevar por una narrativa manipulada. 😂",2026-03-20T18:11:48Z,2026-03-20T18:11:48Z,2,0,youtube,2026-04-05T13:39:43.382093
srH80O3G_uQ,Diego Ruzzarin,"
El error de Estados Unidos en el conflicto con Irán.",es,Media,UgyeOQi6ZMxzBanMZlF4AaABAg,,0,@MANY.MARLEY-01,Y lo que le falta por vía terrestre y emboscada militar sorpresa a Estados Unidos el problema será que tiene que venir a México a qué le haga el paro y como siempre gana y a México lo hace como quiera en todo incluyendo en sus dólares 😂 en fin así son los políticos que creen que son invencibles,2026-03-18T04:52:37Z,2026-03-18T04:52:37Z,0,0,youtube,2026-04-05T13:39:43.382096
srH80O3G_uQ,Diego Ruzzarin,"
El error de Estados Unidos en el conflicto con Irán.",es,Media,UgwOzNwBxuPCZ9mUFg14AaABAg,,0,@QUANTUM-SINERGY,No soy analista político pero Trump de hundirá aun mas profundo que el Titatic...,2026-03-18T04:28:58Z,2026-03-18T04:28:58Z,0,0,youtube,2026-04-05T13:39:43.382098
srH80O3G_uQ,Diego Ruzzarin,"
El error de Estados Unidos en el conflicto con Irán.",es,Media,UgxODwIToMNrWpA0cfl4AaABAg,,0,@daleamigo4707,"Q opinas de la hasta ahora no ayuda china a cuba, eso demuestra q los chinos no son alternativa",2026-03-17T08:11:29Z,2026-03-17T08:11:29Z,0,0,youtube,2026-04-05T13:39:43.382100
srH80O3G_uQ,Diego Ruzzarin,"
El error de Estados Unidos en el conflicto con Irán.",es,Media,UgzXLs6PFR7JFnb7aNV4AaABAg,,0,@carloscarvajl4987,Se DESQUITARA con Cuba o atacará Nuclear mente ??,2026-03-17T02:31:43Z,2026-03-17T02:31:43Z,0,0,youtube,2026-04-05T13:39:43.382103
srH80O3G_uQ,Diego Ruzzarin,"
El error de Estados Unidos en el conflicto con Irán.",es,Media,UgxKRiGIXd285bhOPHJ4AaABAg,,0,@carloscarvajl4987,Al perder se DESQUITARA con Cuba??,2026-03-17T02:30:58Z,2026-03-17T02:30:58Z,0,0,youtube,2026-04-05T13:39:43.382105
srH80O3G_uQ,Diego Ruzzarin,"
El error de Estados Unidos en el conflicto con Irán.",es,Media,Ugxge69wGNiamJffjip4AaABAg,,0,@intieditz5637,Cuando se puso tan mamado Diego?,2026-03-17T02:13:32Z,2026-03-17T02:13:32Z,0,0,youtube,2026-04-05T13:39:43.382107
srH80O3G_uQ,Diego Ruzzarin,"
El error de Estados Unidos en el conflicto con Irán.",es,Media,UgxzAaV74WCSVhlwFmN4AaABAg,,0,@CesarPATIÑO-m1z,Plática con iru landucci por favaaaar,2026-03-16T18:46:43Z,2026-03-16T18:46:43Z,0,0,youtube,2026-04-05T13:39:43.382109
srH80O3G_uQ,Diego Ruzzarin,"
El error de Estados Unidos en el conflicto con Irán.",es,Media,Ugxvzw2alN2BqvzO1RB4AaABAg,,0,@SalvadorJacinto-f9e,Iran❤❤❤❤,2026-03-16T13:44:53Z,2026-03-16T13:44:53Z,0,0,youtube,2026-04-05T13:39:43.382111
srH80O3G_uQ,Diego Ruzzarin,"
El error de Estados Unidos en el conflicto con Irán.",es,Media,Ugxf9x_Dvx-G0k-uVtF4AaABAg,,0,@silviasalas272,"Está muy lejos Irán, pero así mandan todo el equipo necesario. Puerto Rico ese si estaba muy muy lejos rodeado de agua para llevar de manera rápida ayuda cuando hubo huracán.",2026-03-16T00:48:41Z,2026-03-16T00:48:41Z,0,1,youtube,2026-04-05T13:39:43.382114
srH80O3G_uQ,Diego Ruzzarin,"
El error de Estados Unidos en el conflicto con Irán.",es,Media,Ugxf9x_Dvx-G0k-uVtF4AaABAg.AUOkps7KcINAUOzpt4KGqY,Ugxf9x_Dvx-G0k-uVtF4AaABAg,1,@forgetmenot-573,"Exactamente, asi mismo el gobierno esta super lejos cuando estan los capitales de turno obedeciendo los intereses de Wallstreet

Pero cuando hay un minimo movimiento  de independecia aqui estran rapidito para sacarlos",2026-03-16T02:59:46Z,2026-03-16T02:59:46Z,0,0,youtube,2026-04-05T13:39:43.382116
srH80O3G_uQ,Diego Ruzzarin,"
El error de Estados Unidos en el conflicto con Irán.",es,Media,Ugx0hvz7B4_25QciMDR4AaABAg,,0,@tonipiers,"Cualquier cojudez dice este gordo, pero allí va la gente a comerse las tonterías.",2026-03-15T16:32:01Z,2026-03-15T16:32:01Z,1,0,youtube,2026-04-05T13:39:43.382118
srH80O3G_uQ,Diego Ruzzarin,"
El error de Estados Unidos en el conflicto con Irán.",es,Media,UgxigwcWMxHI99mqMVt4AaABAg,,0,@romasked,A ver zurdo. No le has atinado a ningún video tuyo. Estás perdido.,2026-03-15T14:41:01Z,2026-03-15T14:41:01Z,1,0,youtube,2026-04-05T13:39:43.382120
srH80O3G_uQ,Diego Ruzzarin,"
El error de Estados Unidos en el conflicto con Irán.",es,Media,UgyETDMKQQd01ZJjEtZ4AaABAg,,0,@JesusSerrano-d3t,Los norteamericanos y los israelíes se van a ir de la guerra como las ratas,2026-03-15T11:35:39Z,2026-03-15T11:35:39Z,0,0,youtube,2026-04-05T13:39:43.382123
srH80O3G_uQ,Diego Ruzzarin,"
El error de Estados Unidos en el conflicto con Irán.",es,Media,UgwrI0RhV8-7L9E4mql4AaABAg,,0,@mariajuliabolonci6926,Que asi sea!🙌🙏,2026-03-15T04:56:34Z,2026-03-15T04:56:34Z,0,0,youtube,2026-04-05T13:39:43.382125
srH80O3G_uQ,Diego Ruzzarin,"
El error de Estados Unidos en el conflicto con Irán.",es,Media,UgyChmNmXinBMOaqRhJ4AaABAg,,0,@leonardor7403,Vendido izquierdista pro comunista,2026-03-15T02:24:22Z,2026-03-15T02:24:22Z,1,0,youtube,2026-04-05T13:39:43.382127
srH80O3G_uQ,Diego Ruzzarin,"
El error de Estados Unidos en el conflicto con Irán.",es,Media,UgzK95xxHgv7mtims4t4AaABAg,,0,@mozkitooo,Este wey habla demasiada pendejada,2026-03-15T02:01:34Z,2026-03-15T02:01:34Z,2,0,youtube,2026-04-05T13:39:43.382129
srH80O3G_uQ,Diego Ruzzarin,"
El error de Estados Unidos en el conflicto con Irán.",es,Media,UgwVyablg4lrrU2xSNR4AaABAg,,0,@depoliticayotrascosas5692,Ya destruyeron microsoft,2026-03-14T06:09:32Z,2026-03-14T06:09:32Z,0,0,youtube,2026-04-05T13:39:43.382132
srH80O3G_uQ,Diego Ruzzarin,"
El error de Estados Unidos en el conflicto con Irán.",es,Media,UgwEjJyURub60Rjg7dx4AaABAg,,0,@fyrengard,"Ah caray, un misil hipersonico ronda entre uno y dos millones de dólares y con eso está atacando Irán… se me hace que la seguridad en querer predecir el futuro es el más grande error de los comunistas, y de Diego quitarle ceros a los costos de lo que está usando Iran 🤔",2026-03-13T21:45:49Z,2026-03-13T21:45:49Z,0,0,youtube,2026-04-05T13:39:43.382134
srH80O3G_uQ,Diego Ruzzarin,"
El error de Estados Unidos en el conflicto con Irán.",es,Media,UgyP81bmnpAKYpweOmZ4AaABAg,,0,@LuchomelniK,"Independientemente del poderío económico (petrodolar) de estados unidos, la balanza económica mundial ya no se mide tan solo por la moneda, sino por la capacidad de producción (China, amiguitos) Estados Unidos en una guerra de desgaste contra Irán  es recontra boleta. Lo loco que dice el Diegote, que es muy cierto es que esta guerra es super impopular, incluso con toda la desinformación de los medios occidentales, ahí es donde te das cuenta, quienes siempre gobernaron, esta guerra no es por el pueblo, esta guerra es por los grandes Capitales que siempre tuvieron el poder, y no lo quieren soltar ni aun perdido. Hasta donde van a llegar con esto, cuanta gente va a verse exprimida por estas políticas extorsionistas a favor de una guerra que no nos pertenece? A estas alturas solo me queda creer que es un mal necesario. Saludos desde Argentina!",2026-03-13T19:18:21Z,2026-03-13T19:18:21Z,0,0,youtube,2026-04-05T13:39:43.382136
srH80O3G_uQ,Diego Ruzzarin,"
El error de Estados Unidos en el conflicto con Irán.",es,Media,UgwYFEd6WvWvmFIq_ON4AaABAg,,0,@JesúsChávez-h1v,"Error 😂😂😂😂
Dónde si Estados Unidos le está poniendo un putizon.
Que bárbaro mi estético contingente",2026-03-13T08:17:26Z,2026-03-13T08:17:26Z,0,0,youtube,2026-04-05T13:39:43.382138
srH80O3G_uQ,Diego Ruzzarin,"
El error de Estados Unidos en el conflicto con Irán.",es,Media,UgyVbPKgFgTrPYkKJPd4AaABAg,,0,@JuanRuiz-up3xt,Que onda eso,2026-03-13T05:49:40Z,2026-03-13T05:49:40Z,0,0,youtube,2026-04-05T13:39:43.382140
srH80O3G_uQ,Diego Ruzzarin,"
El error de Estados Unidos en el conflicto con Irán.",es,Media,UgzgM9cHH3Q417eCC6N4AaABAg,,0,@JuanRuiz-up3xt,A veer que pasa,2026-03-13T05:44:48Z,2026-03-13T05:44:48Z,0,0,youtube,2026-04-05T13:39:43.382142
srH80O3G_uQ,Diego Ruzzarin,"
El error de Estados Unidos en el conflicto con Irán.",es,Media,Ugxz4m6bfaaylZ_z8B94AaABAg,,0,@JuanRuiz-up3xt,Que onda con eso,2026-03-13T05:44:23Z,2026-03-13T05:44:23Z,0,0,youtube,2026-04-05T13:39:43.382145
srH80O3G_uQ,Diego Ruzzarin,"
El error de Estados Unidos en el conflicto con Irán.",es,Media,UgyV8pzH8IQokmd-fEd4AaABAg,,0,@gilbertomartinez2642,todo esta diseñado para que siempre los malos ganen de una o de otra forma al igual que si pierden ganan pues sin que nos demos cuenta esta comprando latinoamericana o por lo menos a todos sus representantes presidenciales o gubernamentales...,2026-03-13T02:38:37Z,2026-03-13T02:38:37Z,0,0,youtube,2026-04-05T13:39:43.382147
srH80O3G_uQ,Diego Ruzzarin,"
El error de Estados Unidos en el conflicto con Irán.",es,Media,Ugyjr7PZExE-S59a0hR4AaABAg,,0,@felixgarciarosario7802,"Por favor alguien podría decirme si EUA se viera perdido, podría disparar un bomba atómica como hizo en Japón, que haría el mundo?",2026-03-12T21:17:41Z,2026-03-12T21:17:41Z,0,0,youtube,2026-04-05T13:39:43.382149
srH80O3G_uQ,Diego Ruzzarin,"
El error de Estados Unidos en el conflicto con Irán.",es,Media,Ugz31zTS3ij26_PxEfh4AaABAg,,0,@CoromotoClemente,Es tanta la soberbia y la egolatria que olvidan que Irán tiene siglos defendiendo su tierra a capa y espada. Tienen en su ADN las herramientas y ahora conocen al enemigo y las usan. Prefieren morir que dejarse avasallar.  Veamos un encuentro bíblico: David y Goliat.,2026-03-12T14:04:55Z,2026-03-12T14:04:55Z,0,0,youtube,2026-04-05T13:39:43.382152
srH80O3G_uQ,Diego Ruzzarin,"
El error de Estados Unidos en el conflicto con Irán.",es,Media,UgzxmvsOTWiTnPZeG_54AaABAg,,0,@CesarDanielEspinozaSosa,"Irán pueda aplicar el mismo dicho  que China,... Irán ha estado mucho antes de existiera USA e Israel y existiera, despues de que USA y Israhell desparezcan",2026-03-12T06:35:52Z,2026-03-12T06:35:52Z,0,0,youtube,2026-04-05T13:39:43.382154
srH80O3G_uQ,Diego Ruzzarin,"
El error de Estados Unidos en el conflicto con Irán.",es,Media,UgySYX3vuATV18ivT5V4AaABAg,,0,@reneorozco4494,"Hola Diego que opinas del vídeo que subió tu tocayo Diego Saul reina de la corrupción? Aquí te dejo el link espero y puedas verlo yo sé que tú eres muy analítico y tus videos también tienen mucho impacto y me gustaría que hicieras un vídeo de tu opinión acerca d eso!
https://youtu.be/gU9al-DrusM?si=SNungE7CR5_FRJ7I",2026-03-12T05:29:32Z,2026-03-12T05:29:32Z,0,0,youtube,2026-04-05T13:39:43.382157
srH80O3G_uQ,Diego Ruzzarin,"
El error de Estados Unidos en el conflicto con Irán.",es,Media,UgwtNfAgz-h796WANhV4AaABAg,,0,@Bruno32938,"Hola, te hice un video: https://youtu.be/kVZeXV8RIlI?is=scezcoOXuYyOuBiN",2026-03-12T04:49:50Z,2026-03-12T04:49:50Z,0,0,youtube,2026-04-05T13:39:43.382159
srH80O3G_uQ,Diego Ruzzarin,"
El error de Estados Unidos en el conflicto con Irán.",es,Media,Ugyob8o1CK7440VaTyJ4AaABAg,,0,@carloscarrillo7000,"Mira Ruzzarin yo sé que eres chisto,buen comediante pero si hablas de la guerra no digas tonterías. USA tiene armas para se mierda el planeta entero obviamente nadie quiere ese verdad????😮😮😮😮😮",2026-03-12T03:32:00Z,2026-03-12T03:32:00Z,0,0,youtube,2026-04-05T13:39:43.382162
srH80O3G_uQ,Diego Ruzzarin,"
El error de Estados Unidos en el conflicto con Irán.",es,Media,UgxHtvuUAsioqVTIZKJ4AaABAg,,0,@eliudvillarreal1336,"platica con JACOB del canal filosofia Judia,, el en cambio tiene la contra historia y anda por ahi ganando debates facilmente",2026-03-11T21:25:22Z,2026-03-11T21:25:22Z,0,0,youtube,2026-04-05T13:39:43.382164
srH80O3G_uQ,Diego Ruzzarin,"
El error de Estados Unidos en el conflicto con Irán.",es,Media,UgxceNffGQzNx2wONkt4AaABAg,,0,@baphomet9435,"A los Disparos Unidos les ha pasado como a la ""mitad"" de la humanidad que confunde Austria (Europa) con Australia (Oceanía), o en este caso Iraq (cobardes) con Irán (leones)",2026-03-11T20:39:31Z,2026-03-11T20:40:07Z,0,0,youtube,2026-04-05T13:39:43.382167
srH80O3G_uQ,Diego Ruzzarin,"
El error de Estados Unidos en el conflicto con Irán.",es,Media,UgyNJ7eQ4AEzMolb-wd4AaABAg,,0,@JoseRojas-mb8ry,Ahora sí no es lo mismo Venezuela e Irán!,2026-03-11T18:35:14Z,2026-03-11T18:35:14Z,0,0,youtube,2026-04-05T13:39:43.382169
srH80O3G_uQ,Diego Ruzzarin,"
El error de Estados Unidos en el conflicto con Irán.",es,Media,Ugy9AQ5RoTtmuedffXV4AaABAg,,0,@rubenzapata5131,"la caída del monstruo estadounidense estába cantado pero el pedófilo ha acelerado el proceso de descomposición con toda la cobarde coalision epstein contra La República Islámica de IRÁN no han podido,se equivocaron IRANno es venezuela,bien afirmas Diego más tiempo aguanta IRÁN más estrepitosa la caída del imperio anglonazisionista",2026-03-11T16:44:41Z,2026-03-11T16:44:41Z,0,0,youtube,2026-04-05T13:39:43.382172
srH80O3G_uQ,Diego Ruzzarin,"
El error de Estados Unidos en el conflicto con Irán.",es,Media,Ugyd0Qz0Ok_X3A2qOk94AaABAg,,0,@armandohernandezhernande2986,Que bueno que irán ponga esas acciones ya que ellos nunca provocaron esa guerra,2026-03-11T15:20:27Z,2026-03-11T15:20:27Z,0,0,youtube,2026-04-05T13:39:43.382174
srH80O3G_uQ,Diego Ruzzarin,"
El error de Estados Unidos en el conflicto con Irán.",es,Media,UgyCYSi_M5SB5dDVnmN4AaABAg,,0,@dodongodo,"Yo me pregunto si al ver que Irán no puede ser derrotado por los medios convencionales, Israel se atreverá a lanzarle bombas nucleares 🤔",2026-03-11T14:04:48Z,2026-03-11T14:04:48Z,0,0,youtube,2026-04-05T13:39:43.382176
srH80O3G_uQ,Diego Ruzzarin,"
El error de Estados Unidos en el conflicto con Irán.",es,Media,Ugxa_64nPPkZXsc2jMJ4AaABAg,,0,@JorgeSinger3117,"El gran error de estados Unidos por el cual la mayoría lo repudia es por qué nos inculcaron que debemos defender al débil combatir el mal, en la películas salvan al mundo pero en la realidad son el vergudo apresor",2026-03-11T04:03:27Z,2026-03-11T04:03:43Z,0,0,youtube,2026-04-05T13:39:43.382179
srH80O3G_uQ,Diego Ruzzarin,"
El error de Estados Unidos en el conflicto con Irán.",es,Media,UgzAfaO9N416qCAqiwh4AaABAg,,0,@djacircarvalho9738,"Prezado: Só esperamos que a sua análise não seja fundamentada em seu próprio ""wishing thinking""!!! É só...",2026-03-11T01:12:50Z,2026-03-11T01:12:50Z,0,0,youtube,2026-04-05T13:39:43.382181
srH80O3G_uQ,Diego Ruzzarin,"
El error de Estados Unidos en el conflicto con Irán.",es,Media,UgwhKGTpE8Gnkac9AcV4AaABAg,,0,@efrainteran5880,El mundo está con Irán 🇮🇷 en contra del cartel pdfilosionista 👊,2026-03-10T22:59:42Z,2026-03-10T22:59:42Z,1,0,youtube,2026-04-05T13:39:43.382183
srH80O3G_uQ,Diego Ruzzarin,"
El error de Estados Unidos en el conflicto con Irán.",es,Media,Ugx4Djt_lTU5kg9K3aZ4AaABAg,,0,@jmaldunate6320,Excelente,2026-03-10T22:52:19Z,2026-03-10T22:52:19Z,0,0,youtube,2026-04-05T13:39:43.382185
srH80O3G_uQ,Diego Ruzzarin,"
El error de Estados Unidos en el conflicto con Irán.",es,Media,Ugxn-VU-3BdDjMobvH14AaABAg,,0,@Leon-ew7gi,"Trump También es humano, y así el se odie, el desgaste, es real.",2026-03-10T22:21:59Z,2026-03-10T22:21:59Z,0,0,youtube,2026-04-05T13:39:43.382187
srH80O3G_uQ,Diego Ruzzarin,"
El error de Estados Unidos en el conflicto con Irán.",es,Media,Ugwsqb3rufW2WV2aPId4AaABAg,,0,@Akumalive,El pensamiento religioso una vez más haciendo daño a la humanidad,2026-03-10T20:26:57Z,2026-03-10T20:26:57Z,0,0,youtube,2026-04-05T13:39:43.382190
srH80O3G_uQ,Diego Ruzzarin,"
El error de Estados Unidos en el conflicto con Irán.",es,Media,UgzA0QESnRqnHqFPvNV4AaABAg,,0,@RodriguezAnaLucia,Fuentes ?,2026-03-10T19:01:44Z,2026-03-10T19:01:44Z,0,0,youtube,2026-04-05T13:39:43.382192
srH80O3G_uQ,Diego Ruzzarin,"
El error de Estados Unidos en el conflicto con Irán.",es,Media,UgzUbhuzFS_Svq0t1EN4AaABAg,,0,@IMJP4,Diego esta mas perdido de la realidad que un liberal🤣,2026-03-10T15:07:30Z,2026-03-10T15:07:30Z,0,0,youtube,2026-04-05T13:39:43.382194
srH80O3G_uQ,Diego Ruzzarin,"
El error de Estados Unidos en el conflicto con Irán.",es,Media,UgzM0ve-tkt3_l8nm7t4AaABAg,,0,@deyvitarob755,LOS DICTADORES DE IRAN se esconden dentro de infraestructura CIVIL. / ESO NO LO MENCIONAS? 🤦🏻‍♂️🤦🏻‍♂️🤦🏻‍♂️🤦🏻‍♂️🤦🏻‍♂️ LANZAR MISILES Y LUEGO ESCONDERSE ENTRE CIVILES ? 😅😅😅😅,2026-03-10T13:31:53Z,2026-03-10T13:31:53Z,0,0,youtube,2026-04-05T13:39:43.382196
srH80O3G_uQ,Diego Ruzzarin,"
El error de Estados Unidos en el conflicto con Irán.",es,Media,Ugw2HevSzjiQxoUuX2t4AaABAg,,0,@Crisol_psicologia,"No estoy de acuerdo con un punto: Trump jamás se quedará atrapado en esta guerra por miedo a perder aún más popularidad. Lo que hará es decir que ya ganó y retirarse “a tiempo” dejando posiblemente Israel seguir la tarea o reduciendo la intensidad del conflicto con su vecino. Trump es jillipollas pero no tonto: sabe que hacer y no hacer para ganar elecciones.

Además, el imperio americano no se destruirá por eso solamente. Creo que ahí confundes tus deseos y la realidad a corto plazo. Que se pueda derrocar si, pero será con la acumulación conjunta de otros factores y con un plazo mucho más amplio de tiempo.",2026-03-10T12:48:26Z,2026-03-10T12:50:16Z,1,0,youtube,2026-04-05T13:39:43.382198
srH80O3G_uQ,Diego Ruzzarin,"
El error de Estados Unidos en el conflicto con Irán.",es,Media,Ugy8uzvrrNIl9xz0dVl4AaABAg,,0,@danielapastorio2295,"Lamentablemente paises satellites de USA, como el mio, (Italia) y otros en Europa, van a enviar ayuda militares y de defensa al costo de los ciudadanos italianos y europeos.😢😢",2026-03-10T10:37:27Z,2026-03-10T10:37:27Z,0,0,youtube,2026-04-05T13:39:43.382201
srH80O3G_uQ,Diego Ruzzarin,"
El error de Estados Unidos en el conflicto con Irán.",es,Media,UgwBax77jP99ltrQoVJ4AaABAg,,0,@nitro1246,EEUU mucho musculo poco cerebro.,2026-03-10T10:17:56Z,2026-03-10T10:17:56Z,0,0,youtube,2026-04-05T13:39:43.382203
srH80O3G_uQ,Diego Ruzzarin,"
El error de Estados Unidos en el conflicto con Irán.",es,Media,Ugz8-3t4N0P1paidRN14AaABAg,,0,@juanrios6256,JAJAJAJAAÁ!!!!  .,2026-03-10T10:10:21Z,2026-03-10T10:10:21Z,0,0,youtube,2026-04-05T13:39:43.382205
srH80O3G_uQ,Diego Ruzzarin,"
El error de Estados Unidos en el conflicto con Irán.",es,Media,Ugwv2oJNDyEQL1w7xZ14AaABAg,,0,@trakass-v5w,Los ciudadanls de estados unidos todos zombies y el gobierno haciendo lo que quiere,2026-03-10T05:01:43Z,2026-03-10T05:01:43Z,0,0,youtube,2026-04-05T13:39:43.382207
srH80O3G_uQ,Diego Ruzzarin,"
El error de Estados Unidos en el conflicto con Irán.",es,Media,UgxG5VhT9BtrAimZsN14AaABAg,,0,@Boini9465,Que muchas películas has visto 😅,2026-03-10T03:52:20Z,2026-03-10T03:52:20Z,0,0,youtube,2026-04-05T13:39:43.382210
srH80O3G_uQ,Diego Ruzzarin,"
El error de Estados Unidos en el conflicto con Irán.",es,Media,UgzBHNVknAxD7ubszYN4AaABAg,,0,@MiguelCano-p2o,"No comprar productos de los gringos ni de los judíos, comprar productos locales y en la tienda de la esquina",2026-03-10T03:28:44Z,2026-03-10T03:28:44Z,0,0,youtube,2026-04-05T13:39:43.382212
srH80O3G_uQ,Diego Ruzzarin,"
El error de Estados Unidos en el conflicto con Irán.",es,Media,UgzIDqqpRx3qrJ1grjF4AaABAg,,0,@alesalv8881,Ojalá!,2026-03-10T02:44:17Z,2026-03-10T02:44:17Z,0,0,youtube,2026-04-05T13:39:43.382214
srH80O3G_uQ,Diego Ruzzarin,"
El error de Estados Unidos en el conflicto con Irán.",es,Media,UgxveksAWAoxest77iJ4AaABAg,,0,@karinaalejandra3946,"sigo viendo el mundo como madre, todos son hijos de alguien NADIE MERECE LA GUERRA
NADIE FUE ELEGIDO PARA DESTRUIR A OTROS
Si creen en lo divino, unámonos en fe",2026-03-10T02:27:51Z,2026-03-10T02:27:51Z,0,0,youtube,2026-04-05T13:39:43.382216
srH80O3G_uQ,Diego Ruzzarin,"
El error de Estados Unidos en el conflicto con Irán.",es,Media,UgxlsUP_gMepdoiKGbh4AaABAg,,0,@orlandooriana8344,"2:18 Ahora que el tío Sam se las ve negras, es cuando quiere acuerdo de paz, después que desvivió al líder iraní.

Sabe bien que Irán no aceptará y va a darle sus buenas bofetadas al tío Sam 🤭🤣😆",2026-03-10T02:05:29Z,2026-03-10T02:05:29Z,1,0,youtube,2026-04-05T13:39:43.382218
srH80O3G_uQ,Diego Ruzzarin,"
El error de Estados Unidos en el conflicto con Irán.",es,Media,UgyEZm9nWrbN8bsIED14AaABAg,,0,@masterbruce4010,Gran Análisis,2026-03-09T22:04:27Z,2026-03-09T22:04:27Z,0,0,youtube,2026-04-05T13:39:43.382220
srH80O3G_uQ,Diego Ruzzarin,"
El error de Estados Unidos en el conflicto con Irán.",es,Media,UgwrDTPI_V93Ef26vHl4AaABAg,,0,@fuensantacegarra7049,"En España estamos en contra de los sionistas genocidas y de EEUU,  no a las guerras imperialistas",2026-03-09T21:10:18Z,2026-03-09T21:10:18Z,1,0,youtube,2026-04-05T13:39:43.382223
srH80O3G_uQ,Diego Ruzzarin,"
El error de Estados Unidos en el conflicto con Irán.",es,Media,Ugw4KqKrmRNKwYa1nSx4AaABAg,,0,@fernandoruizgomez1668,"Se está perdiendo el honor  militar porque están utilizando armamento prohibido como las bombas sucias (químicas de fósforo) y las bombas de racimo, si Israel o usa utilizan las bombas nucleares ahí si van a entrar todos en su contra",2026-03-09T20:43:35Z,2026-03-09T20:43:35Z,0,0,youtube,2026-04-05T13:39:43.382225
srH80O3G_uQ,Diego Ruzzarin,"
El error de Estados Unidos en el conflicto con Irán.",es,Media,UgzFOSPQ9eOe6Qn3Z_x4AaABAg,,0,@yoyayo5054,Ojala que tus palbras sean profeticas que ya acabe este desmadre de este tipo loco,2026-03-09T20:29:24Z,2026-03-09T20:29:24Z,3,0,youtube,2026-04-05T13:39:43.382227
srH80O3G_uQ,Diego Ruzzarin,"
El error de Estados Unidos en el conflicto con Irán.",es,Media,UgzZLbLgkTqdO3QU5u14AaABAg,,0,@SánchezBasurto777,"Apenas está iniciando y las cosas ya se están poniendo muy feas, no me imagino como va a estar las cosas cuando estemos en la semana 4 o 5",2026-03-09T20:02:48Z,2026-03-09T20:02:48Z,2,0,youtube,2026-04-05T13:39:43.382229
srH80O3G_uQ,Diego Ruzzarin,"
El error de Estados Unidos en el conflicto con Irán.",es,Media,UgzlZU2btOyuXfOkICN4AaABAg,,0,@pedromora4832,"Esas condiciones que impone Irán indican que  están preparados para aguantar y que está armado hasta los dientes con armas poderosas que va a usar cuando pasen las 5 semanas en las que EEUU e Israel agoten esos misiles millonarios, ahí cabe el refrán : ""cuando gasten toda su pólvora en zamuros"" y luego vendrá la contraofensiva con el armamento pesado que tiene guardado Irán en sus búnkers subterráneos.",2026-03-09T18:57:22Z,2026-03-09T18:57:22Z,0,0,youtube,2026-04-05T13:39:43.382231
srH80O3G_uQ,Diego Ruzzarin,"
El error de Estados Unidos en el conflicto con Irán.",es,Media,UgzXYLTW0a5jLG7WBpJ4AaABAg,,0,@brendazenil171,Que así sea!!!,2026-03-09T18:56:46Z,2026-03-09T18:56:46Z,0,0,youtube,2026-04-05T13:39:43.382233
srH80O3G_uQ,Diego Ruzzarin,"
El error de Estados Unidos en el conflicto con Irán.",es,Media,UgwjryyLQ0cdSh5GBUF4AaABAg,,0,@JoseMiguelLoor,"Por lo que dice Diego, y por la mayor parte de comentarios que leo, parece que los iraníes fueran unas santas palomas. El ataque a Irán es totalmente injustificado, no hay ninguna duda al respecto, pero los iraníes no son ningunos inocentes. Ya lo dije en otra ocasión, en esta guerra no hay buenos y malos; hay malos y peores",2026-03-09T18:43:15Z,2026-03-09T18:43:15Z,0,0,youtube,2026-04-05T13:39:43.382235
srH80O3G_uQ,Diego Ruzzarin,"
El error de Estados Unidos en el conflicto con Irán.",es,Media,UgyX9DWOsny3XhN9vS94AaABAg,,0,@kirapoodle,Que pasó con los vídeos de Maduro?,2026-03-09T18:04:54Z,2026-03-09T18:04:54Z,0,0,youtube,2026-04-05T13:39:44.265411
srH80O3G_uQ,Diego Ruzzarin,"
El error de Estados Unidos en el conflicto con Irán.",es,Media,UgzpcL1nZSYEYtxdfXV4AaABAg,,0,@reyskywalker115,"Fuera de lo politico, ese pais esta super endeudado ya esta tirando patadas de ahogado.... es el fin del dolar y fue por su avaricia. estamos viviendo la caida del imperio usa",2026-03-09T17:44:56Z,2026-03-09T17:44:56Z,0,0,youtube,2026-04-05T13:39:44.265421
srH80O3G_uQ,Diego Ruzzarin,"
El error de Estados Unidos en el conflicto con Irán.",es,Media,Ugy8_LFDY78AGcT6Lo14AaABAg,,0,@MAESTRAN,Apoyo la iniciativa de IRÁN,2026-03-09T15:53:38Z,2026-03-09T15:53:38Z,2,0,youtube,2026-04-05T13:39:44.265424
srH80O3G_uQ,Diego Ruzzarin,"
El error de Estados Unidos en el conflicto con Irán.",es,Media,Ugzt4pfSirXnBmmh4zF4AaABAg,,0,@MAESTRAN,"USA, HUELE A GOLPE DE ESTADO",2026-03-09T15:50:54Z,2026-03-09T15:50:54Z,1,0,youtube,2026-04-05T13:39:44.265426
srH80O3G_uQ,Diego Ruzzarin,"
El error de Estados Unidos en el conflicto con Irán.",es,Media,UgxMkW4EuiahHoh0GUN4AaABAg,,0,@Antoniocastillo-vj1co,Y mientras tanto  el pueblo Iraní que sufra la miseria y la pobreza más extrema que  han sufrido en toda su historia.,2026-03-09T15:45:05Z,2026-03-09T15:45:05Z,0,0,youtube,2026-04-05T13:39:44.265429
srH80O3G_uQ,Diego Ruzzarin,"
El error de Estados Unidos en el conflicto con Irán.",es,Media,UgyLN8ZWPG4FsawfOnR4AaABAg,,0,@TuxedoMask-nb4ws,"Yo creo q la solucion seria q todos los paises puedan tener sus armas nucleares..porq desafortunadamente los q actualmente SI las tienen, son los principales agresores del mundo  y agreden a aquellos q NO las tienen...es una medida de intimidacion..",2026-03-09T15:39:02Z,2026-03-09T15:39:02Z,0,0,youtube,2026-04-05T13:39:44.265432
srH80O3G_uQ,Diego Ruzzarin,"
El error de Estados Unidos en el conflicto con Irán.",es,Media,Ugyjqb2XHmuqNdMZSal4AaABAg,,0,@Rigoshue7713,Que buenísima idea usar misiles obsoletos BASURA ...es como las protestas en que la policía usa todo su arsenal contra manifestantes con barricadas y piedras.😅🤣😂😝😅😂,2026-03-09T15:08:40Z,2026-03-09T15:08:40Z,0,0,youtube,2026-04-05T13:39:44.265434
srH80O3G_uQ,Diego Ruzzarin,"
El error de Estados Unidos en el conflicto con Irán.",es,Media,UgwPEvFkJFSPqhL_W0d4AaABAg,,0,@iandaca7448,Dead dead to the IDF,2026-03-09T14:56:11Z,2026-03-09T14:56:11Z,0,0,youtube,2026-04-05T13:39:44.265436
srH80O3G_uQ,Diego Ruzzarin,"
El error de Estados Unidos en el conflicto con Irán.",es,Media,UgxdBSsHMof61Rp9sj54AaABAg,,0,@ulisesalvarez7773,Como en el ajedrez hay que sacrificar algunas piezas para llegar con el arsenal a destruir,2026-03-09T14:50:23Z,2026-03-09T14:50:23Z,0,0,youtube,2026-04-05T13:39:44.265439
srH80O3G_uQ,Diego Ruzzarin,"
El error de Estados Unidos en el conflicto con Irán.",es,Media,Ugzf3tdw7QMIdzrsfB54AaABAg,,0,@cesartrejo8310,VIVA EL CAPITALISMO,2026-03-09T14:44:15Z,2026-03-09T14:44:15Z,0,0,youtube,2026-04-05T13:39:44.265441
srH80O3G_uQ,Diego Ruzzarin,"
El error de Estados Unidos en el conflicto con Irán.",es,Media,UgwoQzIAR7ddTnmGgx14AaABAg,,0,@elcheque2933,El vídeo completo para cuando,2026-03-09T14:14:55Z,2026-03-09T14:14:55Z,0,0,youtube,2026-04-05T13:39:44.265443
srH80O3G_uQ,Diego Ruzzarin,"
El error de Estados Unidos en el conflicto con Irán.",es,Media,Ugwm0YMp74OKNC20LzB4AaABAg,,0,@yacoubfaqih9866,"Y ojo aparte de esto todos los lanzamientos contra las bases de usa en el golofo son muy precisa... Sabiendo que el sistema de navigation GPS ya esta fuera de servicio en Irán.
Y eso nos lleva a saber que los rusos y incluso los chinos estan dando apoyo de inteligencia y logístico..muy muy grande.",2026-03-09T14:05:27Z,2026-03-09T14:05:27Z,0,0,youtube,2026-04-05T13:39:44.265445
srH80O3G_uQ,Diego Ruzzarin,"
El error de Estados Unidos en el conflicto con Irán.",es,Media,Ugz_so6YBMVf6wnqtgx4AaABAg,,0,@alexandramillan3011,"GRACIAS POR TU INFORMACION 
TU ERES DE LOS POCOS ESTUDIADOS Y QUE SABE LO QUE HABLA",2026-03-09T12:25:49Z,2026-03-09T12:25:49Z,0,0,youtube,2026-04-05T13:39:44.265448
srH80O3G_uQ,Diego Ruzzarin,"
El error de Estados Unidos en el conflicto con Irán.",es,Media,UgzK956j3F88_mmFZt14AaABAg,,0,@MarthaGarcia-t6f,"Y mientras tanto, montones de muertos.",2026-03-09T12:04:15Z,2026-03-09T12:04:15Z,0,0,youtube,2026-04-05T13:39:44.265450
srH80O3G_uQ,Diego Ruzzarin,"
El error de Estados Unidos en el conflicto con Irán.",es,Media,UgyL1-wNyciYDSaFxcN4AaABAg,,0,@ricardoagudelo8354,Ojalá q así sea.....,2026-03-09T11:20:15Z,2026-03-09T11:20:15Z,0,0,youtube,2026-04-05T13:39:44.265453
srH80O3G_uQ,Diego Ruzzarin,"
El error de Estados Unidos en el conflicto con Irán.",es,Media,Ugw89VJWVM-sYgsza6V4AaABAg,,0,@loretokh,Tambien irán  esta mande y mande drones no tan caros y con ellos igual los hacen gastar en defensa de alto costo y equipo que destruyen. Que buen baile le esta pegando a los sionistas que quieren dominar el mundo para satanas.,2026-03-09T10:52:42Z,2026-03-09T10:52:42Z,0,0,youtube,2026-04-05T13:39:44.265455
srH80O3G_uQ,Diego Ruzzarin,"
El error de Estados Unidos en el conflicto con Irán.",es,Media,Ugz2DfsQphxeVRwKFkR4AaABAg,,0,@gabrielcarlosarias572,Verguenza como argentino por tener un inpresentable a cafgo del estado apoyando a este otro demencial presidente ...,2026-03-09T10:42:11Z,2026-03-09T10:42:11Z,0,0,youtube,2026-04-05T13:39:44.265457
srH80O3G_uQ,Diego Ruzzarin,"
El error de Estados Unidos en el conflicto con Irán.",es,Media,UgzdslIjXb1ro5bYOP14AaABAg,,0,@fernandocontrerasmartinez7681,Iranios y afganos son inconquistables,2026-03-09T10:26:06Z,2026-03-09T10:26:06Z,0,0,youtube,2026-04-05T13:39:44.265460
srH80O3G_uQ,Diego Ruzzarin,"
El error de Estados Unidos en el conflicto con Irán.",es,Media,UgybVCVLXbS-n8ThkFF4AaABAg,,0,@RAFAELMORFFE-h7r,😧,2026-03-09T10:09:38Z,2026-03-09T10:09:38Z,0,0,youtube,2026-04-05T13:39:44.265462
srH80O3G_uQ,Diego Ruzzarin,"
El error de Estados Unidos en el conflicto con Irán.",es,Media,UgwoN5J3PXzbJlMFEkV4AaABAg,,0,@thebloxer3413,Irán un país que financia el terrorismo global,2026-03-09T10:09:01Z,2026-03-09T10:09:01Z,0,0,youtube,2026-04-05T13:39:44.265464
srH80O3G_uQ,Diego Ruzzarin,"
El error de Estados Unidos en el conflicto con Irán.",es,Media,UgxK-5QGRu6fmL6gSPB4AaABAg,,0,@MariaelenaCamara-l7t,"¿Tal es el resentimiento de la izquierda?

Este muchacho ignora que Irán es como el perro con rabia.

🤣🇵🇪",2026-03-09T10:03:26Z,2026-03-09T10:03:26Z,0,0,youtube,2026-04-05T13:39:44.265466
srH80O3G_uQ,Diego Ruzzarin,"
El error de Estados Unidos en el conflicto con Irán.",es,Media,UgyHxCZ7XCzytGzFq114AaABAg,,0,@Najmoudinmiralemfahroudin197,"Dios mediante que este MALVADO sistema estadounidense caiga pronto.

Viva la resistencia 
Viva la revolución 
Viva la verdadera libertad 🆓 
No esa que promueve el sionismo",2026-03-09T09:09:07Z,2026-03-09T09:09:07Z,1,0,youtube,2026-04-05T13:39:44.265469
srH80O3G_uQ,Diego Ruzzarin,"
El error de Estados Unidos en el conflicto con Irán.",es,Media,UgxkQgf_yywK65tGRmV4AaABAg,,0,@marinvazquez3749,No digan Estados Unidos.  Digan Trump.  No estas culpando al violador de Niñas al decir Estados Unidos.  Todo esto es por el caso Epstein no des vien la narrativa.!! Es Trump el culpable de todo este desastre . Se save Que todo lo Que toca lo hace kk.,2026-03-09T08:47:12Z,2026-03-09T08:47:12Z,0,0,youtube,2026-04-05T13:39:44.265471
srH80O3G_uQ,Diego Ruzzarin,"
El error de Estados Unidos en el conflicto con Irán.",es,Media,Ugy5FsH2Mh3uJpnlZod4AaABAg,,0,@rosagrueiro3522,Trump comendo a sua propia medicina,2026-03-09T08:23:46Z,2026-03-09T08:23:46Z,0,0,youtube,2026-04-05T13:39:44.265473
srH80O3G_uQ,Diego Ruzzarin,"
El error de Estados Unidos en el conflicto con Irán.",es,Media,Ugyw_5VfQFoNu_Jp-4N4AaABAg,,0,@sebaqwerty,"jajaj cuanto delirio, vuelvo en cinco semanas. Espero que no borres el video si te equivocas",2026-03-09T07:55:56Z,2026-03-09T07:55:56Z,0,0,youtube,2026-04-05T13:39:44.265476
srH80O3G_uQ,Diego Ruzzarin,"
El error de Estados Unidos en el conflicto con Irán.",es,Media,UgyYQemWBabgoSBZlxd4AaABAg,,0,@jjskyers8650,"Como puedes decir que Iran se está guardando los misiles cuando está atacando a todas las petro monarquías. Lo que hablaste de los misiles basura son en realidad drones, los mismos que les vende a Rusia para su plan imperialista de invadir Ucrania. Lo que si está pasando y se te olvidó comentar😉 es que a Rusia no le importa está guerra y China está más pendiente que a los iraníes no se les ocurra cerrar el estrecho de Hormuz y esperar el momento perfecto para ejecutar el plan colonial para invadir  Taiwán. También olvidaste decir que Irán amenazó a los países de la Unión Europea con bombardeos si no lo defendían de la furia del tío Sam pero de seguro se te olvido pensando en tu amigo Nicolás Maduro 😅 un saludo de un cubano próximamente libre gracias al presidente Donal Trump y al secretario Marco Rubio.",2026-03-09T06:26:45Z,2026-03-09T06:26:45Z,0,0,youtube,2026-04-05T13:39:44.265479
srH80O3G_uQ,Diego Ruzzarin,"
El error de Estados Unidos en el conflicto con Irán.",es,Media,Ugxyy7AbhI6IaGB6sGB4AaABAg,,0,@jeniffermontesdeoca4920,"Amén, y todos esperamos que tengas razón. Estamos hasta la coronilla de EU y su adicción a la guerra y a las matanzas de inocentes.",2026-03-09T06:25:17Z,2026-03-09T06:25:17Z,1,0,youtube,2026-04-05T13:39:44.265481
srH80O3G_uQ,Diego Ruzzarin,"
El error de Estados Unidos en el conflicto con Irán.",es,Media,UgzxHCyKDSB0bb6vWCx4AaABAg,,0,@michaelparada4349,"🕵
Aloha Genios",2026-03-09T06:16:52Z,2026-03-09T06:16:52Z,0,0,youtube,2026-04-05T13:39:44.265483
srH80O3G_uQ,Diego Ruzzarin,"
El error de Estados Unidos en el conflicto con Irán.",es,Media,UgzvMPq--LXe0yFxTvF4AaABAg,,0,@caseregamarralucianoisaias9710,Estás siendo muy optimista con la capacidad de irán frente a décadas de planificación estadounidense. No creo que sean tan ingenuos. Hasta parece propaganda más que un análisis.,2026-03-09T05:05:39Z,2026-03-09T05:05:39Z,0,0,youtube,2026-04-05T13:39:44.265485
srH80O3G_uQ,Diego Ruzzarin,"
El error de Estados Unidos en el conflicto con Irán.",es,Media,UgxOpcYWxn1tXBSiMc94AaABAg,,0,@fernandobarrera1370,Un genocida y un pedófilo la combinación perfecta para las desgracias. Misma mentira de Irak ahora con irán. Lo lograra la operación furia de Epstein?,2026-03-09T04:48:41Z,2026-03-09T04:48:41Z,0,0,youtube,2026-04-05T13:39:44.265488
srH80O3G_uQ,Diego Ruzzarin,"
El error de Estados Unidos en el conflicto con Irán.",es,Media,UgxRh7IrEEqpRXa7OEZ4AaABAg,,0,@rigobertogonzalez1229,Cuántos  comunistas odiando a EEUU lol,2026-03-09T04:25:44Z,2026-03-09T04:25:44Z,0,0,youtube,2026-04-05T13:39:44.265490
srH80O3G_uQ,Diego Ruzzarin,"
El error de Estados Unidos en el conflicto con Irán.",es,Media,UgwUiGjPs5lBqs5-oWZ4AaABAg,,0,@orionorion4877.z.A.J,Totalmente de acuerdo 👽👽👽,2026-03-09T04:10:53Z,2026-03-09T04:10:53Z,0,0,youtube,2026-04-05T13:39:44.265493
srH80O3G_uQ,Diego Ruzzarin,"
El error de Estados Unidos en el conflicto con Irán.",es,Media,Ugx0oMvBe2nSijVfeyR4AaABAg,,0,@RubenGamasdelaCruz,Estados sumidos esta valiendo de eso k les CUELGA a los MACHOS! Jajajaja 😅😂,2026-03-09T03:49:28Z,2026-03-09T03:49:28Z,0,0,youtube,2026-04-05T13:39:44.265495
srH80O3G_uQ,Diego Ruzzarin,"
El error de Estados Unidos en el conflicto con Irán.",es,Media,Ugxj-L3zHjcdVmmYpvh4AaABAg,,0,@GabrielGali-n2w,"Jiang Xueqin lo predijo.
Cuando un feat con Gabriel Bulgakov?",2026-03-09T03:34:08Z,2026-03-09T03:34:08Z,0,0,youtube,2026-04-05T13:39:44.265497
srH80O3G_uQ,Diego Ruzzarin,"
El error de Estados Unidos en el conflicto con Irán.",es,Media,Ugwa8wfWmKXb-wG3mc94AaABAg,,0,@ChristianCarstensen-l4g,"Tiene mi apoyo y el de toda ka derecha , lyego siguwn 8 añis mas de Marco Rubio . Te lo reputo  es imposible una derrota de una superpotenciaxen una gyerra",2026-03-09T02:55:31Z,2026-03-09T02:55:31Z,0,0,youtube,2026-04-05T13:39:44.265500
srH80O3G_uQ,Diego Ruzzarin,"
El error de Estados Unidos en el conflicto con Irán.",es,Media,Ugz1We9cl-AJT_c6T7R4AaABAg,,0,@victoralfonsosoto6634,Esta Guerra será conocida como la guerra Epstein,2026-03-09T02:36:45Z,2026-03-09T02:36:45Z,0,0,youtube,2026-04-05T13:39:44.265502
srH80O3G_uQ,Diego Ruzzarin,"
El error de Estados Unidos en el conflicto con Irán.",es,Media,Ugw2agJ5VD9i6xTs5G14AaABAg,,0,@GAELZAIDZAMORARAVELO,Si cometió un gran error. Empezar el conflicto,2026-03-09T02:31:27Z,2026-03-09T02:31:27Z,0,0,youtube,2026-04-05T13:39:44.265504
srH80O3G_uQ,Diego Ruzzarin,"
El error de Estados Unidos en el conflicto con Irán.",es,Media,UgwDCUeuilCl8Yyuo5p4AaABAg,,0,@sg24680,El verdadero peligro para el mundo es Estados Unidos de Israhell.,2026-03-09T01:58:40Z,2026-03-09T01:58:40Z,2,0,youtube,2026-04-05T13:39:44.265517
srH80O3G_uQ,Diego Ruzzarin,"
El error de Estados Unidos en el conflicto con Irán.",es,Media,UgxJsOp6m22ofau74Xl4AaABAg,,0,@moisito7638,Ya lo estamos viviendo aqui,2026-03-09T01:47:04Z,2026-03-09T01:47:04Z,0,0,youtube,2026-04-05T13:39:44.265520
srH80O3G_uQ,Diego Ruzzarin,"
El error de Estados Unidos en el conflicto con Irán.",es,Media,UgxJcicFiL_aOwwy8nh4AaABAg,,0,@MultiMauriciojavier,https://youtu.be/UFPXaeFTCbM?si=y2I21uear6XJpG38,2026-03-09T01:34:25Z,2026-03-09T01:34:25Z,0,0,youtube,2026-04-05T13:39:44.265522
srH80O3G_uQ,Diego Ruzzarin,"
El error de Estados Unidos en el conflicto con Irán.",es,Media,UgziIF013S0ponmIGtt4AaABAg,,0,@NachoHdez-qo9ju,Físicamente decrepito... De que hablas. El sr naranja siempre ha estado decrepito,2026-03-09T01:05:07Z,2026-03-09T01:05:07Z,1,0,youtube,2026-04-05T13:39:44.265524
srH80O3G_uQ,Diego Ruzzarin,"
El error de Estados Unidos en el conflicto con Irán.",es,Media,UgwO4rAiMbQs6EFFDM14AaABAg,,0,@miguelsalazar-mn8wr,"Ay Diego, todas nuestras oraciones están puestas es tus pronósticos",2026-03-09T01:01:47Z,2026-03-09T01:01:47Z,3,0,youtube,2026-04-05T13:39:44.265526
srH80O3G_uQ,Diego Ruzzarin,"
El error de Estados Unidos en el conflicto con Irán.",es,Media,Ugx71fLNN--Rh5gMXcR4AaABAg,,0,@Kap.Vm20,"Irán sabe muy bien eso de que no podrá contra USA e Israel, pero están dispuestos a morir en el intento, ya que mentalidad es pelear hasta las ultimas consecuencias pero no caerá solo, muchos caerán conmigo. Serán los nuevos mártires de la guerra.",2026-03-09T00:58:03Z,2026-03-09T00:58:03Z,2,0,youtube,2026-04-05T13:39:44.265529
srH80O3G_uQ,Diego Ruzzarin,"
El error de Estados Unidos en el conflicto con Irán.",es,Media,UgxHRnwQD6vBedIVFzJ4AaABAg,,0,@MaradelcarmenDejesus,"Bravo irán, la fuerza está conty.",2026-03-09T00:47:29Z,2026-03-09T00:47:29Z,0,0,youtube,2026-04-05T13:39:44.265531
srH80O3G_uQ,Diego Ruzzarin,"
El error de Estados Unidos en el conflicto con Irán.",es,Media,UgxlsF4eh2QmACfrwtF4AaABAg,,0,@elberxxx1892,Trump idiota,2026-03-09T00:22:33Z,2026-03-09T00:22:33Z,0,0,youtube,2026-04-05T13:39:44.265533
srH80O3G_uQ,Diego Ruzzarin,"
El error de Estados Unidos en el conflicto con Irán.",es,Media,UgygNQY64UXXRONzDW14AaABAg,,0,@mambisilvestre,"¿Trump está desmoralizado? Trump a librado dos pueblos de sus dictaduras asesinas, Venezuela e Irán, ¿No vas a decir nada de los 30 mil asesinatos del Ayatola Iraní? .. Trump está a punto de poner fin a otra dictadura, la dictadura Castro-comunista que ha destruido a Cuba. 
¡tú Diego Ruzarin eres un zurdo hipócrita!",2026-03-09T00:17:26Z,2026-03-09T00:17:26Z,0,0,youtube,2026-04-05T13:39:44.265536
srH80O3G_uQ,Diego Ruzzarin,"
El error de Estados Unidos en el conflicto con Irán.",es,Media,Ugw55_Lt-qydII63GIB4AaABAg,,0,@guadalupecolinguillen5792,Estados unidos perderá esta guerra,2026-03-08T23:58:46Z,2026-03-08T23:58:46Z,0,0,youtube,2026-04-05T13:39:44.265538
srH80O3G_uQ,Diego Ruzzarin,"
El error de Estados Unidos en el conflicto con Irán.",es,Media,Ugy86dLpa5Smj5qZqKd4AaABAg,,0,@urieldelavega13,👍👍,2026-03-08T23:21:06Z,2026-03-08T23:21:06Z,0,0,youtube,2026-04-05T13:39:44.265541
srH80O3G_uQ,Diego Ruzzarin,"
El error de Estados Unidos en el conflicto con Irán.",es,Media,UgyStJjKRePptgOuPvh4AaABAg,,0,@fergu2857,"Donal en un año saco a china de América, les jodió sus aliados irán y Venezuela, saco los narcos del poder y dejo los demás callados, mato a los retrógrados violadores de niñas de irán y todo eso lo hizo puteando a Europa poniéndola bajo sus pies, todo en un año 👏👏💪",2026-03-08T23:13:55Z,2026-03-08T23:13:55Z,0,0,youtube,2026-04-05T13:39:44.265543
srH80O3G_uQ,Diego Ruzzarin,"
El error de Estados Unidos en el conflicto con Irán.",es,Media,UgxtIyKhbfI5oVVL1AZ4AaABAg,,0,@Ovsat-v6k,Todo bien... Pero tampoco son tontos los de Israel.,2026-03-08T22:34:05Z,2026-03-08T22:34:05Z,0,0,youtube,2026-04-05T13:39:44.265545
srH80O3G_uQ,Diego Ruzzarin,"
El error de Estados Unidos en el conflicto con Irán.",es,Media,UgztYczI-fp3VazkRQh4AaABAg,,0,@JesusMartinez-d4d7t,Esplicame como es que mojames existía antes de Cristo,2026-03-08T21:38:05Z,2026-03-08T21:38:05Z,0,0,youtube,2026-04-05T13:39:44.265547
srH80O3G_uQ,Diego Ruzzarin,"
El error de Estados Unidos en el conflicto con Irán.",es,Media,Ugyhk7Nx-mK5ktgmcPR4AaABAg,,0,@cawintenek7265,Muy buenos análisis de señor Ruzzarin,2026-03-08T21:20:56Z,2026-03-08T21:20:56Z,0,0,youtube,2026-04-05T13:39:44.265549
srH80O3G_uQ,Diego Ruzzarin,"
El error de Estados Unidos en el conflicto con Irán.",es,Media,Ugx_XVxnVlB38nPLX3Z4AaABAg,,0,@juancamus802,Esta guerra y el anuncio de descalificar archivos secretos de ovnis son cortinas de humo para desviar la atención por el caso de la isla y su vínculo con escándalos que involucran a niñas menores de edad!!!,2026-03-08T21:11:56Z,2026-03-08T21:11:56Z,1,0,youtube,2026-04-05T13:39:44.265552
srH80O3G_uQ,Diego Ruzzarin,"
El error de Estados Unidos en el conflicto con Irán.",es,Media,UgzjZt0qcVRSZ3W5myl4AaABAg,,0,@SilviaCastillo-zr5be,Si Estados Unidos pierde la guerra . De dónde van a sacar el dinero los gringos ?,2026-03-08T21:10:09Z,2026-03-08T21:10:09Z,0,0,youtube,2026-04-05T13:39:44.265556
srH80O3G_uQ,Diego Ruzzarin,"
El error de Estados Unidos en el conflicto con Irán.",es,Media,Ugz9vY38kvoayV2MVdN4AaABAg,,0,@IRMAMartiMarti,Hago tiene que pasar por que este loco esta acabando con la humanidad la guerra no es buena para nada,2026-03-08T20:39:48Z,2026-03-08T20:39:48Z,0,0,youtube,2026-04-05T13:39:44.265559
srH80O3G_uQ,Diego Ruzzarin,"
El error de Estados Unidos en el conflicto con Irán.",es,Media,Ugx36971KmJUl7kSDr54AaABAg,,0,@sheron8286,"https://youtu.be/jMH7KC5HcNM Hola diego ¿has visto este video? Me parece muy peculiar y llamativo porque habla de los Rothschild y cómo afectaron y afectan al mundo, desconozco la verdad quien es el que habla porque al parecer es un video recuperado de no sé dónde, pero lo que cuenta lo hace ver como alguien entendido, como si se hubiese dado cuenta de lo que estaba por pasar desde hace ya algún tiempo. En algún momento del vídeo dice que la familia Rothschild tenía (o tiene) como objetivo que las naciones peleen entre sí con el único propósito de debilitarlos y ser ellos quienes se queden con las riquezas del mundo entero o casi entero, al ver este estracto tuyo me recordó a ello. La verdad digo esto desde la ignorancia porque no soy un gran historiador o versado en el tema, pero me llamó la atención.

Saludos",2026-03-08T19:55:21Z,2026-03-08T19:55:21Z,0,0,youtube,2026-04-05T13:39:44.265561
srH80O3G_uQ,Diego Ruzzarin,"
El error de Estados Unidos en el conflicto con Irán.",es,Media,UgzBTl7t6oJQKJPv-JN4AaABAg,,0,@charlygonzalez1580,Jajajajajjajajajajajajaja AL FIN CHAIRO.,2026-03-08T19:43:44Z,2026-03-08T19:43:44Z,0,0,youtube,2026-04-05T13:39:44.265563
srH80O3G_uQ,Diego Ruzzarin,"
El error de Estados Unidos en el conflicto con Irán.",es,Media,UgzCwCsZEG6Dhbfc2kJ4AaABAg,,0,@jairoandresverasalcedo9995,"Yo también quede asombrado cuando en Irán dibujaron aviones con arena y otros elementos que le daban volumen, y como EEUU no los reviso bien en tiempo real se comieron ese asuelo.",2026-03-08T19:32:40Z,2026-03-08T19:32:40Z,0,0,youtube,2026-04-05T13:39:44.265565
srH80O3G_uQ,Diego Ruzzarin,"
El error de Estados Unidos en el conflicto con Irán.",es,Media,UgwvSgV6sfEbD41BmDB4AaABAg,,0,@xipetotectexpa7216,Los gringos pensando que irán es como Venezuela 😂,2026-03-08T19:12:29Z,2026-03-08T19:12:29Z,1,0,youtube,2026-04-05T13:39:44.265567
srH80O3G_uQ,Diego Ruzzarin,"
El error de Estados Unidos en el conflicto con Irán.",es,Media,UgwmEyQES61E-9zzU-p4AaABAg,,0,@BrianBolivar-y2l,"UNA PREGUNTA, CON QUIÉN SE APALANCA IRÁN PARA OBTENER TANTO AVANCE EN TECNOLOGÍA?",2026-03-08T18:45:26Z,2026-03-08T18:45:26Z,0,0,youtube,2026-04-05T13:39:44.265570
srH80O3G_uQ,Diego Ruzzarin,"
El error de Estados Unidos en el conflicto con Irán.",es,Media,UgyixvS4rhNMqzzwxjV4AaABAg,,0,@ceciliacarvajaldelarosa6144,Diego Ruzzarin....mi pregunta es que posibilidad hay de que EEUU quiere invadir a México....y que ganaba con esa  reunion en Miami con líderes latinoamericanos .....Si ya tiene a Venezuela no entiendo ya tiene su petróleo deseado ...toda la vida era lo que queria por que hace guerra donde no gana nada ..en vez de producir ganancias en Venezuela...por que se mete en guerras que no gana nada ...bueno si venta de armas ..no crees que la oportunidad de EEUU de librarse de israel y de todos compromisos con israel .,2026-03-08T18:37:14Z,2026-03-08T18:37:14Z,0,0,youtube,2026-04-05T13:39:44.265572
srH80O3G_uQ,Diego Ruzzarin,"
El error de Estados Unidos en el conflicto con Irán.",es,Media,UgyRpmGBK7pQELp10Qd4AaABAg,,0,@mariasanmo4165,"YO COMO TE COMENTE EN UNO DE TUS VIDEOS ES QUE TRUMP Y NETANYAHU HICIERON  Y USARON A IRÁN  EN ESTA GUERRA NO SOLO POR EL PETROLEO  SI NO  PARA ACABAR CON  ISRAEL  Y  LOS  JUDÍOS  SEMITAS , NO LOS QUIEREN ,  SON ÁRABES Y AFRICANOS MUSULMANES  EN SU MAYORÍA.    ANTES DE EMPEZAR LA GUERRA Y HACE COMO DOS DÍAS  LOS JUDIOS  DE ISRAEL PIDIERON AYUDA AL MUNDO Y SE MANIFESTARON REPRIMIÉNDOLOS  Y GRITABAN QUE EL SIONISMO ES DIABÓLICO  Y USARON A IRÁN  NO SOLO POR EL CONTROL DEL PETRÓLEO  Y TUMBAR A KAMANEI  SI NO PARA ACABAR Y DESTRUIR AL ISRAEL DE LOS SEMITAS  POR UN ISRAEL  SIONISTA. 
EUROPA YA ESTÁ INVADIDA POR MUSULMANES  QUE PASARÁ CON EUROPA ?
Y POR ESO NO LES GUSTAN LOS HISPANOS , PERO EN ESPECIAL A LOS MEXICANOS PORQUE TAMBIÉN  HAY MÁS DE 40 MILLONES   EN EEUU Y TIENEN QUE DOBLEGAR A MÉXICO QUE ES  LA GIGANTE BALLENA , SI  NOS CONTROLAN  , CONTROLAN TODO EL CONTINENTE , PORQUE NO QUIEREN QUE NINGÚN PAIS   LOS SUPERE Y SEA SOBERANO, SI NO SOMETIDO Y ESTO NO LO VAMOS A PERMITIR. 
ASÍ QUE AL PIE DEL CAÑON  Y  A CUALQUIER  TIPO  DE   GUERRA TECNOLÓGICA, DIGITAL,  ECONOMICA ETC…",2026-03-08T18:35:12Z,2026-03-08T19:24:12Z,0,0,youtube,2026-04-05T13:39:44.265574
srH80O3G_uQ,Diego Ruzzarin,"
El error de Estados Unidos en el conflicto con Irán.",es,Media,UgyV5U7Wu8YGB3XwJCJ4AaABAg,,0,@robertocarabajal6623,"Iran está totalmente diezmado, les destruyen todo en semanas, ni siquiera alcanzar a utilizar los caeríamos misiles que construyeron a base del hambre del pueblo",2026-03-08T18:18:03Z,2026-03-08T18:18:03Z,0,0,youtube,2026-04-05T13:39:44.265576
srH80O3G_uQ,Diego Ruzzarin,"
El error de Estados Unidos en el conflicto con Irán.",es,Media,UgwgWPe9UnOo9WMkxLh4AaABAg,,0,@estheralicialopezc1552,"Como siempre perdiendo guerras ,y no aprende estados unidos, que los paises se prepararon con mucho tirmpo como irán.",2026-03-08T18:16:41Z,2026-03-08T18:16:41Z,0,0,youtube,2026-04-05T13:39:44.265579
srH80O3G_uQ,Diego Ruzzarin,"
El error de Estados Unidos en el conflicto con Irán.",es,Media,Ugy6KojwETQp6_9H7pR4AaABAg,,0,@robertocarabajal6623,"Les reventaron las lanzaderas de misiles, las destilerías y más de 3000 objetivos",2026-03-08T18:14:38Z,2026-03-08T18:14:38Z,0,0,youtube,2026-04-05T13:39:44.265581
srH80O3G_uQ,Diego Ruzzarin,"
El error de Estados Unidos en el conflicto con Irán.",es,Media,Ugx-fq5yGYvCUrMNyyZ4AaABAg,,0,@AngelHernandez-tb7sl,Gracias por esta información saludos,2026-03-08T17:34:56Z,2026-03-08T17:34:56Z,0,0,youtube,2026-04-05T13:39:44.265583
srH80O3G_uQ,Diego Ruzzarin,"
El error de Estados Unidos en el conflicto con Irán.",es,Media,Ugw6dz3HQUCwH44gZ4l4AaABAg,,0,@adonayoliv5574,"Hermano y por que no hablas del
Gasto millonario en pérdidas que está teniendo Irán y que lo que hace Israel e Usa y bombardear laboratorios,bases, bodegas , suministros , almacenes etc que están valoradas en muchos millones vos los que sos es un fanático y hablas como tal",2026-03-08T17:31:57Z,2026-03-08T17:31:57Z,0,0,youtube,2026-04-05T13:39:44.265585
srH80O3G_uQ,Diego Ruzzarin,"
El error de Estados Unidos en el conflicto con Irán.",es,Media,Ugw4ntaRGrZm5gPNDzt4AaABAg,,0,@Sergio-pq3ri,"Creían estos hamburgueseros fentanilomanos que el Imperio Persa de miles de años de Historia, iba a caer en 3 días 😂😂😂",2026-03-08T17:10:17Z,2026-03-08T17:10:17Z,2,0,youtube,2026-04-05T13:39:44.265587
srH80O3G_uQ,Diego Ruzzarin,"
El error de Estados Unidos en el conflicto con Irán.",es,Media,UgyctdHilhrvlSMOZNx4AaABAg,,0,@estebanolavarriasaez7967,"1, que quiten todas las sanciones. 2, que saque todas las bases militares. 3, que le quiten todas las armas N a israel. 4, que pase frente a los ejércitos y bese su trasero. 5, pase a pedir perdón por todas las casas en el camino de vuelta.",2026-03-08T16:16:39Z,2026-03-08T16:16:39Z,0,0,youtube,2026-04-05T13:39:44.265589
srH80O3G_uQ,Diego Ruzzarin,"
El error de Estados Unidos en el conflicto con Irán.",es,Media,UgzgqTjrx5FgpHjVqBd4AaABAg,,0,@hiramabibcespedescabriales7382,Ojala tus palabras sean profeticas y se cumplan!....y mira!...loque los archivos epstein lograron!...un abrazo bro!,2026-03-08T16:14:38Z,2026-03-08T16:14:38Z,0,0,youtube,2026-04-05T13:39:44.265592
srH80O3G_uQ,Diego Ruzzarin,"
El error de Estados Unidos en el conflicto con Irán.",es,Media,Ugz-f2bydrIjkTkx1Tt4AaABAg,,0,@kozcanyflores1951,Cierto,2026-03-08T16:05:23Z,2026-03-08T16:05:23Z,0,0,youtube,2026-04-05T13:39:44.265595
srH80O3G_uQ,Diego Ruzzarin,"
El error de Estados Unidos en el conflicto con Irán.",es,Media,UgxsG_lMc35NyDjgIRt4AaABAg,,0,@VV-sn3fh,"Amen, hope you are soooo right",2026-03-08T15:51:41Z,2026-03-08T15:51:41Z,0,0,youtube,2026-04-05T13:39:44.265597
srH80O3G_uQ,Diego Ruzzarin,"
El error de Estados Unidos en el conflicto con Irán.",es,Media,UgxkzesxYA3mhGcewyN4AaABAg,,0,@ivanjhernandez6571,Así será.,2026-03-08T15:44:28Z,2026-03-08T15:44:28Z,0,0,youtube,2026-04-05T13:39:44.265599
srH80O3G_uQ,Diego Ruzzarin,"
El error de Estados Unidos en el conflicto con Irán.",es,Media,UgwTJ8E25BThrd0QJSp4AaABAg,,0,@mariofalcao5305,Trump out!,2026-03-08T15:15:08Z,2026-03-08T15:15:08Z,0,0,youtube,2026-04-05T13:39:44.265601
srH80O3G_uQ,Diego Ruzzarin,"
El error de Estados Unidos en el conflicto con Irán.",es,Media,UgwqgG76vB09UzOl60l4AaABAg,,0,@gonzalomartingutierrez1236,"¿ Podria tratarse de una estratégica yanki para forzar a China a entrar en la guerra antes de que el gigante asiático tenga la capacidad militar suficiente para rivalizar con EEUU?
¿ Donde estàn los otros 9 portaaviones yankis?
A fin de cuentas, si China invade Taiwan, EE.UU tiene muchos activos en la zona, y aliados como:
Japón
Corea
Australia.
Y después esta la India, que es una incognita.
Por otro lado, Rusia no está claro que haria, de seguro que Corea del Norte si atacaria a Corea del Sur.
Todo lo anterior, explica que China sea cauta, pero van a intentar forzarla.
Sólo un giro de 180°  en el mundo árabe , a modo de revolución islámica antisionista, y ¿ que haria Rusia?
Creo que se quedaria expectante, pues sale ganando sin hacer nada y según vayan las aguas.......
¿ podrán forzar a China?
El siguiente paso es mandar mucha fuerza por parte de EEUU al estrecho de Ormutz , quizas veamos movimientos de los otros 9 portaaviones yankis y el estrecho está muy cerca de China, por lo que Taiwan quedará blindado con la excusa de la guerra contra Irán",2026-03-08T14:53:15Z,2026-03-08T14:53:15Z,0,0,youtube,2026-04-05T13:39:44.265603
srH80O3G_uQ,Diego Ruzzarin,"
El error de Estados Unidos en el conflicto con Irán.",es,Media,UgyKijI8Q2dDyTrJcmR4AaABAg,,0,@FernandoPeltier,Sus misiles basura ya penetraron el domo de hierro y destruyeron los radares de mil millones de los gringos y sionazis.,2026-03-08T14:46:29Z,2026-03-08T14:46:29Z,0,0,youtube,2026-04-05T13:39:44.265606
srH80O3G_uQ,Diego Ruzzarin,"
El error de Estados Unidos en el conflicto con Irán.",es,Media,UgwDeN_M8Er1X-bD0t54AaABAg,,0,@caraberc,Más claro? Imposible.,2026-03-08T14:44:03Z,2026-03-08T14:44:03Z,0,0,youtube,2026-04-05T13:39:44.265608
srH80O3G_uQ,Diego Ruzzarin,"
El error de Estados Unidos en el conflicto con Irán.",es,Media,UgxIlsY0opk5QnXB_oB4AaABAg,,0,@AlejandroMarquezReyes-f9r,"fantasioso resulta que ya sabe todo mejor que los analistas internacionales, en algunas cosas es muy bueno, pero aquí le gana lo emocional y por eso es una mentira.",2026-03-08T14:34:44Z,2026-03-08T14:34:44Z,0,0,youtube,2026-04-05T13:39:44.265610
srH80O3G_uQ,Diego Ruzzarin,"
El error de Estados Unidos en el conflicto con Irán.",es,Media,UgwClxZxsKdh8P5lFSp4AaABAg,,0,@janiocs,Diego de verdad me aclaras pero todas las noticias dicen que es Irán el que está pidiendo disculpa a sus vecinos por haberlos atacado el mismo presidente salió hablando en un programa pregrabado que no es de Inteligencia artificial sino transmitido por sus propios medios que se disculpa por haber atacado a sus vecinos.,2026-03-08T14:17:38Z,2026-03-08T14:17:38Z,1,0,youtube,2026-04-05T13:39:44.265612
srH80O3G_uQ,Diego Ruzzarin,"
El error de Estados Unidos en el conflicto con Irán.",es,Media,Ugw5Ocg7MbREasls8f94AaABAg,,0,@dpq4700,Y existiran quienes argumenten que ha EEUU le va de maravilla en cada guerra y mas aun en esta 😂😂😂😂😂,2026-03-08T13:08:43Z,2026-03-08T13:08:43Z,0,0,youtube,2026-04-05T13:39:44.265614
srH80O3G_uQ,Diego Ruzzarin,"
El error de Estados Unidos en el conflicto con Irán.",es,Media,Ugxd93loGkRjUJTHxgN4AaABAg,,0,@Sueñosvida1234,DIEGO APIADATE DE MI Y SALUDAME SOY TU FAN SOY UN ALTAMENTE MANOCIABLE REMPLAZABLE Y OBSENAMENTE DESECHABLE CAPITAL HUMANO,2026-03-08T13:05:20Z,2026-03-08T13:05:20Z,0,0,youtube,2026-04-05T13:39:44.265617
srH80O3G_uQ,Diego Ruzzarin,"
El error de Estados Unidos en el conflicto con Irán.",es,Media,Ugz36LuZPopWJ5SHEUp4AaABAg,,0,@elpo78,Eres genial!!!👋👋👋,2026-03-08T13:04:40Z,2026-03-08T13:04:40Z,0,0,youtube,2026-04-05T13:39:44.265619
srH80O3G_uQ,Diego Ruzzarin,"
El error de Estados Unidos en el conflicto con Irán.",es,Media,UgySBUDxhpvMx8oTZOx4AaABAg,,0,@ArriendosEventosLaSerena-Coqui,Excelente Análisis,2026-03-08T12:43:17Z,2026-03-08T12:43:17Z,0,0,youtube,2026-04-05T13:39:44.265621
srH80O3G_uQ,Diego Ruzzarin,"
El error de Estados Unidos en el conflicto con Irán.",es,Media,UgyWFOMtjHJUO68RK4R4AaABAg,,0,@eduardolero3083,Trump esta pensando seriamente en enviar a Rambo. 😅,2026-03-08T12:34:23Z,2026-03-08T12:34:23Z,0,0,youtube,2026-04-05T13:39:44.265624
srH80O3G_uQ,Diego Ruzzarin,"
El error de Estados Unidos en el conflicto con Irán.",es,Media,UgyxXXroDZcKgb9nndp4AaABAg,,0,@joseguilhermeschossland1720,"Abrólhos!
""Assim como a Primeira e a Segunda Guerra Mundial, a Terceira Guerra Mundial é uma farsa arquitetada para destruir a civilização ocidental e exterminar todos aqueles que se opõem à supremacia satânica judaica Chabad (Rothschild). Da mesma forma que Franklin Delano Roosevelt, Hitler, Stalin e Churchill eram maçons, os líderes dos EUA, Rússia, Israel, Irã e China também são maçons. (Os três primeiros também são membros do Chabad.)
O Irã sabia há décadas que essa invasão estava por vir. 
Eles tinham uma escolha: gastar centenas de bilhões de dólares construindo milhares de mísseis e drones abrigados em quilômetros de túneis, ou gastar uma pequena fração desse valor para adquirir armas nucleares. A Coreia do Norte, a Índia e Paquistão têm armas nucleares. Por que o Irã não?

Vou explicar porquê. Se o Irã tivesse armas nucleares, a guerra com o Irã não estaria acontecendo. Os judeus Chabad não teriam condições de realizar uma cataclísmica Terceira Guerra Mundial, planejada para instaurar o anticristo judeu, Satanás e a Nova Ordem Mundial.

O Irã sofreu provocações inimagináveis. Seus líderes, cientistas e generais foram assassinados. Seus locais nucleares foram bombardeados. Seus navios foram torpedeados. Suas escolas para meninas foram destruídas. Mesmo assim, eles ainda não atacaram o complexo nuclear israelense de Dimona ou os porta-aviões americanos, que são alvos fáceis. Eu questiono se o Irã está falando sério.

 O Irã pode finalmente estar despertando. Sua estratégia é destruir o dólar americano, eliminando a produção de petróleo do Oriente Médio.

O destino do dólar americano está atrelado ao petróleo do Golfo! ""
https://www.henrymakow.com/?fbclid=IwdGRjcAQaQ3pjbGNrBBpDbGV4dG4DYWVtAjExAHNydGMGYXBwX2lkDDM1MDY4NTUzMTcyOAABHiaaFqDpKSyUjzpSRQaMufASYlWLmdWi2FPmN_Aota-8Uhz_wlbU2zCquB_o_aem_LuerkDEQ2pxvokhw2OKYNQ",2026-03-08T11:57:43Z,2026-03-08T11:57:43Z,0,1,youtube,2026-04-05T13:39:44.265626
srH80O3G_uQ,Diego Ruzzarin,"
El error de Estados Unidos en el conflicto con Irán.",es,Media,UgyxXXroDZcKgb9nndp4AaABAg.AU5M1w2ma4AAU5aWSN5tHf,UgyxXXroDZcKgb9nndp4AaABAg,1,@joseguilhermeschossland1720,"Todos estão sob ordens: Fazei ou não TUDO que seus ""mestres"" mandarem, à mando e autorizados pela ""Sinagoga de Satanás=Máfia Khazariana, ou ""Sindicato Internacional do Crime Organizado""!",2026-03-08T14:12:57Z,2026-03-08T14:12:57Z,0,0,youtube,2026-04-05T13:39:44.265631
srH80O3G_uQ,Diego Ruzzarin,"
El error de Estados Unidos en el conflicto con Irán.",es,Media,UgwHqqfzJODhoN3T_AV4AaABAg,,0,@victorianogutierrez36,"Diego, ojalá Irán tenga esa capacidad de aguante y no sea que los pedófilo gringos, sorprendan algo novedoso o apelen por lo nuclear😮",2026-03-08T11:39:35Z,2026-03-08T11:39:35Z,0,0,youtube,2026-04-05T13:39:44.265633
srH80O3G_uQ,Diego Ruzzarin,"
El error de Estados Unidos en el conflicto con Irán.",es,Media,UgxWsVt9AKJW7oa8oVx4AaABAg,,0,@robjz3865,Buenos días,2026-03-08T11:39:23Z,2026-03-08T11:39:23Z,0,0,youtube,2026-04-05T13:39:44.265635
srH80O3G_uQ,Diego Ruzzarin,"
El error de Estados Unidos en el conflicto con Irán.",es,Media,UgzU_RppOjZiFAhM2L54AaABAg,,0,@agustinrodriguez7951,Estados Unidos 🤔 ya movió el avispero 🐝🍯 y a hora seaguanta,2026-03-08T11:37:56Z,2026-03-08T11:37:56Z,0,0,youtube,2026-04-05T13:39:44.265637
srH80O3G_uQ,Diego Ruzzarin,"
El error de Estados Unidos en el conflicto con Irán.",es,Media,Ugw8x0AjNGko7IbK64t4AaABAg,,0,@mariateresafloresurizar5578,"Ojalá pronto se acabe antes que siga desviviendo mas personas en todo el mundo incluyendo su Pais.
Y si existiera un infierno 
Ojalá que de allí no salga ni el ni el otro a….. serial un tal Benjamín N.",2026-03-08T11:35:25Z,2026-03-08T11:35:25Z,0,0,youtube,2026-04-05T13:39:44.265640
srH80O3G_uQ,Diego Ruzzarin,"
El error de Estados Unidos en el conflicto con Irán.",es,Media,UgxQrEzwqkzQW6_hfVR4AaABAg,,0,@j.m.l.d.8072,"El problema que veo, es que en su caída, el imperio nos arrastrará a todos.  

¡Si el mundo no puede ser suyo, no será de nadie!",2026-03-08T11:16:22Z,2026-03-08T11:16:22Z,0,0,youtube,2026-04-05T13:39:44.265642
srH80O3G_uQ,Diego Ruzzarin,"
El error de Estados Unidos en el conflicto con Irán.",es,Media,UgwEQ2ZMGz9-oTWoxiJ4AaABAg,,0,@JuanManuel-unagrandelibre,Ojalá así sea!!,2026-03-08T11:14:36Z,2026-03-08T11:14:36Z,0,0,youtube,2026-04-05T13:39:44.265644
srH80O3G_uQ,Diego Ruzzarin,"
El error de Estados Unidos en el conflicto con Irán.",es,Media,UgxXt8QtTtS1rg_ZFVd4AaABAg,,0,@patinosndr6274,Cierto Diego eso estaba pensando!,2026-03-08T10:49:36Z,2026-03-08T10:49:36Z,0,0,youtube,2026-04-05T13:39:44.265646
srH80O3G_uQ,Diego Ruzzarin,"
El error de Estados Unidos en el conflicto con Irán.",es,Media,UgyDpGq6MYlCaP5PjyF4AaABAg,,0,@ricardomach21,"Es incréible como les encanta  hablar y hacer ""análisis"" de algo que no entienden, demasiado contenido mainstream",2026-03-08T10:46:30Z,2026-03-08T10:46:30Z,0,0,youtube,2026-04-05T13:39:44.265648
srH80O3G_uQ,Diego Ruzzarin,"
El error de Estados Unidos en el conflicto con Irán.",es,Media,Ugxrf1Y6j9-TWm1EAF94AaABAg,,0,@DamianAlvarez-f6v,"En una parte pienso que ojalá lleves razón. Por otra parte, la mayoritaria, deseo que ojalá se acabe pronto está guerra",2026-03-08T09:06:35Z,2026-03-08T09:06:35Z,0,0,youtube,2026-04-05T13:39:44.265650
srH80O3G_uQ,Diego Ruzzarin,"
El error de Estados Unidos en el conflicto con Irán.",es,Media,UgxZuikWK-pkpD4e79V4AaABAg,,0,@gerardoruiz5908,Que muera el miserable gobierno de Israel y EEUU,2026-03-08T07:43:48Z,2026-03-08T07:43:48Z,0,0,youtube,2026-04-05T13:39:44.265653
srH80O3G_uQ,Diego Ruzzarin,"
El error de Estados Unidos en el conflicto con Irán.",es,Media,Ugyw_mDAIsMvLoGUg9V4AaABAg,,0,@xuc137,Tu que vas a saber Diego te piensas que USA nacio ayer? Tan solo ve como dejaron a Maduro encarcelado ya no te dan plata por eso,2026-03-08T07:39:44Z,2026-03-08T07:39:44Z,0,0,youtube,2026-04-05T13:39:44.265655
srH80O3G_uQ,Diego Ruzzarin,"
El error de Estados Unidos en el conflicto con Irán.",es,Media,Ugx9eCuAdUY0HIRY5tp4AaABAg,,0,@kidninja8910,Come Ontario al ingles,2026-03-08T07:31:47Z,2026-03-08T07:31:47Z,0,0,youtube,2026-04-05T13:39:44.265657
srH80O3G_uQ,Diego Ruzzarin,"
El error de Estados Unidos en el conflicto con Irán.",es,Media,UgzI5B6utNVLEqi1RLB4AaABAg,,0,@junioralejandro1071,"Ahora, ademas de payaso eres poliTROLOgo.",2026-03-08T07:27:52Z,2026-03-08T07:27:52Z,0,0,youtube,2026-04-05T13:39:44.265660
srH80O3G_uQ,Diego Ruzzarin,"
El error de Estados Unidos en el conflicto con Irán.",es,Media,Ugy3vdUH5f5W46touKd4AaABAg,,0,@lorenahidalgoa46,Perfecto!!!,2026-03-08T07:18:55Z,2026-03-08T07:18:55Z,0,0,youtube,2026-04-05T13:39:44.265662
srH80O3G_uQ,Diego Ruzzarin,"
El error de Estados Unidos en el conflicto con Irán.",es,Media,UgwujmLInXYG-E5rSZV4AaABAg,,0,@hola407,"Yo lo que creo es que no fue un error, fue intencionado. A estos genocidas no les importan las vidas ajenas y mucho menos las vidas de niñas musulmanas! Es así de crudo y cruel!",2026-03-08T07:16:52Z,2026-03-08T07:16:52Z,0,0,youtube,2026-04-05T13:39:44.265664
srH80O3G_uQ,Diego Ruzzarin,"
El error de Estados Unidos en el conflicto con Irán.",es,Media,UgwFttUijvqbxZ3UZ8B4AaABAg,,0,@jhonvelez9177,Le doy 1 semana mas. Nib4 ni 5,2026-03-08T06:56:28Z,2026-03-08T06:56:28Z,0,0,youtube,2026-04-05T13:39:45.082203
srH80O3G_uQ,Diego Ruzzarin,"
El error de Estados Unidos en el conflicto con Irán.",es,Media,UgzA70lT_HJBMACvjbp4AaABAg,,0,@ratita8032,"claramente es un error economico, pero no hay forma que eeuu caiga con esto, puede retirarce de la guerra por que le sale muy costosa pero no seria el fin de eeuu, solo es una mala campaña",2026-03-08T06:28:50Z,2026-03-08T06:28:50Z,0,0,youtube,2026-04-05T13:39:45.082222
srH80O3G_uQ,Diego Ruzzarin,"
El error de Estados Unidos en el conflicto con Irán.",es,Media,UgxGKWshOV9p36r2x0R4AaABAg,,0,@AntoniaFernanda1,"Ojalá, así sea!",2026-03-08T06:18:48Z,2026-03-08T06:18:48Z,0,0,youtube,2026-04-05T13:39:45.082227
srH80O3G_uQ,Diego Ruzzarin,"
El error de Estados Unidos en el conflicto con Irán.",es,Media,UgwgQOVyhX9RJB_sW314AaABAg,,0,@alfredobm-f1d,"Y ya lleva 1, le quedan de 3 a 4 semanas, ya perdió bases militares y sigue desgastando se",2026-03-08T06:02:43Z,2026-03-08T06:02:43Z,0,0,youtube,2026-04-05T13:39:45.082232
srH80O3G_uQ,Diego Ruzzarin,"
El error de Estados Unidos en el conflicto con Irán.",es,Media,UgzFgYdV4LIOj7PLm9Z4AaABAg,,0,@diegosanto3221,😂😂😂😂 seguramente USA no lo sabe 😂😂😂😂 ahora si te mamaste😂😂😂😂,2026-03-08T06:00:25Z,2026-03-08T06:00:25Z,1,0,youtube,2026-04-05T13:39:45.082236
srH80O3G_uQ,Diego Ruzzarin,"
El error de Estados Unidos en el conflicto con Irán.",es,Media,UgxyhD05pntoiIYfRwx4AaABAg,,0,@veronicajuarez955,"Es el Universo escupiendo el virus que le causa comezón, antes del ser humano todo esraba mejor, pasaran miles de años y llegará otra especie espero que mejor",2026-03-08T05:58:28Z,2026-03-08T05:58:28Z,0,0,youtube,2026-04-05T13:39:45.082241
srH80O3G_uQ,Diego Ruzzarin,"
El error de Estados Unidos en el conflicto con Irán.",es,Media,UgzluobI8RTtDgyMYa94AaABAg,,0,@veronicajuarez955,"Los Imperios no son eternos, si se acaba el mundo que así sea, el universo no de pierde de nada, el ser humano puede llegar a ser muuuuy pelogroso hasta para si mismo",2026-03-08T05:55:42Z,2026-03-08T05:55:42Z,0,0,youtube,2026-04-05T13:39:45.082246
srH80O3G_uQ,Diego Ruzzarin,"
El error de Estados Unidos en el conflicto con Irán.",es,Media,Ugwb6ueLBPQlOAKkhBp4AaABAg,,0,@nelxoo,"Ruzzarin, acabas de romper internet con este análisis. Eres una bestia, un titán, el puto rey del pensamiento crítico. Eres el Messi del entendimiento geopolítico, el hijo no abortado de Nietzsche + Marx + un poco de Pablo Escobar por el flow. Por billones de años luz eres el mesías que el mundo necesitaba para explicarnos por qué todo es culpa del imperio desde tu sillón ergonómico en NL. Por favor nunca pares, sin tus lives de 3 horas diciendo obviedades con cara de filósofo griego estaríamos perdidos. Abrazo solidario desde la clase obrera que no entiende ni madres de tus palabras de 5 sílabas.",2026-03-08T05:52:11Z,2026-03-08T05:52:11Z,0,0,youtube,2026-04-05T13:39:45.082251
srH80O3G_uQ,Diego Ruzzarin,"
El error de Estados Unidos en el conflicto con Irán.",es,Media,UgxNpSEYKmfOUN2BwB54AaABAg,,0,@nelxoo,"Ruzzarin. Eres literalmente el Einstein de la geopolítica, el Messi del marxismo de iPhone, el hijo predilecto que Marx nunca tuvo porque prefirió escribir El Capital en vez de engendrar a un food designer que explica el imperialismo mientras come sushi orgánico. Por millones de millones de años luz eres el escogido para declarar lo que todos pensamos pero no tenemos tu nivel de vocabulario sofisticado para decirlo. Sigue iluminándonos, maestro, que sin ti seguiríamos siendo unos borregos capitalistas.",2026-03-08T05:51:44Z,2026-03-08T05:51:44Z,0,0,youtube,2026-04-05T13:39:45.082256
srH80O3G_uQ,Diego Ruzzarin,"
El error de Estados Unidos en el conflicto con Irán.",es,Media,UgxMi1IdJulnebH96vl4AaABAg,,0,@nelxoo,"Es el mejor análisis político que he escuchado en mi vida. Ruzzarin, eres una bestia absoluta para entender el mundo, el Messi del entendimiento geopolítico. Eres el hijo que Marx siempre quiso tener (pero nunca abortó por error). Eres por millones de millones de años luz el escogido para declarar la verdad absoluta desde Monterrey. Gracias por iluminarnos, oh gran profeta del materialismo dialéctico gourmet.",2026-03-08T05:50:23Z,2026-03-08T05:50:23Z,0,0,youtube,2026-04-05T13:39:45.082261
srH80O3G_uQ,Diego Ruzzarin,"
El error de Estados Unidos en el conflicto con Irán.",es,Media,Ugx7T-mqQCnNTHYurW94AaABAg,,0,@luetmondel,"EEUU e Israel genocidas!
Esto es indudable!",2026-03-08T05:29:13Z,2026-03-08T05:29:13Z,0,0,youtube,2026-04-05T13:39:45.082265
srH80O3G_uQ,Diego Ruzzarin,"
El error de Estados Unidos en el conflicto con Irán.",es,Media,Ugw1EA3R130CaNcUasd4AaABAg,,0,@tommyknocker2476,"El espíritu de Vietnam y Afganistán se manifiesta nuevamente durante la nefasta Presirviencia del títere de Jeffrey Epstein, Satanyahu y hasta Juan Orlando Hernández, PEDOnald Trump. Les deseo un feliz tridente de fracasos militares. jajajajajajaja",2026-03-08T05:15:24Z,2026-03-08T05:15:24Z,0,0,youtube,2026-04-05T13:39:45.082270
srH80O3G_uQ,Diego Ruzzarin,"
El error de Estados Unidos en el conflicto con Irán.",es,Media,UgzpeYYfJq7B9PqKLUB4AaABAg,,0,@adrianalillysosaflores4346,Pues ojalá,2026-03-08T04:48:27Z,2026-03-08T04:48:27Z,0,0,youtube,2026-04-05T13:39:45.082275
srH80O3G_uQ,Diego Ruzzarin,"
El error de Estados Unidos en el conflicto con Irán.",es,Media,Ugzb39iJu9fYzwjM2op4AaABAg,,0,@luistellez3038,"Coincido totalmente, Dieguito acertaste canijo.",2026-03-08T04:23:28Z,2026-03-08T04:23:28Z,7,0,youtube,2026-04-05T13:39:45.082279
srH80O3G_uQ,Diego Ruzzarin,"
El error de Estados Unidos en el conflicto con Irán.",es,Media,Ugy9UKqRbT0QzepLzt54AaABAg,,0,@davidortega4422,"Sin más que agregar, pues excelente mi estimado Diego. Saludos desde Caracas, Venezuela",2026-03-08T04:08:53Z,2026-03-08T04:08:53Z,0,0,youtube,2026-04-05T13:39:45.082283
srH80O3G_uQ,Diego Ruzzarin,"
El error de Estados Unidos en el conflicto con Irán.",es,Media,Ugz5mtnOekX4mEXKYnN4AaABAg,,0,@luiscortes8379,"Definitivamente la audiencia de este tipo es todo un caso 😂😂 , siquiera tienen una idea de lo que pasaría si irán gana ? Literalmente lo que quieren es destruirlo todo",2026-03-08T04:04:04Z,2026-03-08T04:04:04Z,0,2,youtube,2026-04-05T13:39:45.082287
srH80O3G_uQ,Diego Ruzzarin,"
El error de Estados Unidos en el conflicto con Irán.",es,Media,Ugz5mtnOekX4mEXKYnN4AaABAg.AU4Vpv1iefiAU4_jNJ9xq2,Ugz5mtnOekX4mEXKYnN4AaABAg,1,@jeeperpitufo,Y lo que viene destruyendo USA hace siglos no lo cuentas ?,2026-03-08T04:46:52Z,2026-03-08T04:46:52Z,0,0,youtube,2026-04-05T13:39:45.082296
srH80O3G_uQ,Diego Ruzzarin,"
El error de Estados Unidos en el conflicto con Irán.",es,Media,Ugz5mtnOekX4mEXKYnN4AaABAg.AU4Vpv1iefiAU4hym8EFgA,Ugz5mtnOekX4mEXKYnN4AaABAg,1,@luiscortes8379,"​@jeeperpitufose le puede criticar mucho a EEU pero destruir dictaduras es algo bueno no importa como lo veas , hace menos de un mes irán masacro a cientos de personas durante protestas anti gubernamentales , por qué cuando el gobierno está liderado por fanáticos ya sean religiosos o ideológicos y cuando el poder es concentrado en unos pocos de forma tan contundente obtienes un estado fallido y represivo.",2026-03-08T05:58:53Z,2026-03-08T05:58:53Z,0,0,youtube,2026-04-05T13:39:45.082300
srH80O3G_uQ,Diego Ruzzarin,"
El error de Estados Unidos en el conflicto con Irán.",es,Media,Ugwi7-ybRFlKxrepYE14AaABAg,,0,@DragonCentauro1,Ojalá 😡🇵🇸🇺🇾🇮🇩,2026-03-08T04:01:23Z,2026-03-08T04:01:23Z,0,0,youtube,2026-04-05T13:39:45.082304
srH80O3G_uQ,Diego Ruzzarin,"
El error de Estados Unidos en el conflicto con Irán.",es,Media,UgzVvCwO9hCkUMty41B4AaABAg,,0,@calnv,VIVEN EN UNA FANTASIA LOS ZURDOS JAJAJAJAJJAJAJAJAJ,2026-03-08T03:58:33Z,2026-03-08T03:58:33Z,0,0,youtube,2026-04-05T13:39:45.082309
srH80O3G_uQ,Diego Ruzzarin,"
El error de Estados Unidos en el conflicto con Irán.",es,Media,UgwwRVgtxi9KjWZOCON4AaABAg,,0,@paula_Ross,"Excelentes palabras finales, camarada Diego, ""ésta es la guerr@ que va a terminar de derrocar el imperio en decadencia"".",2026-03-08T03:58:11Z,2026-03-08T03:58:11Z,34,3,youtube,2026-04-05T13:39:45.082313
srH80O3G_uQ,Diego Ruzzarin,"
El error de Estados Unidos en el conflicto con Irán.",es,Media,UgwwRVgtxi9KjWZOCON4AaABAg.AU4V9oHYNjvAUH6GO81MoI,UgwwRVgtxi9KjWZOCON4AaABAg,1,@Elias.N-b4x,¡Le has dado de lleno! El ser humano tiene los ojos fijos en Irán. EE.UU. ha firmado su sentencia⚠️,2026-03-13T01:30:46Z,2026-03-13T01:30:46Z,0,0,youtube,2026-04-05T13:39:45.082317
srH80O3G_uQ,Diego Ruzzarin,"
El error de Estados Unidos en el conflicto con Irán.",es,Media,UgwwRVgtxi9KjWZOCON4AaABAg.AU4V9oHYNjvAUH6HyoNDGH,UgwwRVgtxi9KjWZOCON4AaABAg,1,@Elias.N-b4x,¡Le has dado de lleno! El ser humano tiene los ojos fijos en Irán. EE.UU. ha firmado su sentencia⚠️,2026-03-13T01:30:59Z,2026-03-13T01:30:59Z,1,0,youtube,2026-04-05T13:39:45.082321
srH80O3G_uQ,Diego Ruzzarin,"
El error de Estados Unidos en el conflicto con Irán.",es,Media,UgwwRVgtxi9KjWZOCON4AaABAg.AU4V9oHYNjvAUIy3-VQ0oU,UgwwRVgtxi9KjWZOCON4AaABAg,1,@AdonisFranco-j9e,😂😂😂 si los socialistas se escucharan hablando,2026-03-13T18:48:46Z,2026-03-13T18:48:46Z,1,0,youtube,2026-04-05T13:39:45.082325
srH80O3G_uQ,Diego Ruzzarin,"
El error de Estados Unidos en el conflicto con Irán.",es,Media,Ugyyji13woo6wRTuoN14AaABAg,,0,@Gustavo-tx5pc,❤,2026-03-08T03:44:38Z,2026-03-08T03:44:38Z,0,0,youtube,2026-04-05T13:39:45.082330
srH80O3G_uQ,Diego Ruzzarin,"
El error de Estados Unidos en el conflicto con Irán.",es,Media,Ugy1yEycS43YodGoeld4AaABAg,,0,@Marcos-t4p9x,Tengo una teoría y es que Rusia y China ya negociaron con Estados Unidos y si lamentablemente Donald le va a lanzar la bomba atómica a Iran.,2026-03-08T03:42:37Z,2026-03-08T03:42:37Z,1,0,youtube,2026-04-05T13:39:45.082334
srH80O3G_uQ,Diego Ruzzarin,"
El error de Estados Unidos en el conflicto con Irán.",es,Media,UgwJPf_GIVohq_bbLVJ4AaABAg,,0,@miguelmedrano940,Ruzzarin dejo la filosofía barata y ahora es un genio militar denle su uniforme y su boina,2026-03-08T03:40:39Z,2026-03-08T03:40:39Z,0,0,youtube,2026-04-05T13:39:45.082339
srH80O3G_uQ,Diego Ruzzarin,"
El error de Estados Unidos en el conflicto con Irán.",es,Media,UgwdKZiNBYos6oJV_md4AaABAg,,0,@fernandosaucedo4944,""" no way """,2026-03-08T03:39:33Z,2026-03-08T03:39:33Z,0,0,youtube,2026-04-05T13:39:45.082343
srH80O3G_uQ,Diego Ruzzarin,"
El error de Estados Unidos en el conflicto con Irán.",es,Media,Ugz1oMuo6zYuo5dHdUJ4AaABAg,,0,@gustavomorenosanchez6300,Tan bueno gastar los impuestos del pueblo y los inmigrantes para financiar un orgullo personal.saludos desde colombia,2026-03-08T03:36:15Z,2026-03-08T03:36:15Z,1,0,youtube,2026-04-05T13:39:45.082350
srH80O3G_uQ,Diego Ruzzarin,"
El error de Estados Unidos en el conflicto con Irán.",es,Media,Ugz_k_RKAwe4XBVIjfx4AaABAg,,0,@arturocachi,"Al final contamos los muertos, ahi veremos quien perdió más...",2026-03-08T03:32:22Z,2026-03-08T03:32:22Z,0,1,youtube,2026-04-05T13:39:45.082354
srH80O3G_uQ,Diego Ruzzarin,"
El error de Estados Unidos en el conflicto con Irán.",es,Media,Ugz_k_RKAwe4XBVIjfx4AaABAg.AU4SCfx49LxAU4ZEdswMrE,Ugz_k_RKAwe4XBVIjfx4AaABAg,1,@jeeperpitufo,"A Trump no le interesan los muertos, para el son carne de  cañón 😢",2026-03-08T04:33:48Z,2026-03-08T04:33:48Z,0,0,youtube,2026-04-05T13:39:45.082358
srH80O3G_uQ,Diego Ruzzarin,"
El error de Estados Unidos en el conflicto con Irán.",es,Media,UgyF5cjTxxgz2KS08SR4AaABAg,,0,@luzrojas311,"Dios proteja a Irán y ayude a que caiga eua e Israel,  pq ahora está distrayendo Trump con que otra vez México tiene la culpa de todo, es un Hitler remasterizado pero a lo estúpido.",2026-03-08T03:23:39Z,2026-03-08T03:23:39Z,0,0,youtube,2026-04-05T13:39:45.082362
srH80O3G_uQ,Diego Ruzzarin,"
El error de Estados Unidos en el conflicto con Irán.",es,Media,UgzvK_WxDI_bp1QNYlx4AaABAg,,0,@alis1495,"Espero que tengas la razón 
VAMOS IRÁN 
Me preocupan los Palestinos",2026-03-08T03:01:31Z,2026-03-08T03:01:31Z,0,0,youtube,2026-04-05T13:39:45.082366
srH80O3G_uQ,Diego Ruzzarin,"
El error de Estados Unidos en el conflicto con Irán.",es,Media,Ugy4YqzVkx9z8aeJbmJ4AaABAg,,0,@JoseFernandez-dd4id,Con el barril de WTI CRUDE hoy en $91.45 y se espera que para antes del próximo viernes se estima que supere los $130 que crees tú que 2 meses con el previo del crudo a ese precio le sea A LAS CUEBTAS DEL GIBIERNO COMUNISRA DE NARCOMOREBA EN MÉXICO? Las finanzas debido a los “subsidios “ a las GAZOLINAS le deferían a México mínimo unos $40 MIL  MILLONES DE DÉFICIT PRESUPUESTARIO EN ESTE 2026 😂,2026-03-08T02:57:39Z,2026-03-08T02:57:39Z,0,0,youtube,2026-04-05T13:39:45.082371
srH80O3G_uQ,Diego Ruzzarin,"
El error de Estados Unidos en el conflicto con Irán.",es,Media,UgzXO6o1acu1exc8Oj14AaABAg,,0,@veronicaarmendariz-on3ic,"Un funcionario Iraní de alto rango, declaró que están preparados para aguantar varios años en esta guerra. Que así sea y fuerza para Iran…💪🏽",2026-03-08T02:55:55Z,2026-03-08T02:55:55Z,1,0,youtube,2026-04-05T13:39:45.082376
srH80O3G_uQ,Diego Ruzzarin,"
El error de Estados Unidos en el conflicto con Irán.",es,Media,UgzXBSx7d0m4Vlj3VLR4AaABAg,,0,@JoseFernandez-dd4id,TRUMP NOOOOOOOO ES USA NO DIGAS MANADAS 😂,2026-03-08T02:52:02Z,2026-03-08T02:52:02Z,0,0,youtube,2026-04-05T13:39:45.082380
srH80O3G_uQ,Diego Ruzzarin,"
El error de Estados Unidos en el conflicto con Irán.",es,Media,UgytzNVVYy93kQmdMzB4AaABAg,,0,@carache01,"Ojalá, Ruzarín. ✊🇮🇷♥️🌟",2026-03-08T02:45:46Z,2026-03-08T02:45:46Z,14,0,youtube,2026-04-05T13:39:45.082385
srH80O3G_uQ,Diego Ruzzarin,"
El error de Estados Unidos en el conflicto con Irán.",es,Media,UgxHctdGcJfs9ZuWnNt4AaABAg,,0,@EduardoGonzalez-oc7jc,"El verdadero régimen terrorista, facista, genocida, colono, invasor es Israel y USA es su perro incondicional, porque la mafia sionista es la que mueve los hilos de la casa blanca! Estás de acuerdo Diego?",2026-03-08T02:42:44Z,2026-03-08T02:42:44Z,0,0,youtube,2026-04-05T13:39:45.082389
srH80O3G_uQ,Diego Ruzzarin,"
El error de Estados Unidos en el conflicto con Irán.",es,Media,Ugwoatjz2LJV_YkRYQh4AaABAg,,0,@yaclaic4294,Puras buenas noticias,2026-03-08T02:30:25Z,2026-03-08T02:30:25Z,0,0,youtube,2026-04-05T13:39:45.082394
srH80O3G_uQ,Diego Ruzzarin,"
El error de Estados Unidos en el conflicto con Irán.",es,Media,UgyRDKnwgXWPyc1EAld4AaABAg,,0,@yaelsoto2742,Y vaya que así fue!. Volaron tres sistemas thaad estadounidenses con un valor de 1.2 mil millones de dólares cada uno y prácticamente Irán los voló usando misiles basura. Están gastando misiles carísimos para volar simples drones iraníes Estados Unidos prácticamente está al borde del colapso y querían tener una guerra con las principales potencias mundiales como lo es China y Rusia imagínense! 🤣,2026-03-08T02:06:58Z,2026-03-08T02:06:58Z,2,0,youtube,2026-04-05T13:39:45.082398
srH80O3G_uQ,Diego Ruzzarin,"
El error de Estados Unidos en el conflicto con Irán.",es,Media,UgwiZyrdGZPkf_NqAfJ4AaABAg,,0,@EdithAraceliCamachoCorrea,Dios te oiga Diego,2026-03-08T02:03:46Z,2026-03-08T02:03:46Z,0,0,youtube,2026-04-05T13:39:45.082402
srH80O3G_uQ,Diego Ruzzarin,"
El error de Estados Unidos en el conflicto con Irán.",es,Media,UgwILpE9XxP4Fyh-vJN4AaABAg,,0,@carlosantoniomartinezargue5522,Darles por el *😢,2026-03-08T02:03:36Z,2026-03-08T02:03:36Z,0,0,youtube,2026-04-05T13:39:45.082407
srH80O3G_uQ,Diego Ruzzarin,"
El error de Estados Unidos en el conflicto con Irán.",es,Media,UgxUzmfctqYSEQnjC154AaABAg,,0,@liannam6544,Nos vemos en la inflación mundial... muy pronto... todos dicen que mexico se volvera un venezuela un cuba... yo veo que el mundo entra en recesión.,2026-03-08T01:52:18Z,2026-03-08T01:52:18Z,0,0,youtube,2026-04-05T13:39:45.082411
srH80O3G_uQ,Diego Ruzzarin,"
El error de Estados Unidos en el conflicto con Irán.",es,Media,UgzT-IdcK22nViFDsZh4AaABAg,,0,@hls9,"De echo china vigila  todos los mo imientos segundo a segundo de este conflicto y  están calculando al milímetro todos los movimientos y estrategias de  Estados Unidos.  

Todo esto para calcular la recuperación de Taiwan el hijo rebelde.

En el momento que llegue no van a dejar cabo suelto y se van a cojer literalmentea EU.

Parte de esta informacion  es compartida de China  a Irán.  

Es por eso que han tenido tanto éxito  desmierdando todas las base de EU en  medio Oriente.🔥🔥🔥",2026-03-08T01:49:17Z,2026-03-08T01:52:54Z,0,0,youtube,2026-04-05T13:39:45.082415
srH80O3G_uQ,Diego Ruzzarin,"
El error de Estados Unidos en el conflicto con Irán.",es,Media,Ugx9mKc5bhzyGOiIL0Z4AaABAg,,0,@gonzalocontreras6196,"Que tu boca sea profética estimado Diego, ya basta de tanta felonía del imperio, tantas atrocidades grin gas, tanta prepotencia cri minal de este Trompetas y del ente geno cida de Satanyahu!",2026-03-08T01:27:39Z,2026-03-08T01:27:39Z,0,0,youtube,2026-04-05T13:39:45.082420
srH80O3G_uQ,Diego Ruzzarin,"
El error de Estados Unidos en el conflicto con Irán.",es,Media,Ugx4En5LPK_2fvpJ_5x4AaABAg,,0,@ChapodesinaloaSinaloa,Nos vamos en mismo biaje el fin del mundo esta cerca solo por el petroleo y que en nada nos beneficia a todos en el mundo ! POR QUE DIOS PERMITES ESTO ?,2026-03-08T01:25:59Z,2026-03-08T01:25:59Z,0,1,youtube,2026-04-05T13:39:45.082424
srH80O3G_uQ,Diego Ruzzarin,"
El error de Estados Unidos en el conflicto con Irán.",es,Media,Ugx4En5LPK_2fvpJ_5x4AaABAg.AU4Dk2iYTDtAU4_SJO7cyg,Ugx4En5LPK_2fvpJ_5x4AaABAg,1,@jeeperpitufo,"Y por qué dios permite que seas un burro escribiendo ?
😂",2026-03-08T04:44:24Z,2026-03-08T04:44:24Z,0,0,youtube,2026-04-05T13:39:45.082429
srH80O3G_uQ,Diego Ruzzarin,"
El error de Estados Unidos en el conflicto con Irán.",es,Media,Ugw7Z20rGfRwxnTrxUF4AaABAg,,0,@tonyyycarl7444,"este diego el zurdo, menos objetivo ni en tus sueños hermano estados unidos tiene ganada la guerra ya no se de que hablas",2026-03-08T01:18:30Z,2026-03-08T01:18:30Z,0,0,youtube,2026-04-05T13:39:45.082433
srH80O3G_uQ,Diego Ruzzarin,"
El error de Estados Unidos en el conflicto con Irán.",es,Media,UgxLQxchSyzTUxZkv0d4AaABAg,,0,@carlosthompsonlenz,SSSIIIIIIIIIII!!!!!,2026-03-08T01:15:21Z,2026-03-08T01:15:21Z,0,0,youtube,2026-04-05T13:39:45.082438
srH80O3G_uQ,Diego Ruzzarin,"
El error de Estados Unidos en el conflicto con Irán.",es,Media,UgzknDULha-Oa4krxG14AaABAg,,0,@nerfestos35,"Seeeeeeeeee!!!!
✊🇮🇷🇵🇸",2026-03-08T01:14:52Z,2026-03-08T01:14:52Z,0,0,youtube,2026-04-05T13:39:45.082442
srH80O3G_uQ,Diego Ruzzarin,"
El error de Estados Unidos en el conflicto con Irán.",es,Media,Ugwu3TdOAmuBn909BYV4AaABAg,,0,@cocfay,Decrépito 😂😂😂😂 si es cierto,2026-03-08T01:09:59Z,2026-03-08T01:09:59Z,1,0,youtube,2026-04-05T13:39:45.082446
srH80O3G_uQ,Diego Ruzzarin,"
El error de Estados Unidos en el conflicto con Irán.",es,Media,UgzpVxLVBVVyMbHW3EF4AaABAg,,0,@miguel.guerena,USA Y EL VATICANO SERAN QUIEN GOBIERNE EL MUNDO Y PONDRA LA LEY DOMINICAL,2026-03-08T01:06:35Z,2026-03-08T01:06:35Z,0,0,youtube,2026-04-05T13:39:45.082450
srH80O3G_uQ,Diego Ruzzarin,"
El error de Estados Unidos en el conflicto con Irán.",es,Media,UgxzIVqX6qGs54jcu994AaABAg,,0,@busblu1475,"Irán está rendida, ya le pidieron perdón a sus vecinos, fue demasiado el castigo inflingido por EEUU e Israel. No pudieron responder.",2026-03-08T00:50:47Z,2026-03-08T00:50:47Z,0,0,youtube,2026-04-05T13:39:45.082454
srH80O3G_uQ,Diego Ruzzarin,"
El error de Estados Unidos en el conflicto con Irán.",es,Media,UgyY7dIlCRRwcMVopyx4AaABAg,,0,@alejandrocorteslopez4067,Se viene el retumbar 🗣️💀,2026-03-08T00:44:43Z,2026-03-08T00:44:43Z,0,0,youtube,2026-04-05T13:39:45.082458
srH80O3G_uQ,Diego Ruzzarin,"
El error de Estados Unidos en el conflicto con Irán.",es,Media,UgyhSjL7Byl_B4iiMC54AaABAg,,0,@UsaMex1883,"Pero si al final del día trump sabe que tiene el dólar que lo apoya, nadien del gobierno le va a decir que no puede gastar el dinero de E.u
Está gastando en Inmigración, en la guerra, apoyando a Ucrania y muchas otras cosas que no se dicen.. el dinero no es un problema para el oh Estados Unidos",2026-03-08T00:42:03Z,2026-03-08T00:42:03Z,0,0,youtube,2026-04-05T13:39:45.082462
srH80O3G_uQ,Diego Ruzzarin,"
El error de Estados Unidos en el conflicto con Irán.",es,Media,Ugw5J4CSSy3RRfLwH7R4AaABAg,,0,@UsaMex1883,"Pero que irán no empezó ah pedir disculpas ya?? 
I la verdad no, trump sabe que tiene el dinero de e.u para gastar I nadie que lo detenga.",2026-03-08T00:39:50Z,2026-03-08T00:39:50Z,0,0,youtube,2026-04-05T13:39:45.082467
srH80O3G_uQ,Diego Ruzzarin,"
El error de Estados Unidos en el conflicto con Irán.",es,Media,UgzwI5EIktJhNsR5BS94AaABAg,,0,@HorVa-fk7my,Diego un abrazo desde Argentina✌,2026-03-08T00:31:12Z,2026-03-08T00:31:12Z,6,0,youtube,2026-04-05T13:39:45.082471
srH80O3G_uQ,Diego Ruzzarin,"
El error de Estados Unidos en el conflicto con Irán.",es,Media,UgzDlwI_OXorx5NKg8d4AaABAg,,0,@misaelvazquezcruz879,Los gringos pensaron que los iraníes se dejarían someter fácilmente 😂,2026-03-08T00:24:10Z,2026-03-08T00:24:10Z,74,6,youtube,2026-04-05T13:39:45.082475
srH80O3G_uQ,Diego Ruzzarin,"
El error de Estados Unidos en el conflicto con Irán.",es,Media,UgzDlwI_OXorx5NKg8d4AaABAg.AU46fISvgx5AU8jdvxY_UP,UgzDlwI_OXorx5NKg8d4AaABAg,1,@xaviercortesnava1589,Pensaron que iba a ser como Venezuela 😂,2026-03-09T19:30:29Z,2026-03-09T19:30:29Z,7,0,youtube,2026-04-05T13:39:45.082479
srH80O3G_uQ,Diego Ruzzarin,"
El error de Estados Unidos en el conflicto con Irán.",es,Media,UgzDlwI_OXorx5NKg8d4AaABAg.AU46fISvgx5AUD_SSNIGZn,UgzDlwI_OXorx5NKg8d4AaABAg,1,@luishernandez-ej3gp,Pensaron que iba a ser facil como el mencho,2026-03-11T16:37:35Z,2026-03-11T16:37:35Z,1,0,youtube,2026-04-05T13:39:45.082483
srH80O3G_uQ,Diego Ruzzarin,"
El error de Estados Unidos en el conflicto con Irán.",es,Media,UgzDlwI_OXorx5NKg8d4AaABAg.AU46fISvgx5AUPD2dfyBZp,UgzDlwI_OXorx5NKg8d4AaABAg,1,@gilbertonava645,"Y quién tiene más baja y quién va perdiendo? Irán en cuestión sus líderes muertos como el hijo de el ,q no aparece ,a pesar de q no sea fácil ,se unió el golfo persico en contra de irán y china le dijo hey no cierres el estrecho me vas a afectar .",2026-03-16T05:03:58Z,2026-03-16T05:03:58Z,1,0,youtube,2026-04-05T13:39:45.082487
srH80O3G_uQ,Diego Ruzzarin,"
El error de Estados Unidos en el conflicto con Irán.",es,Media,UgzDlwI_OXorx5NKg8d4AaABAg.AU46fISvgx5AUQgfRHw5jO,UgzDlwI_OXorx5NKg8d4AaABAg,1,@alexrenderos5478,"​@gilbertonava645el estrecho sigue cerrado, y así estará aunque solo 1 irani quede vivo",2026-03-16T18:50:47Z,2026-03-16T18:50:47Z,0,0,youtube,2026-04-05T13:39:45.082490
srH80O3G_uQ,Diego Ruzzarin,"
El error de Estados Unidos en el conflicto con Irán.",es,Media,UgzDlwI_OXorx5NKg8d4AaABAg.AU46fISvgx5AUboXm5JHqc,UgzDlwI_OXorx5NKg8d4AaABAg,1,@AlejandroPadilla-t6y,Pues tampoco es que Irán se esté defendiendo muy bien,2026-03-21T11:50:24Z,2026-03-21T11:50:24Z,0,0,youtube,2026-04-05T13:39:45.082494
srH80O3G_uQ,Diego Ruzzarin,"
El error de Estados Unidos en el conflicto con Irán.",es,Media,UgxMpz5BVOvU3MFUxip4AaABAg,,0,@mariaeugeniasilvacastrejon7460,"Sabemos que EUA es el país más poderoso militarmente hablando, del mundo y aunque estén muy lejos de Irán y gasten súper armamento, aún tienen para más y de hecho buscarán alargar la guerra porque el poder  de Irán se irá acabando y los gringos, además de armamento, tiene aranceles, amenazas, cinismo y poder. Pero no solo eso, también tiene la posibilidad de cortar suministro alimentario y estallar las salinizadoras, por lo tanto, acabar con el agua de una tierra que no tiene agua potable al alcance de la mano. Eso va a acabar con Irán, aunque en realidad, deseo que no sea así. Los gringos no son tontos, aunque lo parezcan y a Trump le vale madres el pueblo y el congreso americano, se los pasa por el arco del triunfo porque se siente  y muchos le hacen sentir, omnipotente.",2026-03-08T00:21:22Z,2026-03-08T00:21:22Z,0,0,youtube,2026-04-05T13:39:45.082498
srH80O3G_uQ,Diego Ruzzarin,"
El error de Estados Unidos en el conflicto con Irán.",es,Media,Ugy5K4eX1lVEJbXu4SB4AaABAg,,0,@Albert-dq5us,"Tengo 10 años trabajando en New Jersey y desde que entró ese mald1it0o viejo naranja, la mald1it@ vida es más costosa y para ahorrar dinero ahora hay que tener prácticamente 2 trabajos (trabajar muchas más horas al día )",2026-03-08T00:09:36Z,2026-03-08T00:11:07Z,0,0,youtube,2026-04-05T13:39:45.082504
srH80O3G_uQ,Diego Ruzzarin,"
El error de Estados Unidos en el conflicto con Irán.",es,Media,UgxoYtCPJ8GOjN8N9oN4AaABAg,,0,@sergioisaac2800,"Hasta la victoria Irán!!!
Rusia y aliados 🏆🇷🇺🇨🇳🇮🇷🇰🇵😃🤟🇲🇽",2026-03-08T00:06:38Z,2026-03-08T00:06:38Z,55,4,youtube,2026-04-05T13:39:45.082508
srH80O3G_uQ,Diego Ruzzarin,"
El error de Estados Unidos en el conflicto con Irán.",es,Media,UgxoYtCPJ8GOjN8N9oN4AaABAg.AU44epJVtRdAU5UmffJykV,UgxoYtCPJ8GOjN8N9oN4AaABAg,1,@SAN-cd1px,"jaja que lame botas, no aguantarías ni medio día en el frente ruso. Mejor ve a seguir con tu vida de Therian",2026-03-08T13:14:08Z,2026-03-08T13:14:08Z,9,0,youtube,2026-04-05T13:39:45.082512
srH80O3G_uQ,Diego Ruzzarin,"
El error de Estados Unidos en el conflicto con Irán.",es,Media,UgxoYtCPJ8GOjN8N9oN4AaABAg.AU44epJVtRdAU5ll4ZfJcf,UgxoYtCPJ8GOjN8N9oN4AaABAg,1,@sergioisaac2800,​@SAN-cd1px😂😂😂 ternura,2026-03-08T15:51:12Z,2026-03-08T15:51:12Z,1,0,youtube,2026-04-05T13:39:45.082516
srH80O3G_uQ,Diego Ruzzarin,"
El error de Estados Unidos en el conflicto con Irán.",es,Media,UgxoYtCPJ8GOjN8N9oN4AaABAg.AU44epJVtRdAU76yDRUvHE,UgxoYtCPJ8GOjN8N9oN4AaABAg,1,@rigobertogonzalez1229,Comunista !,2026-03-09T04:24:29Z,2026-03-09T04:24:29Z,0,0,youtube,2026-04-05T13:39:45.082520
srH80O3G_uQ,Diego Ruzzarin,"
El error de Estados Unidos en el conflicto con Irán.",es,Media,UgxoYtCPJ8GOjN8N9oN4AaABAg.AU44epJVtRdAUU8A5OLepV,UgxoYtCPJ8GOjN8N9oN4AaABAg,1,@Mexicano100PorcientoReal,Israel 🇮🇱 no es enemigo de Rusia xd,2026-03-18T02:57:30Z,2026-03-18T02:57:30Z,0,0,youtube,2026-04-05T13:39:45.082523
srH80O3G_uQ,Diego Ruzzarin,"
El error de Estados Unidos en el conflicto con Irán.",es,Media,Ugw48xQNZjB_ManChoR4AaABAg,,0,@argelisgracielasalamin5579,TOTALMENTE. POR HACERLE CASO AL GENOCIDA SATANYAHU,2026-03-08T00:03:02Z,2026-03-08T00:03:02Z,0,0,youtube,2026-04-05T13:39:45.082528
srH80O3G_uQ,Diego Ruzzarin,"
El error de Estados Unidos en el conflicto con Irán.",es,Media,UgyN_d3I4G_BmKAR1Dl4AaABAg,,0,@Oliver-k3d,El agua ahora es clave guerra 🎉🎉🎉,2026-03-07T23:58:51Z,2026-03-07T23:58:51Z,0,0,youtube,2026-04-05T13:39:45.082532
srH80O3G_uQ,Diego Ruzzarin,"
El error de Estados Unidos en el conflicto con Irán.",es,Media,UgyHwxNsPdNB9svKQGZ4AaABAg,,0,@TodoSomosMexico8,"Me gustó mucho quien renombró como Estados Hundidos.
¡Cierto!",2026-03-07T23:55:34Z,2026-03-07T23:55:34Z,55,4,youtube,2026-04-05T13:39:45.082537
srH80O3G_uQ,Diego Ruzzarin,"
El error de Estados Unidos en el conflicto con Irán.",es,Media,UgyHwxNsPdNB9svKQGZ4AaABAg.AU43Ojjp3M2AU4V7xvartR,UgyHwxNsPdNB9svKQGZ4AaABAg,1,@calnv,Y porque va perdiendo Irán ?,2026-03-08T03:57:56Z,2026-03-08T03:57:56Z,2,0,youtube,2026-04-05T13:39:45.082541
srH80O3G_uQ,Diego Ruzzarin,"
El error de Estados Unidos en el conflicto con Irán.",es,Media,UgyHwxNsPdNB9svKQGZ4AaABAg.AU43Ojjp3M2AUg906hGaoS,UgyHwxNsPdNB9svKQGZ4AaABAg,1,@marcoaeb,​@calnvel tiempo lo dira,2026-03-23T04:15:00Z,2026-03-23T04:15:00Z,0,0,youtube,2026-04-05T13:39:45.082545
srH80O3G_uQ,Diego Ruzzarin,"
El error de Estados Unidos en el conflicto con Irán.",es,Media,UgyHwxNsPdNB9svKQGZ4AaABAg.AU43Ojjp3M2AUuGdY1Xe_F,UgyHwxNsPdNB9svKQGZ4AaABAg,1,@jjmejiae,DETESTADOS HUNDIDOS...,2026-03-28T15:51:04Z,2026-03-28T15:51:04Z,0,0,youtube,2026-04-05T13:39:45.082548
srH80O3G_uQ,Diego Ruzzarin,"
El error de Estados Unidos en el conflicto con Irán.",es,Media,UgyHwxNsPdNB9svKQGZ4AaABAg.AU43Ojjp3M2AUwMk57Du78,UgyHwxNsPdNB9svKQGZ4AaABAg,1,@calnv,​@jjmejiaey porque si tienen la oportunidad muchos prefieren Estados Unidos a sus mierdas de países ???,2026-03-29T11:22:52Z,2026-03-29T11:22:52Z,0,0,youtube,2026-04-05T13:39:45.082552
srH80O3G_uQ,Diego Ruzzarin,"
El error de Estados Unidos en el conflicto con Irán.",es,Media,Ugzz8tEKtWv6hcIvm2J4AaABAg,,0,@SuperTitiyo,Gracias por compartir noticias,2026-03-07T23:54:57Z,2026-03-07T23:54:57Z,0,0,youtube,2026-04-05T13:39:45.082555
srH80O3G_uQ,Diego Ruzzarin,"
El error de Estados Unidos en el conflicto con Irán.",es,Media,UgynmTGwPKsX0B1AoJN4AaABAg,,0,@EduardoMenes,Rusia y china están apoyando bajo el agua a Irán ya que para nadie es un secreto que ellos son los objetivos reales de los nazisionista de Israel y los gorilas imperialistas de eeuu,2026-03-07T23:49:36Z,2026-03-07T23:49:36Z,1,0,youtube,2026-04-05T13:39:45.082560
srH80O3G_uQ,Diego Ruzzarin,"
El error de Estados Unidos en el conflicto con Irán.",es,Media,UgzlZcErvawhuWe-Jyx4AaABAg,,0,@anaramirez6968,A Rusia y China nos les conviene que caiga Irán 🇮🇷 porque se les acerca el imperialismo mucho🤔,2026-03-07T23:48:42Z,2026-03-07T23:48:42Z,3,0,youtube,2026-04-05T13:39:45.082564
srH80O3G_uQ,Diego Ruzzarin,"
El error de Estados Unidos en el conflicto con Irán.",es,Media,UgwUlLBCT75DVZK-BRN4AaABAg,,0,@jaquelin7791,👏👏👏,2026-03-07T23:46:27Z,2026-03-07T23:46:27Z,0,0,youtube,2026-04-05T13:39:45.082568
srH80O3G_uQ,Diego Ruzzarin,"
El error de Estados Unidos en el conflicto con Irán.",es,Media,UgwmAldNUphfjprlYdp4AaABAg,,0,@nadiezhda,Fuerza para el pueblo de Irán,2026-03-07T23:44:12Z,2026-03-07T23:44:12Z,25,0,youtube,2026-04-05T13:39:45.082572
srH80O3G_uQ,Diego Ruzzarin,"
El error de Estados Unidos en el conflicto con Irán.",es,Media,UgzyEmw6Wjr_oJjuSSl4AaABAg,,0,@nadiezhda,"EEUU imperio en decadencia
Trump en decadencia",2026-03-07T23:41:29Z,2026-03-07T23:41:29Z,12,0,youtube,2026-04-05T13:39:45.082576
srH80O3G_uQ,Diego Ruzzarin,"
El error de Estados Unidos en el conflicto con Irán.",es,Media,UgzmKT9-QQA-Xo7YJx94AaABAg,,0,@bichodesavor,"Estás disociado de la realidad, deja de consumir tu información sesgada,  irán fue el que mandó el acuerdo de rendición y no se lo admitió USA. 

Y lo Publicó el dique líder nuevo de IRAN.",2026-03-07T23:16:17Z,2026-03-07T23:16:17Z,1,0,youtube,2026-04-05T13:39:45.082581
srH80O3G_uQ,Diego Ruzzarin,"
El error de Estados Unidos en el conflicto con Irán.",es,Media,UgwwcbJWkHAsS2oawWh4AaABAg,,0,@brunodiazbat,"Irán es el imperio Persa, jamás lo han derrotado, suerte con eso.",2026-03-07T23:16:04Z,2026-03-07T23:16:04Z,0,0,youtube,2026-04-05T13:39:45.082585
srH80O3G_uQ,Diego Ruzzarin,"
El error de Estados Unidos en el conflicto con Irán.",es,Media,UgxndWF9jUB9-ujCl3N4AaABAg,,0,@ces492,"Diego, a Irán le están reventando a bombazos los laberintos de stock subterráneo  de misiles... Misiles, logística... todo se lo están haciendo pedazos... Y va un tercer portaaviones... No sé si les vaya a funcionar la estrategia. Por el contrario, si la estrategia de Irán si logra hacerles gran daño, ¿crees que Israel o USA dudarán en meterle un bombazo atómico? Trump es un delirante y los sionistas están llenos de odio. Son  capaces de cualquier cosa. Slds.",2026-03-07T23:04:42Z,2026-03-07T23:07:57Z,2,1,youtube,2026-04-05T13:39:45.082589
srH80O3G_uQ,Diego Ruzzarin,"
El error de Estados Unidos en el conflicto con Irán.",es,Media,UgxndWF9jUB9-ujCl3N4AaABAg.AU3y_E_rg-DAU4jpj4OLGL,UgxndWF9jUB9-ujCl3N4AaABAg,1,@gabrielzanotto6283,"¿Dónde leíste esa boludez de ""los laberintos de stock""? Informate bien, no es tan así. Le atacaron pero Irán los está desgastando con una guerra prolongada además hay misiles escondidos de los iraníes que ya los altos mandos del ejército iraní dijeron que no van a dudar en usarlos y no estan hechos pedazos para nada....",2026-03-08T06:15:07Z,2026-03-08T06:15:34Z,0,0,youtube,2026-04-05T13:39:45.082593
srH80O3G_uQ,Diego Ruzzarin,"
El error de Estados Unidos en el conflicto con Irán.",es,Media,UgwGH2dhJ0TUSYYzAOh4AaABAg,,0,@cesaraguirre8019,"Tu fanatismo te ciega , es Iran que se preparaba para desaparecer a Israel es lo que siempre a querido hacer y tú dices que defenderse jajajajaja aaaaa y a Estados Unidos hace décadas le a jurado muerte a estados unidos quemando su bandera nooooo en la calle si no que en el mismísimo congreso de políticos que tienen jajajajajay pretendes que los gringos dejarán que encima de eso son personas terroristas capaz de montarse o amarrarse en la misma bomba pretendes que los
Gringos dejarán que tengan bomba nuclear jajajajajajaja aaaaaa y tan preparados estaban que les mataron a todos los líderes del grupo A y también a los que seguían del grupo B jajaja y los del grupo C ya se fueron del país jajajaja",2026-03-07T23:03:38Z,2026-03-07T23:03:38Z,1,0,youtube,2026-04-05T13:39:45.082597
srH80O3G_uQ,Diego Ruzzarin,"
El error de Estados Unidos en el conflicto con Irán.",es,Media,UgzKRjH0AnNkVS0V28l4AaABAg,,0,@pelisnet8395,"Diego, para los cabeza cuadrada de Occidente Irán está perdiendo la guerra porque Trump en su desvarío pide una rendición incondicional. Se les olvida que Trump pasó por Hollywood como extra.",2026-03-07T22:57:59Z,2026-03-07T22:57:59Z,0,0,youtube,2026-04-05T13:39:45.082601
srH80O3G_uQ,Diego Ruzzarin,"
El error de Estados Unidos en el conflicto con Irán.",es,Media,UgwGmPr_cqy9BrZCC8R4AaABAg,,0,@capitanbrulote9052,👍👍👍👍👍👍👍👍👍👍👍👍👍👍👍👍👍👍👍👍👍👍👍👍👍👍👍👍,2026-03-07T22:57:13Z,2026-03-07T22:57:13Z,0,0,youtube,2026-04-05T13:39:45.082605
srH80O3G_uQ,Diego Ruzzarin,"
El error de Estados Unidos en el conflicto con Irán.",es,Media,UgzeXlYfZpCPPEGp5up4AaABAg,,0,@gil-j4s,Gracias por tus vídeos 💪🏻,2026-03-07T22:43:29Z,2026-03-07T22:43:29Z,0,0,youtube,2026-04-05T13:39:45.082610
srH80O3G_uQ,Diego Ruzzarin,"
El error de Estados Unidos en el conflicto con Irán.",es,Media,Ugy5KxQwEfZG2byAtTN4AaABAg,,0,@hjg9227,"Por eso atacaron primero Venezuela, requieren esos suministros para forzar la duración de la guerra, los dirigentes venezolanos deberían hablar con la verdad y decir si continúan las amenazas y presiones para que suelten el petróleo por las buenas",2026-03-07T22:39:13Z,2026-03-07T22:39:13Z,0,0,youtube,2026-04-05T13:39:45.082614
srH80O3G_uQ,Diego Ruzzarin,"
El error de Estados Unidos en el conflicto con Irán.",es,Media,Ugw-5_bpPZfTJWU91oZ4AaABAg,,0,@yomismo6219,"Deje de soñar el imperio tiene una jauría de países serviles... y muchas armas... y va a patalear para no rendirse y segurito que al final en un berrinche suicida volverá todo una hecatombe con ataques nucleares... yo ya estaría buscabando yesca.   Practicando tiros con flechas.., estudiando botánica para saber qué demonios comer y no envenenarme y que yerbajo es medicinal.... no hay de otra... ¿sabe usted dónde hay una Altamira cerca? Pues múdese cerca... que los bichos fosforescentes que sobrevivan con usted lo pueden masticar.., y olvídese de las clase de arte... cualquier basura que pinte admirarán los arqueólogos verdes y con antenas dentro de unos 30,000 años",2026-03-07T22:33:15Z,2026-03-07T22:33:15Z,1,0,youtube,2026-04-05T13:39:45.082618
srH80O3G_uQ,Diego Ruzzarin,"
El error de Estados Unidos en el conflicto con Irán.",es,Media,Ugyg8Xvu-gmcRQBqXaJ4AaABAg,,0,@MarkRomero2268,Ojala que tu pronosctico se haga realidad bro,2026-03-07T22:32:52Z,2026-03-07T22:32:52Z,39,0,youtube,2026-04-05T13:39:45.082622
srH80O3G_uQ,Diego Ruzzarin,"
El error de Estados Unidos en el conflicto con Irán.",es,Media,Ugw-5s0iMYmGA6B8iwl4AaABAg,,0,@Mastercrack_GS,"No hay nada más difícil que y desgastante que la ""guerra de guerrillas"", y #EEUU lo experimentó en #Vietnam. . . .🔥🔥💀💀🔥🔥",2026-03-07T22:32:41Z,2026-03-07T22:40:55Z,26,4,youtube,2026-04-05T13:39:45.082626
srH80O3G_uQ,Diego Ruzzarin,"
El error de Estados Unidos en el conflicto con Irán.",es,Media,Ugw-5s0iMYmGA6B8iwl4AaABAg.AU3uulfWbqnAU4V0-QgoDw,Ugw-5s0iMYmGA6B8iwl4AaABAg,1,@calnv,Y porque va perdiendo Irán ?,2026-03-08T03:56:51Z,2026-03-08T03:56:51Z,0,0,youtube,2026-04-05T13:39:45.082629
srH80O3G_uQ,Diego Ruzzarin,"
El error de Estados Unidos en el conflicto con Irán.",es,Media,Ugw-5s0iMYmGA6B8iwl4AaABAg.AU3uulfWbqnAU5BQik2XC9,Ugw-5s0iMYmGA6B8iwl4AaABAg,1,@alexberdejo7,@calnvque va perdiendo?,2026-03-08T10:24:58Z,2026-03-08T10:24:58Z,1,0,youtube,2026-04-05T13:39:45.082633
srH80O3G_uQ,Diego Ruzzarin,"
El error de Estados Unidos en el conflicto con Irán.",es,Media,Ugw-5s0iMYmGA6B8iwl4AaABAg.AU3uulfWbqnAU6_rF2eMsi,Ugw-5s0iMYmGA6B8iwl4AaABAg,1,@wilderpaz9129,​@calnvpobre....pareces un loro que nomás aprendió a decir esa estupidez 🤣🤣🤣🤣🖕🖕🖕🖕🖕🖕🖕🖕🖕🖕🖕🖕,2026-03-08T23:26:26Z,2026-03-08T23:26:26Z,0,0,youtube,2026-04-05T13:39:45.082637
srH80O3G_uQ,Diego Ruzzarin,"
El error de Estados Unidos en el conflicto con Irán.",es,Media,Ugw-5s0iMYmGA6B8iwl4AaABAg.AU3uulfWbqnAUGXiEqklMX,Ugw-5s0iMYmGA6B8iwl4AaABAg,1,@vadgabrieltv,​@calnvjaja dijo el que ve noticias en Latinus,2026-03-12T20:11:23Z,2026-03-12T20:11:23Z,0,0,youtube,2026-04-05T13:39:45.082640
srH80O3G_uQ,Diego Ruzzarin,"
El error de Estados Unidos en el conflicto con Irán.",es,Media,UgzScQidWaKPET9B7Tt4AaABAg,,0,@danielgallegos7181,Alguna vez alguien tiene que ponerles un límite a los más grandes TERRORISTAS que existen llamados ee uu e israel .,2026-03-07T22:28:32Z,2026-03-07T22:28:32Z,40,2,youtube,2026-04-05T13:39:45.082644
srH80O3G_uQ,Diego Ruzzarin,"
El error de Estados Unidos en el conflicto con Irán.",es,Media,UgzScQidWaKPET9B7Tt4AaABAg.AU3uRNLM64FAU4V38CEjAU,UgzScQidWaKPET9B7Tt4AaABAg,1,@calnv,Y porque va perdiendo Irán ?,2026-03-08T03:57:17Z,2026-03-08T03:57:17Z,0,0,youtube,2026-04-05T13:39:45.082648
srH80O3G_uQ,Diego Ruzzarin,"
El error de Estados Unidos en el conflicto con Irán.",es,Media,UgzScQidWaKPET9B7Tt4AaABAg.AU3uRNLM64FAU6VsPT6jeG,UgzScQidWaKPET9B7Tt4AaABAg,1,@JorgeHeidenreich,​@calnv será porque está peleando sólo? ustedes los libertarios necesitan que les expliquen todo con palos y palitos..😂😂,2026-03-08T22:42:54Z,2026-03-08T22:42:54Z,0,0,youtube,2026-04-05T13:39:45.082651
srH80O3G_uQ,Diego Ruzzarin,"
El error de Estados Unidos en el conflicto con Irán.",es,Media,Ugyr3-OQdRn64BtLQ214AaABAg,,0,@ronaldortiz-i4g,"Los huties y  libaneses tienen q invadir terrestremente israel y devolverlos a todos a europa ,,",2026-03-07T22:24:01Z,2026-03-07T22:24:01Z,0,0,youtube,2026-04-05T13:39:45.082655
srH80O3G_uQ,Diego Ruzzarin,"
El error de Estados Unidos en el conflicto con Irán.",es,Media,UgyoN4b6tVnEECu99kF4AaABAg,,0,@juliomatos9340,"Eeuu usara los 53mil millones de dolares de la supuesta junta de paz en la guerra contra iran y Rusia es parte de eso, Putin es un caballo de troya una marioneta sionista",2026-03-07T22:17:48Z,2026-03-07T22:17:48Z,0,0,youtube,2026-04-05T13:39:45.082659
srH80O3G_uQ,Diego Ruzzarin,"
El error de Estados Unidos en el conflicto con Irán.",es,Media,UgzIp1oZPGdQPfb_W014AaABAg,,0,@felipeandressotoaraya,IRAN DEBE ATACAR PRIMERO LA PLANTA DESSALINIZADORA DE ASHKELON Y COMO ULTIMO RECURSO DEBE ATACAR LA PLANTA DE DIMONA .,2026-03-07T22:16:08Z,2026-03-07T22:16:08Z,0,0,youtube,2026-04-05T13:39:45.082664
srH80O3G_uQ,Diego Ruzzarin,"
El error de Estados Unidos en el conflicto con Irán.",es,Media,UgzK8hta8_l1p_PA6Sx4AaABAg,,0,@guillermobarronramirez4616,"Mientras tanto Rusia sw hace rico con el incremento de gas y petróleo!!!
Nadie sabe para quien trabaja!!!😂",2026-03-07T22:15:03Z,2026-03-07T22:15:03Z,0,0,youtube,2026-04-05T13:39:45.082668
srH80O3G_uQ,Diego Ruzzarin,"
El error de Estados Unidos en el conflicto con Irán.",es,Media,UgzD_Eoy0NNqaRCq4kd4AaABAg,,0,@maverickcuellar7737,"Mientras que por el otro lado, se dice todo lo contrario...Obviamente endulzando el oído del contribuyente...",2026-03-07T22:13:20Z,2026-03-07T22:13:20Z,0,0,youtube,2026-04-05T13:39:45.082672
srH80O3G_uQ,Diego Ruzzarin,"
El error de Estados Unidos en el conflicto con Irán.",es,Media,Ugwp_g3Bh9G93mjWqF94AaABAg,,0,@victordancr5362,✨🤗✨,2026-03-07T22:12:23Z,2026-03-07T22:12:23Z,0,0,youtube,2026-04-05T13:39:45.082676
srH80O3G_uQ,Diego Ruzzarin,"
El error de Estados Unidos en el conflicto con Irán.",es,Media,Ugw5YWn9F9iTidjhAiF4AaABAg,,0,@renombra,"Irán también ha usado pinturas en el suelo simulando armamento, aviones y helicópteros, los genocidas han gastado muchos misiles bombardeando esas pinturas.",2026-03-07T22:12:01Z,2026-03-07T22:12:01Z,2,0,youtube,2026-04-05T13:39:45.082680
srH80O3G_uQ,Diego Ruzzarin,"
El error de Estados Unidos en el conflicto con Irán.",es,Media,UgzlcuKuJT9ZZTUpmk54AaABAg,,0,@jmarquezt,"está bien querer que Irán les vuele la raja a estos hijos de su madre, pero decir que están perparados para solo 4 o 5 semanas es a lo menos cuestionable",2026-03-07T22:08:32Z,2026-03-07T22:08:32Z,0,0,youtube,2026-04-05T13:39:45.082684
srH80O3G_uQ,Diego Ruzzarin,"
El error de Estados Unidos en el conflicto con Irán.",es,Media,UgyiP58SEDynp2V1gkF4AaABAg,,0,@sotoescalantejonathan1120,Todo es alreves vas alreves y tiene Razon Diego Ruzzarin,2026-03-07T22:02:20Z,2026-03-07T22:02:20Z,0,0,youtube,2026-04-05T13:39:45.082688
srH80O3G_uQ,Diego Ruzzarin,"
El error de Estados Unidos en el conflicto con Irán.",es,Media,UgzBrhlzu2aIQoPLhZ94AaABAg,,0,@oscarsandoval-ke2ri,Diego y por que Rusia y China no se meten?,2026-03-07T22:01:22Z,2026-03-07T22:01:22Z,0,0,youtube,2026-04-05T13:39:45.082692
srH80O3G_uQ,Diego Ruzzarin,"
El error de Estados Unidos en el conflicto con Irán.",es,Media,UgyZJN42XCznrN-opv14AaABAg,,0,@guillermobarronramirez4616,Imaginemos que el medio oriente se uniera e hiciera un frente vs E.U.!!!😮😮😮,2026-03-07T22:00:49Z,2026-03-07T22:00:49Z,12,3,youtube,2026-04-05T13:39:45.082695
srH80O3G_uQ,Diego Ruzzarin,"
El error de Estados Unidos en el conflicto con Irán.",es,Media,UgyZJN42XCznrN-opv14AaABAg.AU3rGLwPXMtAU4Y6fpUKoW,UgyZJN42XCznrN-opv14AaABAg,1,@jeeperpitufo,"Ya lo quería Ghadafi, por eso lo asesinaron😢",2026-03-08T04:23:59Z,2026-03-08T04:23:59Z,5,0,youtube,2026-04-05T13:39:45.082699
srH80O3G_uQ,Diego Ruzzarin,"
El error de Estados Unidos en el conflicto con Irán.",es,Media,UgyZJN42XCznrN-opv14AaABAg.AU3rGLwPXMtAU5GAZofZeP,UgyZJN42XCznrN-opv14AaABAg,1,@CeeTorices,"Todas las potencias de la zona están cooptadas por el imperio. La península arábiga es un nido de ratas sionistas, Marruecos es aliado histórico de EEUU y Siria ya no existe. El resto de paises no tienen capacidad real para medirse a nadie.",2026-03-08T11:06:28Z,2026-03-08T11:06:28Z,0,0,youtube,2026-04-05T13:39:45.082703
srH80O3G_uQ,Diego Ruzzarin,"
El error de Estados Unidos en el conflicto con Irán.",es,Media,UgyZJN42XCznrN-opv14AaABAg.AU3rGLwPXMtAUFtAhpUSiz,UgyZJN42XCznrN-opv14AaABAg,1,@CoromotoClemente,Sería muy arrecho... Igual que un frente desde México a la patagonia... Indestructibles!!!!!!!,2026-03-12T14:08:25Z,2026-03-12T14:08:25Z,1,0,youtube,2026-04-05T13:39:45.082706
srH80O3G_uQ,Diego Ruzzarin,"
El error de Estados Unidos en el conflicto con Irán.",es,Media,UgzIFT0VFBpSFF8P7HB4AaABAg,,0,@mchumbert2,"Qué sensación tan reconfortante de ver cómo la humanidad entera se une, no por la paz o el progreso, sino para babear colectivamente frente al depredador más espectacular de la historia. Es enternecedor, de verdad. Ver cómo besan el suelo que pisa un tipo que necesita una agenda para cuadrar sus horarios de violación y asesinato, 🤗 y aún así la gente hace cola para lamerle las botas. Es un espectáculo conmovedor; la capacidad del ser humano para mirar un charco de sangre y exclamar ""¡qué bonito reflejo tiene el agua!"".

Me encanta esa parte donde la moral se doblega tan sumisa ante el carisma y el poder. Es como si de repente a todos les diera un ictus ético y confundieran el asesinato de más de 180 bebitas, con una escena de Strangers Things. ¿Quien tiene las manos manchadas con la sangre de cientos de niñas? ¡Detalles! Lo importante es que vende humo con estilacho y tiene un séquito de miserables dispuestos a justificar cualquier cosa con tal de sentirse parte de las bestias ganadoras.

Así qué, ¿cómo lo sientes?  Los sientes como una paz interior que te embarga, mis queridos..

Ver tanta coherencia, tanta dignidad y tanto sentido crítico en acción me hace recuperar la fe en la humanidad. Es un auténtico privilegio ser testigo de cómo el mundo entero se convierte en una enorme y feliz familia que vitorea a su nuevo emperador moderno mientras este estira su prepucio para involucrarselo a cada uno de ustedes. 😉 ¡Un escupitajo en el glande. Una hermosa grosería, vivimos una epsteintosa y hermosa grosería, no es la 3ra Guerra Mundial, nos llevaron a la 1ra Orgía Mundial! ❤❤❤",2026-03-07T22:00:17Z,2026-03-07T22:00:17Z,0,0,youtube,2026-04-05T13:39:45.082710
srH80O3G_uQ,Diego Ruzzarin,"
El error de Estados Unidos en el conflicto con Irán.",es,Media,Ugw6CnIzf0xRKoaXpkZ4AaABAg,,0,@sotoescalantejonathan1120,A ver quiero ver su Enfoque es esto.,2026-03-07T21:59:31Z,2026-03-07T21:59:31Z,0,0,youtube,2026-04-05T13:39:45.082714
srH80O3G_uQ,Diego Ruzzarin,"
El error de Estados Unidos en el conflicto con Irán.",es,Media,UgziGPm5UJd2D3pF2MB4AaABAg,,0,@claudiachaveztapia9908,OJALÁ,2026-03-07T21:57:05Z,2026-03-07T21:57:05Z,0,0,youtube,2026-04-05T13:39:45.082718
srH80O3G_uQ,Diego Ruzzarin,"
El error de Estados Unidos en el conflicto con Irán.",es,Media,Ugy8LDvuuGqtjeiZNE14AaABAg,,0,@mariorvaldivia7332,Ojalá,2026-03-07T21:53:31Z,2026-03-07T21:53:31Z,0,0,youtube,2026-04-05T13:39:45.082721
srH80O3G_uQ,Diego Ruzzarin,"
El error de Estados Unidos en el conflicto con Irán.",es,Media,Ugx8zCmpBW1u3cs77nJ4AaABAg,,0,@JhonSan-ko4ww,Está  ASERCA el final de USA 🤡🤡🇺🇸🤡🤡,2026-03-07T21:50:38Z,2026-03-07T21:50:38Z,10,5,youtube,2026-04-05T13:39:45.082725
srH80O3G_uQ,Diego Ruzzarin,"
El error de Estados Unidos en el conflicto con Irán.",es,Media,Ugx8zCmpBW1u3cs77nJ4AaABAg.AU3q5hUUSwFAU421oPiV4X,Ugx8zCmpBW1u3cs77nJ4AaABAg,1,@fabianlobo2709,"Dios te oiga, o al menos que dejen ser ser gandallas, no puedes ser una mierda con todos y esperar respeto y obediencia... Saludos",2026-03-07T23:43:41Z,2026-03-07T23:43:41Z,0,0,youtube,2026-04-05T13:39:45.082729
srH80O3G_uQ,Diego Ruzzarin,"
El error de Estados Unidos en el conflicto con Irán.",es,Media,Ugx8zCmpBW1u3cs77nJ4AaABAg.AU3q5hUUSwFAU4CVsxDWgK,Ugx8zCmpBW1u3cs77nJ4AaABAg,1,@BPhaseHBINC,🤣🤣🤣🤣🤣🤣,2026-03-08T01:15:11Z,2026-03-08T01:15:11Z,0,0,youtube,2026-04-05T13:39:45.082732
srH80O3G_uQ,Diego Ruzzarin,"
El error de Estados Unidos en el conflicto con Irán.",es,Media,Ugx8zCmpBW1u3cs77nJ4AaABAg.AU3q5hUUSwFAU4V5MfSPdc,Ugx8zCmpBW1u3cs77nJ4AaABAg,1,@calnv,Y porque va perdiendo Irán ?,2026-03-08T03:57:35Z,2026-03-08T03:57:35Z,0,0,youtube,2026-04-05T13:39:45.082736
srH80O3G_uQ,Diego Ruzzarin,"
El error de Estados Unidos en el conflicto con Irán.",es,Media,Ugx8zCmpBW1u3cs77nJ4AaABAg.AU3q5hUUSwFAU4_hKLkAoL,Ugx8zCmpBW1u3cs77nJ4AaABAg,1,@JhonSan-ko4ww,​@calnv deja de mirar noticias gringas 😅😅😅🐀,2026-03-08T04:46:36Z,2026-03-08T04:46:36Z,4,0,youtube,2026-04-05T13:39:45.082739
srH80O3G_uQ,Diego Ruzzarin,"
El error de Estados Unidos en el conflicto con Irán.",es,Media,Ugx8zCmpBW1u3cs77nJ4AaABAg.AU3q5hUUSwFAU8IAhCGq09,Ugx8zCmpBW1u3cs77nJ4AaABAg,1,@massimoyaell4924,​@JhonSan-ko4ww En dónde te informas tú?,2026-03-09T15:21:41Z,2026-03-09T15:21:41Z,0,0,youtube,2026-04-05T13:39:45.082742
srH80O3G_uQ,Diego Ruzzarin,"
El error de Estados Unidos en el conflicto con Irán.",es,Media,Ugzw7-CuVLLeQ8tCTVh4AaABAg,,0,@rubenifc,"O pones USA o pones U.S.A., aprende algo Ruzzarin.",2026-03-07T21:49:17Z,2026-03-07T21:49:17Z,0,0,youtube,2026-04-05T13:39:45.082746
srH80O3G_uQ,Diego Ruzzarin,"
El error de Estados Unidos en el conflicto con Irán.",es,Media,UgzHysdBnBHCjRTesC14AaABAg,,0,@jacknearchurch2262,"Como era aquel dicho sobre vivir tiempos interesantes, ... pues eso.",2026-03-07T21:39:20Z,2026-03-07T21:39:20Z,3,0,youtube,2026-04-05T13:39:45.082750
srH80O3G_uQ,Diego Ruzzarin,"
El error de Estados Unidos en el conflicto con Irán.",es,Media,UgxnzUU0XBAqB8Tp7kZ4AaABAg,,0,@enriquegd8084,No creo jaja,2026-03-07T21:39:12Z,2026-03-07T21:39:12Z,0,0,youtube,2026-04-05T13:39:45.082754
srH80O3G_uQ,Diego Ruzzarin,"
El error de Estados Unidos en el conflicto con Irán.",es,Media,UgwwUbJCpSUL3_9VCxJ4AaABAg,,0,@carlosdelvenunez2902,Duos quiera que paren toda esta locura porque la paz es lo mejor para todos los países del mundo,2026-03-07T21:35:47Z,2026-03-07T21:35:47Z,2,0,youtube,2026-04-05T13:39:45.082758
srH80O3G_uQ,Diego Ruzzarin,"
El error de Estados Unidos en el conflicto con Irán.",es,Media,UgxGq1ZR3078wMfsWfJ4AaABAg,,0,@jlclc6796,De que hablas jajajaja nombre estan desmantelando al ejército completo de IRAN entiendo que quieras irle a IRAN pero es imposible él escenario que dices 😂😂😂 pero bueno el tiempo lo dirá,2026-03-07T21:33:49Z,2026-03-07T21:33:49Z,0,0,youtube,2026-04-05T13:39:45.082761
srH80O3G_uQ,Diego Ruzzarin,"
El error de Estados Unidos en el conflicto con Irán.",es,Media,UgwkIgIbgHaV537VQzt4AaABAg,,0,@miguelangelleonospina8080,"DESDE PERÚ, TRUMP Y HITLERYAHU COBARDES MISERABLES MATANIÑOS, IRAN TIENE TODO EL DERECHO A DEFENDERSE DE ESTOS CSM, DESQUICIADOS Y GENOCIDAS DE GAZA TRUMP Y HITLERYAHU ( TAMBIÉN MATARON A MAS DE 150 NIÑAS EN UNA ESCUELA EN EL ATAQUE ILEGAL A IRAN)  QUE HACEN LO QUE SE LES DA LA GANA, PRIMERO,  2026 SCOTT BESSENT SECRETARIO DEL TESORO DE EEUU, CONFIRMO LA ESTRATEGIA DE TRUMP ASFIXIAR A IRAN FINANCIERAMENTE, SANCIONES ECONOMICAS Y CONGELAMIENTOS DE ACTIVOS ( MEJOR DICHO TERRORISMO FINANCIERO)  Y DIJO QUE FUNCIONO, POR QUE EN DICIEMBRE 2025 SU ECONOMIA SE DERRUMBO Y POR ESO LA GENTE SALIO A LA CALLE ETC, EL MUNDO NO PUEDE PERMITIR ESTO, BASTA YA, TODA LA INFORMACIÓN ESTA EN INTERNET VEANLO Y NO SE DEJEN ENGAÑAR",2026-03-07T21:23:07Z,2026-03-07T21:23:07Z,2,0,youtube,2026-04-05T13:39:45.082765
srH80O3G_uQ,Diego Ruzzarin,"
El error de Estados Unidos en el conflicto con Irán.",es,Media,Ugzk2GKxPpKUhV1mjX54AaABAg,,0,@benbenijaspers,¡Qué analisis más estúpido y mentiroso!,2026-03-07T21:06:36Z,2026-03-07T21:06:36Z,0,0,youtube,2026-04-05T13:39:45.082769
srH80O3G_uQ,Diego Ruzzarin,"
El error de Estados Unidos en el conflicto con Irán.",es,Media,UgxZ04JLD5Sw9lry9qh4AaABAg,,0,@juancho99910,Ya perdió la guerra usa,2026-03-07T21:06:10Z,2026-03-07T21:06:10Z,3,0,youtube,2026-04-05T13:39:45.082773
srH80O3G_uQ,Diego Ruzzarin,"
El error de Estados Unidos en el conflicto con Irán.",es,Media,Ugy9csRlItJqbsjHDh94AaABAg,,0,@samibarruecos,"Ruzzarin, puedes hablar de los Poemas Islamicos que fueron millones de años antes de Cristo? Y como Muhamed existió miles de años antes de Jesus? Please quiero saber más de eso que hablas con confianza",2026-03-07T21:05:01Z,2026-03-07T21:05:01Z,3,3,youtube,2026-04-05T13:39:45.082777
srH80O3G_uQ,Diego Ruzzarin,"
El error de Estados Unidos en el conflicto con Irán.",es,Media,Ugy9csRlItJqbsjHDh94AaABAg.AU3ksd7fTOMAU3lqSC3eNm,Ugy9csRlItJqbsjHDh94AaABAg,1,@EduardoAlfonso1,Yo creo que Ruzzarin de meterse algo raro para decir algo así🤣,2026-03-07T21:13:27Z,2026-03-07T21:13:34Z,0,0,youtube,2026-04-05T13:39:45.082781
srH80O3G_uQ,Diego Ruzzarin,"
El error de Estados Unidos en el conflicto con Irán.",es,Media,Ugy9csRlItJqbsjHDh94AaABAg.AU3ksd7fTOMAU3mP9gaaP8,Ugy9csRlItJqbsjHDh94AaABAg,1,@samibarruecos,"Claro que si lo dijo en el video con Farid “Análisis de canción: Es épico - Canserbero” minuto 17:00

Una prueba más de que Ruzzarin solo es un ignorante con mucha convicción",2026-03-07T21:18:20Z,2026-03-07T21:18:20Z,2,0,youtube,2026-04-05T13:39:45.082787
srH80O3G_uQ,Diego Ruzzarin,"
El error de Estados Unidos en el conflicto con Irán.",es,Media,Ugy9csRlItJqbsjHDh94AaABAg.AU3ksd7fTOMAU3n9m5hq4f,Ugy9csRlItJqbsjHDh94AaABAg,1,@EduardoAlfonso1,​@samibarruecos ahhhh ya vi 🤣,2026-03-07T21:24:58Z,2026-03-07T21:24:58Z,0,0,youtube,2026-04-05T13:39:45.082790
srH80O3G_uQ,Diego Ruzzarin,"
El error de Estados Unidos en el conflicto con Irán.",es,Media,UgzATznuWuk83v3EsmR4AaABAg,,0,@AlexandraNarváez-i4h,"De alguna manera,  Trump nos está haciendo ""el favor "", de hundir al imperio,  sin querer la máscara se les ha caído,  así como Roma",2026-03-07T20:55:20Z,2026-03-07T20:55:20Z,76,11,youtube,2026-04-05T13:39:45.929804
srH80O3G_uQ,Diego Ruzzarin,"
El error de Estados Unidos en el conflicto con Irán.",es,Media,UgzATznuWuk83v3EsmR4AaABAg.AU3jlhwAa2OAU4Ur39-59B,UgzATznuWuk83v3EsmR4AaABAg,1,@erickalexisgarciasoria1091,"EXACTO
Pierden aliados, su propia base votante, su credibilidad con cada golpe de estado",2026-03-08T03:55:29Z,2026-03-08T03:55:29Z,7,0,youtube,2026-04-05T13:39:45.929833
srH80O3G_uQ,Diego Ruzzarin,"
El error de Estados Unidos en el conflicto con Irán.",es,Media,UgzATznuWuk83v3EsmR4AaABAg.AU3jlhwAa2OAU4_jEFN5GL,UgzATznuWuk83v3EsmR4AaABAg,1,@Detodounpoco-ib2xo,"Eso sí, mucha razón",2026-03-08T04:46:51Z,2026-03-08T04:46:51Z,3,0,youtube,2026-04-05T13:39:45.929838
srH80O3G_uQ,Diego Ruzzarin,"
El error de Estados Unidos en el conflicto con Irán.",es,Media,UgzATznuWuk83v3EsmR4AaABAg.AU3jlhwAa2OAU6EyA_k1nA,UgzATznuWuk83v3EsmR4AaABAg,1,@juliochavez1660,Con mas debilidades que fortalezas,2026-03-08T20:15:08Z,2026-03-08T20:15:08Z,0,0,youtube,2026-04-05T13:39:45.929841
srH80O3G_uQ,Diego Ruzzarin,"
El error de Estados Unidos en el conflicto con Irán.",es,Media,UgzATznuWuk83v3EsmR4AaABAg.AU3jlhwAa2OAU8XeOfQoSX,UgzATznuWuk83v3EsmR4AaABAg,1,@jeg8674,"Nos ? RECUERDEN, Si US cae que creen que pasara con MX? AGUAS !",2026-03-09T17:36:56Z,2026-03-09T17:36:56Z,0,0,youtube,2026-04-05T13:39:45.929845
srH80O3G_uQ,Diego Ruzzarin,"
El error de Estados Unidos en el conflicto con Irán.",es,Media,UgzATznuWuk83v3EsmR4AaABAg.AU3jlhwAa2OAU8ctyPFhfW,UgzATznuWuk83v3EsmR4AaABAg,1,@AlexandraNarváez-i4h,"​@jeg8674 parcero ...con todo respeto,  no conoce la ironía? Por otro lado,  los gringos siempre han hecho lo de Trump,  pero solapadamente,  simplemente que Trump ha mostrado al mundo,  lo que siempre ha existido detrás de su discurso,  es un descarado,  cínico,  igual que el resto de la élite,  o es que el se manda sólo???",2026-03-09T18:31:30Z,2026-03-09T18:31:30Z,0,0,youtube,2026-04-05T13:39:45.929849
srH80O3G_uQ,Diego Ruzzarin,"
El error de Estados Unidos en el conflicto con Irán.",es,Media,UgzZi1rhVq7oEmBFinN4AaABAg,,0,@ManuelMedinaGamero,"El mayor problema en la percepción del común de los ciudadanos de Gringolandia es que este guerra no les pertenece y ya llevan varios años financiando otra que tampoco les pertenece y el costo es de los contribuyentes de su pais
Está última, además tiene un gran aroma de camuflaje por los problemas de entrepierna del presidente en particular y de un grupo de millonarios en general que no tienen por qué encubrirlos y menos desangrando sus economías y sus cuerpos",2026-03-07T20:54:28Z,2026-03-07T20:54:28Z,9,0,youtube,2026-04-05T13:39:45.929854
srH80O3G_uQ,Diego Ruzzarin,"
El error de Estados Unidos en el conflicto con Irán.",es,Media,UgzVlXtsWWvZtJH-XRB4AaABAg,,0,@riomateos4631,"Espero llegar a ver
A Washington ardiendo
Ni sus túneles les van a salvar 😅",2026-03-07T20:53:49Z,2026-03-07T20:53:49Z,2,0,youtube,2026-04-05T13:39:45.929860
srH80O3G_uQ,Diego Ruzzarin,"
El error de Estados Unidos en el conflicto con Irán.",es,Media,Ugx00HbA_cvz-KIbK1J4AaABAg,,0,@ameebamx,"Dice Loret que las armas de racimo están prohibidas, por que matan a muchos civiles. Pero no dice que Israel las usaba contra Gaza que estaba indefensa.",2026-03-07T20:53:44Z,2026-03-07T20:54:34Z,286,18,youtube,2026-04-05T13:39:45.929865
srH80O3G_uQ,Diego Ruzzarin,"
El error de Estados Unidos en el conflicto con Irán.",es,Media,Ugx00HbA_cvz-KIbK1J4AaABAg.AU3j_ub_hZ9AU4JIigP67y,Ugx00HbA_cvz-KIbK1J4AaABAg,1,@erickalexisgarciasoria1091,Y te falto decir el fosforo blanco,2026-03-08T02:14:33Z,2026-03-08T02:14:33Z,33,0,youtube,2026-04-05T13:39:45.929870
srH80O3G_uQ,Diego Ruzzarin,"
El error de Estados Unidos en el conflicto con Irán.",es,Media,Ugx00HbA_cvz-KIbK1J4AaABAg.AU3j_ub_hZ9AU58PhKdkdU,Ugx00HbA_cvz-KIbK1J4AaABAg,1,@armandopleitos1202,"El detalle es que no son armas de racimo, son armas que desplegando submuniciones. Aunque para nosotros que no entendemos de estos temas parecen lo mismo. Para gente del ambito militar claramente no son lo mismo",2026-03-08T09:58:37Z,2026-03-08T09:58:37Z,3,0,youtube,2026-04-05T13:39:45.929876
srH80O3G_uQ,Diego Ruzzarin,"
El error de Estados Unidos en el conflicto con Irán.",es,Media,Ugx00HbA_cvz-KIbK1J4AaABAg.AU3j_ub_hZ9AU5VPam0Uus,Ugx00HbA_cvz-KIbK1J4AaABAg,1,@Joaquincho2019,Creo que US es la que no quiere negociar,2026-03-08T13:19:35Z,2026-03-08T13:19:35Z,0,0,youtube,2026-04-05T13:39:45.929880
srH80O3G_uQ,Diego Ruzzarin,"
El error de Estados Unidos en el conflicto con Irán.",es,Media,Ugx00HbA_cvz-KIbK1J4AaABAg.AU3j_ub_hZ9AU5l3Om7VzZ,Ugx00HbA_cvz-KIbK1J4AaABAg,1,@ameebamx,​@armandopleitos1202 Pero matan igual Hermano.,2026-03-08T15:45:06Z,2026-03-08T15:45:06Z,5,0,youtube,2026-04-05T13:39:45.929884
srH80O3G_uQ,Diego Ruzzarin,"
El error de Estados Unidos en el conflicto con Irán.",es,Media,Ugx00HbA_cvz-KIbK1J4AaABAg.AU3j_ub_hZ9AU5lBx_PZCT,Ugx00HbA_cvz-KIbK1J4AaABAg,1,@ameebamx,​@Joaquincho2019 irán es la que no quiere negociar. Su pueblo pide venganza. Y todo se va ir a la mrd si declaran una guerra santa.,2026-03-08T15:46:16Z,2026-03-08T15:46:16Z,5,0,youtube,2026-04-05T13:39:45.929887
srH80O3G_uQ,Diego Ruzzarin,"
El error de Estados Unidos en el conflicto con Irán.",es,Media,UgyFOb69Tnt5MJ2X6S94AaABAg,,0,@catalinaperez2923,Ojalacito,2026-03-07T20:53:39Z,2026-03-07T20:53:39Z,0,0,youtube,2026-04-05T13:39:45.929892
srH80O3G_uQ,Diego Ruzzarin,"
El error de Estados Unidos en el conflicto con Irán.",es,Media,UgwN6Yp9CbEybozomSx4AaABAg,,0,@djtobi69,Los Árabes bien enojados porque les vendieron cohetes de 10 millones de dólares como los mejores del mundo y toda la publicidad y resulta que los de 10 mil dólares de Irán son más efectivos 😂😂😂,2026-03-07T20:52:05Z,2026-03-07T20:52:05Z,32,6,youtube,2026-04-05T13:39:45.929897
srH80O3G_uQ,Diego Ruzzarin,"
El error de Estados Unidos en el conflicto con Irán.",es,Media,UgwN6Yp9CbEybozomSx4AaABAg.AU3jOw20zBFAU4QU9ibynY,UgwN6Yp9CbEybozomSx4AaABAg,1,@otacuboy,"Bueno, en realidad sí son los mejores del mundo, el problema es como piensan la guerra. Piensan que todos la piensan como ellos, tipo Hollywood, apantallar, sorprender, como decía Townsend Ward, creador del ejército invencible en la rebelión Taiping: están enamorados del mito de clavar la espada o la lanza en el enemigo y hacer un grito de victoria.

No, la guerra no es gloriosa. No es peliculable. No es emocionante. No son números los muertos ni héroes los que masacran.",2026-03-08T03:17:17Z,2026-03-08T03:17:17Z,4,0,youtube,2026-04-05T13:39:45.929901
srH80O3G_uQ,Diego Ruzzarin,"
El error de Estados Unidos en el conflicto con Irán.",es,Media,UgwN6Yp9CbEybozomSx4AaABAg.AU3jOw20zBFAU4Uvz678yL,UgwN6Yp9CbEybozomSx4AaABAg,1,@calnv,Y porque va perdiendo Irán ?,2026-03-08T03:56:10Z,2026-03-08T03:56:10Z,1,0,youtube,2026-04-05T13:39:45.929905
srH80O3G_uQ,Diego Ruzzarin,"
El error de Estados Unidos en el conflicto con Irán.",es,Media,UgwN6Yp9CbEybozomSx4AaABAg.AU3jOw20zBFAU4XGBAFKyd,UgwN6Yp9CbEybozomSx4AaABAg,1,@jeeperpitufo,"​@calnves lo único que sabes comentar ?
La guerra aún no terminó, aún  no sé sabe quién será el ganador.",2026-03-08T04:16:32Z,2026-03-08T04:16:32Z,4,0,youtube,2026-04-05T13:39:45.929909
srH80O3G_uQ,Diego Ruzzarin,"
El error de Estados Unidos en el conflicto con Irán.",es,Media,UgwN6Yp9CbEybozomSx4AaABAg.AU3jOw20zBFAU4ioZDpIhf,UgwN6Yp9CbEybozomSx4AaABAg,1,@gabrielzanotto6283,"@calnv NO VA PERDIENDO IRAN,PELOTUDO",2026-03-08T06:06:13Z,2026-03-08T06:06:13Z,0,0,youtube,2026-04-05T13:39:45.929912
srH80O3G_uQ,Diego Ruzzarin,"
El error de Estados Unidos en el conflicto con Irán.",es,Media,UgwN6Yp9CbEybozomSx4AaABAg.AU3jOw20zBFAU5Fa2OSVuf,UgwN6Yp9CbEybozomSx4AaABAg,1,@CeeTorices,"@calnv Irán perderá eventualmente y creo que nadie debería albergar esperanza en lo contrario, pero el costo en los Estados Unidos, económico y social, mellará a la sociedad estadounidense. Y esta vez no hay una subcultura drogona, pacifista y profundamente individualista para catalizar la disidencia. Además, las minorías están empoderadas y enfadadas con su gobierno.",2026-03-08T11:01:20Z,2026-03-08T11:01:20Z,4,0,youtube,2026-04-05T13:39:45.929916
srH80O3G_uQ,Diego Ruzzarin,"
El error de Estados Unidos en el conflicto con Irán.",es,Media,UgymRzWW0TMfFpCQ5Nx4AaABAg,,0,@marcosnahummayomedrano2261,este tipo esta en una realidad alterna o que onda? jajajajajaj,2026-03-07T20:48:05Z,2026-03-07T20:48:05Z,2,1,youtube,2026-04-05T13:39:45.929920
srH80O3G_uQ,Diego Ruzzarin,"
El error de Estados Unidos en el conflicto con Irán.",es,Media,UgymRzWW0TMfFpCQ5Nx4AaABAg.AU3iwaR-nkpAU3kyDBlCUr,UgymRzWW0TMfFpCQ5Nx4AaABAg,1,@ErickMReis-tb4js,Solo el tiempo hablará,2026-03-07T21:05:47Z,2026-03-07T21:05:47Z,0,0,youtube,2026-04-05T13:39:45.929928
srH80O3G_uQ,Diego Ruzzarin,"
El error de Estados Unidos en el conflicto con Irán.",es,Media,UgwGGB28BMGb1XEGTkt4AaABAg,,0,@PalomaMarugán,Que así sea y se hundan en la miseria,2026-03-07T20:48:01Z,2026-03-07T20:48:01Z,4,0,youtube,2026-04-05T13:39:45.929932
srH80O3G_uQ,Diego Ruzzarin,"
El error de Estados Unidos en el conflicto con Irán.",es,Media,UgysVlEfrSVrIztQbg94AaABAg,,0,@silviaromero398,Así sea.,2026-03-07T20:47:14Z,2026-03-07T20:47:14Z,0,0,youtube,2026-04-05T13:39:45.929936
srH80O3G_uQ,Diego Ruzzarin,"
El error de Estados Unidos en el conflicto con Irán.",es,Media,Ugxbn5VRUAQH_UK-6cZ4AaABAg,,0,@vigilanciaaza-cp6ro,👌,2026-03-07T20:45:23Z,2026-03-07T20:45:23Z,0,0,youtube,2026-04-05T13:39:45.929941
srH80O3G_uQ,Diego Ruzzarin,"
El error de Estados Unidos en el conflicto con Irán.",es,Media,Ugy3pCgAjzTYrA-kwRp4AaABAg,,0,@tildo2001,Este quedó ardido de que Trump llevó a su marido Maduro a la cárcel,2026-03-07T20:44:04Z,2026-03-07T20:44:11Z,2,1,youtube,2026-04-05T13:39:45.929946
srH80O3G_uQ,Diego Ruzzarin,"
El error de Estados Unidos en el conflicto con Irán.",es,Media,Ugy3pCgAjzTYrA-kwRp4AaABAg.AU3iU9Z0i6eAU4a2t7OVMy,Ugy3pCgAjzTYrA-kwRp4AaABAg,1,@jeeperpitufo,Tiene gusto rico la leche de Trump ?,2026-03-08T04:49:40Z,2026-03-08T04:49:40Z,0,0,youtube,2026-04-05T13:39:45.929950
srH80O3G_uQ,Diego Ruzzarin,"
El error de Estados Unidos en el conflicto con Irán.",es,Media,UgzCsgzDyPndLB44YSt4AaABAg,,0,@AlbertoMartinez-nv2hy,"Irán no es perra sumisa 
Están dispuestos a llegar al final; y lo estamos viendo",2026-03-07T20:38:24Z,2026-03-07T20:38:24Z,0,0,youtube,2026-04-05T13:39:45.929955
srH80O3G_uQ,Diego Ruzzarin,"
El error de Estados Unidos en el conflicto con Irán.",es,Media,Ugws1tNrjvDsn3BC2V54AaABAg,,0,@juancarlosugarteniemes101,"USA debió hacer esta guerra hace 10 años cuandonsubarmamento todavía servía para inclinar la balanza a su favor, ahora sólo le queda la opción nuclear porque sus 11 portaaviones, incluído el de 5.000 millones, no valen para nada, ejército caduco, la tecnología cambió y USA no.",2026-03-07T20:37:54Z,2026-03-07T20:37:54Z,0,0,youtube,2026-04-05T13:39:45.929959
srH80O3G_uQ,Diego Ruzzarin,"
El error de Estados Unidos en el conflicto con Irán.",es,Media,UgxCVE-rRyX3ApARUKp4AaABAg,,0,@percyjauregui9965,El de Rusia- Ucraina debito durar 4/6 meses😮,2026-03-07T20:36:34Z,2026-03-07T20:36:34Z,0,0,youtube,2026-04-05T13:39:45.929964
srH80O3G_uQ,Diego Ruzzarin,"
El error de Estados Unidos en el conflicto con Irán.",es,Media,UgyhOnEakyT-97ZRSRJ4AaABAg,,0,@davidbbv,apoyemos todos a IRAN.... por la soberania de las naciones,2026-03-07T20:27:03Z,2026-03-07T20:27:03Z,38,4,youtube,2026-04-05T13:39:45.929968
srH80O3G_uQ,Diego Ruzzarin,"
El error de Estados Unidos en el conflicto con Irán.",es,Media,UgyhOnEakyT-97ZRSRJ4AaABAg.AU3gXc2KUAaAUCJzNMTfAj,UgyhOnEakyT-97ZRSRJ4AaABAg,1,@Black-sh5of,De qué sobrenia hablas de Irán?,2026-03-11T04:54:26Z,2026-03-11T04:54:26Z,0,0,youtube,2026-04-05T13:39:45.929973
srH80O3G_uQ,Diego Ruzzarin,"
El error de Estados Unidos en el conflicto con Irán.",es,Media,UgyhOnEakyT-97ZRSRJ4AaABAg.AU3gXc2KUAaAUDYPmIt6Yc,UgyhOnEakyT-97ZRSRJ4AaABAg,1,@Isaactpcg,¿Esta apoyando una dictadura? ¿Si sabes que el gobierno de Irán mató a miles de civiles? Enserio no entiendo a este gente....,2026-03-11T16:19:45Z,2026-03-11T16:19:45Z,0,0,youtube,2026-04-05T13:39:45.929976
srH80O3G_uQ,Diego Ruzzarin,"
El error de Estados Unidos en el conflicto con Irán.",es,Media,UgyhOnEakyT-97ZRSRJ4AaABAg.AU3gXc2KUAaAUGA0NxbvGx,UgyhOnEakyT-97ZRSRJ4AaABAg,1,@davidbbv,@Isaactpcg no entiendes porque te lavaron el cerebro...mucho hollywood,2026-03-12T16:44:17Z,2026-03-12T16:44:54Z,0,0,youtube,2026-04-05T13:39:45.929980
srH80O3G_uQ,Diego Ruzzarin,"
El error de Estados Unidos en el conflicto con Irán.",es,Media,UgyhOnEakyT-97ZRSRJ4AaABAg.AU3gXc2KUAaAUGAFBEB7dW,UgyhOnEakyT-97ZRSRJ4AaABAg,1,@davidbbv,"@Black-sh5of asi es, nadie tiene derecho en meterse en políticas internas de un pais, ni siquiera el tuyo..sabe dios de donde serás.",2026-03-12T16:46:18Z,2026-03-12T16:46:18Z,0,0,youtube,2026-04-05T13:39:45.929984
srH80O3G_uQ,Diego Ruzzarin,"
El error de Estados Unidos en el conflicto con Irán.",es,Media,Ugw41vZMpCM2nsDcUz54AaABAg,,0,@hanaibrahimreyes2795,"Es una suerte que nosotros en Cuba hayamos quedado después de Irán en la lista de los yankees pedófilos. Estamos festejando la paliza que les están dando. Si lo que quede de ellos aún nos deciden atacar, lo estaremos esperando. No tenemos el poderío militar ni la paciencia milenaria de Irán, pero NO SOMOS VENEZUELA. No dejaremos que esos cobardes asesinos de niños nos humillen. Patria o Muerte. A Narco Rubia le daremos atención especial.",2026-03-07T20:25:56Z,2026-03-07T20:27:16Z,1,1,youtube,2026-04-05T13:39:45.929988
srH80O3G_uQ,Diego Ruzzarin,"
El error de Estados Unidos en el conflicto con Irán.",es,Media,Ugw41vZMpCM2nsDcUz54AaABAg.AU3gPRmy592AU3gcBVboz0,Ugw41vZMpCM2nsDcUz54AaABAg,1,@EduardoAlfonso1,"A los gringos no les están dando ninguna paliza, y segundo, no te metas con Venezuela",2026-03-07T20:27:49Z,2026-03-07T20:27:49Z,0,0,youtube,2026-04-05T13:39:45.929992
srH80O3G_uQ,Diego Ruzzarin,"
El error de Estados Unidos en el conflicto con Irán.",es,Media,UgyTT4CSOsZVw4TzvXx4AaABAg,,0,@anibalsinalma1364,"Esperemos que si, porque estos nazis estan decididos a provocar una guerra nuclear, de la cual no se salvará nadie.",2026-03-07T20:18:30Z,2026-03-07T20:18:30Z,0,0,youtube,2026-04-05T13:39:45.929997
srH80O3G_uQ,Diego Ruzzarin,"
El error de Estados Unidos en el conflicto con Irán.",es,Media,UgyhGA8t6d8cGK_mIVF4AaABAg,,0,@mankiando9840,"Yo creo que por eso el líder de Iran se inmolo para precisamente avivar la llama de la guerra y el extremismo para que el pueblo no se baje del tren y ataquen cada vez más furiosos. Los talibates aguantaron más de 20 años destruyendo armamento carisimo con basura. Claramente Irán sabía que era necesario. Estados unidos y los genocidas atacaron una escuela y un hospital queriendo demostrar que no se van a detener y destruir la moral pero eso solo avivo más el extremismo, avivo más el fuego y ahora están más enojados que nunca",2026-03-07T20:18:21Z,2026-03-07T20:18:21Z,24,2,youtube,2026-04-05T13:39:45.930001
srH80O3G_uQ,Diego Ruzzarin,"
El error de Estados Unidos en el conflicto con Irán.",es,Media,UgyhGA8t6d8cGK_mIVF4AaABAg.AU3fXpFt_H9AU3sqS82po-,UgyhGA8t6d8cGK_mIVF4AaABAg,1,@renombra,"Han atacado varias escuelas y nueve hospitales, es lo primero que han atacado.",2026-03-07T22:14:37Z,2026-03-07T22:14:37Z,5,0,youtube,2026-04-05T13:39:45.930005
srH80O3G_uQ,Diego Ruzzarin,"
El error de Estados Unidos en el conflicto con Irán.",es,Media,UgyhGA8t6d8cGK_mIVF4AaABAg.AU3fXpFt_H9AU4V9XtgJTJ,UgyhGA8t6d8cGK_mIVF4AaABAg,1,@calnv,Jajajajjaja,2026-03-08T03:58:09Z,2026-03-08T03:58:09Z,1,0,youtube,2026-04-05T13:39:45.930009
srH80O3G_uQ,Diego Ruzzarin,"
El error de Estados Unidos en el conflicto con Irán.",es,Media,UgwgOnXGBKj2FIkERZF4AaABAg,,0,@AlfonsoMedRam,"No es ""Estados Unidos,"" es Donald Trump. No tiene el apoyo del congreso. Y el error más significante es de Netanyahu en caso de no poder terminar la guerra. Hay varios videos donde ex militares de Estados Unidos dicen, ""no one  wants to fight for Israel!"" Esos misiles de Iran si matan. Por si no sabes, la mayoría de los judíos de Estados Unidos no son republicanos, son demócratas.",2026-03-07T20:17:51Z,2026-03-07T20:19:46Z,0,0,youtube,2026-04-05T13:39:45.930013
srH80O3G_uQ,Diego Ruzzarin,"
El error de Estados Unidos en el conflicto con Irán.",es,Media,UgymHGio5toVCWiSulF4AaABAg,,0,@maritzaalvarezlopez1553,"Fuerza 🇮🇷 duro contra la coalición Epstein 💩, asesinos, pedófilos...",2026-03-07T20:13:36Z,2026-03-07T20:13:36Z,0,0,youtube,2026-04-05T13:39:45.930017
srH80O3G_uQ,Diego Ruzzarin,"
El error de Estados Unidos en el conflicto con Irán.",es,Media,UgwWl2roJsA4aKi3Zet4AaABAg,,0,@MisaCharcas,Completamente cierto...,2026-03-07T20:08:57Z,2026-03-07T20:08:57Z,7,0,youtube,2026-04-05T13:39:45.930022
srH80O3G_uQ,Diego Ruzzarin,"
El error de Estados Unidos en el conflicto con Irán.",es,Media,UgwKdcEU-QaMBQIPSdF4AaABAg,,0,@DavidMauricioEsquivelDuclox,"Él Pueblo de Israel elegido por el demonio Israel 🇮🇱, no podrá sólo contra Iran 🇮🇷..!!!",2026-03-07T20:07:15Z,2026-03-07T20:07:15Z,1,0,youtube,2026-04-05T13:39:45.930026
srH80O3G_uQ,Diego Ruzzarin,"
El error de Estados Unidos en el conflicto con Irán.",es,Media,Ugy_00u6_g6O6sJV73B4AaABAg,,0,@tomasarevalo6717,Roma se quema,2026-03-07T20:06:23Z,2026-03-07T20:06:23Z,0,0,youtube,2026-04-05T13:39:45.930030
srH80O3G_uQ,Diego Ruzzarin,"
El error de Estados Unidos en el conflicto con Irán.",es,Media,UgwHnnNJfLK6YSoyD0Z4AaABAg,,0,@ceachele,😑🧘‍♀️,2026-03-07T20:02:36Z,2026-03-07T20:02:36Z,0,0,youtube,2026-04-05T13:39:45.930035
srH80O3G_uQ,Diego Ruzzarin,"
El error de Estados Unidos en el conflicto con Irán.",es,Media,Ugy2q4BYBG-5dCvNo8d4AaABAg,,0,@oscarguerrero1807,Exacto buen analisis asi es,2026-03-07T20:01:26Z,2026-03-07T20:01:26Z,0,0,youtube,2026-04-05T13:39:45.930040
srH80O3G_uQ,Diego Ruzzarin,"
El error de Estados Unidos en el conflicto con Irán.",es,Media,UgzztaxD_ZtIGaOGC4R4AaABAg,,0,@antonioa.pinedo9856,🤡😴😴😴😴,2026-03-07T19:58:40Z,2026-03-07T19:58:40Z,1,0,youtube,2026-04-05T13:39:45.930045
srH80O3G_uQ,Diego Ruzzarin,"
El error de Estados Unidos en el conflicto con Irán.",es,Media,UgzDvDnEZIRvXVotuuB4AaABAg,,0,@adrianfigueroa4331,"El error que cometió fue asesinar lo más preciado de Nuestra Especie Nuestros Niñ@s y de eso No se salvan por toda la eternidad y pagarán con Su existencia ese Crimen Atroz imperdonable...Basuras inmundas
👍🌎❤️",2026-03-07T19:54:42Z,2026-03-07T19:54:42Z,4,0,youtube,2026-04-05T13:39:45.930048
srH80O3G_uQ,Diego Ruzzarin,"
El error de Estados Unidos en el conflicto con Irán.",es,Media,UgxRbp6ts0IYwoghSkB4AaABAg,,0,@rocioB.7,🤔 Tendrá su objetivo más al Este de Irán???,2026-03-07T19:53:01Z,2026-03-07T19:53:01Z,0,0,youtube,2026-04-05T13:39:45.930052
srH80O3G_uQ,Diego Ruzzarin,"
El error de Estados Unidos en el conflicto con Irán.",es,Media,Ugybb1bLwFN3mOHh72J4AaABAg,,0,@jorgeluisrodriguezzea8559,"Pero los medios de desinformación están haceidnonsi trabajo, nos bombardean con noticias falsas todo el tiempos 😢 ojalá irán les este dando en su ....  Y dejé precedente mundial ánimo Irán 🫡",2026-03-07T19:50:03Z,2026-03-07T19:50:03Z,1,0,youtube,2026-04-05T13:39:45.930056
srH80O3G_uQ,Diego Ruzzarin,"
El error de Estados Unidos en el conflicto con Irán.",es,Media,UgzI_SuiHqa8uD9CX6h4AaABAg,,0,@arturoxavierpachecovaladez5772,¡Excelente noticia! Dios te bendiga por regalarme un sábado muy agradable.,2026-03-07T19:49:59Z,2026-03-07T19:49:59Z,21,2,youtube,2026-04-05T13:39:45.930059
srH80O3G_uQ,Diego Ruzzarin,"
El error de Estados Unidos en el conflicto con Irán.",es,Media,UgzI_SuiHqa8uD9CX6h4AaABAg.AU3cI4pmqu7AU4CRf-s6si,UgzI_SuiHqa8uD9CX6h4AaABAg,1,@BPhaseHBINC,🤣🤣🤣🤣🤣🤣,2026-03-08T01:14:36Z,2026-03-08T01:14:36Z,0,0,youtube,2026-04-05T13:39:45.930063
srH80O3G_uQ,Diego Ruzzarin,"
El error de Estados Unidos en el conflicto con Irán.",es,Media,UgzI_SuiHqa8uD9CX6h4AaABAg.AU3cI4pmqu7AU4UyV4Mns6,UgzI_SuiHqa8uD9CX6h4AaABAg,1,@calnv,Y porque va perdiendo Irán ?,2026-03-08T03:56:30Z,2026-03-08T03:56:30Z,0,0,youtube,2026-04-05T13:39:45.930065
srH80O3G_uQ,Diego Ruzzarin,"
El error de Estados Unidos en el conflicto con Irán.",es,Media,Ugyr0wce7GRX_T2Wbqd4AaABAg,,0,@oscarfroylanpachecolinares8156,y nada que irán haya aplicado la de las torres gemelas con el bmbrdeo a las escuelas,2026-03-07T19:45:52Z,2026-03-07T19:45:52Z,3,0,youtube,2026-04-05T13:39:45.930069
srH80O3G_uQ,Diego Ruzzarin,"
El error de Estados Unidos en el conflicto con Irán.",es,Media,UgyunY86AVK1b3QZIX94AaABAg,,0,@armtux,La justificación es el zionismo cristiano americano.,2026-03-07T19:44:07Z,2026-03-07T19:44:29Z,0,0,youtube,2026-04-05T13:39:45.930072
srH80O3G_uQ,Diego Ruzzarin,"
El error de Estados Unidos en el conflicto con Irán.",es,Media,UgzKRKdCIPiWBxA948N4AaABAg,,0,@LuisPerez-ly3qc,Viva trump,2026-03-07T19:42:13Z,2026-03-07T19:42:13Z,0,1,youtube,2026-04-05T13:39:45.930078
srH80O3G_uQ,Diego Ruzzarin,"
El error de Estados Unidos en el conflicto con Irán.",es,Media,UgzKRKdCIPiWBxA948N4AaABAg.AU3bPDOy0CAAU3rSoJShbz,UgzKRKdCIPiWBxA948N4AaABAg,1,@curicorodrigo,Te llamas Luis. Ámate un poco. 🤡,2026-03-07T22:02:31Z,2026-03-07T22:02:31Z,1,0,youtube,2026-04-05T13:39:45.930082
srH80O3G_uQ,Diego Ruzzarin,"
El error de Estados Unidos en el conflicto con Irán.",es,Media,Ugw9KP824F77G_b8kfF4AaABAg,,0,@isabelbecerril3215,"Eso sería excelente!!! Porque ya desede hace mucho tiempo el mundo esperamos, queremos y pedimos ya la caída de este abusivo, criminal y depredaror imperio del mal que es EE.UU., Israel, sus aliados y arrastrados lame botas que tiene por todo el mundo!!! 👎👎👎",2026-03-07T19:38:12Z,2026-03-07T19:38:12Z,2,0,youtube,2026-04-05T13:39:45.930085
srH80O3G_uQ,Diego Ruzzarin,"
El error de Estados Unidos en el conflicto con Irán.",es,Media,UgxgGQ5Df4ltP0XiHHJ4AaABAg,,0,@gemmacastillo565,Cuando EEUU se retire será el momento de q Venezuela eche del país a los gringos y se quede con todas las petroleras.,2026-03-07T19:37:27Z,2026-03-07T19:37:27Z,0,3,youtube,2026-04-05T13:39:45.930092
srH80O3G_uQ,Diego Ruzzarin,"
El error de Estados Unidos en el conflicto con Irán.",es,Media,UgxgGQ5Df4ltP0XiHHJ4AaABAg.AU3arJW8UzAAU3cmN1jxFv,UgxgGQ5Df4ltP0XiHHJ4AaABAg,1,@EduardoAlfonso1,Y porque los hechariamos? Para volver al socialismo? No gracias,2026-03-07T19:54:15Z,2026-03-07T19:54:35Z,0,0,youtube,2026-04-05T13:39:45.930095
srH80O3G_uQ,Diego Ruzzarin,"
El error de Estados Unidos en el conflicto con Irán.",es,Media,UgxgGQ5Df4ltP0XiHHJ4AaABAg.AU3arJW8UzAAU3k3mJIC7M,UgxgGQ5Df4ltP0XiHHJ4AaABAg,1,@gemmacastillo565,"​@EduardoAlfonso1perdón si prefieres vivir en un pais q te roban el petróleo y el oro mientras tú moneda sigue devaluandose y sigue el pais con un montón de sanciones,al menos antes vendiais el petróleo a rusia y china ahora lo regaláis eso es hacer buenos tratos ya veremos dentro de un año como estaréis.",2026-03-07T20:57:56Z,2026-03-07T20:57:56Z,1,0,youtube,2026-04-05T13:39:45.930099
srH80O3G_uQ,Diego Ruzzarin,"
El error de Estados Unidos en el conflicto con Irán.",es,Media,UgxgGQ5Df4ltP0XiHHJ4AaABAg.AU3arJW8UzAAU3kksqVoab,UgxgGQ5Df4ltP0XiHHJ4AaABAg,1,@EduardoAlfonso1,"​​@gemmacastillo565 para empezar, los que se roban el petróleo, no son los gringos, son los chavistas, lo han hecho los últimos 20 años, China y Cuba no pagan por el petróleo, Se lo dábamos a China a cambio de saldar la deuda, E.U si paga por ello, y de esas supuestas ventas de petróleo que dices, de que forma benefició al país, porque yo no lo veo, ha habido más progreso en 3 meses con los gringos aquí que 20 años de socialismo 👍",2026-03-07T21:03:57Z,2026-03-07T21:04:38Z,0,0,youtube,2026-04-05T13:39:45.930102
srH80O3G_uQ,Diego Ruzzarin,"
El error de Estados Unidos en el conflicto con Irán.",es,Media,UgzHkhPY55mSty_bByR4AaABAg,,0,@gemamoneta,Ojalá sea catastrófico .,2026-03-07T19:35:57Z,2026-03-07T19:35:57Z,0,0,youtube,2026-04-05T13:39:45.930106
srH80O3G_uQ,Diego Ruzzarin,"
El error de Estados Unidos en el conflicto con Irán.",es,Media,UgyLN-z54VOuzW401FZ4AaABAg,,0,@joseornelasduran519,"Me acordaste de la peli, el reino de los cielos, donde, el rey recién coronado, termina montado en un burro.",2026-03-07T19:33:14Z,2026-03-07T19:33:14Z,9,1,youtube,2026-04-05T13:39:45.930110
srH80O3G_uQ,Diego Ruzzarin,"
El error de Estados Unidos en el conflicto con Irán.",es,Media,UgyLN-z54VOuzW401FZ4AaABAg.AU3aNMljJRzAU4XrSKPTbe,UgyLN-z54VOuzW401FZ4AaABAg,1,@jeeperpitufo,"En este caso, el burro tiene pelo naranja 😂",2026-03-08T04:21:46Z,2026-03-08T04:21:46Z,1,0,youtube,2026-04-05T13:39:45.930113
srH80O3G_uQ,Diego Ruzzarin,"
El error de Estados Unidos en el conflicto con Irán.",es,Media,Ugw7HRXrWo7or0546Lh4AaABAg,,0,@user-qz4fb3qj1r,"Bueno, los yankees y los sionistas no tienen problema con el dinero.",2026-03-07T19:30:47Z,2026-03-07T19:30:47Z,0,0,youtube,2026-04-05T13:39:45.930117
srH80O3G_uQ,Diego Ruzzarin,"
El error de Estados Unidos en el conflicto con Irán.",es,Media,UgzbyFpNbS3Bdg-xtCx4AaABAg,,0,@Gregoriuss,"1:00 AVECES LLEGO A CREER QUE LA GENTE QUE APOYA IRAN REALMENTE NO APOYA A IRAN, LLEGO A CREER QUE SU DESEO MAS GRANDE ES QUE DESTRUYAN POR COMPLETO A IRAN, ESTA GENTE HACE PENSAR QUE LO UNICO QUE QUIEREN ES QUE USA O ISRAEL AL FIN TIREN UNA BOMBA ATOMICA ENCIMA DE IRAN, SE REGOCIJAN EN ESA IDEA TODO PARA QUE AL FIN EL MUNDO SE DE CUENTA DE LO ""TERRIBLE"" Y ""MALO"" QUE ES EL IMPERIO, SI QUISIERAN DE VERDAD EL BIENESTAR DE IRAN DIRIAN: ""OYE YA ESTA DICTADURA DE IRAN DEBERIAN PENSAR REALMENTE EN TERMINAR ESTO"", Y NO DIRIAN:"" IRAN ESTA ATACANDO DE MANERA ESTRATEGICA, QUE MARAVILLOSO"" PORQUE TODOS SABEN QUE AL FINAL, LA ULTIMA PALABRA LA TIENE EL QUE MAS PODER TIENE, SIEMPRE HA SIDO ASI ES UNA LEY BASICA DE LA BIOLOGIA MISMA, SABEMOS QUE LA ULTIMA PALABRA, POR MAS QUE TENGAS ESTRATEGIA POR MAS QUE TIRES BOMBAS BASURAS O MEGAVANZADAS QUE ATAQUES A 100 PAISES A LA VEZ LAS PATAS DE LA MESA SE ROMPEN CUANDO ESTADOS UNIDOS LO DIGA, POR MAS LEJOS QUE ESTE POR MAS DINERO QUE GASTEN, Y POR MAS QUE ALARGUEN EL CONFLICTO POR MAS VALIENTES QUE SE LA QUIERAN DAR LOS DICTADORES, O LO QUE QUEDA DE ELLOS EN IRAN, TODOS SABEMOS QUE SI MAÑANA ESTADOS UNIDOS QUIERE ACABAR CON ESTO VA HACER LO MISMO QUE EN JAPON, Y TODOS LOS QUE HABLAMOS DE ESTO HOY MAÑANA HABLAREMOS DE IRAN COMO HIROSHIMA O NAGASAKI SIN NINGUN TIPO DE DOLOR SOLO COMO UNA ANÉCDOTA. DICHO ESTO, LO MAS SABIO QUE PODRIAMOS PEDIR ES QUE IRAN TRATE DE PARAR CON ESTO Y TRATAR DE NO DEJAR SU PAIS EN CENIZAS",2026-03-07T19:29:46Z,2026-03-07T19:30:10Z,2,0,youtube,2026-04-05T13:39:45.930120
srH80O3G_uQ,Diego Ruzzarin,"
El error de Estados Unidos en el conflicto con Irán.",es,Media,Ugwf78AloNxQGvetbRJ4AaABAg,,0,@SandraMoreno-z7f,Excelente Diego,2026-03-07T19:27:45Z,2026-03-07T19:27:45Z,13,0,youtube,2026-04-05T13:39:45.930124
srH80O3G_uQ,Diego Ruzzarin,"
El error de Estados Unidos en el conflicto con Irán.",es,Media,UgzvQdoeI_yCnt97jdd4AaABAg,,0,@RAAM1714,El imperio anglo va a caer antes que salga GTA 6 xd,2026-03-07T19:21:53Z,2026-03-07T19:21:53Z,18,0,youtube,2026-04-05T13:39:45.930128
srH80O3G_uQ,Diego Ruzzarin,"
El error de Estados Unidos en el conflicto con Irán.",es,Media,UgyDGvt2mkMSKN2Zjk14AaABAg,,0,@Andres-kh9bs,"Yo si creo que iran perderá, esperemos sea lo mas rapido posible para evitar una mayor escalada",2026-03-07T19:18:56Z,2026-03-07T19:18:56Z,2,2,youtube,2026-04-05T13:39:45.930132
srH80O3G_uQ,Diego Ruzzarin,"
El error de Estados Unidos en el conflicto con Irán.",es,Media,UgyDGvt2mkMSKN2Zjk14AaABAg.AU3ZjfEYOa-AU3rOB97pZj,UgyDGvt2mkMSKN2Zjk14AaABAg,1,@curicorodrigo,"Eso, ponte del lado del eje Epstein. De los violadores pedófilos",2026-03-07T22:01:53Z,2026-03-07T22:01:53Z,0,0,youtube,2026-04-05T13:39:45.930135
srH80O3G_uQ,Diego Ruzzarin,"
El error de Estados Unidos en el conflicto con Irán.",es,Media,UgyDGvt2mkMSKN2Zjk14AaABAg.AU3ZjfEYOa-AU69SgXhvZH,UgyDGvt2mkMSKN2Zjk14AaABAg,1,@Andres-kh9bs,? xd,2026-03-08T19:27:00Z,2026-03-08T19:27:00Z,0,0,youtube,2026-04-05T13:39:45.930138
srH80O3G_uQ,Diego Ruzzarin,"
El error de Estados Unidos en el conflicto con Irán.",es,Media,UgzgCDRRKTudGBwv6Ox4AaABAg,,0,@KronosSchez,"Pero EEUU está también sacando más margen del gas y combustible que vende gracias a la propia guerra que han montado... Tal vez eso no lo hayas tenido en cuenta, que es lo que realmente está haciendo además de renovar su material armamentístico y elevando a sus financiadores de campaña. Espero que tu cálculo sea acertado",2026-03-07T19:17:30Z,2026-03-07T19:17:30Z,2,0,youtube,2026-04-05T13:39:45.930142
srH80O3G_uQ,Diego Ruzzarin,"
El error de Estados Unidos en el conflicto con Irán.",es,Media,Ugymt3XN6y7BcJ5NER14AaABAg,,0,@emperatriza5592,De acuerdo,2026-03-07T19:16:48Z,2026-03-07T19:16:48Z,8,0,youtube,2026-04-05T13:39:45.930145
srH80O3G_uQ,Diego Ruzzarin,"
El error de Estados Unidos en el conflicto con Irán.",es,Media,UgyRRmOlcAHmraNUUUZ4AaABAg,,0,@jrjr2034,El Netanyahu usara la bomba Nuclear o bomba Hidrógenada .Cuando se vea acorralado.,2026-03-07T19:14:59Z,2026-03-07T19:14:59Z,6,6,youtube,2026-04-05T13:39:45.930149
srH80O3G_uQ,Diego Ruzzarin,"
El error de Estados Unidos en el conflicto con Irán.",es,Media,UgyRRmOlcAHmraNUUUZ4AaABAg.AU3ZHkKmRMQAU3_LE3Bbxn,UgyRRmOlcAHmraNUUUZ4AaABAg,1,@rosamummolo1178,Pienso lo mismo,2026-03-07T19:24:12Z,2026-03-07T19:24:12Z,0,0,youtube,2026-04-05T13:39:45.930153
srH80O3G_uQ,Diego Ruzzarin,"
El error de Estados Unidos en el conflicto con Irán.",es,Media,UgyRRmOlcAHmraNUUUZ4AaABAg.AU3ZHkKmRMQAU3_UCU3Bvl,UgyRRmOlcAHmraNUUUZ4AaABAg,1,@rosamummolo1178,"Lástima que Irán no tiene una bomba, y esa fue la narrativa es mejor que se apuren a destruirlos",2026-03-07T19:25:25Z,2026-03-07T19:25:25Z,0,0,youtube,2026-04-05T13:39:45.930156
srH80O3G_uQ,Diego Ruzzarin,"
El error de Estados Unidos en el conflicto con Irán.",es,Media,UgyRRmOlcAHmraNUUUZ4AaABAg.AU3ZHkKmRMQAU3hlyjGpum,UgyRRmOlcAHmraNUUUZ4AaABAg,1,@omarperea3307,"Seria los mas estúpido y lógico, porque al soltarla se chingan todos en medio oriente, la contaminación radiactiva les alcanzaría a todos en la región e incluso Europa, pero bueno, si no gano yo no gana nadie.",2026-03-07T20:37:53Z,2026-03-07T20:38:24Z,0,0,youtube,2026-04-05T13:39:45.930159
srH80O3G_uQ,Diego Ruzzarin,"
El error de Estados Unidos en el conflicto con Irán.",es,Media,UgyRRmOlcAHmraNUUUZ4AaABAg.AU3ZHkKmRMQAU3kfleL8HX,UgyRRmOlcAHmraNUUUZ4AaABAg,1,@JesusVazquez-hg2df,"Se supone que todas las bombas nucleares estan monitoreadas si se mueve una ojiva lo detectan los satélites desde india, Pakistán, Francia,  todos estan vigilados precisamente para que no sea tan fácil lanzar una bomba el problema es el monstruo sionista ellos al no apegarse al programa manejan de forma clandestina sus ojivas no estan monitoreadas, el problemas es como dicen aquí, si lanzan una bomba la región se vería muy afectada, pero tratándose de ese animal de satanyahu o mejor dicho mileikowsky que es su verdadero nombre ni es priginario de esas tierras😅, tratándose de él es capaz de hacerlo es un imbcil....",2026-03-07T21:03:16Z,2026-03-07T21:03:16Z,0,0,youtube,2026-04-05T13:39:45.930162
srH80O3G_uQ,Diego Ruzzarin,"
El error de Estados Unidos en el conflicto con Irán.",es,Media,UgyRRmOlcAHmraNUUUZ4AaABAg.AU3ZHkKmRMQAU3n68zyl5W,UgyRRmOlcAHmraNUUUZ4AaABAg,1,@JuanDarkon,"​@omarperea3307son capaces de hacerlo, joder todo ahí e iniciar nuevos asentamientos en la Patagonia, por algo la incendiarón",2026-03-07T21:24:28Z,2026-03-07T21:24:28Z,1,0,youtube,2026-04-05T13:39:45.930165
srH80O3G_uQ,Diego Ruzzarin,"
El error de Estados Unidos en el conflicto con Irán.",es,Media,Ugy7cpBplH6yDkaHgrh4AaABAg,,0,@PabloPerozo-i5w,"Así es guerrero la verdad les arde y les duele a Trump y su 
Combo y a Israel con Irán",2026-03-07T19:14:53Z,2026-03-07T19:14:53Z,2,0,youtube,2026-04-05T13:39:45.930169
srH80O3G_uQ,Diego Ruzzarin,"
El error de Estados Unidos en el conflicto con Irán.",es,Media,UgzepmcIKrC0jWyzbO54AaABAg,,0,@PedroGarcia-be9rr,No creo,2026-03-07T19:14:37Z,2026-03-07T19:14:37Z,0,0,youtube,2026-04-05T13:39:45.930173
srH80O3G_uQ,Diego Ruzzarin,"
El error de Estados Unidos en el conflicto con Irán.",es,Media,UgwjD5nzix3S6_JMtud4AaABAg,,0,@mariofloyd6839,Una nuclear y gg,2026-03-07T19:10:48Z,2026-03-07T19:10:48Z,0,0,youtube,2026-04-05T13:39:45.930176
srH80O3G_uQ,Diego Ruzzarin,"
El error de Estados Unidos en el conflicto con Irán.",es,Media,UgzkDUzF8EiSpG0PNLF4AaABAg,,0,@mateoherrera7663,"Ahora es experto en geopolítica y temas militares jaja. Igual te doy el beneficio de la duda. Si ocurre lo que mencionas, tenias razón, sino es otra mas de las idioteces que dices, lo cual es lo habitual. Ya que eres un pifiador serial. 
Igual digo, te puede no gustar EEUU o Israel, pero estar del lado Iran? Esa mierda? No se con qué derecho hablas luego de etica y moral...",2026-03-07T19:09:46Z,2026-03-07T19:09:46Z,1,2,youtube,2026-04-05T13:39:45.930180
srH80O3G_uQ,Diego Ruzzarin,"
El error de Estados Unidos en el conflicto con Irán.",es,Media,UgzkDUzF8EiSpG0PNLF4AaABAg.AU3Yg_9To1FAU3dhh2hJpI,UgzkDUzF8EiSpG0PNLF4AaABAg,1,@aca4269,Cual es la tuya entonces?,2026-03-07T20:02:21Z,2026-03-07T20:02:21Z,0,0,youtube,2026-04-05T13:39:45.930183
srH80O3G_uQ,Diego Ruzzarin,"
El error de Estados Unidos en el conflicto con Irán.",es,Media,UgzkDUzF8EiSpG0PNLF4AaABAg.AU3Yg_9To1FAU3rIuDPo3S,UgzkDUzF8EiSpG0PNLF4AaABAg,1,@curicorodrigo,"Dale Samuel Huntington, ilustranos😂 jajajajajjaa.",2026-03-07T22:01:10Z,2026-03-07T22:01:10Z,0,0,youtube,2026-04-05T13:39:45.930186
srH80O3G_uQ,Diego Ruzzarin,"
El error de Estados Unidos en el conflicto con Irán.",es,Media,Ugz1Z4qIwWyfNp2fS5N4AaABAg,,0,@esliscadena3266,Diego dios t escuché y así sea y veamos caer este imperio de EEUU e Israel,2026-03-07T19:09:04Z,2026-03-07T19:09:04Z,3,1,youtube,2026-04-05T13:39:45.930190
srH80O3G_uQ,Diego Ruzzarin,"
El error de Estados Unidos en el conflicto con Irán.",es,Media,Ugz1Z4qIwWyfNp2fS5N4AaABAg.AU3YbTGp4imAU3dIy2B52a,Ugz1Z4qIwWyfNp2fS5N4AaABAg,1,@EduardoAlfonso1,"Israel no puede caer, E.U es otra historia",2026-03-07T19:58:50Z,2026-03-07T19:58:50Z,0,0,youtube,2026-04-05T13:39:45.930193
srH80O3G_uQ,Diego Ruzzarin,"
El error de Estados Unidos en el conflicto con Irán.",es,Media,UgwwH9FNlQuoOsAJXm94AaABAg,,0,@leonardodominguez21,"Hay un FACHO PITONIZO que se llama Mario Vannucci. Antes me entretenía, porque decía cosas lindas, que la buena vibra y demás. Nunca metiéndose en Política. Pero, en sus Predicciones para este 2026, el canijo dijo que las influencias astrales harán que muchos países dominados por dictaduras (y aquí obvio y muy tendenciosamente incluyó a México). Que serían LIBERADOS, y que caerían estos malos gobiernos. Curiosamente no mencionó a E.U. Curiosamente él también vive en Estados Unidos. Entonces, SE ME HIZO UN MISERABLE FACHO DESHONESTO el que hubiera hecho estas declaraciones (PORQUE NADA LO OBLIGABA A MENCIONAR PAÍSES EN ESPECÍFICO). Y lo que no sabe el ""Tesorito"" es que en efecto, las ""Energías"" que se están moviendo de: Plutón en Acuario son, para los que conocen de esto, EL FAVORECER A LA HUMANIDAD, AL GRUPO, Y NO AL INDIVIDUALISMO que es precisamente  lo que fomentan los regímenes como E.U. Plutón se define como ""EL DESTRUCTOR/REGENERADOR. Y Acuario impulsa LOS VALORES HUMANITARIOS, LA EQUIDAD PARA TODOS, y no el de empoderar solo a unos cuantos ""BICHOS"". Así es que, si hubieran algunas dictaduras y malos gobiernos que TENDRÍAN QUE CAER ESTE AÑO debido a esta influencia. Uno de ellos sería precisamente Estados Unidos. ¡QUE ALEGRÍA SERÁ, INICIANDO EL AÑO 2027, EL FELICITAR A ESTE ADIVINO VENDIDO haciéndole ver que...TENÍA RAZÓN, pero que se EQUIVOCO AL NOMBRAR LOS PAÍSES QUE IBAN A CAER! 😄👍😎✌😛",2026-03-07T19:07:25Z,2026-03-07T19:07:25Z,3,0,youtube,2026-04-05T13:39:45.930196
srH80O3G_uQ,Diego Ruzzarin,"
El error de Estados Unidos en el conflicto con Irán.",es,Media,UgwfqLnJdqWvNPioTbt4AaABAg,,0,@joaquinasolesole76,"Quién siembra vientos, recoge tempestades.
Me duelen tantos muchachos que son y serán asesinados, x las ansias de poder de los perversos de este mundo.
Solo la paz es el camino.
NO A LA GUERRA.",2026-03-07T19:05:04Z,2026-03-07T19:05:04Z,67,4,youtube,2026-04-05T13:39:45.930200
srH80O3G_uQ,Diego Ruzzarin,"
El error de Estados Unidos en el conflicto con Irán.",es,Media,UgwfqLnJdqWvNPioTbt4AaABAg.AU3Y98UkMs8AU44Otp_ldy,UgwfqLnJdqWvNPioTbt4AaABAg,1,@LuisPerez-ly3qc,Despues de la Guerra viene la Paz duradera,2026-03-08T00:04:19Z,2026-03-08T00:04:19Z,1,0,youtube,2026-04-05T13:39:45.930203
srH80O3G_uQ,Diego Ruzzarin,"
El error de Estados Unidos en el conflicto con Irán.",es,Media,UgwfqLnJdqWvNPioTbt4AaABAg.AU3Y98UkMs8AU4WrGshxD2,UgwfqLnJdqWvNPioTbt4AaABAg,1,@jeeperpitufo,"​@LuisPerez-ly3qcduradera ?
Entre el fin de la Primera Guerra Mundial y el comienzo de la Segunda, solamente pasaron 21 años.
Eso es paz duradera ?",2026-03-08T04:13:00Z,2026-03-08T04:13:00Z,2,0,youtube,2026-04-05T13:39:45.930206
srH80O3G_uQ,Diego Ruzzarin,"
El error de Estados Unidos en el conflicto con Irán.",es,Media,UgwfqLnJdqWvNPioTbt4AaABAg.AU3Y98UkMs8AU5_5jyZxw9,UgwfqLnJdqWvNPioTbt4AaABAg,1,@LuisPerez-ly3qc,@jeeperpitufopues esta ves Va a durar agapito,2026-03-08T14:00:34Z,2026-03-08T14:00:34Z,0,0,youtube,2026-04-05T13:39:45.930209
srH80O3G_uQ,Diego Ruzzarin,"
El error de Estados Unidos en el conflicto con Irán.",es,Media,UgwfqLnJdqWvNPioTbt4AaABAg.AU3Y98UkMs8AU8YpC3sCmz,UgwfqLnJdqWvNPioTbt4AaABAg,1,@roberto2213,"Muchachos, muchachas, viejitos, viejitas, niñas y niños, perros, gatos...
Son la PESTE",2026-03-09T17:47:09Z,2026-03-09T17:47:09Z,0,0,youtube,2026-04-05T13:39:45.930212
srH80O3G_uQ,Diego Ruzzarin,"
El error de Estados Unidos en el conflicto con Irán.",es,Media,UgxZY9CuAfOGD22DAkh4AaABAg,,0,@diegoposes9662,Tanta plata tiene Irán??,2026-03-07T19:01:02Z,2026-03-07T19:01:02Z,0,0,youtube,2026-04-05T13:39:45.930215
srH80O3G_uQ,Diego Ruzzarin,"
El error de Estados Unidos en el conflicto con Irán.",es,Media,Ugx4LPuRgKnP4XTVk5x4AaABAg,,0,@zoveckestudio,🙌,2026-03-07T18:56:45Z,2026-03-07T18:56:45Z,0,0,youtube,2026-04-05T13:39:45.930219
srH80O3G_uQ,Diego Ruzzarin,"
El error de Estados Unidos en el conflicto con Irán.",es,Media,UgxyLlOoSpPt7RUfAqx4AaABAg,,0,@MariaLopez-z1o7w,"Pues pobres gringos !! Ojalá no se trasladen a México , horror , lo van a encarecer !! Ojo gente que los gringos en México RESPETEN !! 👀🤔🤓",2026-03-07T18:55:44Z,2026-03-07T18:55:44Z,1,0,youtube,2026-04-05T13:39:45.930223
srH80O3G_uQ,Diego Ruzzarin,"
El error de Estados Unidos en el conflicto con Irán.",es,Media,Ugw2sEQqdA2Ve3dNymB4AaABAg,,0,@oscar72142,"Estados Unidos va a perder esta guerra. ¿por qué Irán está muy lejos y? ¿para qué Estados Unidos Israel los pueda vencer tiene que hacer muchos gastos, pero mucho, mucho? mover soldados barcos y toda la mierda que hacen los gringos. pero es que no. Irán tiene mucha historia demasiada para dejar que un niñato como Estados Unidos que acabo de nacer. ¿puede destruirlos? uno que tiene dos dedos de enfrente, entenderlo pero ya sabemos que en este mundo hay más gente que solo tiene pelo en la cabeza pero",2026-03-07T18:54:25Z,2026-03-07T18:54:25Z,1,0,youtube,2026-04-05T13:39:45.930226
srH80O3G_uQ,Diego Ruzzarin,"
El error de Estados Unidos en el conflicto con Irán.",es,Media,UgyOYbGtbtf8tBR7zLd4AaABAg,,0,@oliverjimenez2250,Asi como pudo parar la guerra de Rusia vs Ucrania en un dia🤣,2026-03-07T18:53:01Z,2026-03-07T18:53:01Z,88,2,youtube,2026-04-05T13:39:45.930230
srH80O3G_uQ,Diego Ruzzarin,"
El error de Estados Unidos en el conflicto con Irán.",es,Media,UgyOYbGtbtf8tBR7zLd4AaABAg.AU3WlqnFwN3AU4iQ0vcLyF,UgyOYbGtbtf8tBR7zLd4AaABAg,1,@gabrielzanotto6283,Gracias a la OTAN,2026-03-08T06:02:44Z,2026-03-08T06:02:44Z,2,0,youtube,2026-04-05T13:39:45.930233
srH80O3G_uQ,Diego Ruzzarin,"
El error de Estados Unidos en el conflicto con Irán.",es,Media,UgyOYbGtbtf8tBR7zLd4AaABAg.AU3WlqnFwN3AU8vDcizE3t,UgyOYbGtbtf8tBR7zLd4AaABAg,1,@fuensantacegarra7049,"Ton tolaba detectado , de que te ries.......zzz",2026-03-09T21:11:36Z,2026-03-09T21:11:47Z,0,0,youtube,2026-04-05T13:39:45.930236
srH80O3G_uQ,Diego Ruzzarin,"
El error de Estados Unidos en el conflicto con Irán.",es,Media,UgypkwKL7TKY-tIL_EN4AaABAg,,0,@FelipeSanchez-gx1wt,Ya pues Trump encargate de este lamebotas de Rusia y china que solo habla bien de esos países para que lo inviten solo por hacer propaganda. Fácil se la lleva.despues sale diciendo me invitaron a los BRICS y cuál es su talento??? Hacer propaganda contra los Yankees 😂😂 😂,2026-03-07T18:53:01Z,2026-03-07T18:53:01Z,2,0,youtube,2026-04-05T13:39:45.930240
srH80O3G_uQ,Diego Ruzzarin,"
El error de Estados Unidos en el conflicto con Irán.",es,Media,UgwOOHq7nc_ysQKQzmd4AaABAg,,0,@Yunior-q7b,❤,2026-03-07T18:52:35Z,2026-03-07T18:52:35Z,0,0,youtube,2026-04-05T13:39:45.930243
srH80O3G_uQ,Diego Ruzzarin,"
El error de Estados Unidos en el conflicto con Irán.",es,Media,UgzTh0ejyMORTlShzOl4AaABAg,,0,@O4Gael,Cierto está gastando mil millones de dólares por día el distractor Epstein files destruirá la economía 🇺🇸,2026-03-07T18:51:09Z,2026-03-07T18:51:09Z,59,1,youtube,2026-04-05T13:39:45.930247
srH80O3G_uQ,Diego Ruzzarin,"
El error de Estados Unidos en el conflicto con Irán.",es,Media,UgzTh0ejyMORTlShzOl4AaABAg.AU3WZ7t53j8AUGC7vANHUo,UgzTh0ejyMORTlShzOl4AaABAg,1,@EstebanBenjamínRamirezGallardo,"Y China está como el meme de Michael Jackson viendo como se desmembran solo por distraer un escándalo, lo que no ven es lo perjudicial económicamente a largo plazo, solo los estadounidenses lo van a padecer",2026-03-12T17:02:48Z,2026-03-12T17:02:48Z,1,0,youtube,2026-04-05T13:39:45.930250
srH80O3G_uQ,Diego Ruzzarin,"
El error de Estados Unidos en el conflicto con Irán.",es,Media,Ugwk5YeOTugQN-e1UKd4AaABAg,,0,@sm9600,Hace Poco el Presidente de Irán dijo que no atacaría más las bases en Países Vecinos ... Pero claro Ya después que USA desalojó sus Bases. Ese era el Plan,2026-03-07T18:51:05Z,2026-03-07T18:51:05Z,14,0,youtube,2026-04-05T13:39:45.930253
srH80O3G_uQ,Diego Ruzzarin,"
El error de Estados Unidos en el conflicto con Irán.",es,Media,UgzHXG3DHkyyqzE6Vrl4AaABAg,,0,@hectoralvarez5118,"Nada más y nada menos que los Creadores del Álgebra, hermanos sin ofender no son árabes son persas",2026-03-07T18:50:13Z,2026-03-07T18:50:13Z,6,2,youtube,2026-04-05T13:39:45.930257
srH80O3G_uQ,Diego Ruzzarin,"
El error de Estados Unidos en el conflicto con Irán.",es,Media,UgzHXG3DHkyyqzE6Vrl4AaABAg.AU3WSPIELcyAU3XKaH6ZR0,UgzHXG3DHkyyqzE6Vrl4AaABAg,1,@joaquinasolesole76,"Inventaron también la rueda.
Los persas un pueblo de 7000 años de antigüedad.",2026-03-07T18:57:54Z,2026-03-07T18:57:54Z,1,0,youtube,2026-04-05T13:39:45.930260
srH80O3G_uQ,Diego Ruzzarin,"
El error de Estados Unidos en el conflicto con Irán.",es,Media,UgzHXG3DHkyyqzE6Vrl4AaABAg.AU3WSPIELcyAU3XpOAqLVl,UgzHXG3DHkyyqzE6Vrl4AaABAg,1,@Temporl-f3q,"​​@joaquinasolesole76 de hecho, la nación persa como tal tiene 2.576 años, si contamos desde los primeros habitantes qué fueron elamitas, entonces serían 5.000 años, pero los elamitas no eran persas",2026-03-07T19:02:14Z,2026-03-07T19:02:49Z,0,0,youtube,2026-04-05T13:39:45.930263
srH80O3G_uQ,Diego Ruzzarin,"
El error de Estados Unidos en el conflicto con Irán.",es,Media,UgwV6j_sKM4Um8y8lWN4AaABAg,,0,@AldoHL,https://youtu.be/rl5pRZb_G1Q,2026-03-07T18:49:57Z,2026-03-07T18:49:57Z,0,0,youtube,2026-04-05T13:39:45.930271
srH80O3G_uQ,Diego Ruzzarin,"
El error de Estados Unidos en el conflicto con Irán.",es,Media,UgzKnkII9F_90dsXREJ4AaABAg,,0,@luisgutierreztellez885,"Ojalá que tu análisis sea cierto. Trump debe recibir un jalón de orejas y más.
Que viva Palestina e Irán!!",2026-03-07T18:48:35Z,2026-03-07T18:48:35Z,44,6,youtube,2026-04-05T13:39:45.930274
srH80O3G_uQ,Diego Ruzzarin,"
El error de Estados Unidos en el conflicto con Irán.",es,Media,UgzKnkII9F_90dsXREJ4AaABAg.AU3WGKsfMukAU3sm7GpFMq,UgzKnkII9F_90dsXREJ4AaABAg,1,@guillermobarronramirez4616,Eso se sabe desde hace 3 días bro!!!,2026-03-07T22:14:02Z,2026-03-07T22:14:02Z,1,0,youtube,2026-04-05T13:39:45.930279
srH80O3G_uQ,Diego Ruzzarin,"
El error de Estados Unidos en el conflicto con Irán.",es,Media,UgzKnkII9F_90dsXREJ4AaABAg.AU3WGKsfMukAU4XNi5AOEj,UgzKnkII9F_90dsXREJ4AaABAg,1,@jeeperpitufo,Solo un jalón de orejas ?,2026-03-08T04:17:34Z,2026-03-08T04:17:34Z,1,0,youtube,2026-04-05T13:39:45.930282
srH80O3G_uQ,Diego Ruzzarin,"
El error de Estados Unidos en el conflicto con Irán.",es,Media,UgzKnkII9F_90dsXREJ4AaABAg.AU3WGKsfMukAU64Q17CXA9,UgzKnkII9F_90dsXREJ4AaABAg,1,@luisgutierreztellez885,"​@jeeperpitufo
jajajaja",2026-03-08T18:42:57Z,2026-03-08T18:42:57Z,0,0,youtube,2026-04-05T13:39:45.930285
srH80O3G_uQ,Diego Ruzzarin,"
El error de Estados Unidos en el conflicto con Irán.",es,Media,UgzKnkII9F_90dsXREJ4AaABAg.AU3WGKsfMukAU8W-wPA9iT,UgzKnkII9F_90dsXREJ4AaABAg,1,@joseabugaber8318,"Trump y Netanyahu deben estar en la cárcel y/o sentenciados a la pena capital. No digas mmdas Mary Jane ""jalón de orejas"" por dios.",2026-03-09T17:22:32Z,2026-03-09T17:22:32Z,0,0,youtube,2026-04-05T13:39:45.930288
srH80O3G_uQ,Diego Ruzzarin,"
El error de Estados Unidos en el conflicto con Irán.",es,Media,UgzKnkII9F_90dsXREJ4AaABAg.AU3WGKsfMukAUA3-IAzTLb,UgzKnkII9F_90dsXREJ4AaABAg,1,@gregoriogutierrez8632,No lo es este wey es a favor de dictaduras todo es depende de quien te de su version y creo no conoce bien EU este wey,2026-03-10T07:47:32Z,2026-03-10T07:47:32Z,0,0,youtube,2026-04-05T13:39:45.930291
srH80O3G_uQ,Diego Ruzzarin,"
El error de Estados Unidos en el conflicto con Irán.",es,Media,Ugxh14pAC2vjaSFp_th4AaABAg,,0,@LeticiaGarcia-t7q,"Diego,  pudieras hacer un análisis de la "" cumbre"" que se ha inventado Trump con los arrastrados y lamebotas  Presidentes de Latinoamerica y el Caribe.",2026-03-07T18:47:02Z,2026-03-07T18:47:02Z,12,9,youtube,2026-04-05T13:39:45.930294
srH80O3G_uQ,Diego Ruzzarin,"
El error de Estados Unidos en el conflicto con Irán.",es,Media,Ugxh14pAC2vjaSFp_th4AaABAg.AU3W5-NZ1suAU3X6mvqQ4m,Ugxh14pAC2vjaSFp_th4AaABAg,1,@javieranibalarboledagonzal4912,"Venezuela, Uruguay,brasil,cuba y Nicaragua no están",2026-03-07T18:56:01Z,2026-03-07T18:56:01Z,4,0,youtube,2026-04-05T13:39:45.930297
srH80O3G_uQ,Diego Ruzzarin,"
El error de Estados Unidos en el conflicto con Irán.",es,Media,Ugxh14pAC2vjaSFp_th4AaABAg.AU3W5-NZ1suAU3XDsqlhz-,Ugxh14pAC2vjaSFp_th4AaABAg,1,@MariaLopez-z1o7w,"Creo la foto que sacaron lo dice todo , no vale la pena !! 😳 😉🤷🏻‍♀️",2026-03-07T18:56:59Z,2026-03-07T18:56:59Z,3,0,youtube,2026-04-05T13:39:45.930300
srH80O3G_uQ,Diego Ruzzarin,"
El error de Estados Unidos en el conflicto con Irán.",es,Media,Ugxh14pAC2vjaSFp_th4AaABAg.AU3W5-NZ1suAU3XRX264qm,Ugxh14pAC2vjaSFp_th4AaABAg,1,@MariaLopez-z1o7w,"⁠Ni México ,  son países  que quieren y apoyan a su  gente !! Viva América latina !! 👀💪🌎",2026-03-07T18:58:51Z,2026-03-07T18:58:51Z,6,0,youtube,2026-04-05T13:39:45.930303
srH80O3G_uQ,Diego Ruzzarin,"
El error de Estados Unidos en el conflicto con Irán.",es,Media,Ugxh14pAC2vjaSFp_th4AaABAg.AU3W5-NZ1suAU3e9qQLhvV,Ugxh14pAC2vjaSFp_th4AaABAg,1,@javieranibalarboledagonzal4912,"​@MariaLopez-z1o7wComo pude olvidarme de México, por supuesto ❤❤❤",2026-03-07T20:06:20Z,2026-03-07T20:06:20Z,3,0,youtube,2026-04-05T13:39:45.930306
srH80O3G_uQ,Diego Ruzzarin,"
El error de Estados Unidos en el conflicto con Irán.",es,Media,Ugxh14pAC2vjaSFp_th4AaABAg.AU3W5-NZ1suAU3eVzo0t3Q,Ugxh14pAC2vjaSFp_th4AaABAg,1,@dimate05,Colombia no está,2026-03-07T20:09:21Z,2026-03-07T20:09:21Z,4,0,youtube,2026-04-05T13:39:45.930309
srH80O3G_uQ,Diego Ruzzarin,"
El error de Estados Unidos en el conflicto con Irán.",es,Media,UgySDs28-t2-r-cr7F54AaABAg,,0,@turambar2112,"Está gente esta muy equivocada, creen que Iran es como los países en LATAM. No entienden la cultura, la Revolución Iraní es la mayor movilizacion de masas de la historia, pueden bombardear todo lo que quieran pero jamás invadir...",2026-03-07T18:46:13Z,2026-03-07T18:46:13Z,39,0,youtube,2026-04-05T13:39:45.930313
srH80O3G_uQ,Diego Ruzzarin,"
El error de Estados Unidos en el conflicto con Irán.",es,Media,UgxtZoQXU1kQfTyI3xt4AaABAg,,0,@robertovaldes5958,ARRIBA IRÁN ✌️,2026-03-07T18:44:10Z,2026-03-07T18:44:10Z,17,0,youtube,2026-04-05T13:39:45.930316
srH80O3G_uQ,Diego Ruzzarin,"
El error de Estados Unidos en el conflicto con Irán.",es,Media,UgzsKQWFm6IDuiDpGtZ4AaABAg,,0,@Temporl-f3q,"Porque asume que E.U se quedará ahí recibiendo ataques? Es verdad que si atacar te cuesta unos cuantos miles y defenderte unos cuantos millones obviamente habrá un desgaste, pero quien dice los gringos o Israelíes no atacaran también?",2026-03-07T18:41:10Z,2026-03-07T18:41:41Z,4,6,youtube,2026-04-05T13:39:45.930320
srH80O3G_uQ,Diego Ruzzarin,"
El error de Estados Unidos en el conflicto con Irán.",es,Media,UgzsKQWFm6IDuiDpGtZ4AaABAg.AU3VQ7_8wXDAU3Wh_g9Xqo,UgzsKQWFm6IDuiDpGtZ4AaABAg,1,@luisgutierreztellez885,"Claro que es un hueso difícil de roer, claro que van a seguir contra atacando ambos bandos, esto no se acaba hasta que termine.",2026-03-07T18:52:26Z,2026-03-07T18:52:26Z,0,0,youtube,2026-04-05T13:39:45.930323
srH80O3G_uQ,Diego Ruzzarin,"
El error de Estados Unidos en el conflicto con Irán.",es,Media,UgzsKQWFm6IDuiDpGtZ4AaABAg.AU3VQ7_8wXDAU3dOp_LZ7Y,UgzsKQWFm6IDuiDpGtZ4AaABAg,1,@antonioa.pinedo9856,Como buen propagandista solo dirá lo que le conviene decir 🤷🏿‍♀️,2026-03-07T19:59:39Z,2026-03-07T19:59:39Z,2,0,youtube,2026-04-05T13:39:45.930326
srH80O3G_uQ,Diego Ruzzarin,"
El error de Estados Unidos en el conflicto con Irán.",es,Media,UgzsKQWFm6IDuiDpGtZ4AaABAg.AU3VQ7_8wXDAU4JNnTgoy-,UgzsKQWFm6IDuiDpGtZ4AaABAg,1,@kriegwolf2000,"claro que van a atacar..... pero su población aguantara?
en USA la gran mayoria no quiere esta guerra.....en Israel ya estan sintiendo lo que es luchar contra una fuerza similar y no contra grupitos de combatientes.
en Iran la gente esta furiosa por los ataques a las escuelas y hospitales........todos piden continuar la pelea pase lo que pase.",2026-03-08T02:15:14Z,2026-03-08T02:15:14Z,2,0,youtube,2026-04-05T13:39:45.930329
srH80O3G_uQ,Diego Ruzzarin,"
El error de Estados Unidos en el conflicto con Irán.",es,Media,UgzsKQWFm6IDuiDpGtZ4AaABAg.AU3VQ7_8wXDAU4ZdLhLKOs,UgzsKQWFm6IDuiDpGtZ4AaABAg,1,@jeeperpitufo,"​​@kriegwolf2000el pueblo de USA tampoco quería la Guerra de Vietnam, e igualmente duró 10 años.
Los gobiernos de USA se pasan por las bolas lo que opine su propio pueblo.",2026-03-08T04:37:19Z,2026-03-08T04:37:39Z,0,0,youtube,2026-04-05T13:39:45.930332
srH80O3G_uQ,Diego Ruzzarin,"
El error de Estados Unidos en el conflicto con Irán.",es,Media,UgzsKQWFm6IDuiDpGtZ4AaABAg.AU3VQ7_8wXDAU4i1o74HnJ,UgzsKQWFm6IDuiDpGtZ4AaABAg,1,@antonioa.pinedo9856,​@kriegwolf2000espera las 4 semanas y verás 🤷🏿‍♀️,2026-03-08T05:59:26Z,2026-03-08T05:59:26Z,0,0,youtube,2026-04-05T13:39:45.930335
srH80O3G_uQ,Diego Ruzzarin,"
El error de Estados Unidos en el conflicto con Irán.",es,Media,Ugzn79rN0nexpXPwlEN4AaABAg,,0,@ACPmember,Aquí se pone en evidencia la ineficacia total de la ONU,2026-03-07T18:40:25Z,2026-03-07T18:40:25Z,0,0,youtube,2026-04-05T13:39:45.930338
srH80O3G_uQ,Diego Ruzzarin,"
El error de Estados Unidos en el conflicto con Irán.",es,Media,UgwHS1cqYBS2a4GjX3h4AaABAg,,0,@johanmoreno4165,"estados hundidos lo que necesita es que le caigan bombas en sus propias ciudades, que Washington new york miami... todos esos reciban bombas, de esa forma les duele la guerra, de esa forma entienden... de ninguna otra forma aprenden, porque siempre han visto la guerra por las ventanas sin sentirla.",2026-03-07T18:39:52Z,2026-03-07T18:39:52Z,30,13,youtube,2026-04-05T13:39:45.930341
srH80O3G_uQ,Diego Ruzzarin,"
El error de Estados Unidos en el conflicto con Irán.",es,Media,UgwHS1cqYBS2a4GjX3h4AaABAg.AU3VGXjxzE_AU3WNuD9BGP,UgwHS1cqYBS2a4GjX3h4AaABAg,1,@luisgutierreztellez885,"Exacto, crea conflictos en otras zonas y se lava las manos.",2026-03-07T18:49:37Z,2026-03-07T18:49:37Z,13,0,youtube,2026-04-05T13:39:45.930345
srH80O3G_uQ,Diego Ruzzarin,"
El error de Estados Unidos en el conflicto con Irán.",es,Media,UgwHS1cqYBS2a4GjX3h4AaABAg.AU3VGXjxzE_AU3ZXuTXrXC,UgwHS1cqYBS2a4GjX3h4AaABAg,1,@jrjr2034,Sabes que si estados unidos es atacado usará bombas De tipo Moab 😅 tiene 1300 de estas más aparte las Nucleares,2026-03-07T19:17:11Z,2026-03-07T19:17:11Z,1,0,youtube,2026-04-05T13:39:45.930347
srH80O3G_uQ,Diego Ruzzarin,"
El error de Estados Unidos en el conflicto con Irán.",es,Media,UgwHS1cqYBS2a4GjX3h4AaABAg.AU3VGXjxzE_AU3bIGJk8uv,UgwHS1cqYBS2a4GjX3h4AaABAg,1,@luisgutierreztellez885,"​@jrjr2034
Y empezaría la 3ra guerra mundial.",2026-03-07T19:41:16Z,2026-03-07T19:41:16Z,4,0,youtube,2026-04-05T13:39:45.930350
srH80O3G_uQ,Diego Ruzzarin,"
El error de Estados Unidos en el conflicto con Irán.",es,Media,UgwHS1cqYBS2a4GjX3h4AaABAg.AU3VGXjxzE_AU4Ids04DA_,UgwHS1cqYBS2a4GjX3h4AaABAg,1,@Mexicana_Pakistani,"Por eso atacó a Irán, porque sabe que no tiene bombas nucleares ni de alcance transatlántico 😢",2026-03-08T02:08:50Z,2026-03-08T02:08:50Z,4,0,youtube,2026-04-05T13:39:45.930353
srH80O3G_uQ,Diego Ruzzarin,"
El error de Estados Unidos en el conflicto con Irán.",es,Media,UgwHS1cqYBS2a4GjX3h4AaABAg.AU3VGXjxzE_AU4Xiux8iEi,UgwHS1cqYBS2a4GjX3h4AaABAg,1,@jeeperpitufo,"En la Segunda Guerra Mundial los japoneses se acercaron bastante a sus costas, con unos aviones que viajaban dentro de submarinos.",2026-03-08T04:20:36Z,2026-03-08T04:20:36Z,3,0,youtube,2026-04-05T13:39:45.930356
srH80O3G_uQ,Diego Ruzzarin,"
El error de Estados Unidos en el conflicto con Irán.",es,Media,UgzxnYcN4RDGnjFhYlt4AaABAg,,0,@JimmyKings-r3l,Dios bendiga a Irán Palestina y Gaza y Yemen hasta la victoria contra el imperio del mal de EEUU y Israel y el sionismo occidental nazi genocidas.,2026-03-07T18:38:00Z,2026-03-07T18:38:00Z,9,0,youtube,2026-04-05T13:39:45.930359
srH80O3G_uQ,Diego Ruzzarin,"
El error de Estados Unidos en el conflicto con Irán.",es,Media,UgxKo1jwfnMU-UmDOeh4AaABAg,,0,@ilyabueno4293,Hace falta no asesinen al presidente ni al alto mando militar irani,2026-03-07T18:37:13Z,2026-03-07T18:37:13Z,0,0,youtube,2026-04-05T13:39:45.930362
srH80O3G_uQ,Diego Ruzzarin,"
El error de Estados Unidos en el conflicto con Irán.",es,Media,UgydwSGUgtWHnV61S_N4AaABAg,,0,@dennizao,"Eeuu perdio otra guerra,   más rapido que Argentina.",2026-03-07T18:33:07Z,2026-03-07T18:33:07Z,5,1,youtube,2026-04-05T13:39:45.930366
srH80O3G_uQ,Diego Ruzzarin,"
El error de Estados Unidos en el conflicto con Irán.",es,Media,UgydwSGUgtWHnV61S_N4AaABAg.AU3UV7fru-XAU3VcvRKy0N,UgydwSGUgtWHnV61S_N4AaABAg,1,@angelrivero2582,La pequeña diferencia es que nosotros no queremos ser un imperio que somete al mundo con un moneda basada en la guerra.,2026-03-07T18:43:04Z,2026-03-07T18:43:04Z,1,0,youtube,2026-04-05T13:39:45.930371
2I6B6QSY7AA,Diego Ruzzarin,Conocí al dictador más raro del mundo.,es,Baja,Ugx8XvwMWy7yLyVy-hd4AaABAg,,0,@wickfalce-q8y,"El comunismo
Se ve bonito en el papel
Pero en realidad no funciona 
Diego si tanto amas el comunismo 
Ve a vivir a cuba
Pero en las sonas pobres 
No me vengas con ideas capitalistas que no puedes que eres un turista y solo vas de paseo por cuba
No bro
Ve a vivir a cuba como un ciudadano más 
Y ésto es un reto para ti
Te sobra lengua pero te faltan huevos",2026-04-05T12:46:44Z,2026-04-05T12:46:44Z,0,0,youtube,2026-04-05T13:39:46.748770
2I6B6QSY7AA,Diego Ruzzarin,Conocí al dictador más raro del mundo.,es,Baja,Ugx88nMTrk4N1R-sYCN4AaABAg,,0,@wickfalce-q8y,"Es que el sabe a Agustín va a trapear el suelo con el 
Perdón no acepta debates ni opiniones de capitalistas
Le gusta hacer gogogo con los 🥚 de maduro",2026-04-05T12:41:39Z,2026-04-05T12:41:39Z,0,0,youtube,2026-04-05T13:39:46.748781
2I6B6QSY7AA,Diego Ruzzarin,Conocí al dictador más raro del mundo.,es,Baja,Ugz-CzJ7ZtRQsKFOVeN4AaABAg,,0,@chpp3r,Jajajajaja tu pinche picador ya está en la sombra 😂,2026-04-01T02:59:32Z,2026-04-01T02:59:32Z,0,0,youtube,2026-04-05T13:39:46.748784
2I6B6QSY7AA,Diego Ruzzarin,Conocí al dictador más raro del mundo.,es,Baja,Ugxyh1c9ZLoWFxz_B7d4AaABAg,,0,@Nahrio-y1b,Saca a tu compa de que no representa al dictador más raro,2026-03-30T07:55:54Z,2026-03-30T07:55:54Z,0,0,youtube,2026-04-05T13:39:46.748787
2I6B6QSY7AA,Diego Ruzzarin,Conocí al dictador más raro del mundo.,es,Baja,UgxseYVkBE1eAtUUmzl4AaABAg,,0,@SantiagoGarcia-o5p,El Carlos Muñoz de los filósofos,2026-03-25T13:55:26Z,2026-03-25T13:55:26Z,0,0,youtube,2026-04-05T13:39:46.748789
2I6B6QSY7AA,Diego Ruzzarin,Conocí al dictador más raro del mundo.,es,Baja,Ugw8KPp4raxkkDd85oh4AaABAg,,0,@Hunterloza,Jajajajajaj,2026-03-25T10:33:19Z,2026-03-25T10:33:19Z,0,0,youtube,2026-04-05T13:39:46.748791
2I6B6QSY7AA,Diego Ruzzarin,Conocí al dictador más raro del mundo.,es,Baja,UgwMShh5QsyW-0UOZUt4AaABAg,,0,@K1tty_k1ssxd,"Me cae bien diego, pero este video es muy ignorante y superficial",2026-03-22T12:12:59Z,2026-03-22T12:12:59Z,0,2,youtube,2026-04-05T13:39:46.748793
2I6B6QSY7AA,Diego Ruzzarin,Conocí al dictador más raro del mundo.,es,Baja,UgwMShh5QsyW-0UOZUt4AaABAg.AUeQv3aRHx5AUjbHG7GWIi,UgwMShh5QsyW-0UOZUt4AaABAg,1,@izcoalt4864,"Le pagaron, es obvio incluso tiene entrevistas con el.
Yo reconsideraria si realmente te cae bien.",2026-03-24T12:28:28Z,2026-03-24T12:28:28Z,3,0,youtube,2026-04-05T13:39:46.748796
2I6B6QSY7AA,Diego Ruzzarin,Conocí al dictador más raro del mundo.,es,Baja,UgwMShh5QsyW-0UOZUt4AaABAg.AUeQv3aRHx5AUyZzsNf2Su,UgwMShh5QsyW-0UOZUt4AaABAg,1,@Nahrio-y1b,"En qué forma te cae bien, estás porquerías de personas no deberían de por qué caerte bien",2026-03-30T07:57:06Z,2026-03-30T07:57:06Z,0,0,youtube,2026-04-05T13:39:46.748798
2I6B6QSY7AA,Diego Ruzzarin,Conocí al dictador más raro del mundo.,es,Baja,UgyBUvpiL5h3_cYgdfJ4AaABAg,,0,@Sienaude-wc9xv,"Deberías conocer a los padres de los jóvenes muertos por el régimen, anormal.",2026-03-21T21:55:39Z,2026-03-21T21:55:39Z,1,0,youtube,2026-04-05T13:39:46.748801
2I6B6QSY7AA,Diego Ruzzarin,Conocí al dictador más raro del mundo.,es,Baja,UgzLYfjEcj2QJt4Dl_h4AaABAg,,0,@madilopez8079,"También Sheinbaum tuve pre pre campaña, campaña y postcampaña.... que tiene de raro?

Claro que gano Xochitl, pero era puro teatro.

Si jaja Ruzzarin, repartidos de syole",2026-03-21T18:32:25Z,2026-03-21T18:32:25Z,0,0,youtube,2026-04-05T13:39:46.748803
2I6B6QSY7AA,Diego Ruzzarin,Conocí al dictador más raro del mundo.,es,Baja,UgzOTxcoA5tQYH7EJcB4AaABAg,,0,@HoyChino,hay gusanos que se arrastran menos diego,2026-03-20T04:35:28Z,2026-03-20T04:35:28Z,0,0,youtube,2026-04-05T13:39:46.748805
2I6B6QSY7AA,Diego Ruzzarin,Conocí al dictador más raro del mundo.,es,Baja,UgzfApklRQS5y-X57VV4AaABAg,,0,@Jaime_as,El dictador con un modelo mucho más democrático que el de el pútrido sistema de tu país,2026-03-17T18:26:46Z,2026-03-17T18:26:46Z,0,0,youtube,2026-04-05T13:39:46.748808
2I6B6QSY7AA,Diego Ruzzarin,Conocí al dictador más raro del mundo.,es,Baja,Ugw20uWzVEFdVIIJJLN4AaABAg,,0,@PazMontero-v6i,"Razzarin debería vivir como esos millones de Venezolanos que dejaron sus tierras, casas y familia por justamente el régimen. Como dice él mismo: «Hay que tener menos de dos neuronas para seguir a alguien así.»",2026-03-16T05:10:05Z,2026-03-16T05:10:05Z,0,0,youtube,2026-04-05T13:39:46.748811
2I6B6QSY7AA,Diego Ruzzarin,Conocí al dictador más raro del mundo.,es,Baja,Ugyy4sA63aZjhxBbLQ14AaABAg,,0,@CulturismoSand,Vendido!,2026-03-06T18:12:24Z,2026-03-06T18:12:24Z,2,0,youtube,2026-04-05T13:39:46.748813
2I6B6QSY7AA,Diego Ruzzarin,Conocí al dictador más raro del mundo.,es,Baja,UgyuM27q38zsUOoeeLt4AaABAg,,0,@anibalrivera6719,"Diego ""garganta profunda""",2026-03-03T22:15:28Z,2026-03-03T22:15:28Z,9,0,youtube,2026-04-05T13:39:46.748815
2I6B6QSY7AA,Diego Ruzzarin,Conocí al dictador más raro del mundo.,es,Baja,UgydW3vDYw4Uzcre9GF4AaABAg,,0,@ratamaruheadcrusher,Este video envejeció muy mal,2026-02-28T04:07:58Z,2026-02-28T04:07:58Z,3,0,youtube,2026-04-05T13:39:46.748817
2I6B6QSY7AA,Diego Ruzzarin,Conocí al dictador más raro del mundo.,es,Baja,UgxHyppd2UrjJg_tERN4AaABAg,,0,@AgustinRodriguez-rq7nx,"Ese Diego ha ido de mal en peor…
Ya es un personaje muy desgastado por tanto maquillaje y sobreactuación y sobre todo por un mal libreto que ha ido empeorando por falta de veracidad.

La misma historia lo contradice y desmiente a cada instante .",2026-02-27T23:13:18Z,2026-02-27T23:13:18Z,3,0,youtube,2026-04-05T13:39:46.748820
2I6B6QSY7AA,Diego Ruzzarin,Conocí al dictador más raro del mundo.,es,Baja,UgzBfNsq_OwmAgn6rxV4AaABAg,,0,@jeanrasquin3168,"Hacer campaña para luego hacer trampa porque tienen el consejo supremo electoral tomado terminan ganando 
Que le pasa Sr no se da cuenta del nuevo estilo México es la nueva Venezuela por culpa de gente con este tipo la reflexión es lo que Ud debiera estar haciendo y no metiendo a México en más desastre … por gente como Ud",2026-02-27T13:22:56Z,2026-02-27T13:22:56Z,1,0,youtube,2026-04-05T13:39:46.748822
2I6B6QSY7AA,Diego Ruzzarin,Conocí al dictador más raro del mundo.,es,Baja,UgxnkSlAT9UOUOIe_3N4AaABAg,,0,@NsbKiiu,"porque le dice presidente no entiendo, si es tremendo ladron de elecciones",2026-02-22T16:04:02Z,2026-02-22T16:04:02Z,6,0,youtube,2026-04-05T13:39:46.748825
2I6B6QSY7AA,Diego Ruzzarin,Conocí al dictador más raro del mundo.,es,Baja,UgwVFkQ5XUp7pf19aNt4AaABAg,,0,@marcosrequena2736,Cómo me dan risa estos comunistas aunque intenten tapar el sol con un dedo no podrán,2026-02-19T16:42:34Z,2026-02-19T16:42:34Z,3,0,youtube,2026-04-05T13:39:46.748827
2I6B6QSY7AA,Diego Ruzzarin,Conocí al dictador más raro del mundo.,es,Baja,Ugx_TCuoExJPrDLcPoV4AaABAg,,0,@izanpalaubernal3536,"Lo bueno de esa entrevista es que se vé claramente el apabullante idealismo de Ruzzarin hacia Maduro y la tremenda vanidad que tiene. Ambas cosas igual de cegadoras. Le hace preguntas a Maduro que cualquiera puede ver que están muy por encima de su nivel (ha leído pocos libros y poques libres), lo cual demuestra igualmente lo cegadora que es la vanidad de Ruzzarín.",2026-02-18T22:21:45Z,2026-02-18T22:22:44Z,4,0,youtube,2026-04-05T13:39:46.748830
2I6B6QSY7AA,Diego Ruzzarin,Conocí al dictador más raro del mundo.,es,Baja,UgxcTHCzJzt-T-zok6p4AaABAg,,0,@FaustoIvanDueñasSaraguro,Dieguiyo andapa  sha pendej,2026-02-11T00:49:44Z,2026-02-11T00:49:44Z,0,0,youtube,2026-04-05T13:39:46.748832
2I6B6QSY7AA,Diego Ruzzarin,Conocí al dictador más raro del mundo.,es,Baja,Ugyc6FWpQHAbaYQrJnN4AaABAg,,0,@patriciogonzalez3100,Eres un descarado es insoportable escucharte mentir de tantas formas y datelas de sabio eres una vergüenza,2026-02-10T20:25:01Z,2026-02-10T20:25:01Z,4,0,youtube,2026-04-05T13:39:46.748834
2I6B6QSY7AA,Diego Ruzzarin,Conocí al dictador más raro del mundo.,es,Baja,UgzUQNunNXrOi4tjfkd4AaABAg,,0,@patriciogonzalez3100,Eres un descarado sin vergüenza,2026-02-10T20:19:16Z,2026-02-10T20:19:16Z,1,0,youtube,2026-04-05T13:39:46.748837
2I6B6QSY7AA,Diego Ruzzarin,Conocí al dictador más raro del mundo.,es,Baja,Ugz9fw9mABBte20Tu314AaABAg,,0,@jeanrasquin3168,Este es un comunista no asumido como están los mexicanos de su presidenta Claudia Shem  …,2026-02-08T14:27:57Z,2026-02-08T14:27:57Z,1,0,youtube,2026-04-05T13:39:46.748839
2I6B6QSY7AA,Diego Ruzzarin,Conocí al dictador más raro del mundo.,es,Baja,UgyGor66isDzl-FfoFJ4AaABAg,,0,@JGR12689,Este periodista mexicano es afin al chavismo eso ya no esconde seguro le habran pagado para que hable bien del narco y asesino de Maduro eso ya no lo esconde se nota a leguas 😂,2026-02-08T04:21:58Z,2026-02-08T04:21:58Z,2,0,youtube,2026-04-05T13:39:46.748842
2I6B6QSY7AA,Diego Ruzzarin,Conocí al dictador más raro del mundo.,es,Baja,UgzDExBzPLztzHQrGJF4AaABAg,,0,@JorgeMartinez-oy6tw,Explícamelo a mas de 8000000 de venezolanos que  tuvieron que salir del gran gobernante maduro  o cuanto de dieron $,2026-02-06T07:07:45Z,2026-02-06T07:07:45Z,1,0,youtube,2026-04-05T13:39:46.748844
2I6B6QSY7AA,Diego Ruzzarin,Conocí al dictador más raro del mundo.,es,Baja,Ugy8IHx9Kok_3M0d7Wl4AaABAg,,0,@bigmaster_24,Diego ve a visitar a narcolas a EEUU 😂😂😂😂 habla de EEUU porque sino hablas de EEUU no comes y nadie mira tu contenido que patético,2026-02-01T21:31:48Z,2026-02-01T21:31:48Z,3,0,youtube,2026-04-05T13:39:46.748846
2I6B6QSY7AA,Diego Ruzzarin,Conocí al dictador más raro del mundo.,es,Baja,UgxrWVTmLnxAWMhnIWt4AaABAg,,0,@luisriveroarmas,"Que banal que haces ver el tema, demasiado hipocrita Zurdarin. 

Ni por el co#o te acercaste a los hospitales, carceles, ni conoces un 1% de la historia de Venezuela.
Aprende que la opinion publica no son ni las RRSS ni lo que ves en la calle, para eso estan los votos.",2026-01-31T16:50:24Z,2026-01-31T16:50:24Z,2,0,youtube,2026-04-05T13:39:46.748849
2I6B6QSY7AA,Diego Ruzzarin,Conocí al dictador más raro del mundo.,es,Baja,UgwZUDvy3IaOh-5L6Ox4AaABAg,,0,@ElOsoBabas,Jajaja pinche chairo donde está tu opinión ahora?,2026-01-30T10:04:38Z,2026-01-30T10:04:38Z,1,0,youtube,2026-04-05T13:39:46.748851
2I6B6QSY7AA,Diego Ruzzarin,Conocí al dictador más raro del mundo.,es,Baja,Ugx0pu9Zn4r6p5M8EEZ4AaABAg,,0,@Niñogelberoficial,"No... ven y te explico: lo que ocurria co Nicolaz Maduro es que ellos hicieron tal cual lo que explica rebelion en la Granja de George Owell... en venezuela el no necesita salir a buscar votos, porque ellos desde hace tiempo atras se robaron las elecciones,  porque ellos son los mismos del CNE encargados de dar los votos en las elecciones, y ellos son los mismo que compraron al CNE. Compraron a los guardias, compraron hasta el papa, ellos no son de izquierda Diego ellos tienen solo el monologo, son super capitalistas... EN VENEZUELA NO HAY DEMOCRACIAS.... bueno nadie puede llevarle la contraria al chavismo o madurismo que es la misma mierda, si tu le llevas la contraria ellos te meten preso, o te asesinan, o algo te hacen.... por que crees tu que asesinaron a canserbero? porque el si les decia las cosas de frente sin miedo, donde esta canserbero? donde estan todos aquellos que tenian opiniones distintas, el chavismos los encerros y otros los asesinaron... solo por pensar diferente solo por opinas a favor de la Justicia. Hoy EEUU le estas haciendo al chavismo lo mismo que el chavismo le hicieron al pueblo venezolano durante 26 años de una revolucion fracasada... llena de muertes, de injusticia, de desapareciones... niños presos, mujeres golpeadas y presas por defender a sus hijos... EEUU nunca hizo bloqueos.... como explicas entonces la calidad de vida y carros y todo tipo de lujos que se dan aun ls chavista... aun todo esto no ha caido... en resumen... TU FUISTE A VENEZUELA a conocer a un tipo mil veces mas peligroso que Noriega y Osama Bin laden... Y donde esta hoy ese man al que visitaste esta preso, por narcotraficante, por terrorista, por asesino, etc etc etc etc etc",2026-01-29T02:40:16Z,2026-01-29T02:40:16Z,0,0,youtube,2026-04-05T13:39:46.748854
2I6B6QSY7AA,Diego Ruzzarin,Conocí al dictador más raro del mundo.,es,Baja,UgzTNrVkZxutZrM4zn54AaABAg,,0,@UrielCruz-r2r3z,Seguro se llevo un buen billete por tratar de hacernos pensar que maduro es bueno,2026-01-28T23:50:26Z,2026-01-28T23:50:26Z,3,0,youtube,2026-04-05T13:39:46.748856
2I6B6QSY7AA,Diego Ruzzarin,Conocí al dictador más raro del mundo.,es,Baja,Ugy51CJ9pOGWvf_qx8V4AaABAg,,0,@SantiagoGarcia-o5p,"este man cree que la gente es boba. Que por qué es filósofo y sabe usar táctica socrática, sofismas y acomodar todos esos recursos a su favor para hacer parecer que tiene la razón entonces es el dueño de la verdad. Acá en colombia uno de los terroristas más sanguinarios era filósofo. Tiene razón en muchas cosas, pero querer menternos estos cuentos es triste porque la gente inteligente lo desenmascara fácilmente. Esto solo se lo creen los adoctrinados",2026-01-27T16:49:18Z,2026-01-27T16:49:18Z,2,0,youtube,2026-04-05T13:39:46.748859
2I6B6QSY7AA,Diego Ruzzarin,Conocí al dictador más raro del mundo.,es,Baja,Ugxq69NWP7Puznz0jmt4AaABAg,,0,@alanmax127,"Como que este tipo aún no esta preso, es un blanqueador de un genocida.",2026-01-27T04:44:08Z,2026-01-27T04:44:08Z,3,0,youtube,2026-04-05T13:39:46.748861
2I6B6QSY7AA,Diego Ruzzarin,Conocí al dictador más raro del mundo.,es,Baja,UgwEgpCysYDF-hryR-p4AaABAg,,0,@mariaverea3677,"La verdad que tú no vives en Venezuela y tus apreciaciones son muy superficiales. Hitler movía masas ,el de Corea del Norte también es un dictador y lo besan y abrazan",2026-01-26T21:30:28Z,2026-01-26T21:30:28Z,0,0,youtube,2026-04-05T13:39:46.748863
2I6B6QSY7AA,Diego Ruzzarin,Conocí al dictador más raro del mundo.,es,Baja,Ugy5wj_duJtafdVnvTh4AaABAg,,0,@reddot_22,Sos un enfermo que apoyo a un genocida,2026-01-26T16:35:48Z,2026-01-26T16:35:48Z,2,0,youtube,2026-04-05T13:39:46.748866
2I6B6QSY7AA,Diego Ruzzarin,Conocí al dictador más raro del mundo.,es,Baja,UgxRD1jJd8XLeqZJqkp4AaABAg,,0,@juliocesararangurenbenaven129,¡¡¡BASURA!!!,2026-01-25T21:17:23Z,2026-01-25T21:17:23Z,1,0,youtube,2026-04-05T13:39:46.748868
2I6B6QSY7AA,Diego Ruzzarin,Conocí al dictador más raro del mundo.,es,Baja,UgwEKx7txkOV-GafytN4AaABAg,,0,@vrem3481,Que si vas a ir a Estados Unidos a la visita conyugal???.....😂😂😂😂,2026-01-25T20:08:34Z,2026-01-25T20:08:34Z,6,0,youtube,2026-04-05T13:39:46.748870
2I6B6QSY7AA,Diego Ruzzarin,Conocí al dictador más raro del mundo.,es,Baja,UgyUO5b5dUKDJ1LKATF4AaABAg,,0,@fileteowo1785,LA IZQUIERDA SIMPRE ME SEGUIRA SORPRENDIENDO,2026-01-25T13:50:05Z,2026-01-25T13:50:05Z,1,0,youtube,2026-04-05T13:39:46.748872
2I6B6QSY7AA,Diego Ruzzarin,Conocí al dictador más raro del mundo.,es,Baja,Ugwa6iC_uRywLQ1DynF4AaABAg,,0,@brandoncanizales243,Maldito Bendido...,2026-01-24T19:30:00Z,2026-01-24T19:30:00Z,3,0,youtube,2026-04-05T13:39:46.748874
2I6B6QSY7AA,Diego Ruzzarin,Conocí al dictador más raro del mundo.,es,Baja,UgyZRBaVIr52u2wI-XV4AaABAg,,0,@julianalberto7035,Payaso ellos te muestran lo que quieren que veas y lo que tú quieres ver ya que eres un propagandista comunista.,2026-01-23T18:43:08Z,2026-01-23T18:44:00Z,1,0,youtube,2026-04-05T13:39:46.748877
2I6B6QSY7AA,Diego Ruzzarin,Conocí al dictador más raro del mundo.,es,Baja,UgxECdNgy09id-7u86F4AaABAg,,0,@piposoto6184,Eres un culon eso es lo raro jajajajaj pos no,2026-01-23T09:33:08Z,2026-01-23T09:33:08Z,1,0,youtube,2026-04-05T13:39:46.748879
2I6B6QSY7AA,Diego Ruzzarin,Conocí al dictador más raro del mundo.,es,Baja,UgxiVOxJSlNez2QOEtl4AaABAg,,0,@aracelioliver3748,Otro enchufado que tiene que aguantar Venezuela! Es obvio que te pagaron por ir allá y decir cosas bonitas de un dictador.,2026-01-20T20:04:50Z,2026-01-20T20:04:50Z,4,0,youtube,2026-04-05T13:39:46.748881
2I6B6QSY7AA,Diego Ruzzarin,Conocí al dictador más raro del mundo.,es,Baja,UgwcAbtcMkfTcrYdnFl4AaABAg,,0,@inal-ii,"Y en este momento tu deberías de estar haciéndole compañía en su celda, por hacerle propaganda a su gobierno criminal.",2026-01-20T05:18:58Z,2026-01-20T05:19:36Z,1,0,youtube,2026-04-05T13:39:46.748883
2I6B6QSY7AA,Diego Ruzzarin,Conocí al dictador más raro del mundo.,es,Baja,Ugzw5bbUlJlC6Uezw5p4AaABAg,,0,@todociberSV,este video envejecio tan mal  😅😅porque la enorme mayoria del pueblo Venezolano se alegraron con la caida de Maduro ante los Yankis 😅😅,2026-01-20T01:23:22Z,2026-01-20T01:23:22Z,3,0,youtube,2026-04-05T13:39:46.748885
2I6B6QSY7AA,Diego Ruzzarin,Conocí al dictador más raro del mundo.,es,Baja,Ugx9mVlUmdtciYCiont4AaABAg,,0,@franklinsarmiento3602,Buscando votos para hacer el teatro obviamente … es una dictadura que el quiere disfrazar de democracia.,2026-01-19T15:57:55Z,2026-01-19T15:57:55Z,0,0,youtube,2026-04-05T13:39:46.748888
2I6B6QSY7AA,Diego Ruzzarin,Conocí al dictador más raro del mundo.,es,Baja,Ugx6FVDk37BJcueS4n14AaABAg,,0,@abrahamalfie7045,"Ruzarin estas de la vrg wey, no mms q apoyas a este monstruo",2026-01-19T12:58:58Z,2026-01-19T12:58:58Z,2,0,youtube,2026-04-05T13:39:46.748890
2I6B6QSY7AA,Diego Ruzzarin,Conocí al dictador más raro del mundo.,es,Baja,Ugyjklpl-cWE-Lo9xed4AaABAg,,0,@LilitsMunguia,Yo admiraba a este tipo,2026-01-19T12:45:18Z,2026-01-19T12:45:18Z,3,0,youtube,2026-04-05T13:39:46.748893
2I6B6QSY7AA,Diego Ruzzarin,Conocí al dictador más raro del mundo.,es,Baja,Ugw7gnBAF_QHwBAbhsV4AaABAg,,0,@alejandro7476-x7c,Este payaso le ha hecho un daño irreparable a la filosofía como disciplina,2026-01-18T09:21:28Z,2026-01-18T09:21:28Z,4,0,youtube,2026-04-05T13:39:46.748895
2I6B6QSY7AA,Diego Ruzzarin,Conocí al dictador más raro del mundo.,es,Baja,Ugwt_Wq1wFIrQADh6jB4AaABAg,,0,@JuanPabloCastañoBuiles,"Es enserio 😢 me caías bien ruzzarin esto es penoso, ya me parecía raro tú campaña de apoyo a china",2026-01-18T09:06:14Z,2026-01-18T09:06:14Z,2,0,youtube,2026-04-05T13:39:46.748897
2I6B6QSY7AA,Diego Ruzzarin,Conocí al dictador más raro del mundo.,es,Baja,Ugzu50v5vZGArz3G6QV4AaABAg,,0,@claudiarieche511,😏😏😏😏😏Qué placer que el dictador ya esté EN LA CÁRCEL🎉🎉🎉,2026-01-16T05:53:49Z,2026-01-16T05:53:49Z,2,0,youtube,2026-04-05T13:39:46.748899
2I6B6QSY7AA,Diego Ruzzarin,Conocí al dictador más raro del mundo.,es,Baja,UgyWyrlUko8NpLap7jR4AaABAg,,0,@asmrespaldo,"Y este incompetente sigue defendiendo lo indefendible, das un asco Ruzzarin",2026-01-15T03:20:03Z,2026-01-15T03:20:03Z,5,0,youtube,2026-04-05T13:39:46.748901
2I6B6QSY7AA,Diego Ruzzarin,Conocí al dictador más raro del mundo.,es,Baja,Ugx-gvPaq5eSatE6KE14AaABAg,,0,@luisaguilera2683,"No mames Diego tú no vives en Venezuela, no sabes cómo está verdaderamente la situación , parece que no estás enterado que si bien se permita que exista la oposición en Venezuela realmente eso es entre comillas porque la gente es reprendida ante cualquier indicio de oposición contra el gobierno , es una pantalla nada más para el resto del mundo para que gente como tú que le gusta defender dictadores piense que todo está bien con Venezuela",2026-01-14T23:02:09Z,2026-01-14T23:02:09Z,3,0,youtube,2026-04-05T13:39:46.748903
2I6B6QSY7AA,Diego Ruzzarin,Conocí al dictador más raro del mundo.,es,Baja,Ugx_MzVHmM5jxaEq7g94AaABAg,,0,@Arturogutzr,"Mira este 🤡 jajajaja se la voló! Vaya manera de querer cambiar la narrativa con el hecho q Maduro saludó a gente en la calle dejó de ser socialista y dictador jajaja no bueno, el genio de los tontos sin oresentar datos y solo dejarse llevar por su paseo. Vaya Ruzzarin resultaste ser demasiado idiota ó será q fuiste demasiado vendido al regimen?",2026-01-13T15:14:16Z,2026-01-13T15:14:16Z,3,0,youtube,2026-04-05T13:39:46.748906
2I6B6QSY7AA,Diego Ruzzarin,Conocí al dictador más raro del mundo.,es,Baja,UgwOCqwfTdmrNIdJMrR4AaABAg,,0,@felipemiguelalvarezpereya9176,Un asno eres 🫏,2026-01-13T04:14:17Z,2026-01-13T04:14:17Z,2,0,youtube,2026-04-05T13:39:46.748908
2I6B6QSY7AA,Diego Ruzzarin,Conocí al dictador más raro del mundo.,es,Baja,UgzXfhXbMhRhGvQX4pp4AaABAg,,0,@benatherrera4561,tonto con ganas...,2026-01-12T23:44:43Z,2026-01-12T23:44:43Z,0,0,youtube,2026-04-05T13:39:46.748910
2I6B6QSY7AA,Diego Ruzzarin,Conocí al dictador más raro del mundo.,es,Baja,Ugxxlzc5GqjSCjTyGF14AaABAg,,0,@angeldanielnavarrofernande1498,"Asi como el le dijo una vez al super genius del masterd muñoz, sabes que lo estas haciendo a dia de hoy sera considerado un crimen a futuro? Todos esperamos con los paises capitalistas de derecha se prohiba la ideologia de izquierda, comunismo, socialismo etc. Ya han asesinado a cientos de millones de personas y que los que predican, promueven o prefesan estas ideas en internet terminen presos.",2026-01-11T18:28:13Z,2026-01-11T18:28:53Z,2,0,youtube,2026-04-05T13:39:46.748912
2I6B6QSY7AA,Diego Ruzzarin,Conocí al dictador más raro del mundo.,es,Baja,UgzjLtpVADNq4vjJ5YJ4AaABAg,,0,@NalsibellPerez11acero,😂 este tipo está en pañales!! Cuántos lingotes de oro te dieron para decir esto y armar esta propaganda a favor de maduro después de esa entrevista?,2026-01-11T13:19:01Z,2026-01-11T13:19:01Z,2,0,youtube,2026-04-05T13:39:46.748914
2I6B6QSY7AA,Diego Ruzzarin,Conocí al dictador más raro del mundo.,es,Baja,UgxtUIU3vYng-8Vd_x14AaABAg,,0,@EstradaEstradaXXI,"Es curioso que las personas que visitan Venezuela, no notan lo que los medios les dicen, y aún más raro que los venezolanos que viven en Venezuela, narran problemáticas que existen en toda Latinoamérica.",2026-01-11T06:20:31Z,2026-01-11T06:20:31Z,0,0,youtube,2026-04-05T13:39:46.748916
2I6B6QSY7AA,Diego Ruzzarin,Conocí al dictador más raro del mundo.,es,Baja,UgwjfFpkKg0ez5RGAS94AaABAg,,0,@EstradaEstradaXXI,"Maduro es el villano en un mundo donde le entregan Nobel de la Paz a una mujer que pide guerra, y que le entregan otro premio de la paz a un anaranjado que explota a personas de manera extrajudicial y encarcela a decenas de miles por ser migrantes. Además de financiar guerras",2026-01-11T06:19:15Z,2026-01-11T06:19:15Z,0,0,youtube,2026-04-05T13:39:46.748918
2I6B6QSY7AA,Diego Ruzzarin,Conocí al dictador más raro del mundo.,es,Baja,UgwNk4NK1VtKj_0iTE14AaABAg,,0,@DrWolfenstein313,"Un propagandista que celebró que en mi país se torturara y se desapareciera gente.
Prohibido olvidar.",2026-01-11T03:14:02Z,2026-01-11T03:14:02Z,2,0,youtube,2026-04-05T13:39:46.748921
2I6B6QSY7AA,Diego Ruzzarin,Conocí al dictador más raro del mundo.,es,Baja,Ugx8TE7F9FdT7c0sg4J4AaABAg,,0,@jojosyotrascosasfueradecon6855,Tu marido lleva una semana preso.,2026-01-11T00:02:55Z,2026-01-11T00:02:55Z,3,0,youtube,2026-04-05T13:39:46.748923
2I6B6QSY7AA,Diego Ruzzarin,Conocí al dictador más raro del mundo.,es,Baja,Ugzo60vfWRBlvFYUxDx4AaABAg,,0,@VictorSanchez-ro5oo,"Seguramente este wey trae en ese podcast alguna prenda hecha en ""El país de las garras imperialistas"" y se va de vacaciones a un país no socialista ni comunista.",2026-01-10T22:02:34Z,2026-01-10T22:02:34Z,2,0,youtube,2026-04-05T13:39:46.748925
2I6B6QSY7AA,Diego Ruzzarin,Conocí al dictador más raro del mundo.,es,Baja,UgyobzX9cKDpcy2EcA94AaABAg,,0,@båNchæsk4,Eres una mamada ruzzarin 😂,2026-01-10T04:40:44Z,2026-01-10T04:40:44Z,5,0,youtube,2026-04-05T13:39:46.748927
2I6B6QSY7AA,Diego Ruzzarin,Conocí al dictador más raro del mundo.,es,Baja,UgyPgPN6F6aZJ9Oqfh14AaABAg,,0,@IsaacJavierCamachoSánchez-e9m,"Admiro mucho la capacidad que tiene diego de leer tanto,informarse tanto, estudiar tanto de filosofía, ciencias políticas y geopolitica actual e histórica, además de tener una capacidad para tener un criterio con muchos fundamentos, y además de todo tener miles de documentos que respalden la información que es real, pero aun así, seas tan pobre como para vender tus principios y decir: ese hombre que a duras penas seguia vivo, por que si no tuviera sus guardias cubanos respaldando su seguridad, el pueblo que dirigio a su punto mas bajo, lo dejaria mas abajo de el piso desde hace muuuucho tiempo, no es un mal hombre. Y solo decirlo por encajar en tu ideal político de comunismo y saber vagamente de una filosofía tan compleja de llevar a cabo correctamente sin que la corrupción la convierta en miseria. Me entristece Diego, pero demostraste con pruebas, que no eres más que un hombre pobre que solo sabe venderse para ganarse la vida. A pesar de eso te respeto, por que te has ganado ese derecho, sabes que el consumismo es el cáncer y se debe aspirar a un sistema no dependiente del capital humano. Pero negar que el no es un dictador que sumió a una nación tan prospera como mi nación, y obligó a millones de sus habitantes a irse y dejarnos sin nuestra familia y amigos, a un lugar donde tuvimos que pasar hambre y estar en la intemperie en algunos casos, y quienes se revelaron y tuvieron la mala suerte se ser tomados por su ejército, fueron llevados a cárceles qué si las comparamos con lo que sea que creas que es una cárcel, aquello que creas parezca un hotel 5 estrellas, sin mencionar el hambre y miseria pasadas por aun más millones de personas que actualmente siguen en mi país, solo terminaré diciendo que si tienes un verdadero amor por la verdad, si puedes verla, dila, y no te la pases por el arco del triunfo para solo quedar bien con alguien o algo

Puto el que lo lea",2026-01-10T03:34:29Z,2026-01-10T03:34:29Z,0,0,youtube,2026-04-05T13:39:46.748929
2I6B6QSY7AA,Diego Ruzzarin,Conocí al dictador más raro del mundo.,es,Baja,UgyyAvjxMrrSL80PfVB4AaABAg,,0,@MariaLopez-z1o7w,"Esto lo hizo AMLO por 30 años en México y no veo ningún video de Diego !! 
Mmmm con razón , no es mexicano !! 🤔💪🤓🇲🇽",2026-01-10T02:33:15Z,2026-01-10T02:33:15Z,2,0,youtube,2026-04-05T13:39:46.748932
2I6B6QSY7AA,Diego Ruzzarin,Conocí al dictador más raro del mundo.,es,Baja,UgzvRMGo1dGaREMErft4AaABAg,,0,@aramer25,Ey se llevaron a tu marido payaso zurdo,2026-01-09T23:00:15Z,2026-01-09T23:00:15Z,5,0,youtube,2026-04-05T13:39:46.748934
2I6B6QSY7AA,Diego Ruzzarin,Conocí al dictador más raro del mundo.,es,Baja,UgyspLXJmvAvhHGuB2J4AaABAg,,0,@RobertLaCabra,JAJAJAJAJAJA LA EXPLICACIÓN PERFECTA DE POR QUE ESTE TIPO ES TAN ESTÚPIDO E IGNORANTE LE CREYO A MADURO JAJAAJAJAJAJJAA😂😂😂😂😂😂😂😂😂😂😂,2026-01-09T18:15:41Z,2026-01-09T18:15:41Z,3,0,youtube,2026-04-05T13:39:46.748936
2I6B6QSY7AA,Diego Ruzzarin,Conocí al dictador más raro del mundo.,es,Baja,Ugz4bkDp3UI7-_-jNuV4AaABAg,,0,@morty_041,Ojalá tu amiguito cante para quee hagas compañía después de que te pago rata asquerosa,2026-01-09T16:53:51Z,2026-01-09T16:53:51Z,3,0,youtube,2026-04-05T13:39:46.748938
2I6B6QSY7AA,Diego Ruzzarin,Conocí al dictador más raro del mundo.,es,Baja,UgxoghXANNkp8uQuIl94AaABAg,,0,@dannavalderrama4874,TA preso tu amiguito,2026-01-09T12:22:05Z,2026-01-09T12:22:05Z,1,0,youtube,2026-04-05T13:39:46.748940
2I6B6QSY7AA,Diego Ruzzarin,Conocí al dictador más raro del mundo.,es,Baja,UgztlyS1h7j2vjCBecF4AaABAg,,0,@dannavalderrama4874,Nawebona de mamaguevo,2026-01-09T12:21:47Z,2026-01-09T12:21:47Z,1,0,youtube,2026-04-05T13:39:46.748942
2I6B6QSY7AA,Diego Ruzzarin,Conocí al dictador más raro del mundo.,es,Baja,UgwlMdga-jGC3_yWY754AaABAg,,0,@helennyvillasana5932,"Y yo conocí a la persona más jala bolas del mundo, y ese eres tú 😮❤❤",2026-01-09T04:51:26Z,2026-01-09T04:51:26Z,2,0,youtube,2026-04-05T13:39:46.748944
2I6B6QSY7AA,Diego Ruzzarin,Conocí al dictador más raro del mundo.,es,Baja,UgyiwaL-Pj6x-D6X7QZ4AaABAg,,0,@joserefugiocoss2808,Saludos desde Zinacantepec Edo de México Diego gracias por tu información que Dios te bendiga siempre by,2026-01-09T03:01:04Z,2026-01-09T03:01:04Z,0,0,youtube,2026-04-05T13:39:46.748946
2I6B6QSY7AA,Diego Ruzzarin,Conocí al dictador más raro del mundo.,es,Baja,Ugzm05-0hIVXMGhc8FF4AaABAg,,0,@fernandoalmanza3185,"Excelente Diego, pero la OPOSICION VIOLENTA ni con manzanitas.",2026-01-08T18:53:53Z,2026-01-08T18:53:53Z,0,0,youtube,2026-04-05T13:39:46.748948
2I6B6QSY7AA,Diego Ruzzarin,Conocí al dictador más raro del mundo.,es,Baja,UgxlBuXXdeXNz2f8Gd14AaABAg,,0,@ynwie91,lambebotas jaja,2026-01-08T15:19:21Z,2026-01-08T15:19:21Z,4,0,youtube,2026-04-05T13:39:46.748950
2I6B6QSY7AA,Diego Ruzzarin,Conocí al dictador más raro del mundo.,es,Baja,UgzGcLGJpYAJidZEW1t4AaABAg,,0,@maurocastro5181,grande Ruzzarin!,2026-01-08T14:58:20Z,2026-01-08T14:58:20Z,0,0,youtube,2026-04-05T13:39:46.748952
2I6B6QSY7AA,Diego Ruzzarin,Conocí al dictador más raro del mundo.,es,Baja,UgyjNiUc0z1rFnL6cIV4AaABAg,,0,@miqueaseveillard-w2h,Tienes todo razon Maduro no es UN dictador.,2026-01-08T06:07:58Z,2026-01-08T06:07:58Z,0,2,youtube,2026-04-05T13:39:46.748954
2I6B6QSY7AA,Diego Ruzzarin,Conocí al dictador más raro del mundo.,es,Baja,UgyjNiUc0z1rFnL6cIV4AaABAg.ARho6gQf08xARiQwll5yjw,UgyjNiUc0z1rFnL6cIV4AaABAg,1,@andresmp3437,Exacto YA NO ES JAJAJAJAJA VIVA VENEZUELA ❤ 🇻🇪🇻🇪🇻🇪🇻🇪,2026-01-08T11:56:00Z,2026-01-08T11:56:00Z,2,0,youtube,2026-04-05T13:39:46.748956
2I6B6QSY7AA,Diego Ruzzarin,Conocí al dictador más raro del mundo.,es,Baja,UgyjNiUc0z1rFnL6cIV4AaABAg.ARho6gQf08xARzN-qZBoVK,UgyjNiUc0z1rFnL6cIV4AaABAg,1,@Jayden_24S,En efecto ya no lo es,2026-01-15T01:48:41Z,2026-01-15T01:48:41Z,0,0,youtube,2026-04-05T13:39:46.748958
2I6B6QSY7AA,Diego Ruzzarin,Conocí al dictador más raro del mundo.,es,Baja,Ugyo2DPO4xkStLepOpZ4AaABAg,,0,@a.m.69111,Calla huevonazo!,2026-01-08T04:28:19Z,2026-01-08T04:28:19Z,1,0,youtube,2026-04-05T13:39:46.748960
2I6B6QSY7AA,Diego Ruzzarin,Conocí al dictador más raro del mundo.,es,Baja,UgwFO-kq2wnVVKObZJV4AaABAg,,0,@fabianporras8585,"bastardo comprado, espero te vaya igual que tu ídolo",2026-01-08T04:23:55Z,2026-01-08T04:23:55Z,2,0,youtube,2026-04-05T13:39:46.748962
2I6B6QSY7AA,Diego Ruzzarin,Conocí al dictador más raro del mundo.,es,Baja,UgzattqaLQiKFqoyHx14AaABAg,,0,@clinteastwood8782,🤮🤮🤮🤮🤮🤮🤮💩💩💩💩🤮🤮🤮🤮🤮🤮💩💩💩🤮🤮💩💩🤮💩💩💩💩💩💩🤮🤮💩💩🤮🤮🤮🤮🤮,2026-01-08T03:32:59Z,2026-01-08T03:32:59Z,1,0,youtube,2026-04-05T13:39:46.748964
2I6B6QSY7AA,Diego Ruzzarin,Conocí al dictador más raro del mundo.,es,Baja,UgwVoN1ZYVEZFt3unW14AaABAg,,0,@MercedesGonzalez-ji8ll,🤮🤮🤮🤮🤮🤮🤮🤮🤮🤮,2026-01-08T03:27:22Z,2026-01-08T03:27:22Z,0,0,youtube,2026-04-05T13:39:46.748966
2I6B6QSY7AA,Diego Ruzzarin,Conocí al dictador más raro del mundo.,es,Baja,UgymnhwEIIXwwJ6tlOh4AaABAg,,0,@fabiobustamante-m8e,Es increíble como las ideologías nos ciegan.,2026-01-07T21:40:35Z,2026-01-07T21:40:35Z,0,0,youtube,2026-04-05T13:39:46.748968
2I6B6QSY7AA,Diego Ruzzarin,Conocí al dictador más raro del mundo.,es,Baja,UgwUlbkLEs1i4yhe3sd4AaABAg,,0,@rapr5520,"Gobiernos que no se alineen a los deseos de la élite sionista y que no sean entreguistas, les acusarán de “dictador, narco gobierno, comunista, etc”. 
La élite sionista es la que prepara el reino del anticristo y por lo visto Gaza será su sede de imperio terrenal.",2026-01-07T21:40:34Z,2026-01-07T21:44:34Z,2,0,youtube,2026-04-05T13:39:46.748970
2I6B6QSY7AA,Diego Ruzzarin,Conocí al dictador más raro del mundo.,es,Baja,Ugy8HIuphYb1tj5-q-t4AaABAg,,0,@AvilaGonzalez-o4p,"Salgan mas,viajen mas",2026-01-07T18:52:37Z,2026-01-07T18:52:37Z,1,0,youtube,2026-04-05T13:39:46.748972
2I6B6QSY7AA,Diego Ruzzarin,Conocí al dictador más raro del mundo.,es,Baja,UgzUxoZejOgxdL-Lc6p4AaABAg,,0,@TeodociaHerrera-i6c,"Maduro: 2026 Sorprendeme.jpg

2026: Ta Bien!

Xd",2026-01-07T16:04:50Z,2026-01-07T16:04:50Z,1,0,youtube,2026-04-05T13:39:46.748974
2I6B6QSY7AA,Diego Ruzzarin,Conocí al dictador más raro del mundo.,es,Baja,UgzGQFd5PXu9O8sd4hR4AaABAg,,0,@josepdasilvaoliveira1312,"No conoces historia? Hubo elecciones en la Alemania Nazi, también las ha tenido Cuba, también las hizo Stalin y Musolini. Los regímenes autoritarios hacen elecciones amañadas para fingir legitimidad. Ya que estuvistes en Venezuela, comenta quienes son los rectores del CNE todos abiertamente del partido de gobierno igual que los jueces. Que persiguen e inhabilitan políticos de oposición. Y que impidieron la inscripción a venezolanos en el extranjero para poder votar, negandoles su derecho. También diles cuál es el periodismo o prensa crítica que queda dentro de Venezuela. En fin un sistema autoritario de manual de partido único.",2026-01-07T15:21:38Z,2026-01-07T15:21:38Z,4,0,youtube,2026-04-05T13:39:46.748976
2I6B6QSY7AA,Diego Ruzzarin,Conocí al dictador más raro del mundo.,es,Baja,Ugxpz69l2ueD-p__PTN4AaABAg,,0,@danieltorresbaltierra3873,"Tu idolo cayo, no cabe duda que leer no siempre hace mejor a una persona tu defensa de gente que silencio permanentemente a cualquier otro por una ideología política hace lo que eres una basura",2026-01-07T13:44:01Z,2026-01-07T13:44:01Z,0,0,youtube,2026-04-05T13:39:46.748978
2I6B6QSY7AA,Diego Ruzzarin,Conocí al dictador más raro del mundo.,es,Baja,UgzzBVwTgfopUBO64nl4AaABAg,,0,@Hellferu,"El criterio de este influencer, parece el pensamiento de un niño de 5 años que le dicen que si no se duerme temprano, el coco se lo va a comer, y él se lo cree. 
¿Ya salió a pedirle disculpas al pueblo Venezolano y aceptar que Maduro era un dictador en toda regla?",2026-01-07T05:21:40Z,2026-01-07T05:21:40Z,1,0,youtube,2026-04-05T13:39:46.748980
2I6B6QSY7AA,Diego Ruzzarin,Conocí al dictador más raro del mundo.,es,Baja,Ugy3l92GLLkHZsE4oih4AaABAg,,0,@ulises13200,"Creo que defiendes algo que es muy distinto, quieres hacer creer algo que no es",2026-01-07T04:46:29Z,2026-01-07T04:46:29Z,0,0,youtube,2026-04-05T13:39:46.748982
2I6B6QSY7AA,Diego Ruzzarin,Conocí al dictador más raro del mundo.,es,Baja,Ugyu__PFua_BqdBvxcV4AaABAg,,0,@ulises13200,Expropiaron empresas eso es más que socialismo,2026-01-07T04:45:17Z,2026-01-07T04:45:17Z,0,0,youtube,2026-04-05T13:39:46.748985
2I6B6QSY7AA,Diego Ruzzarin,Conocí al dictador más raro del mundo.,es,Baja,Ugz-G9YnHBI3Tp4SnKR4AaABAg,,0,@ulises13200,Porque es un espectáculo,2026-01-07T04:44:45Z,2026-01-07T04:44:45Z,0,0,youtube,2026-04-05T13:39:46.748987
2I6B6QSY7AA,Diego Ruzzarin,Conocí al dictador más raro del mundo.,es,Baja,UgymJs18jjIN4HodV0F4AaABAg,,0,@AdonisFranco-j9e,Supongo que diego es tan egocentrico que no borrara esto 😂😂😂,2026-01-07T01:52:07Z,2026-01-07T01:52:07Z,1,0,youtube,2026-04-05T13:39:46.748989
2I6B6QSY7AA,Diego Ruzzarin,Conocí al dictador más raro del mundo.,es,Baja,UgwFzwmRG3q3gHeLnfx4AaABAg,,0,@yasmani462,dale basura pagada,2026-01-07T01:24:36Z,2026-01-07T01:24:36Z,1,0,youtube,2026-04-05T13:39:46.748991
2I6B6QSY7AA,Diego Ruzzarin,Conocí al dictador más raro del mundo.,es,Baja,UgySlrRFIOXV-WPRIIF4AaABAg,,0,@geraverduzco4979,Que feo ser tan pendejo y tan seguro de si mismo,2026-01-07T00:54:16Z,2026-01-07T00:54:16Z,2,0,youtube,2026-04-05T13:39:46.748993
2I6B6QSY7AA,Diego Ruzzarin,Conocí al dictador más raro del mundo.,es,Baja,UgyXT9xVpZwVohPJJ3d4AaABAg,,0,@ElOsoBabas,"Jajaja como te sientes ahora cerdo hipócrita, disfruta de tu iPhone con tu Starbucks y tu McDonald’s",2026-01-07T00:39:04Z,2026-01-07T00:39:04Z,0,0,youtube,2026-04-05T13:39:46.748996
2I6B6QSY7AA,Diego Ruzzarin,Conocí al dictador más raro del mundo.,es,Baja,Ugxl4r2cW7WAtClH6kF4AaABAg,,0,@elcaballeronegro9814,Están igual de pndejos los dos...,2026-01-07T00:20:16Z,2026-01-07T00:20:16Z,0,0,youtube,2026-04-05T13:39:46.748998
2I6B6QSY7AA,Diego Ruzzarin,Conocí al dictador más raro del mundo.,es,Baja,Ugx3XlwDW5F0517WSQp4AaABAg,,0,@peksy588,Su próximo video “Un pintor austriaco incomprendido”😢,2026-01-07T00:04:02Z,2026-01-07T00:04:02Z,1,0,youtube,2026-04-05T13:39:46.749000
2I6B6QSY7AA,Diego Ruzzarin,Conocí al dictador más raro del mundo.,es,Baja,UgxY-IxL1dfl2WRIzuB4AaABAg,,0,@urialagar7928,Tratar de blanquear una dictadura conozco a varios venezolanos y la historia es muy distinta. Me da asco escuchar esto no pensaba que eras así. En fin al final solo resultaste ser propaganda. 🎉 Felicidades,2026-01-06T23:36:02Z,2026-01-06T23:36:02Z,1,0,youtube,2026-04-05T13:39:46.749002
2I6B6QSY7AA,Diego Ruzzarin,Conocí al dictador más raro del mundo.,es,Baja,Ugym9vmUgSO9mr0b5C14AaABAg,,0,@dorysisabeltapiasbuitrago5019,"Hola Dieguito 😂😂😂😂😂 Madurito me dijo que Venezuela no era socialista 🤡🤡🤡🤡 ya tenemos el recordatorio, la presidenta de México también es un títere del narco, te falta calle pero en tu país Dieguito ☺️☺️☺️☺️ conoce tus raíces y no hables de lo que no sabes irresponsable.",2026-01-06T20:54:14Z,2026-01-06T20:54:14Z,0,0,youtube,2026-04-05T13:39:46.749004
2I6B6QSY7AA,Diego Ruzzarin,Conocí al dictador más raro del mundo.,es,Baja,UgxrnEtkocsRI13cXWV4AaABAg,,0,@GASC86,"Esperemos no les roben los recursos o ya está pasando, mientras se habla del tema",2026-01-06T20:50:37Z,2026-01-06T20:50:37Z,0,0,youtube,2026-04-05T13:39:46.749006
2I6B6QSY7AA,Diego Ruzzarin,Conocí al dictador más raro del mundo.,es,Baja,Ugzhg5Sd_Xa2NOovh7p4AaABAg,,0,@Sigarroo,"Solo vine a dejar el dislike y a burlarme de que al fin el asqueroso de maduro este tras las rejas
Saludos dieguito, has de andar triste",2026-01-06T19:04:53Z,2026-01-06T19:04:53Z,2,0,youtube,2026-04-05T13:39:46.749009
2I6B6QSY7AA,Diego Ruzzarin,Conocí al dictador más raro del mundo.,es,Baja,UgwV8M5fIt6ZZCgkqzF4AaABAg,,0,@FranciscoFaundez-pj2xs,Todos los dictadores tienen fanáticos y defensores.,2026-01-06T18:29:26Z,2026-01-06T18:29:26Z,0,0,youtube,2026-04-05T13:39:47.561007
2I6B6QSY7AA,Diego Ruzzarin,Conocí al dictador más raro del mundo.,es,Baja,UgwwCAxLLHiQFZS64Al4AaABAg,,0,@sergioguzmancanido3691,Recibió dinero de la narco dictadura,2026-01-06T18:23:33Z,2026-01-06T18:23:33Z,0,0,youtube,2026-04-05T13:39:47.561026
2I6B6QSY7AA,Diego Ruzzarin,Conocí al dictador más raro del mundo.,es,Baja,UgyzBnaq171BSTQPvyx4AaABAg,,0,@danielzapata3578,"El error de Venezuela fue que los que querian un país libre del chavismo, tocaron la puerta de los yankis .",2026-01-06T17:29:36Z,2026-01-06T17:29:36Z,0,0,youtube,2026-04-05T13:39:47.561030
2I6B6QSY7AA,Diego Ruzzarin,Conocí al dictador más raro del mundo.,es,Baja,UgxrNBczh9KIzuT-i6h4AaABAg,,0,@juanjosemartinez1955,"No mamar, el PRI hacia procesos electorales con solo 1 candidato.",2026-01-06T16:20:31Z,2026-01-06T16:20:31Z,0,0,youtube,2026-04-05T13:39:47.561034
2I6B6QSY7AA,Diego Ruzzarin,Conocí al dictador más raro del mundo.,es,Baja,UgwRc4kzfGMyTKukgRx4AaABAg,,0,@ARTUROsoy,¿Que se siente sentarse al lado de un narcoterrorista y blanquéale su imagen?,2026-01-06T15:34:54Z,2026-01-06T15:34:54Z,3,0,youtube,2026-04-05T13:39:47.561039
2I6B6QSY7AA,Diego Ruzzarin,Conocí al dictador más raro del mundo.,es,Baja,UgwyVtsG8NRArPiY7Bx4AaABAg,,0,@Rober-w8t,"Apoyalo se empático xon él y vete a NY que te encierren , jajajaja",2026-01-06T14:38:29Z,2026-01-06T14:38:29Z,2,0,youtube,2026-04-05T13:39:47.561044
2I6B6QSY7AA,Diego Ruzzarin,Conocí al dictador más raro del mundo.,es,Baja,UgxxwWw2qqbo8zLb4Np4AaABAg,,0,@tomasordoquiariza1921,"Que bien, me alegro que todo tus seguidores hayan hecho el deber social de condenarte por blanquear una dictadura de una manera tan intelectualmente deshonesta. Demagogo",2026-01-06T14:07:19Z,2026-01-06T14:07:19Z,0,0,youtube,2026-04-05T13:39:47.561048
2I6B6QSY7AA,Diego Ruzzarin,Conocí al dictador más raro del mundo.,es,Baja,UgwrcOlm9ajnyhLbtdp4AaABAg,,0,@luisfiallos1,Vendido.,2026-01-06T13:47:36Z,2026-01-06T13:47:36Z,0,0,youtube,2026-04-05T13:39:47.561068
2I6B6QSY7AA,Diego Ruzzarin,Conocí al dictador más raro del mundo.,es,Baja,UgyMmT4HtljaUuuNka54AaABAg,,0,@SoyElCheems,Pemdejos,2026-01-06T06:38:31Z,2026-01-06T06:38:31Z,1,0,youtube,2026-04-05T13:39:47.561073
2I6B6QSY7AA,Diego Ruzzarin,Conocí al dictador más raro del mundo.,es,Baja,UgxJ1tmJ6Y7y4w3pEcp4AaABAg,,0,@scarrera08,Que buen timing,2026-01-06T05:06:50Z,2026-01-06T05:06:50Z,1,0,youtube,2026-04-05T13:39:47.561078
2I6B6QSY7AA,Diego Ruzzarin,Conocí al dictador más raro del mundo.,es,Baja,UgzTycgyIQ6l9fnCKe14AaABAg,,0,@LuisMeza-r5g,"YA LO CONOCIO DONAL TRAMP, EN PERSONA TAMBIEN IGUAL QUE TU, CROMA SABLES 3MIL",2026-01-06T04:58:19Z,2026-01-06T04:58:19Z,0,0,youtube,2026-04-05T13:39:47.561082
2I6B6QSY7AA,Diego Ruzzarin,Conocí al dictador más raro del mundo.,es,Baja,UgzDs7TNNnaqbxumnAt4AaABAg,,0,@ninjagaiden8825,Le van a glasear la rosca a este wey jajajaja,2026-01-06T04:42:44Z,2026-01-06T04:42:44Z,0,0,youtube,2026-04-05T13:39:47.561086
2I6B6QSY7AA,Diego Ruzzarin,Conocí al dictador más raro del mundo.,es,Baja,UgyFW2d4jsQCoznXAjV4AaABAg,,0,@Busta93,Vengo del futuro. Jajajajajaja Diego Ruzzarin fuiste la escort de Maduro jajajaja que bajo eres.,2026-01-06T04:41:55Z,2026-01-06T04:41:55Z,1,0,youtube,2026-04-05T13:39:47.561090
2I6B6QSY7AA,Diego Ruzzarin,Conocí al dictador más raro del mundo.,es,Baja,UgwqhnAxf12OxYHGmVh4AaABAg,,0,@nolbertog,"??????? Eres tan inteligente como tragarte esos cuentos de que la gente lo abraza y le muestra ""cariño"". Ya estas viejo para tragar cuentos.",2026-01-06T04:40:41Z,2026-01-06T04:40:41Z,1,0,youtube,2026-04-05T13:39:47.561095
2I6B6QSY7AA,Diego Ruzzarin,Conocí al dictador más raro del mundo.,es,Baja,UgzY4FF21_hogRUECip4AaABAg,,0,@PabloBa3S,Quedaste 🤡,2026-01-06T04:40:11Z,2026-01-06T04:40:11Z,2,0,youtube,2026-04-05T13:39:47.561099
2I6B6QSY7AA,Diego Ruzzarin,Conocí al dictador más raro del mundo.,es,Baja,UgyccWTgHqyuHcwuABZ4AaABAg,,0,@MetalPredador,Cayo preso tu marido,2026-01-06T04:30:50Z,2026-01-06T04:30:50Z,1,0,youtube,2026-04-05T13:39:47.561103
2I6B6QSY7AA,Diego Ruzzarin,Conocí al dictador más raro del mundo.,es,Baja,UgzrwU_h_8hrv_pKXdB4AaABAg,,0,@Tomas-py5xe,"Vistes todo lo que querían que vieras, por eso te invitaron, te utilizaron como un cachorrito, y si no fue así te pagaron con un billete porque eso que viste solo se ve en el chavismo, como se nota que no has vivido en la clase media, vives en esa burbuja osea es como si te presentarán un dibujo con un paisaje bonito pero atrás está el caos",2026-01-06T03:52:18Z,2026-01-06T03:52:18Z,0,0,youtube,2026-04-05T13:39:47.561107
2I6B6QSY7AA,Diego Ruzzarin,Conocí al dictador más raro del mundo.,es,Baja,UgwljW7rPj_Qs2VhLct4AaABAg,,0,@jesusmanuelvalbuenaportill6059,Cómo se nota que te la das de intelectual y no entiendes un carajo.,2026-01-06T03:08:05Z,2026-01-06T03:08:05Z,6,0,youtube,2026-04-05T13:39:47.561111
2I6B6QSY7AA,Diego Ruzzarin,Conocí al dictador más raro del mundo.,es,Baja,UgwsRKzA4ublZjB3wzd4AaABAg,,0,@ahuertar,La mmda este Dieguito,2026-01-06T02:54:39Z,2026-01-06T02:54:39Z,1,0,youtube,2026-04-05T13:39:47.561115
2I6B6QSY7AA,Diego Ruzzarin,Conocí al dictador más raro del mundo.,es,Baja,Ugx6gkl1-Q0Fd9ZYU9R4AaABAg,,0,@spr4019,Gracias por el contrapeso Diego! Mucho bot por aquí me da,2026-01-06T02:52:03Z,2026-01-06T02:52:03Z,0,0,youtube,2026-04-05T13:39:47.561119
2I6B6QSY7AA,Diego Ruzzarin,Conocí al dictador más raro del mundo.,es,Baja,UgyfO3VInoLLkKQh-Nt4AaABAg,,0,@julioneca,"Este tarado defendiendo a un dictador, cuánto le pagaron?",2026-01-06T02:42:48Z,2026-01-06T02:42:48Z,1,0,youtube,2026-04-05T13:39:47.561123
2I6B6QSY7AA,Diego Ruzzarin,Conocí al dictador más raro del mundo.,es,Baja,Ugxn32nhD-LV4wuouCB4AaABAg,,0,@velizgab,"Funcionaron las billonadas de propaganda que le meten los gringos al odio hacia Maduro y los comentarios lo evidencian. Valiente Diego, el tiempo va dando la razón. Abrazo y abajo el imperialismo.",2026-01-06T01:13:31Z,2026-01-06T01:13:31Z,1,1,youtube,2026-04-05T13:39:47.561127
2I6B6QSY7AA,Diego Ruzzarin,Conocí al dictador más raro del mundo.,es,Baja,Ugxn32nhD-LV4wuouCB4AaABAg.ARc7pMkv9k1ARcQkh6fQHK,Ugxn32nhD-LV4wuouCB4AaABAg,1,@AzaelJVR-or1xx,Ajajaj,2026-01-06T03:58:54Z,2026-01-06T03:58:54Z,2,0,youtube,2026-04-05T13:39:47.561135
2I6B6QSY7AA,Diego Ruzzarin,Conocí al dictador más raro del mundo.,es,Baja,UgzSjTcIjXNaQBJDOhJ4AaABAg,,0,@juanGBS,"Hola, solo vine a burlarme del lameculos de Maduro (Ruzzurdín) pocos días después de que los gringos capturaran al dictador 😂",2026-01-05T23:58:41Z,2026-01-05T23:58:41Z,8,0,youtube,2026-04-05T13:39:47.561140
2I6B6QSY7AA,Diego Ruzzarin,Conocí al dictador más raro del mundo.,es,Baja,Ugx-intwlw_iXvd2Pzp4AaABAg,,0,@sergioojeda3956,Dónde está tu entrevista con el dictador?,2026-01-05T23:56:14Z,2026-01-05T23:56:14Z,6,0,youtube,2026-04-05T13:39:47.561145
2I6B6QSY7AA,Diego Ruzzarin,Conocí al dictador más raro del mundo.,es,Baja,Ugx3MuzzP1ruZ8cb3TR4AaABAg,,0,@YVL555,Brasileño pocos huevos,2026-01-05T23:52:50Z,2026-01-05T23:52:50Z,5,0,youtube,2026-04-05T13:39:47.561150
2I6B6QSY7AA,Diego Ruzzarin,Conocí al dictador más raro del mundo.,es,Baja,UgwcHykq70wSINZ-fTR4AaABAg,,0,@saleedymoreno1703,Visitarás a tu compa en USA🇺🇸 !!!,2026-01-05T23:13:23Z,2026-01-05T23:13:23Z,6,1,youtube,2026-04-05T13:39:47.561154
2I6B6QSY7AA,Diego Ruzzarin,Conocí al dictador más raro del mundo.,es,Baja,UgwcHykq70wSINZ-fTR4AaABAg.ARbv4WjxxsTARcQo7TvVUK,UgwcHykq70wSINZ-fTR4AaABAg,1,@AzaelJVR-or1xx,Si le gusta ir a los casinos.,2026-01-06T03:59:22Z,2026-01-06T03:59:22Z,1,0,youtube,2026-04-05T13:39:47.561159
2I6B6QSY7AA,Diego Ruzzarin,Conocí al dictador más raro del mundo.,es,Baja,Ugz2WDM83ii_jkrYmEt4AaABAg,,0,@Baculaquexxx,"Deberías de tener huevos para desbloquear a Dross, pinche ridículo pocos huevos",2026-01-05T23:03:49Z,2026-01-05T23:03:49Z,6,0,youtube,2026-04-05T13:39:47.561162
2I6B6QSY7AA,Diego Ruzzarin,Conocí al dictador más raro del mundo.,es,Baja,UgxNDH0dx34kjI7PLCF4AaABAg,,0,@ESTILOBIKE,"Diego, por que crees lo que crees?, humildemente tienen que aceptar que está equivocado, esto evitará que siga haciendo el ridículo",2026-01-05T22:25:07Z,2026-01-05T22:25:07Z,3,0,youtube,2026-04-05T13:39:47.561167
2I6B6QSY7AA,Diego Ruzzarin,Conocí al dictador más raro del mundo.,es,Baja,Ugy9L6s7WVbwB4QQV3J4AaABAg,,0,@ipomoeatlitliltzin7397,"Excelente!!
 puras vistas le estan dando al buen Diego; el feliz con su hate. Yo acá sigo viendo desde lejitos como sube  cada dia  su popularidad 😁 bien Diego Ruzzarin, haz tenido razón en todo!",2026-01-05T22:19:20Z,2026-01-05T22:19:20Z,0,0,youtube,2026-04-05T13:39:47.561171
2I6B6QSY7AA,Diego Ruzzarin,Conocí al dictador más raro del mundo.,es,Baja,UgydpdRrugTl1MjiZXd4AaABAg,,0,@vhugomp23,"Tienes razón, al norcoreano le escupen en la calle",2026-01-05T21:39:10Z,2026-01-05T21:39:10Z,0,0,youtube,2026-04-05T13:39:47.561175
2I6B6QSY7AA,Diego Ruzzarin,Conocí al dictador más raro del mundo.,es,Baja,Ugzow40-UZ31K2hYC9h4AaABAg,,0,@mariosanchez6879,Falto este por borrar,2026-01-05T21:29:56Z,2026-01-05T21:29:56Z,4,0,youtube,2026-04-05T13:39:47.561180
2I6B6QSY7AA,Diego Ruzzarin,Conocí al dictador más raro del mundo.,es,Baja,Ugyct-FWD9u0ri0p7mR4AaABAg,,0,@kingdeedee9237,Y este video ha empeorado kek,2026-01-05T21:23:53Z,2026-01-05T21:23:53Z,1,0,youtube,2026-04-05T13:39:47.561184
2I6B6QSY7AA,Diego Ruzzarin,Conocí al dictador más raro del mundo.,es,Baja,Ugy6QUf48shdUEpwlk94AaABAg,,0,@ZetsubouOutlow,Videos que van a seguir envejeciendo muy mal :,2026-01-05T21:15:04Z,2026-01-05T21:15:04Z,2,0,youtube,2026-04-05T13:39:47.561188
2I6B6QSY7AA,Diego Ruzzarin,Conocí al dictador más raro del mundo.,es,Baja,Ugy02uPOKDrYB-6M_sd4AaABAg,,0,@lanebulosageek4409,Ya agarraron al terrorista,2026-01-05T20:54:28Z,2026-01-05T20:54:28Z,2,0,youtube,2026-04-05T13:39:47.561192
2I6B6QSY7AA,Diego Ruzzarin,Conocí al dictador más raro del mundo.,es,Baja,Ugxqg-WN-QxpyZzVRMp4AaABAg,,0,@fideldely5988,"so, no lo borró",2026-01-05T20:13:39Z,2026-01-05T20:13:39Z,2,0,youtube,2026-04-05T13:39:47.561196
2I6B6QSY7AA,Diego Ruzzarin,Conocí al dictador más raro del mundo.,es,Baja,UgwYYDcRSHBUHQXpjEp4AaABAg,,0,@saulhernandez2028,Ruzzarin es lo mas cagante y pendejo que hay en todo internet,2026-01-05T20:11:30Z,2026-01-05T20:11:30Z,4,0,youtube,2026-04-05T13:39:47.561200
2I6B6QSY7AA,Diego Ruzzarin,Conocí al dictador más raro del mundo.,es,Baja,Ugw2jbHdTwiJPaYR7sx4AaABAg,,0,@angelvazquez9644,Dictador escondido,2026-01-05T20:10:30Z,2026-01-05T20:10:30Z,2,0,youtube,2026-04-05T13:39:47.561204
2I6B6QSY7AA,Diego Ruzzarin,Conocí al dictador más raro del mundo.,es,Baja,Ugz-UmKwbeBFeVfMdhB4AaABAg,,0,@alannungaraydev,Te video  falta este de borrar,2026-01-05T20:10:04Z,2026-01-05T20:10:04Z,2,0,youtube,2026-04-05T13:39:47.561208
2I6B6QSY7AA,Diego Ruzzarin,Conocí al dictador más raro del mundo.,es,Baja,UgzdWpd2A3YxvvIdZEZ4AaABAg,,0,@insanedb,Y tus videos con el donde están?,2026-01-05T19:57:26Z,2026-01-05T19:57:26Z,4,0,youtube,2026-04-05T13:39:47.561213
2I6B6QSY7AA,Diego Ruzzarin,Conocí al dictador más raro del mundo.,es,Baja,Ugxen94PMywQKnMzxDx4AaABAg,,0,@lordofmadness1,dejé mi yogurt abierto afuera del refri por 2 semanas y envejeció mucho mejor que este video.,2026-01-05T19:43:04Z,2026-01-05T19:43:04Z,5,0,youtube,2026-04-05T13:39:47.561217
2I6B6QSY7AA,Diego Ruzzarin,Conocí al dictador más raro del mundo.,es,Baja,UgxFLaqjT_gzL3KjTpp4AaABAg,,0,@eveciencia,Y ahora dicen que Ruzzarin borro los vídeos y la chingada pinche derecha y CIA toda meca,2026-01-05T19:30:20Z,2026-01-05T19:30:20Z,2,0,youtube,2026-04-05T13:39:47.561221
2I6B6QSY7AA,Diego Ruzzarin,Conocí al dictador más raro del mundo.,es,Baja,UgyVj0__5n4q5hzV2JN4AaABAg,,0,@jhonjimenez4642,"Bloqueo a Dross jajajaj, estos comunistas son tan estúpidos. 😅",2026-01-05T19:25:23Z,2026-01-05T19:25:42Z,5,0,youtube,2026-04-05T13:39:47.561225
2I6B6QSY7AA,Diego Ruzzarin,Conocí al dictador más raro del mundo.,es,Baja,UgzsjmYvlqqGfbKHvZN4AaABAg,,0,@jossse10,"Pinche cantinflas chairo-rebuscado, estás bien pendejo.",2026-01-05T19:23:20Z,2026-01-05T19:23:20Z,3,0,youtube,2026-04-05T13:39:47.561229
2I6B6QSY7AA,Diego Ruzzarin,Conocí al dictador más raro del mundo.,es,Baja,Ugx6mJUrhXrhbAWETcV4AaABAg,,0,@Chalacotinto,Debes estar llorando,2026-01-05T19:16:20Z,2026-01-05T19:16:20Z,4,0,youtube,2026-04-05T13:39:47.561235
2I6B6QSY7AA,Diego Ruzzarin,Conocí al dictador más raro del mundo.,es,Baja,UgwVBWgk27jJ--YqqIx4AaABAg,,0,@PEPEVICHE87,Uy! Se quedó sin camello! 🤣,2026-01-05T18:52:35Z,2026-01-05T18:52:35Z,5,0,youtube,2026-04-05T13:39:47.561239
2I6B6QSY7AA,Diego Ruzzarin,Conocí al dictador más raro del mundo.,es,Baja,UgxfDOvWPZ42zTgvFhB4AaABAg,,0,@elizar2798,"Otra ves este surdo defendiendo a sus favoritos, pero y ahora que se le llevaron a su financista maduro que va hacer 😂 a quien más le va a besar los pies para que le de algo de dinero.",2026-01-05T18:50:38Z,2026-01-05T18:50:38Z,2,0,youtube,2026-04-05T13:39:47.561243
2I6B6QSY7AA,Diego Ruzzarin,Conocí al dictador más raro del mundo.,es,Baja,UgwvU_PmNiEDHc4N2tx4AaABAg,,0,@YonniMorales-g6u,Y ahora se podrá disimular la realidad también que ya maduro aya sido atrapado??,2026-01-05T18:48:45Z,2026-01-05T18:48:45Z,2,0,youtube,2026-04-05T13:39:47.561247
2I6B6QSY7AA,Diego Ruzzarin,Conocí al dictador más raro del mundo.,es,Baja,Ugw25B1WAl1IVV3TyoN4AaABAg,,0,@hugoperezortiz4433,Payaso,2026-01-05T18:37:36Z,2026-01-05T18:37:36Z,2,0,youtube,2026-04-05T13:39:47.561251
2I6B6QSY7AA,Diego Ruzzarin,Conocí al dictador más raro del mundo.,es,Baja,UgySohXk6ZqkfZ3Iib14AaABAg,,0,@silhernandezh,"Al siguiente que le quitan la VISA será a ti, Ruzzarin",2026-01-05T18:29:23Z,2026-01-05T18:29:23Z,4,0,youtube,2026-04-05T13:39:47.561255
2I6B6QSY7AA,Diego Ruzzarin,Conocí al dictador más raro del mundo.,es,Baja,UgyprB1Rwxzmx9qiJ6F4AaABAg,,0,@codigo.olfativo,"Aquí la opinión de una venezolana, que ha vivido el gobierno que tanto defiendes. Por qué si, es muy bonito blanquear las dictaduras desde tu casa en Mèxico, con todas las comodidades, publicando mierdas desde X con tu iPhone en mano 😅 

https://youtu.be/sni7_gDfKg8?si=ZRkeSHlJFZtQlCKz",2026-01-05T18:13:57Z,2026-01-05T18:13:57Z,1,0,youtube,2026-04-05T13:39:47.561260
2I6B6QSY7AA,Diego Ruzzarin,Conocí al dictador más raro del mundo.,es,Baja,UgzL9oDauHU5-zuB33l4AaABAg,,0,@sergiovd7919,"Para todos criticando a Diego de que el vídeo “envejeció mal”: él siempre da su opinión para que la gente reflexione. En ningún momento ha dicho que “posee la verdad”. Siempre es importante analizar todos los puntos de vista.
Dicho esto, Diego, sí que pienso que a veces pecas de querer ir demasiado en contra de lo que dice la mayoría o lo que “defiende el capitalismo”. Es decir, SIEMPRE vas en contra en vez de recapacitar y pensar que quizás “el otro lado tiene razón”. Hay veces que la mayoría sí que está en la verdad. Te dejo esto para que lo reflexiones.

Además, viendo el podcast, se nota que te aburres hablando con él porque no está a tu altura intelectual. Pero aguantas porque tienes interés en anunciarte en contra del capitalismo. No le corriges cuando se equivoca o dice tonterías….",2026-01-05T17:51:11Z,2026-01-05T19:23:41Z,0,0,youtube,2026-04-05T13:39:47.561264
2I6B6QSY7AA,Diego Ruzzarin,Conocí al dictador más raro del mundo.,es,Baja,Ugw6JkkzV1YIQq98oLN4AaABAg,,0,@Caball_Music,Videos que envejecieron muy mal,2026-01-05T17:45:16Z,2026-01-05T17:45:16Z,2,0,youtube,2026-04-05T13:39:47.561268
2I6B6QSY7AA,Diego Ruzzarin,Conocí al dictador más raro del mundo.,es,Baja,UgyEIKgoMeaEJmXWsg54AaABAg,,0,@lestersalazar-vf2ds,Diego Ruzzarin  ya no tenes como caer muerto jajaj,2026-01-05T17:37:50Z,2026-01-05T17:37:50Z,4,0,youtube,2026-04-05T13:39:47.561272
2I6B6QSY7AA,Diego Ruzzarin,Conocí al dictador más raro del mundo.,es,Baja,UgwwyXyff09iWD2ylpR4AaABAg,,0,@javierbatistabuitrago1895,Le defendió todos esos que le saludaban?,2026-01-05T17:24:28Z,2026-01-05T17:24:28Z,0,0,youtube,2026-04-05T13:39:47.561276
2I6B6QSY7AA,Diego Ruzzarin,Conocí al dictador más raro del mundo.,es,Baja,UgwjBBZAzI7p0TNdl0x4AaABAg,,0,@emmanuelalfredoruizacacio4474,Solo vengo a leer las c#ingaderas jajaja,2026-01-05T16:17:43Z,2026-01-05T16:17:43Z,1,0,youtube,2026-04-05T13:39:47.561280
2I6B6QSY7AA,Diego Ruzzarin,Conocí al dictador más raro del mundo.,es,Baja,UgzescrneBVHT9Ep1jp4AaABAg,,0,@CarlosCaceres-wi8ko,"Jala bola, te pagaron para lavarle la cara a la dictadura latinoamericana más cruel e injusta de la historia, ya veremos que pague por sus delitos e injusticias que hizo por tanto tiempo",2026-01-05T16:15:07Z,2026-01-05T16:15:07Z,1,0,youtube,2026-04-05T13:39:47.561284
2I6B6QSY7AA,Diego Ruzzarin,Conocí al dictador más raro del mundo.,es,Baja,UgxL42HWBYEKGzW-OGd4AaABAg,,0,@Leonardo8166-b5k,Se te olvidó borrar este XDDD.,2026-01-05T15:59:48Z,2026-01-05T15:59:48Z,2,0,youtube,2026-04-05T13:39:47.561288
2I6B6QSY7AA,Diego Ruzzarin,Conocí al dictador más raro del mundo.,es,Baja,UgwyPsvF0kuQQM0roM94AaABAg,,0,@cesargutierrezloredo8279,😂😂😂😂😂,2026-01-05T15:55:21Z,2026-01-05T15:55:21Z,0,0,youtube,2026-04-05T13:39:47.561293
2I6B6QSY7AA,Diego Ruzzarin,Conocí al dictador más raro del mundo.,es,Baja,UgwktQfvjJigMSd7m2B4AaABAg,,0,@vg7638,Vas a caer tu sigues jajaja 🇺🇸🇺🇸🇺🇸,2026-01-05T15:48:48Z,2026-01-05T15:48:48Z,0,0,youtube,2026-04-05T13:39:47.561297
2I6B6QSY7AA,Diego Ruzzarin,Conocí al dictador más raro del mundo.,es,Baja,UgxB6bRro6_jJrnAQtV4AaABAg,,0,@PedroBrito-bk5ju,Conocí al reo más raro del mundo 🤣,2026-01-05T15:43:25Z,2026-01-05T15:43:25Z,4,0,youtube,2026-04-05T13:39:47.561301
2I6B6QSY7AA,Diego Ruzzarin,Conocí al dictador más raro del mundo.,es,Baja,UgwqYeO0eghslfQsXV94AaABAg,,0,@carlostapia3973,Acaban de capturar a tu dictador demócrata! Jajaja 🤣 seguro por buenas costumbres! Jajaja,2026-01-05T15:38:36Z,2026-01-05T15:38:36Z,1,0,youtube,2026-04-05T13:39:47.561305
2I6B6QSY7AA,Diego Ruzzarin,Conocí al dictador más raro del mundo.,es,Baja,UgzNy31SLCmd_yId0lx4AaABAg,,0,@javierarce8940,Eres un chiste Ruzardin😅,2026-01-05T15:18:48Z,2026-01-05T15:18:48Z,2,0,youtube,2026-04-05T13:39:47.561309
2I6B6QSY7AA,Diego Ruzzarin,Conocí al dictador más raro del mundo.,es,Baja,UgxgcVb6Y8D3blqwob94AaABAg,,0,@jorgeescotoolascoaga458,Porque borras tu contenido con Maduro? Lo que se sostiene con las palabras se sostiene con los webos mi estimado,2026-01-05T15:10:57Z,2026-01-05T15:10:57Z,0,0,youtube,2026-04-05T13:39:47.561313
2I6B6QSY7AA,Diego Ruzzarin,Conocí al dictador más raro del mundo.,es,Baja,UgxdM1w8CcnOvbeydOB4AaABAg,,0,@luisly3428,La dialectica de ruzarin es ahora el borrar sus cositas con maduro,2026-01-05T14:58:31Z,2026-01-05T14:58:31Z,0,0,youtube,2026-04-05T13:39:47.561317
2I6B6QSY7AA,Diego Ruzzarin,Conocí al dictador más raro del mundo.,es,Baja,UgwHZ0pt3OaHnDYhPBh4AaABAg,,0,@japwcemcreativo9769,"Ahora que vas a decir jalabolas, te mojaron la mano con dólares.",2026-01-05T14:57:48Z,2026-01-05T14:57:48Z,1,0,youtube,2026-04-05T13:39:47.561321
2I6B6QSY7AA,Diego Ruzzarin,Conocí al dictador más raro del mundo.,es,Baja,UgyAZSGzCxgHWimL_Rd4AaABAg,,0,@juanpablooliveros-zo3qq,este tipo tiene la realidad alterada,2026-01-05T14:52:45Z,2026-01-05T14:52:45Z,0,0,youtube,2026-04-05T13:39:47.561326
2I6B6QSY7AA,Diego Ruzzarin,Conocí al dictador más raro del mundo.,es,Baja,UgyGOfvWJy78QIglLkh4AaABAg,,0,@AraceliCarapiaEstrads,"y ya borraste mucho de tu material con Maduro en redes, mas que vendido eres es obvioooooo que el régimen te pagaba, tu credibilidad al suelo",2026-01-05T14:45:07Z,2026-01-05T14:45:07Z,1,0,youtube,2026-04-05T13:39:47.561330
2I6B6QSY7AA,Diego Ruzzarin,Conocí al dictador más raro del mundo.,es,Baja,Ugw_77S8ToMDfPMI1Cl4AaABAg,,0,@tripulangel,Grande Rucerdin! ahora puedes ir a Visitar a Maduro en NY mas cerca de ti,2026-01-05T14:28:07Z,2026-01-05T14:28:07Z,1,0,youtube,2026-04-05T13:39:47.561335
2I6B6QSY7AA,Diego Ruzzarin,Conocí al dictador más raro del mundo.,es,Baja,Ugzlk71QQ5C0Zg4ClvB4AaABAg,,0,@luisjavierramireztorres8873,Es increíble cómo el adoctrinamiento zurdo puede ser tan grande para blanquear a un idiota narco dictador cómo Maduro.,2026-01-05T14:25:20Z,2026-01-05T14:25:20Z,0,0,youtube,2026-04-05T13:39:47.561339
2I6B6QSY7AA,Diego Ruzzarin,Conocí al dictador más raro del mundo.,es,Baja,Ugw1vM-6y8hPngVSZIl4AaABAg,,0,@marcoshaber1677,"Saca ahora un vídeo entrevistándolo en USA mi Rezurdín, Recerdín el Jr Alucín",2026-01-05T14:18:50Z,2026-01-05T14:18:50Z,1,0,youtube,2026-04-05T13:39:47.561342
2I6B6QSY7AA,Diego Ruzzarin,Conocí al dictador más raro del mundo.,es,Baja,Ugxz4CF29fCk5k2sS2Z4AaABAg,,0,@johnhernandez1802,Ojalá te metan a la cárcel. Lacra,2026-01-05T14:11:19Z,2026-01-05T14:11:19Z,0,0,youtube,2026-04-05T13:39:47.561346
2I6B6QSY7AA,Diego Ruzzarin,Conocí al dictador más raro del mundo.,es,Baja,UgyyysvaJxe15NHhrHR4AaABAg,,0,@RyuzakiBlue1994,"*oye we, te faltó borrar este vídeo. u.u*",2026-01-05T13:54:01Z,2026-01-05T13:54:01Z,0,0,youtube,2026-04-05T13:39:47.561350
2I6B6QSY7AA,Diego Ruzzarin,Conocí al dictador más raro del mundo.,es,Baja,UgyD9WYOfrXFjzXHUGJ4AaABAg,,0,@Rose666omg,Me gustaría ver la cara de Diego ruzzarin después de lo ocurrido el 3 de enero 😂😂,2026-01-05T13:51:29Z,2026-01-05T13:51:29Z,1,0,youtube,2026-04-05T13:39:47.561355
2I6B6QSY7AA,Diego Ruzzarin,Conocí al dictador más raro del mundo.,es,Baja,UgzA9929NcfLk8fkLsh4AaABAg,,0,@MR2023Q,No tiene sangre en la cara,2026-01-05T13:38:24Z,2026-01-05T13:38:24Z,0,0,youtube,2026-04-05T13:39:47.561359
2I6B6QSY7AA,Diego Ruzzarin,Conocí al dictador más raro del mundo.,es,Baja,Ugxq0hjx-IPT89At7_V4AaABAg,,0,@luisvergara134,Jjajjajaaja estupido,2026-01-05T13:30:56Z,2026-01-05T13:30:56Z,1,0,youtube,2026-04-05T13:39:47.561363
2I6B6QSY7AA,Diego Ruzzarin,Conocí al dictador más raro del mundo.,es,Baja,Ugw0Z920MS74wZfMLJF4AaABAg,,0,@colddream556,"unas ganas de darte una cachetada con ese sarcasmo inmaduro, como mierda explicas 4 millones de venezolanos huyendo del pais.",2026-01-05T12:49:16Z,2026-01-05T12:49:16Z,3,1,youtube,2026-04-05T13:39:47.561367
2I6B6QSY7AA,Diego Ruzzarin,Conocí al dictador más raro del mundo.,es,Baja,Ugw0Z920MS74wZfMLJF4AaABAg.ARaneKJGbzSARay3CF4ymD,Ugw0Z920MS74wZfMLJF4AaABAg,1,@DYN_BenderGC,Ya son más de 8 millones xe,2026-01-05T14:20:11Z,2026-01-05T14:20:11Z,0,0,youtube,2026-04-05T13:39:47.561372
2I6B6QSY7AA,Diego Ruzzarin,Conocí al dictador más raro del mundo.,es,Baja,Ugxp05477fnADMng_0d4AaABAg,,0,@xjavier22,"Dile bye a tu Visa, Ruzurdín! 😂",2026-01-05T12:16:27Z,2026-01-05T12:16:27Z,2,0,youtube,2026-04-05T13:39:47.561375
2I6B6QSY7AA,Diego Ruzzarin,Conocí al dictador más raro del mundo.,es,Baja,Ugxhzu9-LmXuv0gtdgN4AaABAg,,0,@TecnoPunky,Que quede en evidencia que este ser apoyo siempre a Maduro.,2026-01-05T12:03:04Z,2026-01-05T12:03:04Z,2,0,youtube,2026-04-05T13:39:47.561379
2I6B6QSY7AA,Diego Ruzzarin,Conocí al dictador más raro del mundo.,es,Baja,UgwzIkF43DA0v3eBWCJ4AaABAg,,0,@juanc.mendozaf.9523,Son matices de dictador ps 💩.,2026-01-05T11:15:13Z,2026-01-05T11:15:13Z,1,0,youtube,2026-04-05T13:39:47.561383
2I6B6QSY7AA,Diego Ruzzarin,Conocí al dictador más raro del mundo.,es,Baja,UgxV66GJNJagUxhRdz94AaABAg,,0,@NancyNúñezOrtiz,"Le recomiendo leer el libro de La franquicia cubana. Una dictadura científica.
Está en Amazon México
Ahí explica lo que le pasó a Venezuela y México. 
Se puede ser ignorante. Pero promover la dictadura que ha matado y desplazado a millones de seres humanos es muy irresponsable sin certezas. O tal vez la tiene y es parte de ella.",2026-01-05T10:56:08Z,2026-01-05T10:56:08Z,1,0,youtube,2026-04-05T13:39:47.561387
2I6B6QSY7AA,Diego Ruzzarin,Conocí al dictador más raro del mundo.,es,Baja,Ugyh_miXYaRFORJ_-UB4AaABAg,,0,@T0MAAC0,Que mal envejeció este video !!!,2026-01-05T10:47:45Z,2026-01-05T10:47:45Z,1,0,youtube,2026-04-05T13:39:47.561392
2I6B6QSY7AA,Diego Ruzzarin,Conocí al dictador más raro del mundo.,es,Baja,Ugwx307htP_kpuOq_8x4AaABAg,,0,@miguelalejandrocabritaalba8488,"Guarden el video para cuando maduro comience a cantar todas la fechorias que cometio, el ultra-comunista blanqueador de dictador ladron diego ruzzarin lo investiguen por que le pago le hizo publicidad al narco y el mismo lo financio para eso",2026-01-05T09:53:23Z,2026-01-05T09:53:23Z,1,1,youtube,2026-04-05T13:39:47.561396
2I6B6QSY7AA,Diego Ruzzarin,Conocí al dictador más raro del mundo.,es,Baja,Ugwx307htP_kpuOq_8x4AaABAg.ARaUX1L0fMKARawGI1QBFK,Ugwx307htP_kpuOq_8x4AaABAg,1,@nocomments-u2i,"Cayó como un Chad, tuvo todo lo que quiso, fue en infierno para muchos y pasará solo unos años porque se entregó y luego voy vivirá tranquilo en Europa. Quien es el demonio de algunas personas es un villano, quien lo fue para millones es un Dios 🔥🔥",2026-01-05T14:04:30Z,2026-01-05T14:04:30Z,0,0,youtube,2026-04-05T13:39:47.561401
2I6B6QSY7AA,Diego Ruzzarin,Conocí al dictador más raro del mundo.,es,Baja,Ugwa15hDefRVjYcGekR4AaABAg,,0,@jesusfuentes4668,"Ya cayó tu ídolo, sigue la 4T, jajaj, llora !!",2026-01-05T07:51:58Z,2026-01-05T07:51:58Z,4,2,youtube,2026-04-05T13:39:47.561405
2I6B6QSY7AA,Diego Ruzzarin,Conocí al dictador más raro del mundo.,es,Baja,Ugwa15hDefRVjYcGekR4AaABAg.ARaGcr0fErPARaNxMGt7bR,Ugwa15hDefRVjYcGekR4AaABAg,1,@emilianorangel4580,"En ningún momento dijo que es su ídolo. En ningún momento se presentan pruebas de que Maduro haya sido un dictador. 

Todo lo que tienen los gringos es robado, por pendejos como tú, la gente se cree cualquier mamada que ve en redes como si fuera la verdad",2026-01-05T08:55:57Z,2026-01-05T08:55:57Z,1,0,youtube,2026-04-05T13:39:47.561409
2I6B6QSY7AA,Diego Ruzzarin,Conocí al dictador más raro del mundo.,es,Baja,Ugwa15hDefRVjYcGekR4AaABAg.ARaGcr0fErPARawHegixTl,Ugwa15hDefRVjYcGekR4AaABAg,1,@nocomments-u2i,"Cayó como un Chad, tuvo todo lo que quiso, fue en infierno para muchos y pasará solo unos años porque se entregó y luego voy vivirá tranquilo en Europa. Quien es el demonio de algunas personas es un villano, quien lo fue para millones es un Dios 🔥🔥",2026-01-05T14:04:41Z,2026-01-05T14:04:41Z,0,0,youtube,2026-04-05T13:39:47.561412
2I6B6QSY7AA,Diego Ruzzarin,Conocí al dictador más raro del mundo.,es,Baja,UgxiPgpVMcE7ohEd1Ll4AaABAg,,0,@adrianvv1740,Neta????? Este vato lo tenia como un persona culta estudiada y me voy dando cuenta que Maduro es su ídolo 😅.,2026-01-05T07:14:37Z,2026-01-05T07:14:37Z,4,1,youtube,2026-04-05T13:39:47.561416
2I6B6QSY7AA,Diego Ruzzarin,Conocí al dictador más raro del mundo.,es,Baja,UgxiPgpVMcE7ohEd1Ll4AaABAg.ARaCMCJGt7VARaOCWQlJNg,UgxiPgpVMcE7ohEd1Ll4AaABAg,1,@emilianorangel4580,"En ningún momento menciona que es su ídolo. Simplemente fué con él. 

Los gringos pagan para hacer creer a la gente lo que sea con tal de justificar la invasión a un país",2026-01-05T08:58:09Z,2026-01-05T08:58:09Z,0,0,youtube,2026-04-05T13:39:47.561420
2I6B6QSY7AA,Diego Ruzzarin,Conocí al dictador más raro del mundo.,es,Baja,UgyDFkZPD64gfwWgObR4AaABAg,,0,@gabrielsevilla132,compare por que borrasate todo el contenido de tu idolo? todavía tienes Visa?,2026-01-05T06:59:47Z,2026-01-05T06:59:47Z,4,1,youtube,2026-04-05T13:39:47.561424
2I6B6QSY7AA,Diego Ruzzarin,Conocí al dictador más raro del mundo.,es,Baja,UgyDFkZPD64gfwWgObR4AaABAg.ARaAecKJau1ARawKB9d5Kb,UgyDFkZPD64gfwWgObR4AaABAg,1,@nocomments-u2i,Que ves aquí?,2026-01-05T14:05:02Z,2026-01-05T14:05:02Z,1,0,youtube,2026-04-05T13:39:47.561428
2I6B6QSY7AA,Diego Ruzzarin,Conocí al dictador más raro del mundo.,es,Baja,UgyqZZ-8OwB2E_LG37Z4AaABAg,,0,@antoniozamora7415,"Yo solo veo dos cosas:

1.- Tienes el síndrome de Estocolmo. 
2.- Eres un simple comunista romántico clase turista. 

Vete a vivir a Venezuela 🇻🇪 mínimo un año con las mismas condiciones en las que vive un venezolano día a día, y luego nos cuentas en tu podcast la bella y pintoresca experiencia de vivir en un país con dictadura autoritaria.",2026-01-05T06:53:02Z,2026-01-05T06:53:02Z,3,0,youtube,2026-04-05T13:39:47.561432
2I6B6QSY7AA,Diego Ruzzarin,Conocí al dictador más raro del mundo.,es,Baja,UgxJ8XJtGnGkeDNTJrZ4AaABAg,,0,@heyNaOj,"Vaya vaya, ""yjho dhe thu pfuta mdr""",2026-01-05T06:50:24Z,2026-01-05T06:50:24Z,0,0,youtube,2026-04-05T13:39:47.561436
2I6B6QSY7AA,Diego Ruzzarin,Conocí al dictador más raro del mundo.,es,Baja,UgwsR9r658x7_vNjCAF4AaABAg,,0,@anthonyramirez9394,Descárguenlo antes de que este payaso lo borre 🤡,2026-01-05T06:40:30Z,2026-01-05T06:40:59Z,3,3,youtube,2026-04-05T13:39:47.561439
2I6B6QSY7AA,Diego Ruzzarin,Conocí al dictador más raro del mundo.,es,Baja,UgwsR9r658x7_vNjCAF4AaABAg.ARa8SQsj6y4ARaDL0hWYiC,UgwsR9r658x7_vNjCAF4AaABAg,1,@adonispalacios262,Yaaa !!!!,2026-01-05T07:23:11Z,2026-01-05T07:23:11Z,0,0,youtube,2026-04-05T13:39:47.561443
2I6B6QSY7AA,Diego Ruzzarin,Conocí al dictador más raro del mundo.,es,Baja,UgwsR9r658x7_vNjCAF4AaABAg.ARa8SQsj6y4ARaOJ_r8Nx6,UgwsR9r658x7_vNjCAF4AaABAg,1,@emilianorangel4580,"No lo va a borrar xdd

Por qué lo haría si tiene razón?",2026-01-05T08:59:07Z,2026-01-05T08:59:07Z,0,0,youtube,2026-04-05T13:39:47.561448
2I6B6QSY7AA,Diego Ruzzarin,Conocí al dictador más raro del mundo.,es,Baja,UgwsR9r658x7_vNjCAF4AaABAg.ARa8SQsj6y4ARaR9pjb19A,UgwsR9r658x7_vNjCAF4AaABAg,1,@anthonyramirez9394,"​@emilianorangel4580 Claro, 7.9 millones de venezolanos salieron del país por simple turismo. 🤦",2026-01-05T09:24:00Z,2026-01-05T09:26:47Z,0,0,youtube,2026-04-05T13:39:47.561452
2I6B6QSY7AA,Diego Ruzzarin,Conocí al dictador más raro del mundo.,es,Baja,Ugxu4wfOBvHipFs47-h4AaABAg,,0,@realgolazo,Este tipo es un verdadero Payaso 🤡,2026-01-05T06:25:27Z,2026-01-05T06:25:27Z,2,0,youtube,2026-04-05T13:39:47.561455
2I6B6QSY7AA,Diego Ruzzarin,Conocí al dictador más raro del mundo.,es,Baja,UgwgLHb8uK7FirRQE1N4AaABAg,,0,@lepablu,Vengo a burlarme,2026-01-05T06:14:28Z,2026-01-05T06:14:28Z,1,0,youtube,2026-04-05T13:39:47.561459
2I6B6QSY7AA,Diego Ruzzarin,Conocí al dictador más raro del mundo.,es,Baja,Ugw38lVE-bsKBNL1uWp4AaABAg,,0,@rodrigolarios8149,"Comunista de san Pedro garza García con IPHONE 👌 eres una belleza! Esos que defiendes, traen la misma calle que tú: ""nada""; revolucionario de podcast!!!",2026-01-05T06:12:37Z,2026-01-05T06:12:37Z,3,2,youtube,2026-04-05T13:39:47.561463
2I6B6QSY7AA,Diego Ruzzarin,Conocí al dictador más raro del mundo.,es,Baja,Ugw38lVE-bsKBNL1uWp4AaABAg.ARa5GBcqcRsARaOSDGSIm5,Ugw38lVE-bsKBNL1uWp4AaABAg,1,@emilianorangel4580,Y tú estás comentando desde tu cómoda casa muy seguramente sin haber pisado Venezuela ni leer toda la información disponible para saber si es real lo que te vendieron las redes. Que listo eres 🎉🎉,2026-01-05T09:00:17Z,2026-01-05T09:00:17Z,0,0,youtube,2026-04-05T13:39:47.561467
2I6B6QSY7AA,Diego Ruzzarin,Conocí al dictador más raro del mundo.,es,Baja,Ugw38lVE-bsKBNL1uWp4AaABAg.ARa5GBcqcRsAReMGfWCbly,Ugw38lVE-bsKBNL1uWp4AaABAg,1,@rodrigolarios8149,"​​@emilianorangel4580😂no sé por qué metes a Venezuela si yo no dije nada de de ella😂😂 pero gracias, sí me considero lo suficientemente listo para entender, por lo menos, el contexto de un comentario 😅😂👍",2026-01-06T21:58:13Z,2026-01-06T22:07:22Z,0,0,youtube,2026-04-05T13:39:47.561471
2I6B6QSY7AA,Diego Ruzzarin,Conocí al dictador más raro del mundo.,es,Baja,UgzIg-9Bk4tza7OPzKR4AaABAg,,0,@outfield257,Lástima que aquí no se puede etiquetar al departamento de inmigración de USA,2026-01-05T06:10:09Z,2026-01-05T06:10:09Z,0,0,youtube,2026-04-05T13:39:47.561474
2I6B6QSY7AA,Diego Ruzzarin,Conocí al dictador más raro del mundo.,es,Baja,Ugz1sCFrxjZL8kXLOeF4AaABAg,,0,@MArio-ku9kw,"Te pasaste de pendejo. O sea, estás diciendo que el pendejete de Maduro te llevó a su país y caíste redondito en el show que armó????? Te pensaba más inteligente cuando te ví con el pendejo del máster Muñoz. Pero veo q los 3 (incluyendo a Maduro), no valen madre.",2026-01-05T06:03:30Z,2026-01-05T06:03:30Z,2,0,youtube,2026-04-05T13:39:47.561478
2I6B6QSY7AA,Diego Ruzzarin,Conocí al dictador más raro del mundo.,es,Baja,Ugwm58SleJS64GD3uYR4AaABAg,,0,@oscarjaviermartinezmontiel5663,"Pregúntele por qué cre lo que cre. 
Viva Venezuela libre!!",2026-01-05T05:53:13Z,2026-01-05T05:53:13Z,1,0,youtube,2026-04-05T13:39:47.561482
2I6B6QSY7AA,Diego Ruzzarin,Conocí al dictador más raro del mundo.,es,Baja,UgzwvnBR1ulx-piNzaN4AaABAg,,0,@F1runs90,"Que descaro Ruzzarin, se nota luego luego que sabes que todo lo que dijiste era una mamada. Es una falta de respeto a tu audiencia, nos tomas de tontos.",2026-01-05T05:49:24Z,2026-01-05T05:49:24Z,3,0,youtube,2026-04-05T13:39:47.561486
2I6B6QSY7AA,Diego Ruzzarin,Conocí al dictador más raro del mundo.,es,Baja,Ugx1OiN90iyPdNN9Uxt4AaABAg,,0,@fabriayala2358,Le creo a Diego o a los miles de venezolanos exiliados por todo el mundo,2026-01-05T05:45:38Z,2026-01-05T05:45:38Z,4,0,youtube,2026-04-05T13:39:47.561490
2I6B6QSY7AA,Diego Ruzzarin,Conocí al dictador más raro del mundo.,es,Baja,UgyWFAclEhwvsUgG1Yt4AaABAg,,0,@CG-sp7tg,"P E N D E J O  resumido en Cuba también hacen campaña, Nicaragua, y todos lo adoran si no te matan , nadie va hablar mal de ellos,,  por eso te repito eres pendejo o te haces. Y la gente que te sigue dicen es un tipo muy culto, sabe mucho 😂😂",2026-01-05T05:33:36Z,2026-01-05T05:33:36Z,1,0,youtube,2026-04-05T13:39:47.561494
2I6B6QSY7AA,Diego Ruzzarin,Conocí al dictador más raro del mundo.,es,Baja,UgyF_9Jcwnc29STk2xR4AaABAg,,0,@waylonbell8551,"Oficialmente este tipo apoyo a un terrorista, ver como la gente de Venezuela celebró la captura de ese tipo y ver como tiraron estatuas contradicen todo lo que dijo",2026-01-05T05:01:43Z,2026-01-05T05:01:43Z,2,0,youtube,2026-04-05T13:39:47.561498
2I6B6QSY7AA,Diego Ruzzarin,Conocí al dictador más raro del mundo.,es,Baja,UgyzbmlPx3MGWk3bjQV4AaABAg,,0,@monsemujica2805,Eres un maldito chiste 😂😂😂😂😂😂😂😂😂,2026-01-05T04:51:18Z,2026-01-05T04:51:18Z,2,0,youtube,2026-04-05T13:39:47.561502
2I6B6QSY7AA,Diego Ruzzarin,Conocí al dictador más raro del mundo.,es,Baja,UgyB2Qxbs2hkTbeUtwJ4AaABAg,,0,@aeos4370,No hay que llegar con vergüenza al futuro,2026-01-05T04:49:22Z,2026-01-05T04:49:22Z,0,0,youtube,2026-04-05T13:39:47.561506
2I6B6QSY7AA,Diego Ruzzarin,Conocí al dictador más raro del mundo.,es,Baja,Ugxdqo_Te7WmhUgRd7l4AaABAg,,0,@reylagarto2908,En la nómina de la tiranía,2026-01-05T04:38:42Z,2026-01-05T04:38:42Z,5,0,youtube,2026-04-05T13:39:48.400247
2I6B6QSY7AA,Diego Ruzzarin,Conocí al dictador más raro del mundo.,es,Baja,Ugy-85FIg08r1e2v7d14AaABAg,,0,@pedrogamboa8934,Hasta los líderes de los cárteles de droga andan abrazando gente y regalan juguetes en Navidad.,2026-01-05T04:30:39Z,2026-01-05T04:30:39Z,1,0,youtube,2026-04-05T13:39:48.400267
2I6B6QSY7AA,Diego Ruzzarin,Conocí al dictador más raro del mundo.,es,Baja,Ugwp4DLA523rBrhQPhl4AaABAg,,0,@hermestri4593,Adivina a quien van a tener en una lista de investigacion?,2026-01-05T04:29:53Z,2026-01-05T04:29:53Z,1,0,youtube,2026-04-05T13:39:48.400272
2I6B6QSY7AA,Diego Ruzzarin,Conocí al dictador más raro del mundo.,es,Baja,UgxJ5Wl8buZYLxsQ7pp4AaABAg,,0,@gaxadov,Deberías de tener vergüenza y el valor de disculparte en público por hacer este teatro para maduro....,2026-01-05T04:18:32Z,2026-01-05T04:18:32Z,3,0,youtube,2026-04-05T13:39:48.400277
2I6B6QSY7AA,Diego Ruzzarin,Conocí al dictador más raro del mundo.,es,Baja,Ugzba3MdrIHR6ILpGix4AaABAg,,0,@azaelfast2433,Deberías ir a visitarlo!,2026-01-05T04:17:56Z,2026-01-05T04:17:56Z,4,0,youtube,2026-04-05T13:39:48.400282
2I6B6QSY7AA,Diego Ruzzarin,Conocí al dictador más raro del mundo.,es,Baja,UgwfEDCA9PzRLAQFn9F4AaABAg,,0,@Fenrier52,manden este video a todos los venenzolanos que conozcan y que escriban en los comentarios que opinan,2026-01-05T04:03:34Z,2026-01-05T04:03:34Z,1,0,youtube,2026-04-05T13:39:48.400286
2I6B6QSY7AA,Diego Ruzzarin,Conocí al dictador más raro del mundo.,es,Baja,Ugxm_d6PfIpCR-tU59N4AaABAg,,0,@AlexisAbayo,https://youtube.com/watch?v=ax9TtXQkMwY&si=EH_g228y-ITIjNSK,2026-01-05T03:58:58Z,2026-01-05T03:58:58Z,0,0,youtube,2026-04-05T13:39:48.400291
2I6B6QSY7AA,Diego Ruzzarin,Conocí al dictador más raro del mundo.,es,Baja,UgyHkcOxKP0ZIVZCNAt4AaABAg,,0,@valentinroman7619,Pues al “RARITO” de tu Presidente ya están por condenarlo 😂,2026-01-05T03:41:24Z,2026-01-05T03:41:24Z,1,0,youtube,2026-04-05T13:39:48.400296
2I6B6QSY7AA,Diego Ruzzarin,Conocí al dictador más raro del mundo.,es,Baja,UgytrJG7967jC9Soem54AaABAg,,0,@alexisecuaciones,Vengo del Futuro y el novio de ruzarin este vendido por unos dólares con sangre 🩸 ..😂 para publicar que los Renyer de la delta Fords estadounidenses capturaron al nefasto corrupto y dictador narcoterrorista del maduro que lo agarraron en calzones 😂 mientras se escondía abajo de la cama 😂 el cobarde ..libre Venezuela 🇺🇸,2026-01-05T03:38:59Z,2026-01-05T03:38:59Z,1,0,youtube,2026-04-05T13:39:48.400301
2I6B6QSY7AA,Diego Ruzzarin,Conocí al dictador más raro del mundo.,es,Baja,UgwnMdnzU0aCOrIi1XZ4AaABAg,,0,@CIMABIENES,Que pasó mi todo tibio,2026-01-05T03:21:48Z,2026-01-05T03:21:48Z,0,0,youtube,2026-04-05T13:39:48.400305
2I6B6QSY7AA,Diego Ruzzarin,Conocí al dictador más raro del mundo.,es,Baja,UgygVy-Xw4FLlZbEq0d4AaABAg,,0,@Samuraiovejasblancas,Que manera de hablar estupideces! Porque borras lo que borras Diego ? Caerás con maduro te paso dinero 💴 EEUU 🇺🇸 lo sabe irás a prisión!!,2026-01-05T03:19:20Z,2026-01-05T03:19:20Z,1,0,youtube,2026-04-05T13:39:48.400310
2I6B6QSY7AA,Diego Ruzzarin,Conocí al dictador más raro del mundo.,es,Baja,UgyC_-_6sgj3X9nzPkR4AaABAg,,0,@soto_realestate,Aún tendrá VISA Diego ? 😅,2026-01-05T03:15:23Z,2026-01-05T03:15:23Z,1,0,youtube,2026-04-05T13:39:48.400314
2I6B6QSY7AA,Diego Ruzzarin,Conocí al dictador más raro del mundo.,es,Baja,UgwmUuIt7s2ZfHprrv54AaABAg,,0,@LeynnSZ,“Para eso son las elecciones” JAAJAJAJAJAJA menudo imbecil el ruzzarin,2026-01-05T03:10:13Z,2026-01-05T03:10:13Z,2,0,youtube,2026-04-05T13:39:48.400319
2I6B6QSY7AA,Diego Ruzzarin,Conocí al dictador más raro del mundo.,es,Baja,UgzIePuCCAWFrG7vhTh4AaABAg,,0,@gabomoreno4367,Cayooooo MADUROOOOOOOO 🗣️🗣️🗣️🗣️🗣️ mañana lo enjuician 🎉🎉🎉🎉🎉,2026-01-05T03:05:37Z,2026-01-05T03:05:37Z,0,0,youtube,2026-04-05T13:39:48.400324
2I6B6QSY7AA,Diego Ruzzarin,Conocí al dictador más raro del mundo.,es,Baja,Ugw6tUI845GmxfRjLot4AaABAg,,0,@rodrigocastanedacano9876,Jajajaja pinche lame huevos 😂,2026-01-05T03:04:54Z,2026-01-05T03:04:54Z,2,0,youtube,2026-04-05T13:39:48.400328
2I6B6QSY7AA,Diego Ruzzarin,Conocí al dictador más raro del mundo.,es,Baja,UgxpMeGap-iPF6nCtBx4AaABAg,,0,@Gerardo_R_M,"Jajajajaja todo puñetas, cómo estarás ahora que ni tú te aguantas tu narcisismo, che vato arrogante",2026-01-05T02:52:46Z,2026-01-05T02:52:46Z,2,0,youtube,2026-04-05T13:39:48.400333
2I6B6QSY7AA,Diego Ruzzarin,Conocí al dictador más raro del mundo.,es,Baja,Ugz8NNx31D5QVK2xehZ4AaABAg,,0,@thegame6668,Comedia pura,2026-01-05T02:44:31Z,2026-01-05T02:44:31Z,0,0,youtube,2026-04-05T13:39:48.400341
2I6B6QSY7AA,Diego Ruzzarin,Conocí al dictador más raro del mundo.,es,Baja,UgydFft-qfJ-Vv7ocVt4AaABAg,,0,@JM-kx1sl,Que vendido,2026-01-05T02:18:35Z,2026-01-05T02:18:35Z,0,0,youtube,2026-04-05T13:39:48.400346
2I6B6QSY7AA,Diego Ruzzarin,Conocí al dictador más raro del mundo.,es,Baja,UgzUEJ9KnS9U7rX7rnJ4AaABAg,,0,@systemademos,este video envejeció fatal loco menos mal,2026-01-05T02:00:29Z,2026-01-05T02:00:29Z,1,0,youtube,2026-04-05T13:39:48.400350
2I6B6QSY7AA,Diego Ruzzarin,Conocí al dictador más raro del mundo.,es,Baja,UgzEGPIrY-Q_Sng1Jyp4AaABAg,,0,@FranciscoSilva-c9k,"@DiegoRuzzarin como le dijiste a Carlos Muñoz, ""no sabes lo que hablas"" y si fuiste de turista mucho menos debes opinar sobre Venezuela, tu no has vivido allá, así que tus puntos son totalmente absurdo y ridículos. Cuando vivas allá, puedes opinar, de resto, no digas ni la palabra VENEZUELA. Eres un pobre ridículo.",2026-01-05T01:54:41Z,2026-01-05T01:55:20Z,1,0,youtube,2026-04-05T13:39:48.400355
2I6B6QSY7AA,Diego Ruzzarin,Conocí al dictador más raro del mundo.,es,Baja,Ugy2sPaCyphfTMPXHbp4AaABAg,,0,@chuybriflo,Pobre pendejo jajaja,2026-01-05T01:54:38Z,2026-01-05T01:54:38Z,1,0,youtube,2026-04-05T13:39:48.400360
2I6B6QSY7AA,Diego Ruzzarin,Conocí al dictador más raro del mundo.,es,Baja,UgwhOKHwrZl68A70mr14AaABAg,,0,@joeldrummer81,"Estás muy involucrado con Maduro, tal vez Estados Unidos debería de hacerte algunas preguntas no crees?",2026-01-05T01:54:14Z,2026-01-05T01:54:14Z,1,0,youtube,2026-04-05T13:39:48.400364
2I6B6QSY7AA,Diego Ruzzarin,Conocí al dictador más raro del mundo.,es,Baja,UgzMdqs_SrXgE2655cN4AaABAg,,0,@ismaelfigueroa973,Hola  alguien del 4 enero del 2026?,2026-01-05T01:53:09Z,2026-02-14T05:10:15Z,0,0,youtube,2026-04-05T13:39:48.400369
2I6B6QSY7AA,Diego Ruzzarin,Conocí al dictador más raro del mundo.,es,Baja,UgycOlV4U-EmnYCf4aB4AaABAg,,0,@satyrmxli,MAM4SEL4 !!!,2026-01-05T01:51:59Z,2026-01-05T01:51:59Z,0,0,youtube,2026-04-05T13:39:48.400373
2I6B6QSY7AA,Diego Ruzzarin,Conocí al dictador más raro del mundo.,es,Baja,UgxCwY15OBZKu4ND3_54AaABAg,,0,@VIKTOROPJ,a este tambien le debe caer su respectiva cítica,2026-01-05T01:43:05Z,2026-01-05T01:43:05Z,0,0,youtube,2026-04-05T13:39:48.400378
2I6B6QSY7AA,Diego Ruzzarin,Conocí al dictador más raro del mundo.,es,Baja,UgyJS8Gdf9Gv_qBSUuV4AaABAg,,0,@joshutech,jajjajajajajajaja igual solo vine a burlarme del ruchairin,2026-01-05T01:38:59Z,2026-01-05T01:38:59Z,1,0,youtube,2026-04-05T13:39:48.400382
2I6B6QSY7AA,Diego Ruzzarin,Conocí al dictador más raro del mundo.,es,Baja,UgzXS_SUAdGLFIpCUuV4AaABAg,,0,@jeremiasloyola1540,"Allí está tu querido dictador que llevó a la ruina a Venezuela: en un calabozo de Estados Unidos. Ahora te toca alabar a Rodríguez, Cabello y Padrino😊",2026-01-05T01:38:01Z,2026-01-05T01:38:01Z,0,0,youtube,2026-04-05T13:39:48.400387
2I6B6QSY7AA,Diego Ruzzarin,Conocí al dictador más raro del mundo.,es,Baja,Ugx96ycUdLuNqoRpULx4AaABAg,,0,@alilu2355,Los burros de Facebook se creen todo,2026-01-05T01:36:21Z,2026-01-05T01:36:32Z,0,0,youtube,2026-04-05T13:39:48.400392
2I6B6QSY7AA,Diego Ruzzarin,Conocí al dictador más raro del mundo.,es,Baja,Ugxqy9mS5ZTHxtGA5mF4AaABAg,,0,@cxscsxcfr4669,Borras tus videos patetico comunista😂,2026-01-05T01:34:50Z,2026-01-05T01:34:50Z,0,0,youtube,2026-04-05T13:39:48.400397
2I6B6QSY7AA,Diego Ruzzarin,Conocí al dictador más raro del mundo.,es,Baja,UgzpSBiURgnjniVAVZl4AaABAg,,0,@tux_ad,"Antes, cuando te escuchaba te respetaba, pero ahora veo que solo eres un engrane más del sistema que dices reprochar, porque obviamente haces todo por dinero. ¿Qué tan idiota crees que es la gente para no saber que los que se acercan a Maburro son personas contratadas o forzadas de alguna manera, o que la supuesta campaña de ese animal era solo teatro?
Pasaste de ""filósofo barato"" (porque ni tu hermano te entiende) a un burro vendido, y repito, lo peor es que crees que la gente es idiota para comprar tu verborrea barata y satírica. Eres igual o más absurdo que Carlos Muñoz.",2026-01-05T01:30:36Z,2026-01-05T01:30:36Z,0,0,youtube,2026-04-05T13:39:48.400401
2I6B6QSY7AA,Diego Ruzzarin,Conocí al dictador más raro del mundo.,es,Baja,UgxU1k1UwUtoOKsqxB94AaABAg,,0,@DarkLeibniz,Capturaron al dictador más raro del mundo. Vamos a ver si sigues teniendo tu video de propaganda puesto.,2026-01-05T01:23:41Z,2026-01-05T01:23:41Z,1,0,youtube,2026-04-05T13:39:48.400405
2I6B6QSY7AA,Diego Ruzzarin,Conocí al dictador más raro del mundo.,es,Baja,Ugyc_plsVeACvBm1nIl4AaABAg,,0,@javymirandag.6353,Todos Sabemos Que le Pagaron bien por eso,2026-01-05T01:11:19Z,2026-01-05T01:11:19Z,0,0,youtube,2026-04-05T13:39:48.400410
2I6B6QSY7AA,Diego Ruzzarin,Conocí al dictador más raro del mundo.,es,Baja,UgzSciwXf4JvaIX1NPB4AaABAg,,0,@DanielCaladero,Todo tiene un precio mi Diego se me fue un ídolo,2026-01-05T01:05:03Z,2026-01-05T01:05:03Z,0,0,youtube,2026-04-05T13:39:48.400414
2I6B6QSY7AA,Diego Ruzzarin,Conocí al dictador más raro del mundo.,es,Baja,UgzCkFqW6um_zQwvT6B4AaABAg,,0,@RamboXDesign,usa is coming for you too 😂,2026-01-05T01:04:25Z,2026-01-05T01:04:25Z,0,0,youtube,2026-04-05T13:39:48.400419
2I6B6QSY7AA,Diego Ruzzarin,Conocí al dictador más raro del mundo.,es,Baja,Ugx_H1qHsB3BXoMhV9x4AaABAg,,0,@russoman708,Te falto eliminar este,2026-01-05T01:03:49Z,2026-01-05T01:03:49Z,1,0,youtube,2026-04-05T13:39:48.400423
2I6B6QSY7AA,Diego Ruzzarin,Conocí al dictador más raro del mundo.,es,Baja,UgxW6GqwJ-dnIENULkd4AaABAg,,0,@fabiogomez870,Solo vine a leer los comentarios..😂😂😂,2026-01-05T01:03:17Z,2026-01-05T01:03:17Z,0,0,youtube,2026-04-05T13:39:48.400428
2I6B6QSY7AA,Diego Ruzzarin,Conocí al dictador más raro del mundo.,es,Baja,UgxQEwb9hVuT8iKjZZ54AaABAg,,0,@almendravaldez705,Ojalá te lleven a ti también por mentiroso y por propagandista de un dictador.,2026-01-05T00:56:29Z,2026-01-05T00:56:29Z,0,0,youtube,2026-04-05T13:39:48.400432
2I6B6QSY7AA,Diego Ruzzarin,Conocí al dictador más raro del mundo.,es,Baja,Ugxxfwvi7rUR9JW4m0F4AaABAg,,0,@davidrios7397,Se te olvidó borrar este!! 😂😂,2026-01-05T00:29:42Z,2026-01-05T00:29:42Z,4,0,youtube,2026-04-05T13:39:48.400436
2I6B6QSY7AA,Diego Ruzzarin,Conocí al dictador más raro del mundo.,es,Baja,UgyjDRRA2mKVR3a2DsF4AaABAg,,0,@nalcow,Haz perdido toda credibilidad.,2026-01-05T00:28:04Z,2026-01-05T00:28:04Z,3,0,youtube,2026-04-05T13:39:48.400441
2I6B6QSY7AA,Diego Ruzzarin,Conocí al dictador más raro del mundo.,es,Baja,UgxrHQBBZh2xEIQsTc54AaABAg,,0,@joseflores-ks8zl,Defender lo indefendible,2026-01-05T00:12:13Z,2026-01-05T00:12:13Z,1,0,youtube,2026-04-05T13:39:48.400445
2I6B6QSY7AA,Diego Ruzzarin,Conocí al dictador más raro del mundo.,es,Baja,UgwKoBEgvGe8socCEj94AaABAg,,0,@danielveliz6505,"Te van a meter preso, por propagandista jajaja",2026-01-04T23:37:27Z,2026-01-04T23:37:27Z,0,0,youtube,2026-04-05T13:39:48.400449
2I6B6QSY7AA,Diego Ruzzarin,Conocí al dictador más raro del mundo.,es,Baja,Ugw0f97z82smUZ7tDYl4AaABAg,,0,@fabianposadalaotramitad2723,Dale la polalla,2026-01-04T23:27:43Z,2026-01-04T23:27:43Z,0,0,youtube,2026-04-05T13:39:48.400453
2I6B6QSY7AA,Diego Ruzzarin,Conocí al dictador más raro del mundo.,es,Baja,Ugz1NzjK4kZpsP8bxzB4AaABAg,,0,@MiguelRierar,"Diablos de Yare, lloré al oírte decir diablos de Yoré",2026-01-04T23:26:49Z,2026-01-04T23:26:49Z,0,0,youtube,2026-04-05T13:39:48.400457
2I6B6QSY7AA,Diego Ruzzarin,Conocí al dictador más raro del mundo.,es,Baja,UgwzcaTNjnqW8fbxpa94AaABAg,,0,@MiguelRierar,Dónde está el capítulo??? Ahora que está preso quisiera verlo 😂,2026-01-04T23:26:04Z,2026-01-04T23:26:04Z,1,0,youtube,2026-04-05T13:39:48.400461
2I6B6QSY7AA,Diego Ruzzarin,Conocí al dictador más raro del mundo.,es,Baja,UgxiVR7S6UesuLwZRbp4AaABAg,,0,@braulioduran7226,"""un dictador no hace campaña ni busca votos"" 
Y de qué sirve que haya supuesta democracia si al final todas las elecciones donde ganó fueron trucadas y la oposicion intimidada. 
Eso es lo que hace un dictador que te quiere hacer creer que existe democracia. 
Me parece muy ingenuo tu argumento siendo que la gente te llama ""inteligente""",2026-01-04T23:15:14Z,2026-01-04T23:15:14Z,1,0,youtube,2026-04-05T13:39:48.400465
2I6B6QSY7AA,Diego Ruzzarin,Conocí al dictador más raro del mundo.,es,Baja,Ugxlxd-4KtV3zvYlZNJ4AaABAg,,0,@cardenasr.2898,Cambia el título al recluso más raro del mundo,2026-01-04T23:12:09Z,2026-01-04T23:12:09Z,3,0,youtube,2026-04-05T13:39:48.400469
2I6B6QSY7AA,Diego Ruzzarin,Conocí al dictador más raro del mundo.,es,Baja,UgxggxQ4hR5r7vf5u_F4AaABAg,,0,@melodicomar,Cadena de oración para que también Ruzzaolín sea arrestado y llevado a juicio. 🎉😂 2026 pinta bien.,2026-01-04T23:11:55Z,2026-01-04T23:11:55Z,5,0,youtube,2026-04-05T13:39:48.400473
2I6B6QSY7AA,Diego Ruzzarin,Conocí al dictador más raro del mundo.,es,Baja,UgxLBHmgSu-ya_RIzKB4AaABAg,,0,@jhonatangerman1220,Cerdo asqueroso zurdo,2026-01-04T23:10:14Z,2026-01-04T23:10:14Z,3,0,youtube,2026-04-05T13:39:48.400477
2I6B6QSY7AA,Diego Ruzzarin,Conocí al dictador más raro del mundo.,es,Baja,Ugxl0rP1xatDiBVW4_B4AaABAg,,0,@negritogonzalez5128,😂🤣😂🤣😂🤣😂🤣 solo te engañas amigo yo tengo Amigos de Venezuela 🇻🇪 y ablan muy mal de maduro y ojo 👁️ soy parcial pero cada venezolano que conozco le ago la pregunta de maduro,2026-01-04T22:52:28Z,2026-01-04T22:52:28Z,1,0,youtube,2026-04-05T13:39:48.400482
2I6B6QSY7AA,Diego Ruzzarin,Conocí al dictador más raro del mundo.,es,Baja,Ugw1PPpLOSDk_jVHf0N4AaABAg,,0,@afrodomo666,"Más bien eres pendejo carnal para tu disque conocimiento histórico y no saber lo que es un dictador que miente y mata,si eres de los cree a un político y eso que viajas y lees no mames dime un dictador bueno en la historia del mundo.",2026-01-04T22:28:56Z,2026-01-04T22:28:56Z,3,0,youtube,2026-04-05T13:39:48.400486
2I6B6QSY7AA,Diego Ruzzarin,Conocí al dictador más raro del mundo.,es,Baja,Ugx8iiL-CJ-4tr_mnDJ4AaABAg,,0,@LICENCIADO_CANTINAS,En Corea del Norte también hay elecciones. Puras falacias niña.,2026-01-04T22:24:34Z,2026-01-04T22:24:34Z,3,0,youtube,2026-04-05T13:39:48.400491
2I6B6QSY7AA,Diego Ruzzarin,Conocí al dictador más raro del mundo.,es,Baja,UgwHCXbIObUzHW6HCHh4AaABAg,,0,@changoleon4185,Este no lo vas a borrar 😂😂😂,2026-01-04T22:20:51Z,2026-01-04T22:20:51Z,4,0,youtube,2026-04-05T13:39:48.400495
2I6B6QSY7AA,Diego Ruzzarin,Conocí al dictador más raro del mundo.,es,Baja,UgwnWtId-H18xUV2t_94AaABAg,,0,@Romeo.Blanco,"Definitivamente, con este vídeo 📹 que me apareció hace un año... Deje de seguirte y de caer en mi gracia, y se que ni la necesitas, pero honestamente el ver lo  contradictorio e incongruente, que siempre pregonaste, definitivamente fue decepcionante, te puedo decir que puedes hacer lo que quieras, pero tú tenías una línea y un mensaje y eres figura pública, buscando la justicia, es como si dijeras que la gente y la realidad que vivía Venezuela no te importaba e ignorarlas a la gente sufrir... Muy mal",2026-01-04T22:19:48Z,2026-01-04T22:19:48Z,0,0,youtube,2026-04-05T13:39:48.400500
2I6B6QSY7AA,Diego Ruzzarin,Conocí al dictador más raro del mundo.,es,Baja,UgyH0zqnyIpnEHL1etl4AaABAg,,0,@CarlosRamirez-wf2pn,JAJAJAJAAJAJAJ acaban de capturar a tu dictador favorito,2026-01-04T21:40:22Z,2026-01-04T21:40:22Z,6,0,youtube,2026-04-05T13:39:48.400504
2I6B6QSY7AA,Diego Ruzzarin,Conocí al dictador más raro del mundo.,es,Baja,UgzTXrRebKt1EXULE4h4AaABAg,,0,@safiro0562,Ya lo borró ;-;,2026-01-04T21:30:17Z,2026-01-04T21:30:17Z,2,1,youtube,2026-04-05T13:39:48.400509
2I6B6QSY7AA,Diego Ruzzarin,Conocí al dictador más raro del mundo.,es,Baja,UgzTXrRebKt1EXULE4h4AaABAg.AR_9UVhmUFeAR_9pBI1Zd2,UgzTXrRebKt1EXULE4h4AaABAg,1,@luisangelperezsanchez6201,Apoco,2026-01-04T21:33:15Z,2026-01-04T21:33:15Z,0,0,youtube,2026-04-05T13:39:48.400518
2I6B6QSY7AA,Diego Ruzzarin,Conocí al dictador más raro del mundo.,es,Baja,Ugwj9pVuxC0NOMbT5fZ4AaABAg,,0,@eduardomejia4895,Se te borró la sonrisa 😂😂😂😂,2026-01-04T21:28:44Z,2026-01-04T21:28:44Z,4,0,youtube,2026-04-05T13:39:48.400524
2I6B6QSY7AA,Diego Ruzzarin,Conocí al dictador más raro del mundo.,es,Baja,UgxeauA2PPLoV-IodwV4AaABAg,,0,@alejandratorres2089,Gente pendeja piensan que maduro es el malo pero estados unidos quieren el petróleo no ala gente😂,2026-01-04T20:57:05Z,2026-01-04T20:57:05Z,1,1,youtube,2026-04-05T13:39:48.400528
2I6B6QSY7AA,Diego Ruzzarin,Conocí al dictador más raro del mundo.,es,Baja,UgxeauA2PPLoV-IodwV4AaABAg.AR_5gM5Y-kkAR_AlSHRcaq,UgxeauA2PPLoV-IodwV4AaABAg,1,@andrestorres6585,Mas lagrimas de zurdos jajaja.,2026-01-04T21:41:29Z,2026-01-04T21:41:50Z,2,0,youtube,2026-04-05T13:39:48.400533
2I6B6QSY7AA,Diego Ruzzarin,Conocí al dictador más raro del mundo.,es,Baja,UgzWlWMFu5e5yiE_FdV4AaABAg,,0,@MARK01986,"JAJAJAJAJAJAJAJAJ 🤡

🤡

🤡

🤡

🤡

🤡",2026-01-04T20:55:54Z,2026-01-04T20:55:54Z,2,0,youtube,2026-04-05T13:39:48.400555
2I6B6QSY7AA,Diego Ruzzarin,Conocí al dictador más raro del mundo.,es,Baja,Ugzd8jCXctbCRfijXM54AaABAg,,0,@JoseGonzalez-wo3lz,"Llora rizzarin, llora 😂😂😂😂😂😂😂",2026-01-04T20:45:05Z,2026-01-04T20:45:05Z,3,0,youtube,2026-04-05T13:39:48.400560
2I6B6QSY7AA,Diego Ruzzarin,Conocí al dictador más raro del mundo.,es,Baja,UgwSDAtFTzAGZuEq9j54AaABAg,,0,@JavierPagos,Leí una noticia que decía que habías borrado todo el contenido relacionado con maduro.,2026-01-04T20:44:36Z,2026-01-04T20:44:36Z,1,0,youtube,2026-04-05T13:39:48.400565
2I6B6QSY7AA,Diego Ruzzarin,Conocí al dictador más raro del mundo.,es,Baja,UgxjrcL5Y1D3BKRcBVN4AaABAg,,0,@johnantezana8349,Que porque le dijo que no es socialista significa que no es socialista? O porque alguien lo abraza significa que lo quieren??? Y dicen que Diego es inteligente 😂😂😂,2026-01-04T20:32:09Z,2026-01-04T20:32:09Z,3,0,youtube,2026-04-05T13:39:48.400570
2I6B6QSY7AA,Diego Ruzzarin,Conocí al dictador más raro del mundo.,es,Baja,UgyOqO5buFbjHSy9uEF4AaABAg,,0,@johnantezana8349,Quiero que haga una reacción a este video comedia-campaña que vendió.  😂😂😂 Y que después se mude a Venezuela!!!,2026-01-04T20:30:45Z,2026-01-04T20:30:45Z,7,0,youtube,2026-04-05T13:39:48.400574
2I6B6QSY7AA,Diego Ruzzarin,Conocí al dictador más raro del mundo.,es,Baja,UgwxPtfTEYw7eHbvvkZ4AaABAg,,0,@alzeorobert,"Señor, acaban a capturar a su dictador mas raro del mundo y lo van a juzgar por narcotraficante y todos los venezolanos estan celebrando que ese cerdo narcotraficante fue capturado...",2026-01-04T20:28:32Z,2026-01-04T20:28:32Z,0,0,youtube,2026-04-05T13:39:48.400578
2I6B6QSY7AA,Diego Ruzzarin,Conocí al dictador más raro del mundo.,es,Baja,UgybWIr41xZUwuAtE-h4AaABAg,,0,@rafasq,¿Será que puedas ir a entrevistarlo a Estados Unidos? 🤡🤡🤡,2026-01-04T20:20:04Z,2026-01-04T20:20:04Z,2,0,youtube,2026-04-05T13:39:48.400583
2I6B6QSY7AA,Diego Ruzzarin,Conocí al dictador más raro del mundo.,es,Baja,UgzmusEed_E71Z-Rob94AaABAg,,0,@sinergiamarketingdigital694,Puedes ahora dar más información de la captura de maduro porfavor,2026-01-04T20:06:32Z,2026-01-04T20:06:32Z,1,0,youtube,2026-04-05T13:39:48.400587
2I6B6QSY7AA,Diego Ruzzarin,Conocí al dictador más raro del mundo.,es,Baja,UgxPs9Ki5GpoWsjW43J4AaABAg,,0,@enriquegmont,Muy ingenio para tener tantos doctorados,2026-01-04T19:57:25Z,2026-01-04T19:57:25Z,0,0,youtube,2026-04-05T13:39:48.400591
2I6B6QSY7AA,Diego Ruzzarin,Conocí al dictador más raro del mundo.,es,Baja,UgzyoHRjUctv0BwoMzt4AaABAg,,0,@MrDxCrow,Mándenle este video a los gringos,2026-01-04T19:47:44Z,2026-01-04T19:47:44Z,1,0,youtube,2026-04-05T13:39:48.400595
2I6B6QSY7AA,Diego Ruzzarin,Conocí al dictador más raro del mundo.,es,Baja,UgwnxEdgDxq_xYyMuhB4AaABAg,,0,@Arturolozano-j4i,"Aquí esperando que Saque un vídeo de como arrestaron a el ""Dictador más raro del mundo""",2026-01-04T19:22:18Z,2026-01-04T19:22:18Z,4,0,youtube,2026-04-05T13:39:48.400599
2I6B6QSY7AA,Diego Ruzzarin,Conocí al dictador más raro del mundo.,es,Baja,Ugy2ubISZsgIGFBMg7B4AaABAg,,0,@chavomarginadogr9062,"Vengo del futuro.
¿Con cuanta  vergüenza llegaste?",2026-01-04T18:55:48Z,2026-01-04T20:06:51Z,5,0,youtube,2026-04-05T13:39:48.400604
2I6B6QSY7AA,Diego Ruzzarin,Conocí al dictador más raro del mundo.,es,Baja,UgwPtzj7dOJyj4NBIpJ4AaABAg,,0,@Blancaugartequiroz,Pobrecito lo demonizaron a tu dios !!!!.,2026-01-04T18:51:13Z,2026-01-04T18:51:13Z,3,0,youtube,2026-04-05T13:39:48.400608
2I6B6QSY7AA,Diego Ruzzarin,Conocí al dictador más raro del mundo.,es,Baja,UgxVfB8SLYYloLAj9wx4AaABAg,,0,@Victoria-gc1so,"Vengo del futuro, secuestraron a Nicolás 💔😓😓😓 
Fuiste muy afortunado de conocerlo Diego, un gran honor conocer a Nicolás Maduro.",2026-01-04T18:45:44Z,2026-01-04T18:45:44Z,0,0,youtube,2026-04-05T13:39:48.400612
2I6B6QSY7AA,Diego Ruzzarin,Conocí al dictador más raro del mundo.,es,Baja,UgzJxL1XEE3LGsZprhF4AaABAg,,0,@victoranibal1,"yo creo que la apreciación de Maduro es Estética Contingente,  y la relacion material entre el petróleo y Trump sí tiene algo de Natural Necesario",2026-01-04T18:37:16Z,2026-01-04T18:37:16Z,2,0,youtube,2026-04-05T13:39:48.400617
2I6B6QSY7AA,Diego Ruzzarin,Conocí al dictador más raro del mundo.,es,Baja,Ugz9zrQ8uPBldTFeReh4AaABAg,,0,@luisalbertogomez7824,"oh, no pense escuchar a este tipo cromandole el rifle tan duro a alguien, me imagino que dirian del ""lider supremo"" de corea del norte hehe"".",2026-01-04T18:28:08Z,2026-01-04T18:28:08Z,0,0,youtube,2026-04-05T13:39:48.400621
2I6B6QSY7AA,Diego Ruzzarin,Conocí al dictador más raro del mundo.,es,Baja,UgyksFsbN6apAkrOXa14AaABAg,,0,@anthonysoto9679,estare esperando tu video reaccion sobre toooooda la data que va a confesar maduro ahora que esta en estados unidos... RIP por tu amiguito,2026-01-04T18:24:48Z,2026-01-04T18:24:48Z,0,0,youtube,2026-04-05T13:39:48.400626
2I6B6QSY7AA,Diego Ruzzarin,Conocí al dictador más raro del mundo.,es,Baja,UgzFXKiMLYWx7cmCkNp4AaABAg,,0,@nanoxsolo6873,,2026-01-04T18:23:36Z,2026-01-04T18:23:36Z,0,0,youtube,2026-04-05T13:39:48.400630
2I6B6QSY7AA,Diego Ruzzarin,Conocí al dictador más raro del mundo.,es,Baja,UgzfDuatmZT22CGGaZN4AaABAg,,0,@Esau2507,Yo sé que ruzzarin es un tipo bastante limitado intelectualmente pero no sabía que era así de sin vergüenza y lame huevos. Hasta parece que el pendejete no se ha dignado a leer un libro de historia del siglo XX.,2026-01-04T18:17:32Z,2026-01-04T18:17:32Z,3,0,youtube,2026-04-05T13:39:48.400634
2I6B6QSY7AA,Diego Ruzzarin,Conocí al dictador más raro del mundo.,es,Baja,UgzXxvH_OyQaiDXcgGR4AaABAg,,0,@marianarodriguezmartinez8263,"Que asco me da la manera que defiendes a un dictador como maduro , verdadero asco me da",2026-01-04T18:15:50Z,2026-01-04T18:15:50Z,0,0,youtube,2026-04-05T13:39:48.400638
2I6B6QSY7AA,Diego Ruzzarin,Conocí al dictador más raro del mundo.,es,Baja,UgzaulrkTKbCzDGa2fZ4AaABAg,,0,@LuisGarcia-jk2ku,A este compa no lo veo viviendo en Venezuela si tanto le gusta su dictador 😂😂,2026-01-04T18:13:15Z,2026-01-04T18:13:26Z,0,0,youtube,2026-04-05T13:39:48.400642
2I6B6QSY7AA,Diego Ruzzarin,Conocí al dictador más raro del mundo.,es,Baja,Ugw77PKjkvS8eT-9a9t4AaABAg,,0,@McGiver-l7g,Esperando la réplica 🤡,2026-01-04T17:59:52Z,2026-01-04T17:59:52Z,0,0,youtube,2026-04-05T13:39:48.400646
2I6B6QSY7AA,Diego Ruzzarin,Conocí al dictador más raro del mundo.,es,Baja,Ugzqxep23RTx8JXxB4F4AaABAg,,0,@octaviogonzalez6986,Eres un inteligente animal 🦒 🦔 🦔,2026-01-04T17:58:12Z,2026-01-04T17:58:12Z,1,0,youtube,2026-04-05T13:39:48.400651
2I6B6QSY7AA,Diego Ruzzarin,Conocí al dictador más raro del mundo.,es,Baja,UgwwR7E1pLxW1xc8wn54AaABAg,,0,@ozielvirto7667,"Se te acabó el financiamiento del régimen, payaso 😂",2026-01-04T17:57:10Z,2026-01-04T17:57:10Z,0,0,youtube,2026-04-05T13:39:48.400655
2I6B6QSY7AA,Diego Ruzzarin,Conocí al dictador más raro del mundo.,es,Baja,UgwsRAb3corNIakQNst4AaABAg,,0,@DavidSantiago-k8h,Y si borro el vídeo ?,2026-01-04T17:43:22Z,2026-01-04T17:43:22Z,0,0,youtube,2026-04-05T13:39:48.400660
2I6B6QSY7AA,Diego Ruzzarin,Conocí al dictador más raro del mundo.,es,Baja,UgyNFLuewxl6SbjNjLR4AaABAg,,0,@parissosa6313,No no no.....este tonto solo diciendo estupideces,2026-01-04T17:40:01Z,2026-01-04T17:40:01Z,1,0,youtube,2026-04-05T13:39:48.400664
2I6B6QSY7AA,Diego Ruzzarin,Conocí al dictador más raro del mundo.,es,Baja,UgxeQqLLCW65U3oRAPJ4AaABAg,,0,@parissosa6313,"Este tonto solo dice estupideces....y súper sesgado.,",2026-01-04T17:38:00Z,2026-01-04T17:38:00Z,0,0,youtube,2026-04-05T13:39:48.400668
2I6B6QSY7AA,Diego Ruzzarin,Conocí al dictador más raro del mundo.,es,Baja,UgzUL-1N_VYaNRlf6rZ4AaABAg,,0,@hylandertorres7883,JAJAJAJAJAJAJAJAJAJAJSJSJSJAJSJAJAJAJAJAJAJA,2026-01-04T17:32:13Z,2026-01-04T17:32:13Z,0,0,youtube,2026-04-05T13:39:48.400672
2I6B6QSY7AA,Diego Ruzzarin,Conocí al dictador más raro del mundo.,es,Baja,Ugwm9dmfLTugeHTaYkx4AaABAg,,0,@filosofandoxlavida,"Y qué pasó con el Podcast completo? Lo borraste? No creo que te quiten la visa por haber hecho un podcast tendencioso, o tú crees que sí? 😬
Un comunicador 'responsable' borra u oculta su material 'público'? 🙄",2026-01-04T17:24:37Z,2026-01-04T17:31:59Z,0,0,youtube,2026-04-05T13:39:48.400676
2I6B6QSY7AA,Diego Ruzzarin,Conocí al dictador más raro del mundo.,es,Baja,UgzrNmObL9w-VmJt7UB4AaABAg,,0,@mrCh3p3YT,"Q bonito es hablar paja de un vende propaganda y ver q cayo uno de sus idolos ""revolucionarios""",2026-01-04T17:21:11Z,2026-01-04T17:21:11Z,0,0,youtube,2026-04-05T13:39:48.400680
2I6B6QSY7AA,Diego Ruzzarin,Conocí al dictador más raro del mundo.,es,Baja,UgyD312ZSTq-GZGEhfV4AaABAg,,0,@luismarioteheranlopez7777,"Es completamente satisfactorio ver la caida de un hombre tan malvado como lo fue Nicolas Maduro Moros porque se encargo de llevar a cabo un meticuloso plan para destruir la que fue una de las naciones mas ricas de America Latina. Los Venezolanos finalmente veran la luz al final del tunel, pese a que se produjo el escape de los otros 4 parasitos Venezuela finalmente se librara de esos horribles individuos",2026-01-04T17:09:37Z,2026-01-04T17:09:37Z,1,0,youtube,2026-04-05T13:39:48.400684
2I6B6QSY7AA,Diego Ruzzarin,Conocí al dictador más raro del mundo.,es,Baja,UgwRRMH08rBM1JYWZtx4AaABAg,,0,@henrygordon3395,"No lo borres Diego, acá hay pruebas de tu relación con la narco-dictadura.",2026-01-04T17:09:07Z,2026-01-04T17:09:07Z,1,0,youtube,2026-04-05T13:39:48.400688
2I6B6QSY7AA,Diego Ruzzarin,Conocí al dictador más raro del mundo.,es,Baja,UgxDYdvLntDNfpRvf214AaABAg,,0,@MichelSilva-i8d,Estás bien pendejo 😂,2026-01-04T16:53:58Z,2026-01-04T16:53:58Z,5,0,youtube,2026-04-05T13:39:48.400692
2I6B6QSY7AA,Diego Ruzzarin,Conocí al dictador más raro del mundo.,es,Baja,UgyJfS0CR4Nakifcf2B4AaABAg,,0,@pedroangel4078,no llegar con verguenza al futuro decia....,2026-01-04T16:47:28Z,2026-01-04T16:47:28Z,4,0,youtube,2026-04-05T13:39:48.400698
2I6B6QSY7AA,Diego Ruzzarin,Conocí al dictador más raro del mundo.,es,Baja,UgzFkMSozEYT4y-EZZl4AaABAg,,0,@ary539,Los gringos te van a capturar también.,2026-01-04T16:41:49Z,2026-01-04T16:41:49Z,2,0,youtube,2026-04-05T13:39:48.400702
2I6B6QSY7AA,Diego Ruzzarin,Conocí al dictador más raro del mundo.,es,Baja,Ugxk-wST17C-pYxfJ8N4AaABAg,,0,@marcorodriguez2639,esta bien subjetiva tu opinión! muy tibia! pues que te va a contestar? no mames!!!,2026-01-04T16:36:58Z,2026-01-04T16:37:17Z,1,0,youtube,2026-04-05T13:39:48.400707
2I6B6QSY7AA,Diego Ruzzarin,Conocí al dictador más raro del mundo.,es,Baja,Ugxw1FINAl8x3Qldxox4AaABAg,,0,@TheGoodMan93,Mamó tu patrón. 😂,2026-01-04T16:33:15Z,2026-01-04T16:33:15Z,3,0,youtube,2026-04-05T13:39:48.400712
2I6B6QSY7AA,Diego Ruzzarin,Conocí al dictador más raro del mundo.,es,Baja,UgxCbIQeTukD1bVI1eV4AaABAg,,0,@AlejandroPadilla-t6y,"Ruzzarin chupamedias de ese dictadorzuelo, ahora está preso 😂🫵🏻",2026-01-04T16:29:35Z,2026-01-04T16:29:35Z,2,0,youtube,2026-04-05T13:39:48.400716
2I6B6QSY7AA,Diego Ruzzarin,Conocí al dictador más raro del mundo.,es,Baja,UgxKBD_bYXsWRZPiLE94AaABAg,,0,@ChuyG96,Denunciaré tu canal por promover a un TERRORISTA,2026-01-04T16:27:29Z,2026-01-04T16:27:29Z,4,0,youtube,2026-04-05T13:39:48.400720
2I6B6QSY7AA,Diego Ruzzarin,Conocí al dictador más raro del mundo.,es,Baja,Ugyyym7SzTk9UMu7rkx4AaABAg,,0,@AntonioRosales-w6j,"Su dictador más raro del mundo, que vaya a una visita conyugal a NY😂",2026-01-04T16:26:11Z,2026-01-04T16:26:11Z,1,0,youtube,2026-04-05T13:39:48.400724
2I6B6QSY7AA,Diego Ruzzarin,Conocí al dictador más raro del mundo.,es,Baja,UgySg9Mgr_SR2e1GB_h4AaABAg,,0,@omniscience9631,Tan orgulloso que borró el podcast completo donde sale con él 🤣🤣🤣🤣🤣🤣🤣🤣,2026-01-04T16:24:13Z,2026-01-04T16:24:13Z,4,0,youtube,2026-04-05T13:39:48.400728
2I6B6QSY7AA,Diego Ruzzarin,Conocí al dictador más raro del mundo.,es,Baja,UgzN1ZS7o5lsPFOgUGF4AaABAg,,0,@aderlyvaldez675,alguien me cuenta por que Ruzzarin borro su pod cast con Maduro?,2026-01-04T16:23:28Z,2026-01-04T16:23:28Z,3,0,youtube,2026-04-05T13:39:48.400733
2I6B6QSY7AA,Diego Ruzzarin,Conocí al dictador más raro del mundo.,es,Baja,Ugx691Fb_jz_oN4ztyt4AaABAg,,0,@TeatedCashew80,"Payaso, tu ídolo ya acabará el resto de su vida en una cárcel.",2026-01-04T16:19:03Z,2026-01-04T16:19:03Z,2,0,youtube,2026-04-05T13:39:48.400737
2I6B6QSY7AA,Diego Ruzzarin,Conocí al dictador más raro del mundo.,es,Baja,UgwZCk1O35my95zMvMZ4AaABAg,,0,@efravr4,A #DonaldTrump le gusta tu video,2026-01-04T16:18:26Z,2026-01-04T16:18:26Z,1,0,youtube,2026-04-05T13:39:49.176606
2I6B6QSY7AA,Diego Ruzzarin,Conocí al dictador más raro del mundo.,es,Baja,UgxcMvfHggNSPXAaaxR4AaABAg,,0,@WolfgangJules,"En palabras de el mismo: “Si no cuestionas tu forma de pensar, vas a llegar con vergüenza al futuro"".

Es increíble ver como alguien muy inteligente en ciertas cosas, es muy tonto y credulo en otras. Quiero creer eso, porque sino, significaruia que es un vendido.",2026-01-04T16:09:30Z,2026-01-04T16:10:09Z,0,0,youtube,2026-04-05T13:39:49.176617
2I6B6QSY7AA,Diego Ruzzarin,Conocí al dictador más raro del mundo.,es,Baja,UgzR98r3X-A4GnzuW6Z4AaABAg,,0,@danielgteranorozco,No hay que llegar con vergüenza al futuro.,2026-01-04T16:09:21Z,2026-01-04T16:09:21Z,0,0,youtube,2026-04-05T13:39:49.176620
2I6B6QSY7AA,Diego Ruzzarin,Conocí al dictador más raro del mundo.,es,Baja,Ugw1dbuBTcxyfFFQloh4AaABAg,,0,@gabrielverdia4611,No estaría nada mal que la ley gringa le haga rendir cuentas a los propagandistas que le dieron bola al ex dictador de Maduro.,2026-01-04T16:06:37Z,2026-01-04T16:07:00Z,0,0,youtube,2026-04-05T13:39:49.176622
2I6B6QSY7AA,Diego Ruzzarin,Conocí al dictador más raro del mundo.,es,Baja,Ugy_lm2TDOvRPDbi17N4AaABAg,,0,@efrainespinozavalencia7162,"Lo raro, es que quieras hacer que parezca raro, que un tipo como este por supuesto disimule y haga el ademán de hacerlo todo “democrático” y “legal” y quieras limpiar su nombre de DICTADOR y como hizo fraude. Cuánto te habrá pagado no? Al final te vendiste como la rata disfrazada de socialista que eres cuando en realidad eres un capitalista que se vendió sinvergüenza a un dictador por dinero 😂😂😂🐀🐀🐀",2026-01-04T16:05:34Z,2026-01-04T16:05:34Z,1,0,youtube,2026-04-05T13:39:49.176624
2I6B6QSY7AA,Diego Ruzzarin,Conocí al dictador más raro del mundo.,es,Baja,UgxymUChNBREZ1pPDqp4AaABAg,,0,@efrainespinozavalencia7162,"Parece que este kencha les toca con su varita y los hace caer. Te toca venir a conocer a otro dictador “raro” a Evo Morales para que esté igual que tu macho maduro. Y si, seguila chupando ahora 😂😂😂",2026-01-04T15:58:03Z,2026-01-04T15:58:03Z,0,0,youtube,2026-04-05T13:39:49.176627
2I6B6QSY7AA,Diego Ruzzarin,Conocí al dictador más raro del mundo.,es,Baja,UgyYft3iWekxq6B74_N4AaABAg,,0,@rl7233,"Hola ruzzarin como recibiste el año nuevo, la pasaste bien?",2026-01-04T15:38:08Z,2026-01-04T15:38:08Z,0,0,youtube,2026-04-05T13:39:49.176629
2I6B6QSY7AA,Diego Ruzzarin,Conocí al dictador más raro del mundo.,es,Baja,UgxUc73Qu3Qo-2fz_rN4AaABAg,,0,@Daniel-tg9co,"Estas bien pendejo Ruzzarin o te pagaron por hacerte pendejo. 

Y como tú siempre dices que eres bien chingón, lo que queda es que te llegaron al precio.",2026-01-04T15:20:23Z,2026-01-04T15:20:23Z,3,0,youtube,2026-04-05T13:39:49.176632
2I6B6QSY7AA,Diego Ruzzarin,Conocí al dictador más raro del mundo.,es,Baja,UgyAU5zfMySYrIj5_1Z4AaABAg,,0,@DEYVIDGÜIZA,PAYASO 🤡…… 🤣🤣🤣🤣🤣🤣🤣🤣🤣🤣🤣🤣🤣,2026-01-04T14:59:00Z,2026-01-04T14:59:00Z,0,0,youtube,2026-04-05T13:39:49.176634
2I6B6QSY7AA,Diego Ruzzarin,Conocí al dictador más raro del mundo.,es,Baja,Ugwl2y1Zg18aXSaakwR4AaABAg,,0,@Elpincheproductor,Buen Marketing :D !,2026-01-04T14:55:07Z,2026-01-04T14:55:07Z,0,0,youtube,2026-04-05T13:39:49.176636
2I6B6QSY7AA,Diego Ruzzarin,Conocí al dictador más raro del mundo.,es,Baja,UgyKwyjoUb001k_8L0d4AaABAg,,0,@A13XM4R,"Que horrible que en serio alguien con tus conocimientos este defendiendo a la basura de maduro , en fin yo estoy feliz porque ya se lo llevaron preso ❤❤",2026-01-04T14:42:28Z,2026-01-04T14:42:28Z,0,0,youtube,2026-04-05T13:39:49.176639
2I6B6QSY7AA,Diego Ruzzarin,Conocí al dictador más raro del mundo.,es,Baja,UgxFgbgNkINUIZzI7Yx4AaABAg,,0,@boykamp7443,Denuncien este canal ❌👹🚫🚫🚫🚫🚫🚫,2026-01-04T14:35:41Z,2026-01-04T14:35:41Z,3,0,youtube,2026-04-05T13:39:49.176641
2I6B6QSY7AA,Diego Ruzzarin,Conocí al dictador más raro del mundo.,es,Baja,UgyyE2gjgRaBQJkHAtN4AaABAg,,0,@boykamp7443,Por favor cuando caerá este rojito ?,2026-01-04T14:34:50Z,2026-01-04T14:34:50Z,0,0,youtube,2026-04-05T13:39:49.176644
2I6B6QSY7AA,Diego Ruzzarin,Conocí al dictador más raro del mundo.,es,Baja,UgwF0eTzCFhGLjAYM5R4AaABAg,,0,@DomingoAnzuresMusic,XD,2026-01-04T14:28:30Z,2026-01-04T14:28:30Z,0,0,youtube,2026-04-05T13:39:49.176646
2I6B6QSY7AA,Diego Ruzzarin,Conocí al dictador más raro del mundo.,es,Baja,UgwRcSoksXy35X3PiNR4AaABAg,,0,@luisarriola9504,"Ahora que se ha demostrado la relación de Maduro con el cártel de Sinaloa, lo único que demuestra este video es que fuiste a lavarle los pies a un narcotraficante. Llegaste con mucha vergüenza al futuro.",2026-01-04T14:26:39Z,2026-01-04T14:26:39Z,0,0,youtube,2026-04-05T13:39:49.176648
2I6B6QSY7AA,Diego Ruzzarin,Conocí al dictador más raro del mundo.,es,Baja,Ugxf6_rboRcPuCPr9RR4AaABAg,,0,@chicoprimi,También hay fotos de Hitler rodeado de gente..,2026-01-04T14:25:00Z,2026-01-04T14:25:00Z,3,0,youtube,2026-04-05T13:39:49.176651
2I6B6QSY7AA,Diego Ruzzarin,Conocí al dictador más raro del mundo.,es,Baja,Ugzul60iRimB9Ou6NBp4AaABAg,,0,@RobertoMartinez-u9i5s,"Te viste muy ingenuo, vive en la sociedad para que veas la realidad",2026-01-04T14:23:51Z,2026-01-04T14:23:51Z,0,0,youtube,2026-04-05T13:39:49.176654
2I6B6QSY7AA,Diego Ruzzarin,Conocí al dictador más raro del mundo.,es,Baja,UgzjCkLcfUsEbHrpwB14AaABAg,,0,@edgarcorrea6060,No le da ni pena,2026-01-04T14:16:10Z,2026-01-04T14:16:10Z,0,0,youtube,2026-04-05T13:39:49.176656
2I6B6QSY7AA,Diego Ruzzarin,Conocí al dictador más raro del mundo.,es,Baja,UgxRrmWaR6KPL_GhcFZ4AaABAg,,0,@erickallarossalas2489,Se expuso solo.,2026-01-04T14:14:49Z,2026-01-04T14:14:49Z,1,0,youtube,2026-04-05T13:39:49.176658
2I6B6QSY7AA,Diego Ruzzarin,Conocí al dictador más raro del mundo.,es,Baja,UgxkBZpfnBxXzELD9Wx4AaABAg,,0,@jhonhuinapi6211,Cayó Maduro .🤣🤣🤣,2026-01-04T14:06:53Z,2026-01-04T14:06:53Z,0,0,youtube,2026-04-05T13:39:49.176661
2I6B6QSY7AA,Diego Ruzzarin,Conocí al dictador más raro del mundo.,es,Baja,UgwijlozkbCdIp1NcR94AaABAg,,0,@juantorrezaramayo6786,😂😂😂😂😂😂😂😂😂😂😂😂😂😂😂😂😂😂😂😂😂😂😂😂😂😂😂,2026-01-04T14:01:41Z,2026-01-04T14:01:41Z,0,0,youtube,2026-04-05T13:39:49.176663
2I6B6QSY7AA,Diego Ruzzarin,Conocí al dictador más raro del mundo.,es,Baja,UgzjaDmlavVFjoF6XJJ4AaABAg,,0,@jmmenchaca0422,Ponte a las vergas por que van por todos los aliades,2026-01-04T13:58:38Z,2026-01-04T13:58:38Z,0,0,youtube,2026-04-05T13:39:49.176665
2I6B6QSY7AA,Diego Ruzzarin,Conocí al dictador más raro del mundo.,es,Baja,UgyY2BOVSaOUu3HZ4EJ4AaABAg,,0,@cgmediaproduction,"Tremenda experiencia 😂
Deberías de volver a subir la entrevista que borrastes. 

Es increíble que pretendas proyectarse como alguien intelectual y no posees la inteligencia mínima para darte cuenta que a un dictador NADIE lo va a enfrentar en su país para criticarlo. A esos, el dictador los manda a eliminar.",2026-01-04T13:14:31Z,2026-01-04T13:16:54Z,0,0,youtube,2026-04-05T13:39:49.176668
2I6B6QSY7AA,Diego Ruzzarin,Conocí al dictador más raro del mundo.,es,Baja,UgxOZoPRsY7NmLobP854AaABAg,,0,@alkairex,"""Dictador""",2026-01-04T12:54:02Z,2026-01-04T12:54:02Z,0,0,youtube,2026-04-05T13:39:49.176671
2I6B6QSY7AA,Diego Ruzzarin,Conocí al dictador más raro del mundo.,es,Baja,UgwP_u8JnQzpbypetgN4AaABAg,,0,@tobias4402,que pecao éste pobre nosabe históricamente que es un dictador.,2026-01-04T12:46:28Z,2026-01-04T12:47:18Z,0,0,youtube,2026-04-05T13:39:49.176673
2I6B6QSY7AA,Diego Ruzzarin,Conocí al dictador más raro del mundo.,es,Baja,UgyJS0wKRYphxSBeBU94AaABAg,,0,@Nuralldin69,"Bajenlo, antes de que el payaso de Ruzarin lo borre, que quede para la historia que fue el lamebolas de un dictador.",2026-01-04T12:30:02Z,2026-01-04T12:30:02Z,0,0,youtube,2026-04-05T13:39:49.176675
2I6B6QSY7AA,Diego Ruzzarin,Conocí al dictador más raro del mundo.,es,Baja,UgyrxS3r05tQLrP6_tx4AaABAg,,0,@jaci619,Quitenle la visa a este zurdo san petrino,2026-01-04T11:58:20Z,2026-01-04T11:58:20Z,0,0,youtube,2026-04-05T13:39:49.176678
2I6B6QSY7AA,Diego Ruzzarin,Conocí al dictador más raro del mundo.,es,Baja,Ugy44_O8tU5Q5HjsjX14AaABAg,,0,@hectorruiz8484,"Y qué ñero, con ganas de seguir con el man? ahorita no está tan kool",2026-01-04T11:30:28Z,2026-01-04T11:32:35Z,0,0,youtube,2026-04-05T13:39:49.176680
2I6B6QSY7AA,Diego Ruzzarin,Conocí al dictador más raro del mundo.,es,Baja,UgyfptumKwl2pO-9kdB4AaABAg,,0,@FantasticPlastik,"Como dice mi buen Brincos Dieras, ""CuLOOO""",2026-01-04T09:42:27Z,2026-01-04T09:42:27Z,0,0,youtube,2026-04-05T13:39:49.176682
2I6B6QSY7AA,Diego Ruzzarin,Conocí al dictador más raro del mundo.,es,Baja,UgwG_ED2NPZKR6y8-kh4AaABAg,,0,@Emiliano_SolisS,Hasta borro su podcast con este prisionero jajaja,2026-01-04T09:08:54Z,2026-01-04T09:08:54Z,0,0,youtube,2026-04-05T13:39:49.176684
2I6B6QSY7AA,Diego Ruzzarin,Conocí al dictador más raro del mundo.,es,Baja,Ugx39rDF0unt7okfrtZ4AaABAg,,0,@MrMoxarra,"y sí, esta cromada de rifle chaira envejeció muuuy mal XD saludos desde el 4 de enero del 2026😂✌💩",2026-01-04T08:15:56Z,2026-01-04T08:15:56Z,2,0,youtube,2026-04-05T13:39:49.176687
2I6B6QSY7AA,Diego Ruzzarin,Conocí al dictador más raro del mundo.,es,Baja,UgyZ3GDyJNYaBdOH2GR4AaABAg,,0,@perezreasantos6553,😂,2026-01-04T07:30:29Z,2026-01-04T07:30:29Z,2,0,youtube,2026-04-05T13:39:49.176689
2I6B6QSY7AA,Diego Ruzzarin,Conocí al dictador más raro del mundo.,es,Baja,UgxnB2eRXvKJD7q08994AaABAg,,0,@angelguzmanmondragon2270,te tienen que dar carcel por ser un complice de dictadores,2026-01-04T07:23:20Z,2026-01-04T07:23:20Z,4,0,youtube,2026-04-05T13:39:49.176691
2I6B6QSY7AA,Diego Ruzzarin,Conocí al dictador más raro del mundo.,es,Baja,UgyCO4Z0cc2pVoCMj2F4AaABAg,,0,@solomonramsa,"Jajajajajaja, este video también lo va a borrar",2026-01-04T07:18:21Z,2026-01-04T07:18:21Z,1,0,youtube,2026-04-05T13:39:49.176694
2I6B6QSY7AA,Diego Ruzzarin,Conocí al dictador más raro del mundo.,es,Baja,UgyoI2dcpIPJBJmFiIB4AaABAg,,0,@andresdeluna5261,Ya borraron el video de la entrevista? Alguien lo tiene?,2026-01-04T07:04:43Z,2026-01-04T07:04:43Z,4,0,youtube,2026-04-05T13:39:49.176697
2I6B6QSY7AA,Diego Ruzzarin,Conocí al dictador más raro del mundo.,es,Baja,UgzF5aP1zHHi79agYN54AaABAg,,0,@jorgeolaguibel7743,Le faltó calle al menzorin,2026-01-04T07:02:23Z,2026-01-04T07:02:23Z,3,0,youtube,2026-04-05T13:39:49.176700
2I6B6QSY7AA,Diego Ruzzarin,Conocí al dictador más raro del mundo.,es,Baja,Ugx-37w6hlwVZ_LK6Lh4AaABAg,,0,@paoberger,"Lo peor que tiene este hombre es que cree que él tiene la verdad absoluta secretan inteligente y tiene tanta verborrea que sí logra engañar a un montón de gente pero también se le olvida que afuera hay gente inteligente qué también sabemos, para llevárselas de tan inteligente y que usa palabras tan rebuscadas la verdad es que en este video demuestra que como muchos otros Solo dice lo que le conviene",2026-01-04T06:58:13Z,2026-01-04T06:58:13Z,5,0,youtube,2026-04-05T13:39:49.176702
2I6B6QSY7AA,Diego Ruzzarin,Conocí al dictador más raro del mundo.,es,Baja,UgyEvwq-EACmFNc2kzF4AaABAg,,0,@FernandoReyes-jr4wf,No me alcanzas a dar ni lástima,2026-01-04T06:24:20Z,2026-01-04T06:24:20Z,3,0,youtube,2026-04-05T13:39:49.176705
2I6B6QSY7AA,Diego Ruzzarin,Conocí al dictador más raro del mundo.,es,Baja,UgyO5tN8ZlfJYg5hRWF4AaABAg,,0,@MiguelRivera-l9g,"Cuánto dinero del Narco dictador recibiste Diego?

Espero quedes sensurado y así dejes de compartir información basura/mentiras queriendo invitar a los Mexicanos a seguir a la izquierda que sigue dañando el país y NO eres un comunicador responsable",2026-01-04T06:21:42Z,2026-01-04T06:21:42Z,1,0,youtube,2026-04-05T13:39:49.176707
2I6B6QSY7AA,Diego Ruzzarin,Conocí al dictador más raro del mundo.,es,Baja,UgwsOgr9N3ogLMMp0xZ4AaABAg,,0,@wilmaralexandercorreatuber4193,"Hola dieguito, cuentame como le vas a limpiar la cara ahora😂",2026-01-04T06:15:12Z,2026-01-04T06:15:12Z,1,0,youtube,2026-04-05T13:39:49.176709
2I6B6QSY7AA,Diego Ruzzarin,Conocí al dictador más raro del mundo.,es,Baja,Ugwt0deo4PNK-yYeVAJ4AaABAg,,0,@AdrianTheReptar,Y se marchooooooo,2026-01-04T06:13:13Z,2026-01-04T06:13:13Z,0,0,youtube,2026-04-05T13:39:49.176712
2I6B6QSY7AA,Diego Ruzzarin,Conocí al dictador más raro del mundo.,es,Baja,Ugwo6Rk4OjNFGoGj2_Z4AaABAg,,0,@ricardocummingscruz9652,"Usas palabras bonitas para ""justificar al socialismo"" te dices intelectual pero en el fondo eres un vendido!",2026-01-04T06:06:41Z,2026-01-04T06:06:41Z,1,0,youtube,2026-04-05T13:39:49.176714
2I6B6QSY7AA,Diego Ruzzarin,Conocí al dictador más raro del mundo.,es,Baja,UgwcOK1dDq-eUwxvctN4AaABAg,,0,@rbellucci8502,"Narrativa sarcástica, dejó de ser narrativa y dejó de ser sarcástica.",2026-01-04T05:54:16Z,2026-01-04T05:54:16Z,0,0,youtube,2026-04-05T13:39:49.176716
2I6B6QSY7AA,Diego Ruzzarin,Conocí al dictador más raro del mundo.,es,Baja,UgxXNAqyn7rlDyjp7DN4AaABAg,,0,@hectorbolivar6050,Asqueroso arrastrado tu ídolo cayó,2026-01-04T05:51:04Z,2026-01-04T05:51:04Z,0,0,youtube,2026-04-05T13:39:49.176718
2I6B6QSY7AA,Diego Ruzzarin,Conocí al dictador más raro del mundo.,es,Baja,Ugz_JZEXjFS0GKNRJeZ4AaABAg,,0,@luisolvera5632,Solo vine a reírme,2026-01-04T05:40:46Z,2026-01-04T05:40:46Z,0,0,youtube,2026-04-05T13:39:49.176721
2I6B6QSY7AA,Diego Ruzzarin,Conocí al dictador más raro del mundo.,es,Baja,UgzRDlbDz81E92XHXKh4AaABAg,,0,@ferdelallave,quitenle la visa XD,2026-01-04T05:36:27Z,2026-01-04T05:36:27Z,0,0,youtube,2026-04-05T13:39:49.176723
2I6B6QSY7AA,Diego Ruzzarin,Conocí al dictador más raro del mundo.,es,Baja,UgzaSUwVIE1Vrmw1lwt4AaABAg,,0,@meneodelamarisma,chicos vengo del futuro este Diego da vergüenza! envejecio mal muy mal malísimo,2026-01-04T05:24:07Z,2026-01-04T05:24:07Z,0,0,youtube,2026-04-05T13:39:49.176725
2I6B6QSY7AA,Diego Ruzzarin,Conocí al dictador más raro del mundo.,es,Baja,Ugx2GpYAg_aq0UwH6y94AaABAg,,0,@BenYaMin789,Ajajajjaajajajajajajajajajajajajajajajajajajajajajajajajajajajajajajajaajajajajajajajajajaja,2026-01-04T05:10:32Z,2026-01-04T05:10:32Z,0,0,youtube,2026-04-05T13:39:49.176727
2I6B6QSY7AA,Diego Ruzzarin,Conocí al dictador más raro del mundo.,es,Baja,Ugz6xlEIBItabk0kikl4AaABAg,,0,@ricardopasayes6068,"Este video envejecio demasiado mal, pero fatal!",2026-01-04T05:10:04Z,2026-01-04T05:10:04Z,3,0,youtube,2026-04-05T13:39:49.176730
2I6B6QSY7AA,Diego Ruzzarin,Conocí al dictador más raro del mundo.,es,Baja,Ugw-pF3SSqHJ0pN_AnR4AaABAg,,0,@KevinRodriguez-sx3wg,"¿Se viene 2da parte? , Conocí al preso más raro del mundo?",2026-01-04T04:42:17Z,2026-01-04T04:43:54Z,7,1,youtube,2026-04-05T13:39:49.176732
2I6B6QSY7AA,Diego Ruzzarin,Conocí al dictador más raro del mundo.,es,Baja,Ugw-pF3SSqHJ0pN_AnR4AaABAg.ARYM7gE21WKARYYu658Nlc,Ugw-pF3SSqHJ0pN_AnR4AaABAg,1,@d-azula,XDDDDDDDDDDDDDDDDDDDDDDDDD,2026-01-04T06:33:54Z,2026-01-04T06:33:54Z,0,0,youtube,2026-04-05T13:39:49.176737
2I6B6QSY7AA,Diego Ruzzarin,Conocí al dictador más raro del mundo.,es,Baja,Ugzl3LLHXNNpDTVZnrl4AaABAg,,0,@pablomartinez5967,TAMBIÉN VENGO A REÍRME DE TI PORQUE CAPTURARON A TU MAESTRO 🇺🇸 🇲🇽 🇻🇪,2026-01-04T04:34:15Z,2026-01-04T04:34:15Z,2,0,youtube,2026-04-05T13:39:49.176739
2I6B6QSY7AA,Diego Ruzzarin,Conocí al dictador más raro del mundo.,es,Baja,UgztLuv8Bc25GvQ8Exx4AaABAg,,0,@diegosanchez4184,😂,2026-01-04T04:21:25Z,2026-01-04T04:21:25Z,0,0,youtube,2026-04-05T13:39:49.176742
2I6B6QSY7AA,Diego Ruzzarin,Conocí al dictador más raro del mundo.,es,Baja,UgyntofcUwl2a7va2BR4AaABAg,,0,@hugocerda7573,Cuántas veces dice la palabra “dictador” en el video?……claramente se ve y se siente hacia que lado está orientado el mensaje de este clip……coco wash…..,2026-01-04T04:13:39Z,2026-01-04T04:13:39Z,0,0,youtube,2026-04-05T13:39:49.176744
2I6B6QSY7AA,Diego Ruzzarin,Conocí al dictador más raro del mundo.,es,Baja,Ugw15w9B97HLr2XkKNJ4AaABAg,,0,@misraimcruzbuy9725,pobreee diego tan idiota jajaja,2026-01-04T04:06:27Z,2026-01-04T04:06:27Z,0,0,youtube,2026-04-05T13:39:49.176747
2I6B6QSY7AA,Diego Ruzzarin,Conocí al dictador más raro del mundo.,es,Baja,Ugytcv7NELiwBElEtZp4AaABAg,,0,@obedaguilar4290,Pobre Ruzzarin hoy anda triste 😭😭,2026-01-04T03:37:56Z,2026-01-04T03:37:56Z,4,0,youtube,2026-04-05T13:39:49.176749
2I6B6QSY7AA,Diego Ruzzarin,Conocí al dictador más raro del mundo.,es,Baja,Ugzaqn3Dr1tZytg9HP94AaABAg,,0,@sandyquijano7894,Jajaha como caen los habladores,2026-01-04T03:37:27Z,2026-01-04T03:37:27Z,2,0,youtube,2026-04-05T13:39:49.176752
2I6B6QSY7AA,Diego Ruzzarin,Conocí al dictador más raro del mundo.,es,Baja,UgyPl1X8oT9XTF_NiqF4AaABAg,,0,@gabrielandaihernandez6239,3 de enero del 2026,2026-01-04T03:32:47Z,2026-01-04T03:32:47Z,1,0,youtube,2026-04-05T13:39:49.176754
2I6B6QSY7AA,Diego Ruzzarin,Conocí al dictador más raro del mundo.,es,Baja,UgwG9f_bKQcvKRTVTXF4AaABAg,,0,@paqois,Este cuate está genuinamente muy estúpido.,2026-01-04T03:29:35Z,2026-01-04T03:29:35Z,4,0,youtube,2026-04-05T13:39:49.176756
2I6B6QSY7AA,Diego Ruzzarin,Conocí al dictador más raro del mundo.,es,Baja,Ugy1VxQkIgeuxoG3gIJ4AaABAg,,0,@tacomata1,"El ""Presidente democratico"" que se lo llevaron y no salio a la calle ni 1 alma... Todo el mundo esperando a que se lleven a todos los demas para salir pero a celebrar. Esta raro, no?",2026-01-04T03:24:36Z,2026-01-04T03:24:36Z,0,0,youtube,2026-04-05T13:39:49.176759
2I6B6QSY7AA,Diego Ruzzarin,Conocí al dictador más raro del mundo.,es,Baja,UgzHIDy_DJ4OY1ckSwJ4AaABAg,,0,@Martin97144,"Wao Diego, que lindo video, casi te creemos",2026-01-04T02:56:30Z,2026-01-04T02:56:30Z,1,0,youtube,2026-04-05T13:39:49.176761
2I6B6QSY7AA,Diego Ruzzarin,Conocí al dictador más raro del mundo.,es,Baja,UgyCs746uNe5l6DprpF4AaABAg,,0,@ivanvelazquez7947,Qué te digo? Hoy llorarás mucho,2026-01-04T02:53:12Z,2026-01-04T02:53:12Z,3,0,youtube,2026-04-05T13:39:49.176763
2I6B6QSY7AA,Diego Ruzzarin,Conocí al dictador más raro del mundo.,es,Baja,Ugy7OPzijKrIn_Bap-R4AaABAg,,0,@alepertuu,Quién por acá el 03 de enero😂,2026-01-04T02:35:43Z,2026-01-04T02:35:43Z,1,0,youtube,2026-04-05T13:39:49.176765
2I6B6QSY7AA,Diego Ruzzarin,Conocí al dictador más raro del mundo.,es,Baja,UgwBn77z1Yt2bbwJznl4AaABAg,,0,@jzzzzzzzzz-t8p,Solo vine a decirte que eres un mmgvo profesional y eso no te lo quita es nadie.,2026-01-04T02:33:43Z,2026-01-04T02:33:43Z,0,0,youtube,2026-04-05T13:39:49.176767
2I6B6QSY7AA,Diego Ruzzarin,Conocí al dictador más raro del mundo.,es,Baja,Ugw0VpAwEmEi8IfQCvV4AaABAg,,0,@christianrodrigohernandezm1459,Se te borro la sonrisa...,2026-01-04T02:30:20Z,2026-01-04T02:30:20Z,1,0,youtube,2026-04-05T13:39:49.176770
2I6B6QSY7AA,Diego Ruzzarin,Conocí al dictador más raro del mundo.,es,Baja,UgyMKeTdYsP-xiGmHDB4AaABAg,,0,@JuansalvadorMartinez-e8i,Ya se lo llevaron pa,2026-01-04T02:29:02Z,2026-01-04T02:29:02Z,1,0,youtube,2026-04-05T13:39:49.176772
2I6B6QSY7AA,Diego Ruzzarin,Conocí al dictador más raro del mundo.,es,Baja,UgyAmi-LHZ63lj5PUlZ4AaABAg,,0,@Parsimomager,"Eres patético, Diego. Ya deberías de dejar de compartir tus opiniones",2026-01-04T02:13:16Z,2026-01-04T02:13:16Z,4,0,youtube,2026-04-05T13:39:49.176774
2I6B6QSY7AA,Diego Ruzzarin,Conocí al dictador más raro del mundo.,es,Baja,Ugy_o1x8tISs5-nSvVl4AaABAg,,0,@liliumyeye,jajajajaa que subnormal Ruzzarin,2026-01-04T02:07:23Z,2026-01-04T02:07:23Z,0,0,youtube,2026-04-05T13:39:49.176777
2I6B6QSY7AA,Diego Ruzzarin,Conocí al dictador más raro del mundo.,es,Baja,UgyJpsDO6gQdjxGyuZ14AaABAg,,0,@jerryquiroz5034,Este video se fue a la ñonga,2026-01-04T02:04:24Z,2026-01-04T02:04:24Z,4,0,youtube,2026-04-05T13:39:49.176779
2I6B6QSY7AA,Diego Ruzzarin,Conocí al dictador más raro del mundo.,es,Baja,Ugy_CxzJZ5MoOW__FJd4AaABAg,,0,@hugoland,"Te falta calle en las investaciones si vas como invitado que crees que te van enseñar?? La violencia que el gobierno ejerce😂😂😂😂 más bien lo que les conviene, ojalá USA te encarcele",2026-01-04T01:58:54Z,2026-01-04T06:07:24Z,1,0,youtube,2026-04-05T13:39:49.176781
2I6B6QSY7AA,Diego Ruzzarin,Conocí al dictador más raro del mundo.,es,Baja,Ugwq-8e2UduBPDyAdfp4AaABAg,,0,@miguelangelreyes-m4c,"No se preocupen,  ya esta preso 😂",2026-01-04T01:45:16Z,2026-01-04T01:45:16Z,2,0,youtube,2026-04-05T13:39:49.176784
2I6B6QSY7AA,Diego Ruzzarin,Conocí al dictador más raro del mundo.,es,Baja,UgxHuxCmGjHXNYCq2Y14AaABAg,,0,@mauriciovargascruz805esises,Ya sabes la nueva 😂,2026-01-04T01:44:57Z,2026-01-04T01:44:57Z,0,0,youtube,2026-04-05T13:39:49.176786
2I6B6QSY7AA,Diego Ruzzarin,Conocí al dictador más raro del mundo.,es,Baja,UgyKQkOplvf-RB7EKU94AaABAg,,0,@allengutierrezgomez690,Un comunicador responsable Diego? Jajaja tremendo payaso,2026-01-04T01:42:35Z,2026-01-04T01:42:35Z,2,0,youtube,2026-04-05T13:39:49.176788
2I6B6QSY7AA,Diego Ruzzarin,Conocí al dictador más raro del mundo.,es,Baja,UgwvgY_RRSGyDTY-zu14AaABAg,,0,@samuelacosta8903,Yo vine buscando la entrevista a maduro pero no la encuentro eso está muy estético contingente,2026-01-04T01:35:41Z,2026-01-04T01:35:41Z,2,2,youtube,2026-04-05T13:39:49.176791
2I6B6QSY7AA,Diego Ruzzarin,Conocí al dictador más raro del mundo.,es,Baja,UgwvgY_RRSGyDTY-zu14AaABAg.ARY0lvfCClNARY2ntlKss9,UgwvgY_RRSGyDTY-zu14AaABAg,1,@Proesky,"Yo tambien la busqué, no sé si la eliminó pero la encontré en otro canal que tiene pocas visitas",2026-01-04T01:53:25Z,2026-01-04T01:53:25Z,2,0,youtube,2026-04-05T13:39:49.176793
2I6B6QSY7AA,Diego Ruzzarin,Conocí al dictador más raro del mundo.,es,Baja,UgwvgY_RRSGyDTY-zu14AaABAg.ARY0lvfCClNARY5SlJV79F,UgwvgY_RRSGyDTY-zu14AaABAg,1,@jhonzuniga7953,La elimino al parecer 😂😂😂😂,2026-01-04T02:16:37Z,2026-01-04T02:16:37Z,2,0,youtube,2026-04-05T13:39:49.176795
2I6B6QSY7AA,Diego Ruzzarin,Conocí al dictador más raro del mundo.,es,Baja,UgxKx2TeX-oKrNKGkr54AaABAg,,0,@Batdoom,"Oye we, ya cayó el narcodictador que tanto defendías JAJAJA",2026-01-04T01:33:45Z,2026-01-04T01:33:45Z,1,0,youtube,2026-04-05T13:39:49.176797
2I6B6QSY7AA,Diego Ruzzarin,Conocí al dictador más raro del mundo.,es,Baja,UgzdyWLaTy5w1YYW7El4AaABAg,,0,@Abner-d3q,"Me imagino el llanto de la basur* de Ruzzarin, al saber que capturaron a su ídolo jajajaja... Que graciosos son lon zurdos.",2026-01-04T01:18:13Z,2026-01-04T01:18:13Z,1,0,youtube,2026-04-05T13:39:49.176800
2I6B6QSY7AA,Diego Ruzzarin,Conocí al dictador más raro del mundo.,es,Baja,Ugw_KXhu1vQXOXC1ECh4AaABAg,,0,@samuelsepulvedaneri3480,"Diego, no vales queso",2026-01-04T00:47:34Z,2026-01-04T00:47:34Z,1,0,youtube,2026-04-05T13:39:49.176802
2I6B6QSY7AA,Diego Ruzzarin,Conocí al dictador más raro del mundo.,es,Baja,UgwLnbDbKWDqgmyp38J4AaABAg,,0,@danielcontreras887,Borralo otto. Borralooooo,2026-01-04T00:46:44Z,2026-01-04T00:46:44Z,0,0,youtube,2026-04-05T13:39:49.176804
2I6B6QSY7AA,Diego Ruzzarin,Conocí al dictador más raro del mundo.,es,Baja,Ugy4pFrHJXGEkRkFEr54AaABAg,,0,@JesusGarcia-gx2nw,"Ridículo el Ruzarrin 😂😂😂. Tiene el ego alto ese chavo, es pseudointelectual y ahora hasta propagandista, dan pena esas generaciones de influencers, habla con palabras complejas que a lo mejor ni el las entiende jajajajaja. Cree saber de filosofia, pero, solo por la superficie, ha de ser de esos que dice que entiende a Kant y a Hegel jajajajaj cuando ni los doctores especialistas en Hegel lo entienden jajajajaja. Solo apantalla a la banda que no esta en el ramo, porque un verdadero especialista en filosofía le diria que se ponga a leer porque no entiende a los autores 😂😂😂😂😂",2026-01-04T00:30:08Z,2026-01-04T00:34:15Z,3,0,youtube,2026-04-05T13:39:49.176806
2I6B6QSY7AA,Diego Ruzzarin,Conocí al dictador más raro del mundo.,es,Baja,UgxSI9ihGURWiUGYiHl4AaABAg,,0,@mxajm8481,Rucerdín,2026-01-04T00:02:16Z,2026-01-04T00:02:16Z,2,0,youtube,2026-04-05T13:39:49.176809
2I6B6QSY7AA,Diego Ruzzarin,Conocí al dictador más raro del mundo.,es,Baja,UgyWS5-S44buDTPp6k54AaABAg,,0,@zesleiter,"No te preocupes Madurin
Lo vas a poder ves en las maritales 😂",2026-01-03T23:13:43Z,2026-01-03T23:13:43Z,7,0,youtube,2026-04-05T13:39:49.176812
2I6B6QSY7AA,Diego Ruzzarin,Conocí al dictador más raro del mundo.,es,Baja,UgziTj7v_JDPpcHIaIl4AaABAg,,0,@JuanLopez-hi4ig,Algún comentario Rosadin ??,2026-01-03T23:09:15Z,2026-01-03T23:09:15Z,4,0,youtube,2026-04-05T13:39:49.176814
2I6B6QSY7AA,Diego Ruzzarin,Conocí al dictador más raro del mundo.,es,Baja,UgyWiq74bWoqlsrw6KF4AaABAg,,0,@kinkifox,Solo vine a recordar cuando se empinó el estéticas contingentes,2026-01-03T23:06:10Z,2026-01-03T23:06:10Z,6,0,youtube,2026-04-05T13:39:49.176816
2I6B6QSY7AA,Diego Ruzzarin,Conocí al dictador más raro del mundo.,es,Baja,UgxZyZOLqMX-Uq3lFzp4AaABAg,,0,@HumbertoSolis-q3l,😂😂😂😂cuanto te pagaron por esa hablada  no es solo de visitar es vivir lo q se vive día con dia,2026-01-03T23:03:30Z,2026-01-03T23:03:30Z,1,0,youtube,2026-04-05T13:39:49.176818
2I6B6QSY7AA,Diego Ruzzarin,Conocí al dictador más raro del mundo.,es,Baja,UgwKleoRlut1VK3YPz94AaABAg,,0,@cervantescervantes8182,"Ya agarraron a tu amigo, que piensas hacer al respecto",2026-01-03T23:01:19Z,2026-01-03T23:01:19Z,3,0,youtube,2026-04-05T13:39:49.176821
2I6B6QSY7AA,Diego Ruzzarin,Conocí al dictador más raro del mundo.,es,Baja,UgwYbKiBbe9f97o6XvN4AaABAg,,0,@alanfernandocash6426,"Jajajaja pinche Diego, eres la mamada.",2026-01-03T22:36:50Z,2026-01-03T22:36:50Z,3,0,youtube,2026-04-05T13:39:49.176823
2I6B6QSY7AA,Diego Ruzzarin,Conocí al dictador más raro del mundo.,es,Baja,UgxGcUodjf4-ZdLdhZt4AaABAg,,0,@angelvilla9585,Hola diego soy yo... Vengo del futuro 😂😂😂😂😂😂😂😂😂😂 adivina que grande es la ironia..,2026-01-03T22:31:14Z,2026-01-03T22:31:14Z,3,0,youtube,2026-04-05T13:39:49.176825
2I6B6QSY7AA,Diego Ruzzarin,Conocí al dictador más raro del mundo.,es,Baja,Ugx_DWRCvVH4SOyXSvx4AaABAg,,0,@mythicreach7660,Lamentable donde acabo esto en la actualidad,2026-01-03T21:23:19Z,2026-01-03T21:23:19Z,1,0,youtube,2026-04-05T13:39:49.176827
2I6B6QSY7AA,Diego Ruzzarin,Conocí al dictador más raro del mundo.,es,Baja,UgzdgLRaYrTd8dsUQox4AaABAg,,0,@Mike97808,"Hoy 3 de enero de 2025 fue capturado Nicolas Maduro, por las fuerzas militares de estados unidos.❤ 

Grande Trump ❤

Venezuela libre de Socialismo. 😊",2026-01-03T20:39:08Z,2026-01-03T20:39:31Z,5,0,youtube,2026-04-05T13:39:49.176829
2I6B6QSY7AA,Diego Ruzzarin,Conocí al dictador más raro del mundo.,es,Baja,Ugx6gavM4TGhcgEZdPV4AaABAg,,0,@Proesky,"Seguía tus vídeos a partir de la papeada a Carlos Muñoz, pero resultaste ser peor que él, te fuiste por la tangente y empezaste a apoyar a Maduro, no dudo que seas una persona con mucho conocimiento, pero hasta alguien tan ignorante como Espartaco18 no congenia con tus ideas y es en lo único que estoy de acuerdo, 🤡",2026-01-03T20:27:19Z,2026-01-03T20:27:19Z,2,0,youtube,2026-04-05T13:39:49.176831
2I6B6QSY7AA,Diego Ruzzarin,Conocí al dictador más raro del mundo.,es,Baja,Ugw0VM48sE-R3VYh31t4AaABAg,,0,@ABCDDCBAAB,Gran video muchacho... Ya te pareces a tu compadre Carlos Muñoz,2026-01-03T20:21:08Z,2026-01-03T20:21:31Z,6,0,youtube,2026-04-05T13:39:49.176833
2I6B6QSY7AA,Diego Ruzzarin,Conocí al dictador más raro del mundo.,es,Baja,Ugz76jXKe3dE6lStW354AaABAg,,0,@gabrieltoc3240,Vengo del futuro. Ha caído el dictador más raro del mundo 😂😂😂😂,2026-01-03T20:13:43Z,2026-01-03T20:13:43Z,795,28,youtube,2026-04-05T13:39:49.176836
2I6B6QSY7AA,Diego Ruzzarin,Conocí al dictador más raro del mundo.,es,Baja,Ugz76jXKe3dE6lStW354AaABAg.ARXRvlEESazARZIhIg8eSM,Ugz76jXKe3dE6lStW354AaABAg,1,@ducentibusfatistellusmexicana,"​@DanyGg-c8lse podría decir que ""ha caído"" si de manera orgánica y espontánea la gente se hubiera hartado de su gobierno, pero eso estaba tan lejos de ocurrir que EU debió invadir un país y secuestrar al presidente para que unos súbditos mentales puedan decir que Maduro ""ha caído"".",2026-01-04T13:31:35Z,2026-02-25T05:39:29Z,0,0,youtube,2026-04-05T13:39:49.176838
2I6B6QSY7AA,Diego Ruzzarin,Conocí al dictador más raro del mundo.,es,Baja,Ugz76jXKe3dE6lStW354AaABAg.ARXRvlEESazAR_iR8k6Rtx,Ugz76jXKe3dE6lStW354AaABAg,1,@b787quetzalcoatl,Y tu me la chupaste bien rick bot 🤣🤣🤣🤣,2026-01-05T02:44:24Z,2026-01-05T02:44:24Z,5,0,youtube,2026-04-05T13:39:49.176840
2I6B6QSY7AA,Diego Ruzzarin,Conocí al dictador más raro del mundo.,es,Baja,Ugz76jXKe3dE6lStW354AaABAg.ARXRvlEESazAR_pYTiIyhi,Ugz76jXKe3dE6lStW354AaABAg,1,@maxberg-ij7dn,lo secuestraron los terroristas quedras decir mijo,2026-01-05T03:46:34Z,2026-01-05T03:46:34Z,8,0,youtube,2026-04-05T13:39:49.176842
2I6B6QSY7AA,Diego Ruzzarin,Conocí al dictador más raro del mundo.,es,Baja,Ugz76jXKe3dE6lStW354AaABAg.ARXRvlEESazARaUbeiLUj3,Ugz76jXKe3dE6lStW354AaABAg,1,@carlosquintana6032,​​@maxberg-ij7dntu descocada  madre fue quise decir pt,2026-01-05T09:54:09Z,2026-01-05T09:54:09Z,0,0,youtube,2026-04-05T13:39:49.176844
2I6B6QSY7AA,Diego Ruzzarin,Conocí al dictador más raro del mundo.,es,Baja,Ugz76jXKe3dE6lStW354AaABAg.ARXRvlEESazARaXTU5B788,Ugz76jXKe3dE6lStW354AaABAg,1,@cabroncitoist,Jajajajjajaja,2026-01-05T10:19:06Z,2026-01-05T10:19:06Z,4,0,youtube,2026-04-05T13:39:49.176845
2I6B6QSY7AA,Diego Ruzzarin,Conocí al dictador más raro del mundo.,es,Baja,UgwA8PV_lsR6kHgHDhl4AaABAg,,0,@alfonsoortiz7212,"Una vergüenza oír a este tío hablar, da vergüenza ajena.",2026-01-03T20:11:12Z,2026-01-03T20:11:12Z,3,0,youtube,2026-04-05T13:39:49.176847
2I6B6QSY7AA,Diego Ruzzarin,Conocí al dictador más raro del mundo.,es,Baja,UgzaPia64Sn14cuaxcd4AaABAg,,0,@joseeduardo1992_.1,No eran ni llegaron hacer socialistas 03/01/2026,2026-01-03T20:08:27Z,2026-01-03T20:08:27Z,1,0,youtube,2026-04-05T13:39:49.176850
2I6B6QSY7AA,Diego Ruzzarin,Conocí al dictador más raro del mundo.,es,Baja,UgyR4qceROF1jHkHDIJ4AaABAg,,0,@arcanicidio,Cayó tu ídolo. A llorar al río.,2026-01-03T20:02:59Z,2026-01-03T20:02:59Z,11,0,youtube,2026-04-05T13:39:49.176852
2I6B6QSY7AA,Diego Ruzzarin,Conocí al dictador más raro del mundo.,es,Baja,Ugx3Wt09XgeQ3-OXNiJ4AaABAg,,0,@DisturbardEspañol,"Que tranza Octavio, ya viste el desmadre en el que se metió tu perro?",2026-01-03T19:38:20Z,2026-01-03T19:38:20Z,6,0,youtube,2026-04-05T13:39:49.176854
2I6B6QSY7AA,Diego Ruzzarin,Conocí al dictador más raro del mundo.,es,Baja,Ugzr3H5BAbRMkiF7vIp4AaABAg,,0,@kairoward7738,esto envejeció muy mal jajajaaja miles de venezolanos que sufrieron trajedias por culpa de ese maldito chavista,2026-01-03T19:30:55Z,2026-01-03T19:30:55Z,1,0,youtube,2026-04-05T13:39:49.176856
2I6B6QSY7AA,Diego Ruzzarin,Conocí al dictador más raro del mundo.,es,Baja,Ugwpq9hZeU-pW7WTS7J4AaABAg,,0,@cristianvillagrana5059,Feliz 2026 Nicolas Maduro,2026-01-03T19:02:41Z,2026-01-03T19:02:41Z,5,0,youtube,2026-04-05T13:39:49.176858
2I6B6QSY7AA,Diego Ruzzarin,Conocí al dictador más raro del mundo.,es,Baja,UgwZsEp3dsm56aDu_rd4AaABAg,,0,@elmoradordelrefugio8910,"Tu y Maduro shinguen a su madre, aguante Estados Unidos CARAJO!!!",2026-01-03T18:49:19Z,2026-01-03T18:49:19Z,3,0,youtube,2026-04-05T13:39:49.176860
2I6B6QSY7AA,Diego Ruzzarin,Conocí al dictador más raro del mundo.,es,Baja,UgwysRvyqEhxfGjV-vx4AaABAg,,0,@alfredor.4574,YA CAYÓ TU DICTADOR SIMPÁTICO,2026-01-03T18:44:42Z,2026-01-03T18:44:42Z,2,0,youtube,2026-04-05T13:39:49.176862
2I6B6QSY7AA,Diego Ruzzarin,Conocí al dictador más raro del mundo.,es,Baja,UgyHGV7g_eMlg98tA-d4AaABAg,,0,@josalcocer7162,"Creo que sigue sin darse cuenta que ha perdido credibilidad y solo da risa... 


En vdd que vergüenza este tipo.",2026-01-03T18:33:49Z,2026-01-03T18:33:49Z,2,0,youtube,2026-04-05T13:39:49.176864
2I6B6QSY7AA,Diego Ruzzarin,Conocí al dictador más raro del mundo.,es,Baja,Ugx6gFI0t1HMDBsZHJ54AaABAg,,0,@AlcyonePleyades-45,No sabia que Ruzzarin era comediante,2026-01-03T18:32:27Z,2026-01-03T18:32:27Z,1,0,youtube,2026-04-05T13:39:49.982547
2I6B6QSY7AA,Diego Ruzzarin,Conocí al dictador más raro del mundo.,es,Baja,UgxsvksLFi4dAhI_AGt4AaABAg,,0,@AlcyonePleyades-45,XD,2026-01-03T18:31:56Z,2026-01-03T18:31:56Z,0,0,youtube,2026-04-05T13:39:49.982566
2I6B6QSY7AA,Diego Ruzzarin,Conocí al dictador más raro del mundo.,es,Baja,UgxNgNKqIovsgZkWc494AaABAg,,0,@antoniortiz,Vengo antes de que lo borre,2026-01-03T18:03:51Z,2026-01-03T18:03:51Z,24,1,youtube,2026-04-05T13:39:49.982572
2I6B6QSY7AA,Diego Ruzzarin,Conocí al dictador más raro del mundo.,es,Baja,UgxNgNKqIovsgZkWc494AaABAg.ARXD3_2zUmLARXGzYeTPj3,UgxNgNKqIovsgZkWc494AaABAg,1,@dvasiagg,Mejor descargalo,2026-01-03T18:38:07Z,2026-01-03T18:38:07Z,4,0,youtube,2026-04-05T13:39:49.982581
2I6B6QSY7AA,Diego Ruzzarin,Conocí al dictador más raro del mundo.,es,Baja,UgxCEhRg2I17ryB5hix4AaABAg,,0,@karloskamposs,Solo vine a reirme,2026-01-03T17:59:32Z,2026-01-03T17:59:32Z,9,0,youtube,2026-04-05T13:39:49.982586
2I6B6QSY7AA,Diego Ruzzarin,Conocí al dictador más raro del mundo.,es,Baja,UgyNtG17JFFH2tgGZbB4AaABAg,,0,@ElSrFeynman,"Pues llegaste con vergüenza al futuro, ya capturaron a tu ídolo. Nunca aplicaste lo que dijiste",2026-01-03T17:56:24Z,2026-01-03T17:56:24Z,9,0,youtube,2026-04-05T13:39:49.982591
2I6B6QSY7AA,Diego Ruzzarin,Conocí al dictador más raro del mundo.,es,Baja,UgwZddvfyCLooDX8NiR4AaABAg,,0,@Alfaroz13,"Ojalá maduro hable de cuando te contrato, si tato te gusta el comunismo que haces en México?",2026-01-03T17:43:31Z,2026-01-03T17:43:31Z,4,0,youtube,2026-04-05T13:39:49.982596
2I6B6QSY7AA,Diego Ruzzarin,Conocí al dictador más raro del mundo.,es,Baja,Ugx8FIsOtwealAnv4kF4AaABAg,,0,@rodrigarcia1411,¿Ya te despediste del dictador más raro del mundo? 😂🤣,2026-01-03T17:27:14Z,2026-01-03T17:27:14Z,5,0,youtube,2026-04-05T13:39:49.982601
2I6B6QSY7AA,Diego Ruzzarin,Conocí al dictador más raro del mundo.,es,Baja,UgwKpLVmMYnRObPn_ZZ4AaABAg,,0,@hugoaguilargomez4902,Jajajaja jajajaja,2026-01-03T17:16:40Z,2026-01-03T17:16:40Z,2,0,youtube,2026-04-05T13:39:49.982606
2I6B6QSY7AA,Diego Ruzzarin,Conocí al dictador más raro del mundo.,es,Baja,Ugx3PzsjMxlOKqk6noZ4AaABAg,,0,@GabrielAlvarez-t2z,No disimulas la plata que te pagaron para dar una visión favorable de Maburro 😂,2026-01-03T17:14:47Z,2026-01-03T17:14:47Z,7,0,youtube,2026-04-05T13:39:49.982611
2I6B6QSY7AA,Diego Ruzzarin,Conocí al dictador más raro del mundo.,es,Baja,UgwMtg7tRT-JrPYdLV54AaABAg,,0,@stefanomorales1204,JAJAJAJAJAJAJAJAJAJAJAJAJAJAJAJAJAJA,2026-01-03T17:11:53Z,2026-01-03T17:11:53Z,3,0,youtube,2026-04-05T13:39:49.982616
2I6B6QSY7AA,Diego Ruzzarin,Conocí al dictador más raro del mundo.,es,Baja,Ugxrf2ziw8rTVkQIh4R4AaABAg,,0,@bii3175,"Maduro capturado, lloralo chavista.",2026-01-03T16:59:57Z,2026-01-03T16:59:57Z,5,0,youtube,2026-04-05T13:39:49.982622
2I6B6QSY7AA,Diego Ruzzarin,Conocí al dictador más raro del mundo.,es,Baja,UgylXmLLs-MXzUmlgiF4AaABAg,,0,@eljuezcesar,como se etiqueta a trump para que venga por este vato junto con sheinbaum y amlo?,2026-01-03T16:58:00Z,2026-01-03T16:58:00Z,10,0,youtube,2026-04-05T13:39:49.982627
2I6B6QSY7AA,Diego Ruzzarin,Conocí al dictador más raro del mundo.,es,Baja,Ugzn56xNQ49P3pL0XUd4AaABAg,,0,@SuperBearxDDD,😂,2026-01-03T16:55:36Z,2026-01-03T16:55:36Z,2,0,youtube,2026-04-05T13:39:49.982632
2I6B6QSY7AA,Diego Ruzzarin,Conocí al dictador más raro del mundo.,es,Baja,UgxKbPor8Vv0yHPJlUJ4AaABAg,,0,@ElWeyDeGorra,Me pregunto qué estará pensando ruzzarín sobre los acontecimientos recientes…,2026-01-03T16:33:56Z,2026-01-03T16:33:56Z,18,1,youtube,2026-04-05T13:39:49.982637
2I6B6QSY7AA,Diego Ruzzarin,Conocí al dictador más raro del mundo.,es,Baja,UgxKbPor8Vv0yHPJlUJ4AaABAg.ARX2m0dy5sxARbsuI_bsUg,UgxKbPor8Vv0yHPJlUJ4AaABAg,1,@jeffreyvargas4637,El compa tiene el ego muy elevado para reconocer que se  equivocó,2026-01-05T22:54:23Z,2026-01-05T22:54:23Z,2,0,youtube,2026-04-05T13:39:49.982641
2I6B6QSY7AA,Diego Ruzzarin,Conocí al dictador más raro del mundo.,es,Baja,UgzLOHO9ZVc99xGMsQ54AaABAg,,0,@victorpontigo539,"Anda dejarle cigarros a tu héroe de
Maduro jajajjajajajajaajajajjajaqj😂😂😂😂",2026-01-03T16:00:34Z,2026-01-03T16:00:34Z,7,0,youtube,2026-04-05T13:39:49.982646
2I6B6QSY7AA,Diego Ruzzarin,Conocí al dictador más raro del mundo.,es,Baja,Ugwsprq6KB5CAYwHjSZ4AaABAg,,0,@jovanihernandezsantana5193,"Y volviste a llegar con vergüenza mi diego, viviste lo suficiente y te conversite en villano xd",2026-01-03T15:39:48Z,2026-01-03T15:39:48Z,8,0,youtube,2026-04-05T13:39:49.982650
2I6B6QSY7AA,Diego Ruzzarin,Conocí al dictador más raro del mundo.,es,Baja,UgwHPqKvAgAFRGxL1Xx4AaABAg,,0,@gyozafreak,Este envejeció peor que la leche,2026-01-03T15:22:56Z,2026-01-03T15:22:56Z,11,0,youtube,2026-04-05T13:39:49.982656
2I6B6QSY7AA,Diego Ruzzarin,Conocí al dictador más raro del mundo.,es,Baja,Ugxc1onblpcOZt5NkBx4AaABAg,,0,@DON_CHAPA,JAJAJAJAAJAJ SE LE CAYO,2026-01-03T15:17:41Z,2026-01-03T15:17:41Z,23,0,youtube,2026-04-05T13:39:49.982661
2I6B6QSY7AA,Diego Ruzzarin,Conocí al dictador más raro del mundo.,es,Baja,UgzF7Ol22B8YDA36xxZ4AaABAg,,0,@Mrchaos4048,"Diego…porque crees lo que crees?

Te olvidaste de esa reflexion",2026-01-03T15:05:14Z,2026-01-03T15:05:14Z,7,0,youtube,2026-04-05T13:39:49.982665
2I6B6QSY7AA,Diego Ruzzarin,Conocí al dictador más raro del mundo.,es,Baja,Ugxeg-YbKmQP1C9LRZR4AaABAg,,0,@TheMarcusMaD,Y que capturan hoy a Maduro 😂,2026-01-03T14:24:03Z,2026-01-03T14:24:03Z,6,0,youtube,2026-04-05T13:39:49.982669
2I6B6QSY7AA,Diego Ruzzarin,Conocí al dictador más raro del mundo.,es,Baja,UgyqlRFVUISnopidyr14AaABAg,,0,@pedroangel4078,Acaban de agarrar a tu dictador.,2026-01-03T13:56:26Z,2026-01-03T13:56:26Z,11,0,youtube,2026-04-05T13:39:49.982675
2I6B6QSY7AA,Diego Ruzzarin,Conocí al dictador más raro del mundo.,es,Baja,UgyZ3KR0f-fa5vLzajl4AaABAg,,0,@betorivero78,Ojalá te capturen también 😅😅😅,2026-01-03T10:45:31Z,2026-01-03T10:45:31Z,135,1,youtube,2026-04-05T13:39:49.982679
2I6B6QSY7AA,Diego Ruzzarin,Conocí al dictador más raro del mundo.,es,Baja,UgyZ3KR0f-fa5vLzajl4AaABAg.ARWQuAPv9oBARZzONSnXUb,UgyZ3KR0f-fa5vLzajl4AaABAg,1,@leonroblox1917,Ya lo capturaron con su colección de motos 😂,2026-01-04T19:53:20Z,2026-01-04T19:53:20Z,4,0,youtube,2026-04-05T13:39:49.982684
2I6B6QSY7AA,Diego Ruzzarin,Conocí al dictador más raro del mundo.,es,Baja,Ugw548i2uCFbrppkLJd4AaABAg,,0,@HeyFren,Vine solo a reírme porque acaban de capturar a tu ídolo JAJAJAJAJA 🇺🇸🇺🇸🇺🇸🇺🇸🇺🇸,2026-01-03T10:03:02Z,2026-01-03T10:03:02Z,912,38,youtube,2026-04-05T13:39:49.982688
2I6B6QSY7AA,Diego Ruzzarin,Conocí al dictador más raro del mundo.,es,Baja,Ugw548i2uCFbrppkLJd4AaABAg.ARWM20xqsMuARXEVaS9D4P,Ugw548i2uCFbrppkLJd4AaABAg,1,@Luis-t6o8n,Y?,2026-01-03T18:16:25Z,2026-01-03T18:16:25Z,3,0,youtube,2026-04-05T13:39:49.982692
2I6B6QSY7AA,Diego Ruzzarin,Conocí al dictador más raro del mundo.,es,Baja,Ugw548i2uCFbrppkLJd4AaABAg.ARWM20xqsMuARXPdOZLI_t,Ugw548i2uCFbrppkLJd4AaABAg,1,@TheRavermusic,​@Luis-t6o8nY se lo cargo la chingada jajajja,2026-01-03T19:53:44Z,2026-01-03T19:53:44Z,2,0,youtube,2026-04-05T13:39:49.982696
2I6B6QSY7AA,Diego Ruzzarin,Conocí al dictador más raro del mundo.,es,Baja,Ugw548i2uCFbrppkLJd4AaABAg.ARWM20xqsMuARXRxUK-5hM,Ugw548i2uCFbrppkLJd4AaABAg,1,@gaelmunozpadron2524,"Dónde dijo que es su ídolo? JAJAJAJA solo visito el país y dijo lo vio, no te la mames jajajajajaja",2026-01-03T20:13:57Z,2026-01-03T20:13:57Z,10,0,youtube,2026-04-05T13:39:49.982700
2I6B6QSY7AA,Diego Ruzzarin,Conocí al dictador más raro del mundo.,es,Baja,Ugw548i2uCFbrppkLJd4AaABAg.ARWM20xqsMuARXbMY4UG6x,Ugw548i2uCFbrppkLJd4AaABAg,1,@miguelmedrano940,😂😂😂😂😂😂 ya no habrá quien le arroje migajas,2026-01-03T21:44:53Z,2026-01-03T21:44:53Z,53,0,youtube,2026-04-05T13:39:49.982704
2I6B6QSY7AA,Diego Ruzzarin,Conocí al dictador más raro del mundo.,es,Baja,Ugw548i2uCFbrppkLJd4AaABAg.ARWM20xqsMuARXtBoVtWhQ,Ugw548i2uCFbrppkLJd4AaABAg,1,@luisfenixmusic1240,😂,2026-01-04T00:20:42Z,2026-01-04T00:20:42Z,7,0,youtube,2026-04-05T13:39:49.982712
2I6B6QSY7AA,Diego Ruzzarin,Conocí al dictador más raro del mundo.,es,Baja,Ugxc1vOLSFs73AqPgvB4AaABAg,,0,@CristianGomez-c6g,"Un par de cosas medio raras ,creo que se refiere a un par de billetes",2026-01-02T14:26:38Z,2026-01-02T14:26:38Z,1,0,youtube,2026-04-05T13:39:49.982717
2I6B6QSY7AA,Diego Ruzzarin,Conocí al dictador más raro del mundo.,es,Baja,Ugz9TaA7FELAAbeTBf94AaABAg,,0,@PabloCarmona-m2r,Jomrron de ninolAs❤❤❤❤❤,2026-01-01T04:53:51Z,2026-01-01T04:53:51Z,0,0,youtube,2026-04-05T13:39:49.982722
2I6B6QSY7AA,Diego Ruzzarin,Conocí al dictador más raro del mundo.,es,Baja,UgyYkIWCx8INExGh2wZ4AaABAg,,0,@reguloalvarez5447,"Por favor, debemos gritar a los cuatro vientos, sin miedo, que EE.UU es un estado TERRORISTA.",2026-01-01T02:42:17Z,2026-01-01T02:42:17Z,1,1,youtube,2026-04-05T13:39:49.982727
2I6B6QSY7AA,Diego Ruzzarin,Conocí al dictador más raro del mundo.,es,Baja,UgyYkIWCx8INExGh2wZ4AaABAg.ARQQ00MOqWvARWtLc2Zyhc,UgyYkIWCx8INExGh2wZ4AaABAg,1,@oscardelangel1895,hahahahahha gritalo!!!,2026-01-03T15:02:48Z,2026-01-03T15:02:48Z,1,0,youtube,2026-04-05T13:39:49.982731
2I6B6QSY7AA,Diego Ruzzarin,Conocí al dictador más raro del mundo.,es,Baja,UgwB189-B-FB-bJwcqd4AaABAg,,0,@vladimiremerioperezmata1245,"Diego, todo el que se opone a la lógica imperial se convierte en dictador para los medios de comunicación dominantes.",2025-12-26T06:24:30Z,2025-12-26T06:24:30Z,0,0,youtube,2026-04-05T13:39:49.982736
2I6B6QSY7AA,Diego Ruzzarin,Conocí al dictador más raro del mundo.,es,Baja,Ugw8ndWOELe5TAO1GnV4AaABAg,,0,@mariob.g.ressiniordonez4909,LAMEBOLAS DE SEMEJANTE REPRESOR,2025-12-26T04:36:22Z,2025-12-26T04:36:22Z,7,0,youtube,2026-04-05T13:39:49.982740
2I6B6QSY7AA,Diego Ruzzarin,Conocí al dictador más raro del mundo.,es,Baja,UgyP52w2flg8NoNZw654AaABAg,,0,@RAPELHOMBREDELOVEROL1982,Buen día!! Gracias por compartir!! Excelente programa!! 🇲🇽💪✊✌️,2025-12-24T13:07:00Z,2025-12-24T13:07:00Z,0,0,youtube,2026-04-05T13:39:49.982745
2I6B6QSY7AA,Diego Ruzzarin,Conocí al dictador más raro del mundo.,es,Baja,UgzsTGaZqrk2QE77HbB4AaABAg,,0,@RodneyPineda-qp3qo,Creo que te paso un billete raro es que despuej de recibir esa plata hables mal de el rataaaa,2025-12-23T10:50:30Z,2025-12-23T10:50:30Z,1,0,youtube,2026-04-05T13:39:49.982750
2I6B6QSY7AA,Diego Ruzzarin,Conocí al dictador más raro del mundo.,es,Baja,UgwdbLUED1zktaXrw_t4AaABAg,,0,@sergiordgz1000,Que decepción con este video de Ruzzarin.,2025-12-22T02:07:06Z,2025-12-22T02:07:06Z,3,0,youtube,2026-04-05T13:39:49.982754
2I6B6QSY7AA,Diego Ruzzarin,Conocí al dictador más raro del mundo.,es,Baja,UgyXPNHJ3LxsAzXNfmV4AaABAg,,0,@GGateway,Indefendible.,2025-12-21T16:44:59Z,2025-12-21T16:44:59Z,1,0,youtube,2026-04-05T13:39:49.982759
2I6B6QSY7AA,Diego Ruzzarin,Conocí al dictador más raro del mundo.,es,Baja,Ugw_AgQYSnVa9B2OO3Z4AaABAg,,0,@PabloMereles-p9s,Aguante Diego,2025-12-21T10:22:44Z,2025-12-21T10:22:44Z,0,0,youtube,2026-04-05T13:39:49.982764
2I6B6QSY7AA,Diego Ruzzarin,Conocí al dictador más raro del mundo.,es,Baja,Ugyh1gamTAFIDuJ6B8t4AaABAg,,0,@victorraullopezdelgadillo7004,"Voy a defender a Diego
Aunque no parezca Maduro sigue teniendo simpatizantes y seguidores",2025-12-21T04:00:54Z,2025-12-21T04:00:54Z,0,0,youtube,2026-04-05T13:39:49.982769
2I6B6QSY7AA,Diego Ruzzarin,Conocí al dictador más raro del mundo.,es,Baja,UgzTvgjsEmFhj5EHlaR4AaABAg,,0,@Noa-db5zt,"Qué padre tu experiencia, Diego. Bravo por ser un profesional en lo que haces.",2025-12-20T14:29:48Z,2025-12-20T14:29:48Z,0,0,youtube,2026-04-05T13:39:49.982773
2I6B6QSY7AA,Diego Ruzzarin,Conocí al dictador más raro del mundo.,es,Baja,UgzsKmmaeW0x27fR6Zx4AaABAg,,0,@rogercastillo7730,Y pensar que un dia pense (por fin un youtuber inteligente) y resultaste ser peor porque mientras miles suben videos haciendo estupideces en you tube tu asumiste el roll de ser un estupid0 por obtener $$ sucio de políticos corruptos que viven de pisar a sus países esta clara tu estrategia de subirte al tren de los gobiernos socialistas buscando ser un hijo consentido de morena pero tu mismo tiraste tu poco legado que habias construido al justamente tirar pseudo influencers estafadores y asi te volviste el villano de una historia,2025-12-15T19:46:33Z,2025-12-15T19:46:33Z,5,1,youtube,2026-04-05T13:39:49.982777
2I6B6QSY7AA,Diego Ruzzarin,Conocí al dictador más raro del mundo.,es,Baja,UgzsKmmaeW0x27fR6Zx4AaABAg.AQlTi9B5gUPAQzEHN_w_r-,UgzsKmmaeW0x27fR6Zx4AaABAg,1,@victorraullopezdelgadillo7004,😂😂😂,2025-12-21T04:01:03Z,2025-12-21T04:01:03Z,1,0,youtube,2026-04-05T13:39:49.982781
2I6B6QSY7AA,Diego Ruzzarin,Conocí al dictador más raro del mundo.,es,Baja,UgzS32-ABGn7IHuCm7h4AaABAg,,0,@mishinka0007,Les falta calle dice jajajaj que no se te ocurra pisar Cuba so singao mamalón. Tu también estás en la lista de gente que tiene que pagar por los destrozos del comunismo,2025-12-15T14:15:32Z,2025-12-15T14:15:32Z,1,0,youtube,2026-04-05T13:39:49.982784
2I6B6QSY7AA,Diego Ruzzarin,Conocí al dictador más raro del mundo.,es,Baja,UgzXz3epJKLANfqwCod4AaABAg,,0,@mishinka0007,"Que idiota éste chico. La ironía que usa para decir que Maduro no es un dictador está a la altura de la mas alta estupidez. ""La gente lo saludaba y le daba cartas en campaña"" Dictadores cómo Hitler, Pinochet y Musolinni también tenían fanáticos tan o más tontos que tú que también los adoraban y eso no los exonera de culpa. Hay que ser no sólo idiota pero cobarde para pensar así.",2025-12-15T14:10:36Z,2025-12-15T14:10:36Z,1,0,youtube,2026-04-05T13:39:49.982789
2I6B6QSY7AA,Diego Ruzzarin,Conocí al dictador más raro del mundo.,es,Baja,UgyYu3uDeEn22Orx9IJ4AaABAg,,0,@CarlosRodriguez-w5t,Qué tipo más desagradable este tipo. Defendiendo a un dictador manchado de Sangre.,2025-12-11T07:49:58Z,2025-12-11T07:49:58Z,1,0,youtube,2026-04-05T13:39:49.982793
2I6B6QSY7AA,Diego Ruzzarin,Conocí al dictador más raro del mundo.,es,Baja,UgwdUxyY5Ql_zgla8N94AaABAg,,0,@arsup7456,Que asco da este mae,2025-12-10T14:31:51Z,2025-12-10T14:31:51Z,1,0,youtube,2026-04-05T13:39:49.982797
2I6B6QSY7AA,Diego Ruzzarin,Conocí al dictador más raro del mundo.,es,Baja,UgzByYcANziSEnLxZIJ4AaABAg,,0,@Santiagoarango1994,Que asco de tipo,2025-12-10T04:22:51Z,2025-12-10T04:22:51Z,1,0,youtube,2026-04-05T13:39:49.982801
2I6B6QSY7AA,Diego Ruzzarin,Conocí al dictador más raro del mundo.,es,Baja,UgwRcP44atqEV0-Gr8N4AaABAg,,0,@arturocaldino6468,Qpdo we,2025-12-07T03:35:44Z,2025-12-07T03:35:44Z,0,0,youtube,2026-04-05T13:39:49.982805
2I6B6QSY7AA,Diego Ruzzarin,Conocí al dictador más raro del mundo.,es,Baja,UgxtgRX_yzBu9ggY8jh4AaABAg,,0,@deidadmc9142,Defendía a terroristas 😂😂😂😂 maduro está amenazado por EEUU y cuba para desvivirlor.,2025-12-06T02:11:56Z,2025-12-06T02:11:56Z,1,0,youtube,2026-04-05T13:39:49.982809
2I6B6QSY7AA,Diego Ruzzarin,Conocí al dictador más raro del mundo.,es,Baja,Ugz0JaMg3qOV8-n_5sV4AaABAg,,0,@luismarquezgallardo5009,"Como c Nota que Este ""Guebon"" No Vive Alla'?-(En Venezuela!)??",2025-12-05T17:06:27Z,2025-12-05T17:06:59Z,1,0,youtube,2026-04-05T13:39:49.982813
2I6B6QSY7AA,Diego Ruzzarin,Conocí al dictador más raro del mundo.,es,Baja,UgwED1lin6O6goSsuVV4AaABAg,,0,@renatoburneo,"Ruzzarin: Maduro eres socialista?
Maduro: No
Ruzzarin: ok te creo",2025-12-02T08:44:15Z,2025-12-02T08:44:15Z,8,0,youtube,2026-04-05T13:39:49.982816
2I6B6QSY7AA,Diego Ruzzarin,Conocí al dictador más raro del mundo.,es,Baja,Ugw8Vblll_avYHH0rhB4AaABAg,,0,@davocontrecarv,Fui con maduro y me dijo que no era socialista ni dictador que raro no?,2025-12-01T22:56:09Z,2025-12-01T22:56:09Z,1,0,youtube,2026-04-05T13:39:49.982821
2I6B6QSY7AA,Diego Ruzzarin,Conocí al dictador más raro del mundo.,es,Baja,UgwCsBdi2U7Xv6DqLwJ4AaABAg,,0,@JglHernandez-cy2gr,😂 ruzzarin cuando te pago maduro . Por publicidad  mínimo el viaje y hospedaje y viáticos te pago maduro luego de la cromaste en vivo 😮 en el podcast😅. Deja de mentir a tus suscriptores ya vas muchas veces mintiendo sobre varios temas 😅,2025-11-30T04:32:24Z,2025-11-30T04:34:31Z,3,0,youtube,2026-04-05T13:39:49.982825
2I6B6QSY7AA,Diego Ruzzarin,Conocí al dictador más raro del mundo.,es,Baja,UgxvhyYMp54aJijaiQ14AaABAg,,0,@jkaka4750,Hay denunciare por promocion del terrorismo,2025-11-29T17:08:54Z,2025-11-29T17:08:54Z,4,0,youtube,2026-04-05T13:39:49.982829
2I6B6QSY7AA,Diego Ruzzarin,Conocí al dictador más raro del mundo.,es,Baja,Ugx83pozy3xIplBXW8Z4AaABAg,,0,@PSSICO,"De cuantos millone$$$$  fue este video?? Tengo entendido que ""masBurro"" le paga bien a los ""sicópatas"" quienes lo Defienden$$$$$$$!!!",2025-11-28T20:39:40Z,2025-11-28T20:40:18Z,5,0,youtube,2026-04-05T13:39:49.982833
2I6B6QSY7AA,Diego Ruzzarin,Conocí al dictador más raro del mundo.,es,Baja,UgwWSGl7q48dUsc6jcN4AaABAg,,0,@enriquegalvez2861,"Preguntales a los mas de 8 millones de venezolanos que se han visto obligados a dejar sus casas, sus familias, y a las victimas, de los cientos de familia es de presos politicos, sin duda alguna eres defensor de ABRAZOS NO BALASOS, preguntales la opinion de la corrupcion de lo que defiendes en la hermosura de seguridad de TU Pais, a la vida de Carlos Manso",2025-11-26T16:43:13Z,2025-11-26T16:43:13Z,3,0,youtube,2026-04-05T13:39:49.982837
2I6B6QSY7AA,Diego Ruzzarin,Conocí al dictador más raro del mundo.,es,Baja,UgwR_cP7FPq6-A9ah014AaABAg,,0,@miguelsanchezmtz,Lord Hombre de Paja,2025-11-23T20:13:55Z,2025-11-23T20:13:55Z,3,0,youtube,2026-04-05T13:39:49.982841
2I6B6QSY7AA,Diego Ruzzarin,Conocí al dictador más raro del mundo.,es,Baja,UgyJeiBOkLdCH68bubh4AaABAg,,0,@diegochanamebaca4155,Con un video borró lo que hizo en todo su canal,2025-11-23T18:02:38Z,2025-11-23T18:02:38Z,3,0,youtube,2026-04-05T13:39:49.982845
2I6B6QSY7AA,Diego Ruzzarin,Conocí al dictador más raro del mundo.,es,Baja,UgxhNDR2QMtJ8acAq9x4AaABAg,,0,@berthareyes8768,Tienes que vivir en Venezuela para que tus opiniones den un giro completo,2025-11-23T17:17:58Z,2025-11-23T17:17:58Z,3,1,youtube,2026-04-05T13:39:49.982848
2I6B6QSY7AA,Diego Ruzzarin,Conocí al dictador más raro del mundo.,es,Baja,UgxhNDR2QMtJ8acAq9x4AaABAg.APsZDkWSgcRAQ1cGMOKold,UgxhNDR2QMtJ8acAq9x4AaABAg,1,@sebastianvillavicencio836,o Cuba,2025-11-27T15:05:41Z,2025-11-27T15:05:41Z,0,0,youtube,2026-04-05T13:39:49.982852
2I6B6QSY7AA,Diego Ruzzarin,Conocí al dictador más raro del mundo.,es,Baja,UgyXK6XjxyXslu0fVF94AaABAg,,0,@YeisonSerrano,"10K de bots dándole la razón. Probablemente gente que cobra bonos del gobierno, agachados.
Y mi país cada vez mas y mas en la mielda, quizás nos lo merecemos.",2025-11-23T14:49:51Z,2025-11-23T14:49:51Z,3,0,youtube,2026-04-05T13:39:49.982856
2I6B6QSY7AA,Diego Ruzzarin,Conocí al dictador más raro del mundo.,es,Baja,Ugx3F3kvynLNarKnxZ94AaABAg,,0,@RobertoAdolfoH,"Carlos manzo vive, México no olvida 🇲🇽🫂",2025-11-23T07:13:53Z,2025-11-23T07:13:53Z,3,0,youtube,2026-04-05T13:39:49.982860
2I6B6QSY7AA,Diego Ruzzarin,Conocí al dictador más raro del mundo.,es,Baja,UgyxLBcvEdBsfzLMgrJ4AaABAg,,0,@mckurgan,Este video debería mostrarse en las universidades como ejemplo de la ceguera del fanatismo,2025-11-22T21:24:05Z,2025-11-22T21:24:05Z,4,0,youtube,2026-04-05T13:39:49.982864
2I6B6QSY7AA,Diego Ruzzarin,Conocí al dictador más raro del mundo.,es,Baja,UgyovAcyt8RjCBnX_kB4AaABAg,,0,@edwins2764,"Ok Diego, ¿ y las Actas?.

Aun las siguen esperando.",2025-11-22T17:34:18Z,2025-11-22T17:34:55Z,4,0,youtube,2026-04-05T13:39:49.982867
2I6B6QSY7AA,Diego Ruzzarin,Conocí al dictador más raro del mundo.,es,Baja,UgyUyp_gg4i36iK-sOt4AaABAg,,0,@ROBEERDAVID,Cuanta cocaina le dieron?,2025-11-22T15:10:27Z,2025-11-22T15:10:27Z,4,0,youtube,2026-04-05T13:39:49.982871
2I6B6QSY7AA,Diego Ruzzarin,Conocí al dictador más raro del mundo.,es,Baja,UgxzmVdiJRDHNpbGnqF4AaABAg,,0,@serchroy34,Feliz navidad escoria!,2025-11-21T06:05:02Z,2025-11-21T06:05:02Z,6,0,youtube,2026-04-05T13:39:49.982875
2I6B6QSY7AA,Diego Ruzzarin,Conocí al dictador más raro del mundo.,es,Baja,UgwdzUv6Hlmu3MULqHd4AaABAg,,0,@drxavierbenavides9906,"Dice alguien aue tenga criterio, cuando justo acaba diciendo su libreto que le dejaron",2025-11-20T20:50:00Z,2025-11-20T20:50:00Z,1,0,youtube,2026-04-05T13:39:49.982879
2I6B6QSY7AA,Diego Ruzzarin,Conocí al dictador más raro del mundo.,es,Baja,UgwSebU4n-lr4OX-YEJ4AaABAg,,0,@poporroncio,"Maduro es un crac, pues yo no entiendo por qué le dicen dictador, el mayor demócrata del mundo.😂😂😂",2025-11-20T16:56:30Z,2025-11-20T16:56:30Z,2,0,youtube,2026-04-05T13:39:49.982883
2I6B6QSY7AA,Diego Ruzzarin,Conocí al dictador más raro del mundo.,es,Baja,UgzndNmb47COJQO3LG94AaABAg,,0,@lalomakina7190,Este wey es el clasico charlatan embustero,2025-11-17T16:43:56Z,2025-11-17T16:43:56Z,4,0,youtube,2026-04-05T13:39:49.982887
2I6B6QSY7AA,Diego Ruzzarin,Conocí al dictador más raro del mundo.,es,Baja,UgwuJ684ECvqGurBZsJ4AaABAg,,0,@oleniarojas3747,Por favor quien te va a crecer.    Nadieeeeeee,2025-11-16T19:43:35Z,2025-11-16T19:43:35Z,3,0,youtube,2026-04-05T13:39:49.982890
2I6B6QSY7AA,Diego Ruzzarin,Conocí al dictador más raro del mundo.,es,Baja,UgxuKz6kvUItNI-54Hp4AaABAg,,0,@oleniarojas3747,"Esq ellos perdieron  las votaciones ...quien ganó fue gonzalez urrutia ...
Y no quieren entregar el pais 😮😮😮😮😮😮",2025-11-16T19:42:06Z,2025-11-16T19:42:06Z,2,0,youtube,2026-04-05T13:39:49.982894
2I6B6QSY7AA,Diego Ruzzarin,Conocí al dictador más raro del mundo.,es,Baja,UgzkUdl6yL-7caubVmh4AaABAg,,0,@djgomezm88,"Yo normalmente apoyo a este creador de contenido pero sinceramente en este punto no puedo estar más en desacuerdo, y la razón es muy obvia María Corina apoyo el proceso democratico en Venezuela pero el gobierno de Maduro no respetó el proceso democratico sancionando a candidatos de la oposición hasta que por fin Edmundo logró incribirse contando con el apoyo de María Corina ganar y luego ser desconocido por el gobierno de Maduro al no presentar las actas electorales y exiliar a Edmundo. Entonces no nadie se es un traidor cuando el gobierno no es legítimo y millones de venezolanos que votaron por Edmundo y que están artados de Maduro no ven esperanza atravez del cambio democrático si no a través de la intervención de los EEUU pero la prefieren a continuar Maduro lo que resulta siendo el mal menor. Lo siento pero no sé puede justificar lo injusficable posponiendo la voluntad del pueblo venezolano por encima de la opinión de la alineación ideológica.",2025-11-14T19:55:16Z,2025-11-14T19:55:16Z,3,0,youtube,2026-04-05T13:39:49.982898
2I6B6QSY7AA,Diego Ruzzarin,Conocí al dictador más raro del mundo.,es,Baja,UgxBcjsWE-J3hD95OAx4AaABAg,,0,@luisprada1121,De verdad que eres un lame botas del dictador camino la caye del pueblo sin estar rodeado de la gente del gobierno y veras la realidad de la gente,2025-11-12T18:47:29Z,2025-11-12T18:47:29Z,3,0,youtube,2026-04-05T13:39:49.982902
2I6B6QSY7AA,Diego Ruzzarin,Conocí al dictador más raro del mundo.,es,Baja,UgwsHJIhX7oTXci4knp4AaABAg,,0,@cami2485,Payaso de la izquierda 😂,2025-11-10T01:10:09Z,2025-11-10T01:10:09Z,1,0,youtube,2026-04-05T13:39:49.982906
2I6B6QSY7AA,Diego Ruzzarin,Conocí al dictador más raro del mundo.,es,Baja,Ugz6xMH4sLn1pij8mjx4AaABAg,,0,@pabloefrainortegaortega4889,La única forma de que esté pseudo filósofo le gana al capitalismo es debatiendo con el mamaster Muñoz,2025-11-10T01:08:00Z,2025-11-10T01:08:00Z,2,0,youtube,2026-04-05T13:39:49.982909
2I6B6QSY7AA,Diego Ruzzarin,Conocí al dictador más raro del mundo.,es,Baja,Ugy9mC73q1dAq1oRb4B4AaABAg,,0,@victorlobo240,En 2025 y sigo sintiéndome decepcionado,2025-11-09T20:26:54Z,2025-11-09T20:26:54Z,1,0,youtube,2026-04-05T13:39:49.982913
2I6B6QSY7AA,Diego Ruzzarin,Conocí al dictador más raro del mundo.,es,Baja,UgxI_TCSriGbzM13_714AaABAg,,0,@Insertname2010,Y pensar que varios parientes veían tus videos.,2025-11-09T20:26:48Z,2025-11-09T20:26:48Z,1,0,youtube,2026-04-05T13:39:49.982917
2I6B6QSY7AA,Diego Ruzzarin,Conocí al dictador más raro del mundo.,es,Baja,UgzzATmvzpnD43WI1MR4AaABAg,,0,@victorlobo240,"Que vergüenza Ruzzarin la soberbia cesga tu visión, el exceso de sobre pensamiento crítico el de argumentar todo, porque si el materialismo para ti es ley, que vergüenza das",2025-11-09T20:25:57Z,2025-11-09T20:25:57Z,1,0,youtube,2026-04-05T13:39:49.982921
2I6B6QSY7AA,Diego Ruzzarin,Conocí al dictador más raro del mundo.,es,Baja,UgzN0-_z49GkVVh2LTJ4AaABAg,,0,@LFR3D0,Defendes a maduro???? Jajaja pense q este muchacho era una persona seri...bien por ti señor todos tienen derecho de meter la caveza en el ano del buey q quiera.,2025-11-09T15:36:21Z,2025-11-09T15:36:21Z,1,0,youtube,2026-04-05T13:39:49.982925
2I6B6QSY7AA,Diego Ruzzarin,Conocí al dictador más raro del mundo.,es,Baja,UgzspxaXOzxuA285pWV4AaABAg,,0,@TERCOYNECIO,quien comprara sus libros basura?,2025-11-08T18:59:50Z,2025-11-08T18:59:50Z,4,0,youtube,2026-04-05T13:39:49.982929
2I6B6QSY7AA,Diego Ruzzarin,Conocí al dictador más raro del mundo.,es,Baja,UgxkQVF8gU78-NqOa4Z4AaABAg,,0,@rogercoloniauribe7962,"Anda a vivir ahí Dieguito, si tanto te gusta jajaja. Claro ejemplo de que la intelectualidad no es lo mismo que la inteligencia.",2025-11-08T08:15:38Z,2025-11-08T08:15:38Z,1,0,youtube,2026-04-05T13:39:49.982933
2I6B6QSY7AA,Diego Ruzzarin,Conocí al dictador más raro del mundo.,es,Baja,UgyVV6YmRoPaeicxQnp4AaABAg,,0,@lorkayzer2161,"Pura mierda, como puedes defender a Maduro?",2025-11-07T23:19:36Z,2025-11-07T23:19:36Z,3,0,youtube,2026-04-05T13:39:49.982937
2I6B6QSY7AA,Diego Ruzzarin,Conocí al dictador más raro del mundo.,es,Baja,Ugyu0Aw7yWQkrshZaFR4AaABAg,,0,@justbarkloke5601,Que le pasa a este tipoooo,2025-11-07T17:49:12Z,2025-11-07T17:49:12Z,5,0,youtube,2026-04-05T13:39:49.982941
2I6B6QSY7AA,Diego Ruzzarin,Conocí al dictador más raro del mundo.,es,Baja,UgzRxV2s1-b6-rMDv814AaABAg,,0,@Mel-sto0p,mmgbo,2025-11-07T16:05:57Z,2025-11-07T16:05:57Z,1,0,youtube,2026-04-05T13:39:49.982945
2I6B6QSY7AA,Diego Ruzzarin,Conocí al dictador más raro del mundo.,es,Baja,UgxGdNRrwzl6fWNkoVd4AaABAg,,0,@untipocualquiera781,La miniatura de este video estaba en tantas páginas de memes que tenia que venir a comprobarlo jajajaja nmms como vas a defender a maduro Literalmente hasta saludaban al hitl..,2025-11-07T14:40:30Z,2025-11-07T14:40:30Z,4,0,youtube,2026-04-05T13:39:49.982948
2I6B6QSY7AA,Diego Ruzzarin,Conocí al dictador más raro del mundo.,es,Baja,UgxOwmXzxxud9ccb27t4AaABAg,,0,@andresfernandez5035,"0:38 ¿De verdad crees que Maduro no es dictador, por que la gente sale a saludarlo? De ser así entonces Pinochet en Chile nunca fue un dictador, por esa lógica tampoco Hitler.  Todo dictador SIEMPRE tiene un sequito de lamebotas que lo van a seguir hasta el final y esos son, precisamente, los que les celebran todas las payasadas.
Diría que es una lógica bastante ingenua digna de un niño, pero se ve que tienes mas de 30 años, así que creo que es solo estupidez o pero aun, no reconocer lo evidente por que no te conviene.",2025-11-07T01:41:05Z,2025-11-07T01:41:05Z,4,0,youtube,2026-04-05T13:39:49.982952
2I6B6QSY7AA,Diego Ruzzarin,Conocí al dictador más raro del mundo.,es,Baja,Ugy3Ziwm9jawGG2Jww94AaABAg,,0,@carlosparra7665,Un payaso es lo que eres.  Que barrio pobre o popular visitaste en venezuela.??,2025-11-05T00:24:10Z,2025-11-05T00:24:10Z,6,0,youtube,2026-04-05T13:39:49.982956
2I6B6QSY7AA,Diego Ruzzarin,Conocí al dictador más raro del mundo.,es,Baja,UgwkLHAadY6NBDxbxQ94AaABAg,,0,@ridesmontana4985,"Que onda con tu vídeo Diego no mames, tu y Laje están iguales.",2025-11-03T04:12:12Z,2025-11-03T04:12:12Z,1,0,youtube,2026-04-05T13:39:49.982960
2I6B6QSY7AA,Diego Ruzzarin,Conocí al dictador más raro del mundo.,es,Baja,UgwKfXyNce2zPmzYJSZ4AaABAg,,0,@FelipeMarcosTorres,"Por eso no sigo a este wey, porque habla pura mmd",2025-11-03T03:01:43Z,2025-11-03T03:01:43Z,7,0,youtube,2026-04-05T13:39:49.982964
2I6B6QSY7AA,Diego Ruzzarin,Conocí al dictador más raro del mundo.,es,Baja,UgwJrOWcMqjv7G8YtlB4AaABAg,,0,@bayronandres4488,Man encerio creen que esta persona es inteligente?,2025-11-02T16:01:21Z,2025-11-02T16:01:21Z,7,0,youtube,2026-04-05T13:39:49.982968
2I6B6QSY7AA,Diego Ruzzarin,Conocí al dictador más raro del mundo.,es,Baja,UgyhNnxgNepML7cx_ut4AaABAg,,0,@aliciavaldelomar3984,"SON TÁCTICAS 
POR FAVORRRR",2025-11-02T12:24:34Z,2025-11-02T12:24:34Z,2,0,youtube,2026-04-05T13:39:49.982974
2I6B6QSY7AA,Diego Ruzzarin,Conocí al dictador más raro del mundo.,es,Baja,Ugyo4d34LfC1eVJWkLJ4AaABAg,,0,@maruorteg8141,te creo,2025-10-31T05:50:42Z,2025-10-31T05:50:42Z,1,0,youtube,2026-04-05T13:39:49.982977
2I6B6QSY7AA,Diego Ruzzarin,Conocí al dictador más raro del mundo.,es,Baja,UgzdpQl4dobfcqxaMSB4AaABAg,,0,@Nokard,"Nada mas con el ratio de dislikes se me quito lo enojado, haras tu vida de engañar a estupidos pero la realidad es que nada mas eres un muchachito pequeño, con muchos problemas de envidia, y tu unico talento es este, chillar en un medio hecho por el capitalismo y cobrando tu dinerito de la manera mas capitalista posible. Y ahi te quedaras para siempre.",2025-10-30T16:50:37Z,2025-10-30T16:50:37Z,8,0,youtube,2026-04-05T13:39:49.982983
2I6B6QSY7AA,Diego Ruzzarin,Conocí al dictador más raro del mundo.,es,Baja,UgxUbAD40OpOMBhOo794AaABAg,,0,@winne5091,bro.... que bajo cayo,2025-10-29T18:15:29Z,2025-10-29T18:15:29Z,1,0,youtube,2026-04-05T13:39:49.982987
2I6B6QSY7AA,Diego Ruzzarin,Conocí al dictador más raro del mundo.,es,Baja,UgxmBRPqkPlr63mvPAJ4AaABAg,,0,@EduardoGaticaLópez-t4d,"Das vergüenza. Te quejas de los vendehúmos y de la gente que estafa a las personas, pero tú hiciste algo mucho peor: le diste publicidad a un asesino. No solo robaste a los venezolanos porque el dinero que te pagó Maduro no es suyo, sino de Venezuela, sino que además apoyaste a un asesino, a un dictador, a alguien que en el fondo sabes que es un estúpido y que jamás tendría la suficiente inteligencia para liderar un país.

Tal vez intentas justificarte con tu frase de que “un dictador bueno puede ser mejor que un país con democracia”, pero este no es el caso. Defendiste al dictador más estúpido, corrupto, cruel e irresponsable. Das vergüenza, Diego, y espero que pagues por todo el daño que estás causando. No entiendo cómo puedes vivir contigo mismo. Sin duda, llegarás al futuro con mucha vergüenza. Eres una mala persona. Vendiste el ano bien barato.",2025-10-28T04:26:12Z,2025-10-28T04:26:12Z,6,0,youtube,2026-04-05T13:39:49.982991
2I6B6QSY7AA,Diego Ruzzarin,Conocí al dictador más raro del mundo.,es,Baja,UgxNXZR2ql5cWpaBZX14AaABAg,,0,@z46642,🫵🐷🫵🐷🫵🐷🫵🐷,2025-10-27T22:39:19Z,2025-10-27T22:39:19Z,1,0,youtube,2026-04-05T13:39:49.982994
2I6B6QSY7AA,Diego Ruzzarin,Conocí al dictador más raro del mundo.,es,Baja,UgxCHkmScjzji04DEqh4AaABAg,,0,@rodrigoalbizo6895,Vengo de ver el nuevo video de dross que habla del iceberg chavista y es una verguenza tratar de defender a estos delincuentes.,2025-10-24T16:39:16Z,2025-11-07T16:48:53Z,2,0,youtube,2026-04-05T13:39:49.982998
2I6B6QSY7AA,Diego Ruzzarin,Conocí al dictador más raro del mundo.,es,Baja,UgxhZosu3GUg_8vyw794AaABAg,,0,@JAIMELOPEZ-id7hh,"Y ahora en 2025, quien diría, jajajja payaso",2025-10-22T22:38:08Z,2025-10-22T22:38:08Z,1,0,youtube,2026-04-05T13:39:49.983002
2I6B6QSY7AA,Diego Ruzzarin,Conocí al dictador más raro del mundo.,es,Baja,UgzvQrXHwJESvOxDKoN4AaABAg,,0,@sinideologia,Que Bien Hablas!,2025-10-19T18:59:27Z,2025-10-19T18:59:27Z,0,0,youtube,2026-04-05T13:39:49.983006
2I6B6QSY7AA,Diego Ruzzarin,Conocí al dictador más raro del mundo.,es,Baja,Ugx_ci6RlOu3D9CJ2AB4AaABAg,,0,@ochoseis7049,Pero dinos cuanto te pagaron??,2025-10-18T13:25:38Z,2025-10-18T13:25:38Z,1,0,youtube,2026-04-05T13:39:49.983010
2I6B6QSY7AA,Diego Ruzzarin,Conocí al dictador más raro del mundo.,es,Baja,Ugy5LZLdnaPIbnZsbJN4AaABAg,,0,@sebastianvillavicencio836,27.002 DISlikes,2025-10-17T20:55:15Z,2025-10-17T20:55:15Z,5,0,youtube,2026-04-05T13:39:49.983013
2I6B6QSY7AA,Diego Ruzzarin,Conocí al dictador más raro del mundo.,es,Baja,UgxjjTfOsVzeflIzmJV4AaABAg,,0,@JoseMeneses-y7j,Este tipo no sabe nada.,2025-10-17T18:43:34Z,2025-10-17T18:43:34Z,3,0,youtube,2026-04-05T13:39:49.983017
2I6B6QSY7AA,Diego Ruzzarin,Conocí al dictador más raro del mundo.,es,Baja,Ugwy13HQBCeNKvL6F3p4AaABAg,,0,@diegongonzalez3230,Cromadon,2025-10-17T16:21:17Z,2025-10-17T16:21:17Z,3,0,youtube,2026-04-05T13:39:49.983021
2I6B6QSY7AA,Diego Ruzzarin,Conocí al dictador más raro del mundo.,es,Baja,UgwgBrEmI4XLeBU04Ip4AaABAg,,0,@c3sar49,P A T É T I C O,2025-10-15T03:44:37Z,2025-10-15T03:44:37Z,4,0,youtube,2026-04-05T13:39:49.983025
2I6B6QSY7AA,Diego Ruzzarin,Conocí al dictador más raro del mundo.,es,Baja,Ugw9rMI7dS2TZ1V-BzB4AaABAg,,0,@hugoaldermoisesojedacabral4007,"El Dr. Polo Guerrero se vendió por 40 mil pesos para hablar mal de una bebida energética ""Electrolict""; hago este comentario nomás para demostrar los niveles de cinismo de los influencers que pueden llegar, en especial cuando se trata de algo importante como la SALUD.",2025-10-11T04:25:56Z,2025-10-11T04:25:56Z,3,0,youtube,2026-04-05T13:39:49.983028
2I6B6QSY7AA,Diego Ruzzarin,Conocí al dictador más raro del mundo.,es,Baja,Ugx9noVa013eWoI_On94AaABAg,,0,@betorivero78,"Si lo hiciste gratis que estupidez, si te gusto tanto Venezuela quédate allá.........",2025-10-09T13:31:44Z,2025-10-09T13:32:04Z,5,1,youtube,2026-04-05T13:39:49.983032
2I6B6QSY7AA,Diego Ruzzarin,Conocí al dictador más raro del mundo.,es,Baja,Ugx9noVa013eWoI_On94AaABAg.AO3HZNTpuo9AOOfpN3-rST,Ugx9noVa013eWoI_On94AaABAg,1,@sebastianvillavicencio836,le pagaron y mucho,2025-10-17T20:56:34Z,2025-10-17T20:56:34Z,1,0,youtube,2026-04-05T13:39:49.983036
2I6B6QSY7AA,Diego Ruzzarin,Conocí al dictador más raro del mundo.,es,Baja,UgwLGHIAnlFDEyscNOZ4AaABAg,,0,@gabrielgonzalez-ob2eo,Se que algun día te iras al infierno,2025-10-08T15:11:43Z,2025-10-08T15:11:43Z,3,0,youtube,2026-04-05T13:39:49.983039
