video_id,canal,tema,idioma_estimado,prioridad,comment_id,parent_id,is_reply,author_display_name,text_original,published_at,updated_at,like_count,reply_count,source_platform,downloaded_at
_he3Z-xUr3g,Los Progreñecos,"
¿Está el mantero de Podemos por encima de la ley?, pero explicado con teleñecos",es,Media,UgzhBK-MaxY-mYtpzFt4AaABAg,,0,@maribelcoviedo9180,Tiene razón él y muchos sinvergüenzas y delincuentes como él seguirán victimizandose y riéndose de nosotros mientras no dejemos de ser gilipollas y consintamos q está gentuza nos toreen,2026-04-05T16:52:06Z,2026-04-05T16:52:06Z,0,0,youtube,2026-04-05T13:39:41.698907
_he3Z-xUr3g,Los Progreñecos,"
¿Está el mantero de Podemos por encima de la ley?, pero explicado con teleñecos",es,Media,UgwkqsAMtI6YsrgCPKJ4AaABAg,,0,@ramamacari,"Estimados progreñecos, hacéis un trabajo estupendo retratando la sociedad actual. Comentar la teoría de la estupidez de Dietrich, igual ayudaba a alguno a verse reflejado…Segurísimo que la conocéis. Un saludo y gracias por vuestro trabajo !!!",2026-04-05T12:23:25Z,2026-04-05T12:23:25Z,0,0,youtube,2026-04-05T13:39:41.698925
_he3Z-xUr3g,Los Progreñecos,"
¿Está el mantero de Podemos por encima de la ley?, pero explicado con teleñecos",es,Media,Ugziit_vYMjKq0xzz394AaABAg,,0,@avelinomartinnogales8901,Cada vez os estáis superando a la realidad total😅😅,2026-04-04T16:21:26Z,2026-04-04T16:21:26Z,0,0,youtube,2026-04-05T13:39:41.698931
_he3Z-xUr3g,Los Progreñecos,"
¿Está el mantero de Podemos por encima de la ley?, pero explicado con teleñecos",es,Media,UgzIvHysDy3ignJLk7d4AaABAg,,0,@MeliCordero-w4v,Pregunta ¿por ser blanca no pertenezco a ninguna raza? 😮,2026-04-04T09:51:43Z,2026-04-04T09:51:43Z,0,0,youtube,2026-04-05T13:39:41.698936
_he3Z-xUr3g,Los Progreñecos,"
¿Está el mantero de Podemos por encima de la ley?, pero explicado con teleñecos",es,Media,UgzDNFbdNVObjXhkStF4AaABAg,,0,@Kawaii-vh7xw,Cuando salga Óscar puente ponle como un mono,2026-04-03T12:18:19Z,2026-04-03T12:18:19Z,0,0,youtube,2026-04-05T13:39:41.698940
_he3Z-xUr3g,Los Progreñecos,"
¿Está el mantero de Podemos por encima de la ley?, pero explicado con teleñecos",es,Media,UgyeatVLgzbRmj3HZch4AaABAg,,0,@Kawaii-vh7xw,La voz que le has puesto al negro me recuerda un poco a la de un tío blanco hetero,2026-04-03T12:17:55Z,2026-04-03T12:17:55Z,0,0,youtube,2026-04-05T13:39:41.698946
_he3Z-xUr3g,Los Progreñecos,"
¿Está el mantero de Podemos por encima de la ley?, pero explicado con teleñecos",es,Media,Ugx74asq1WsPBcc19kZ4AaABAg,,0,@Punto-g6q,"Hola progresemos deberíais hacer un video sobre, musulmán el que no bote, que toda la prensa palanganero de izquierdas y tambien de derechas ha hecho tanto ruido, mientras vemos como nos invaden, insultan constantemente a España, su bandera, su himno y la religión católica y nadie dice nada.",2026-04-02T11:39:41Z,2026-04-02T11:39:41Z,0,0,youtube,2026-04-05T13:39:41.698950
_he3Z-xUr3g,Los Progreñecos,"
¿Está el mantero de Podemos por encima de la ley?, pero explicado con teleñecos",es,Media,Ugxi98RlXxE_qSlpNgN4AaABAg,,0,@javirodriguez2342,"España ya esta perdida, que pena, o espabilamos, o desaparecemos.",2026-04-02T07:31:43Z,2026-04-02T07:31:43Z,0,0,youtube,2026-04-05T13:39:41.698955
_he3Z-xUr3g,Los Progreñecos,"
¿Está el mantero de Podemos por encima de la ley?, pero explicado con teleñecos",es,Media,UgxT9xJqQt4gGQbd31F4AaABAg,,0,@errante9238,"A título personal, quemaría su DNI, lo desnudaría, y lo metería de vuelta en otra patera con una botella de agua y una brújula 😂",2026-04-02T06:53:51Z,2026-04-02T06:53:51Z,0,0,youtube,2026-04-05T13:39:41.698960
_he3Z-xUr3g,Los Progreñecos,"
¿Está el mantero de Podemos por encima de la ley?, pero explicado con teleñecos",es,Media,UgwsJ0dosIrJiFMttkJ4AaABAg,,0,@RafaelBallesteros-l4p,"El inframundo de las cloacas del estado con sus recovecos y salas secretas se han encendido las luces y un zumbido creciente suena algo se ha puesto en marcha,y no es bueno para nadie",2026-04-01T14:16:26Z,2026-04-01T14:16:26Z,0,0,youtube,2026-04-05T13:39:41.698965
_he3Z-xUr3g,Los Progreñecos,"
¿Está el mantero de Podemos por encima de la ley?, pero explicado con teleñecos",es,Media,UgzYCJPr0cwqOiqaiLZ4AaABAg,,0,@juancarlospascualperez,Que fuerte. Parece el mundo al revés😨,2026-04-01T12:39:37Z,2026-04-01T12:39:37Z,2,0,youtube,2026-04-05T13:39:41.698969
_he3Z-xUr3g,Los Progreñecos,"
¿Está el mantero de Podemos por encima de la ley?, pero explicado con teleñecos",es,Media,UgzwYp4ueyMPro0VbCl4AaABAg,,0,@juancarlospascualperez,¿Te entegaste el caso de Noelia Castillo? ¿Crees que hubo influencias para llegar ha este extremo pese que a ella estaba bien y puede andar aunque con dificultad según algunos videos que se publicó? ¿Podías hacer un video contando de este tema de la eutanasia embasando el caso ese que convonío a toda España y Europa?,2026-04-01T12:38:03Z,2026-04-01T12:38:41Z,1,0,youtube,2026-04-05T13:39:41.698973
_he3Z-xUr3g,Los Progreñecos,"
¿Está el mantero de Podemos por encima de la ley?, pero explicado con teleñecos",es,Media,UgwtxPpZ_gPHvNyIX0x4AaABAg,,0,@germdz,Excelente como siempre,2026-03-31T11:45:32Z,2026-03-31T11:45:32Z,1,0,youtube,2026-04-05T13:39:41.698978
_he3Z-xUr3g,Los Progreñecos,"
¿Está el mantero de Podemos por encima de la ley?, pero explicado con teleñecos",es,Media,UgwmoLLXULo7pDlECw14AaABAg,,0,@mariaj.martinez4342,"Menudo ridículo que han hecho los de podemos... nobhan pasado 5 minutos de la detención a la campaña mediática de los podemongers. 
De verdad cuánto más hay que aguantar a esta gentuza que no hacen nada bueno a la sociedad.

Por cierto, os he descubierto hace pocos días, sois GENIALES. 
Gracias por contar las cosas de esta manera tan especial.
Suerte y Viva España Libre",2026-03-31T08:08:02Z,2026-03-31T08:09:27Z,2,0,youtube,2026-04-05T13:39:41.698983
_he3Z-xUr3g,Los Progreñecos,"
¿Está el mantero de Podemos por encima de la ley?, pero explicado con teleñecos",es,Media,UgxlQmSwkKt3edkTbat4AaABAg,,0,@BadBoy-fq6yf,"No solo que es mantero, sino que es  narco.",2026-03-31T03:21:44Z,2026-03-31T03:21:44Z,1,0,youtube,2026-04-05T13:39:41.698988
_he3Z-xUr3g,Los Progreñecos,"
¿Está el mantero de Podemos por encima de la ley?, pero explicado con teleñecos",es,Media,Ugy2QjBLHo7S_sxDxC94AaABAg,,0,@BadBoy-fq6yf,"Racismo es cuando un delincuente negro sale libre, mientras sus compinches no negros siguen en la carcel.",2026-03-31T03:20:21Z,2026-03-31T03:20:21Z,1,0,youtube,2026-04-05T13:39:41.698992
_he3Z-xUr3g,Los Progreñecos,"
¿Está el mantero de Podemos por encima de la ley?, pero explicado con teleñecos",es,Media,UgwjoOm7KRy7m3dzoTh4AaABAg,,0,@Stereo4102,"Progreñecos, les tengo otro material: Alegadamente Pedro Sánchez mandó a cerrar el espacio aéreo español a los vuelos militares de Estados Unidos por su guerra contra Irán. ¿Qué creen de eso?",2026-03-30T20:10:31Z,2026-03-30T20:10:31Z,1,0,youtube,2026-04-05T13:39:41.698997
_he3Z-xUr3g,Los Progreñecos,"
¿Está el mantero de Podemos por encima de la ley?, pero explicado con teleñecos",es,Media,UgzcIisvm8peUTfE4GB4AaABAg,,0,@RaquelDuránChico,"Menos mal que había vídeos, olé 👏👏👏 por la actuación policial ❤❤❤",2026-03-30T17:59:55Z,2026-03-30T17:59:55Z,1,0,youtube,2026-04-05T13:39:41.699002
_he3Z-xUr3g,Los Progreñecos,"
¿Está el mantero de Podemos por encima de la ley?, pero explicado con teleñecos",es,Media,UgzGg2RIdJJvrzGY5GR4AaABAg,,0,@NickCosta625,Top manta a su país,2026-03-30T12:25:26Z,2026-03-30T12:25:26Z,1,0,youtube,2026-04-05T13:39:41.699006
_he3Z-xUr3g,Los Progreñecos,"
¿Está el mantero de Podemos por encima de la ley?, pero explicado con teleñecos",es,Media,UgxKa9b_NHR5aOEmNGJ4AaABAg,,0,@Alex-fn8cl,Soy el unico que ve estos videos por los muñecos que por la politica,2026-03-30T10:55:11Z,2026-03-30T10:55:11Z,1,0,youtube,2026-04-05T13:39:41.699011
_he3Z-xUr3g,Los Progreñecos,"
¿Está el mantero de Podemos por encima de la ley?, pero explicado con teleñecos",es,Media,UgxRviXc3L43Ydjg5QV4AaABAg,,0,@Santiago.Rudenko2010,Así va España con estos victimistas,2026-03-30T09:43:11Z,2026-03-30T09:43:11Z,1,0,youtube,2026-04-05T13:39:41.699015
_he3Z-xUr3g,Los Progreñecos,"
¿Está el mantero de Podemos por encima de la ley?, pero explicado con teleñecos",es,Media,UgyS4qXtOMC8cY2qnLN4AaABAg,,0,@cucomatraca,"Está muy claro, la culpa es del Mercadona y de sus clientes, que premeditadamente aparcan cerca 😂",2026-03-30T08:30:30Z,2026-03-30T08:30:30Z,0,0,youtube,2026-04-05T13:39:41.699020
_he3Z-xUr3g,Los Progreñecos,"
¿Está el mantero de Podemos por encima de la ley?, pero explicado con teleñecos",es,Media,UgzV4e6Wz4irOpCBbnd4AaABAg,,0,@Pelmazotte,"Un ICE es lo que necesitamos en España, que vayan pillando a todos los ilegales por la calle y los larguen a su país",2026-03-30T07:07:19Z,2026-03-30T07:07:19Z,0,0,youtube,2026-04-05T13:39:41.699024
_he3Z-xUr3g,Los Progreñecos,"
¿Está el mantero de Podemos por encima de la ley?, pero explicado con teleñecos",es,Media,UgymqSXv8EStq9TP2fB4AaABAg,,0,@ananiascohen5458,Ya fue aprobada esa ley homofóbica.,2026-03-30T00:16:06Z,2026-03-30T00:16:06Z,0,0,youtube,2026-04-05T13:39:41.699028
_he3Z-xUr3g,Los Progreñecos,"
¿Está el mantero de Podemos por encima de la ley?, pero explicado con teleñecos",es,Media,Ugxki6v4pPH8qVIyh0x4AaABAg,,0,@LuisFernandez-ib6sq,Tiene suerte de no haber sucedido en EE.UU.,2026-03-29T18:48:04Z,2026-03-29T18:48:04Z,1,0,youtube,2026-04-05T13:39:41.699033
_he3Z-xUr3g,Los Progreñecos,"
¿Está el mantero de Podemos por encima de la ley?, pero explicado con teleñecos",es,Media,UgwHXpBmLhhrHnOaQOx4AaABAg,,0,@lidiaRios-f2i,Pero si ha venido a brillar y a contribuir!!!!,2026-03-29T18:18:02Z,2026-03-29T18:18:02Z,2,0,youtube,2026-04-05T13:39:41.699038
_he3Z-xUr3g,Los Progreñecos,"
¿Está el mantero de Podemos por encima de la ley?, pero explicado con teleñecos",es,Media,UgyBBRMFDsIkd_uPw9R4AaABAg,,0,@MarcosRamius-i2t,Devuelvan a la gente negra a su lugar de origen: Africa.,2026-03-29T14:48:56Z,2026-03-29T14:48:56Z,0,0,youtube,2026-04-05T13:39:41.699042
_he3Z-xUr3g,Los Progreñecos,"
¿Está el mantero de Podemos por encima de la ley?, pero explicado con teleñecos",es,Media,UgxxwJSjQMkgcwni8rV4AaABAg,,0,@wunderpu,Otro Sarito ? 😂😅,2026-03-29T14:25:42Z,2026-03-29T14:25:42Z,0,0,youtube,2026-04-05T13:39:41.699047
_he3Z-xUr3g,Los Progreñecos,"
¿Está el mantero de Podemos por encima de la ley?, pero explicado con teleñecos",es,Media,Ugzv0FzbC6p1cC7S-QN4AaABAg,,0,@amadoobesoquintanal4086,"Muy buen canal donde podemos vernos mejor reflejados, aunque desgraciadamente solo es un sueño. Vox es la solución.",2026-03-29T12:13:30Z,2026-03-29T12:13:30Z,0,0,youtube,2026-04-05T13:39:41.699051
_he3Z-xUr3g,Los Progreñecos,"
¿Está el mantero de Podemos por encima de la ley?, pero explicado con teleñecos",es,Media,Ugw_V32NSO-N8Bs7RVh4AaABAg,,0,@FenixLegacy,"Es curioso como este pais nos la mete por todos lados a los ciudadianos de bien pero a los que son manifiestamente criminales la policia no los puede ni tocar, efectivamente somos gilipollas",2026-03-29T12:11:28Z,2026-03-29T12:11:28Z,0,1,youtube,2026-04-05T13:39:41.699056
_he3Z-xUr3g,Los Progreñecos,"
¿Está el mantero de Podemos por encima de la ley?, pero explicado con teleñecos",es,Media,Ugw_V32NSO-N8Bs7RVh4AaABAg.AUwSJ5WpzyaAUwh90mEJ2D,Ugw_V32NSO-N8Bs7RVh4AaABAg,1,@LosProgreñecos,Así estamos,2026-03-29T14:29:54Z,2026-03-29T14:29:54Z,0,0,youtube,2026-04-05T13:39:41.699062
_he3Z-xUr3g,Los Progreñecos,"
¿Está el mantero de Podemos por encima de la ley?, pero explicado con teleñecos",es,Media,UgzNTCrPfFFaHB5Cb7F4AaABAg,,0,@amparoblayalabarta8764,A su país todos por la vía rápida.,2026-03-29T11:34:07Z,2026-03-29T11:34:07Z,3,0,youtube,2026-04-05T13:39:41.699067
_he3Z-xUr3g,Los Progreñecos,"
¿Está el mantero de Podemos por encima de la ley?, pero explicado con teleñecos",es,Media,Ugx-0EIAp0Kgs-QklZR4AaABAg,,0,@Jose-e4m7u,POR ESTO LA MEJOR SOLUCIÓN EN ESPAÑA ES UNAS DEPORTACIONES MASIVAS YAAAAA.,2026-03-29T10:31:59Z,2026-03-29T10:31:59Z,0,0,youtube,2026-04-05T13:39:41.699072
_he3Z-xUr3g,Los Progreñecos,"
¿Está el mantero de Podemos por encima de la ley?, pero explicado con teleñecos",es,Media,UgymE2EyPgS0ocPjnRB4AaABAg,,0,@cancelame_esta_rojo,"ajajaja Arroyo no vuelve a Perú,  porque acaba presa, ajajajaj",2026-03-29T10:13:37Z,2026-03-29T10:13:37Z,2,0,youtube,2026-04-05T13:39:41.699077
_he3Z-xUr3g,Los Progreñecos,"
¿Está el mantero de Podemos por encima de la ley?, pero explicado con teleñecos",es,Media,UgxcEKOCN1nYMbbDWMV4AaABAg,,0,@gabrielamartinez2337,"Tercer mundo, tercer mundo y tercer mundo.",2026-03-29T07:04:51Z,2026-03-29T07:04:51Z,1,0,youtube,2026-04-05T13:39:41.699081
_he3Z-xUr3g,Los Progreñecos,"
¿Está el mantero de Podemos por encima de la ley?, pero explicado con teleñecos",es,Media,Ugy53CuohZKA9HcW3QZ4AaABAg,,0,@maeeeeeemiaaaaa,El sí que es racista.,2026-03-29T06:58:34Z,2026-03-29T06:58:34Z,1,1,youtube,2026-04-05T13:39:41.699086
_he3Z-xUr3g,Los Progreñecos,"
¿Está el mantero de Podemos por encima de la ley?, pero explicado con teleñecos",es,Media,Ugy53CuohZKA9HcW3QZ4AaABAg.AUvtVGliwNpAUwB8S7Mhuk,Ugy53CuohZKA9HcW3QZ4AaABAg,1,@LosProgreñecos,Completamente,2026-03-29T09:41:28Z,2026-03-29T09:41:28Z,1,0,youtube,2026-04-05T13:39:41.699090
_he3Z-xUr3g,Los Progreñecos,"
¿Está el mantero de Podemos por encima de la ley?, pero explicado con teleñecos",es,Media,Ugzf5eBnti9YXzy-w854AaABAg,,0,@gustafabian,"Me causa gracia, cuando dicen represión.  Siguen sin entender el significado de la palabra,  que la represión es porque estan rompiendo el orden ya que si harían las cosas bien nadie los reprimiria.
Y acá en Argentina todavía seguimos padeciendo de esta gente violenta😢",2026-03-29T06:49:02Z,2026-03-29T06:49:02Z,0,1,youtube,2026-04-05T13:39:41.699095
_he3Z-xUr3g,Los Progreñecos,"
¿Está el mantero de Podemos por encima de la ley?, pero explicado con teleñecos",es,Media,Ugzf5eBnti9YXzy-w854AaABAg.AUvsPSV-NCcAUwBIyxi6cH,Ugzf5eBnti9YXzy-w854AaABAg,1,@LosProgreñecos,Toca recuperar nuestros países,2026-03-29T09:42:54Z,2026-03-29T09:42:54Z,1,0,youtube,2026-04-05T13:39:41.699099
_he3Z-xUr3g,Los Progreñecos,"
¿Está el mantero de Podemos por encima de la ley?, pero explicado con teleñecos",es,Media,UgytUfI3G4l-dBj2bp94AaABAg,,0,@felipegp6481,Que da igual!! El que no quiere ver la verdad está corrompido y no le interesa.,2026-03-29T02:15:12Z,2026-03-29T02:15:12Z,0,0,youtube,2026-04-05T13:39:41.699103
_he3Z-xUr3g,Los Progreñecos,"
¿Está el mantero de Podemos por encima de la ley?, pero explicado con teleñecos",es,Media,UgzEK-iuEb6vJZdGRRR4AaABAg,,0,@ManolodePirovano,La producción de estos videos son excelentes y de una gran calidad en sus mensajes,2026-03-29T01:48:20Z,2026-03-29T01:48:20Z,1,1,youtube,2026-04-05T13:39:41.699108
_he3Z-xUr3g,Los Progreñecos,"
¿Está el mantero de Podemos por encima de la ley?, pero explicado con teleñecos",es,Media,UgzEK-iuEb6vJZdGRRR4AaABAg.AUvL-6FTk50AUw93LTgkdw,UgzEK-iuEb6vJZdGRRR4AaABAg,1,@LosProgreñecos,😉💪🏻 Gracias!,2026-03-29T09:23:18Z,2026-03-29T09:23:18Z,0,0,youtube,2026-04-05T13:39:41.699112
_he3Z-xUr3g,Los Progreñecos,"
¿Está el mantero de Podemos por encima de la ley?, pero explicado con teleñecos",es,Media,UgwsiMrQ7M4x1tRMbbF4AaABAg,,0,@oscarcurras7367,Gracias.,2026-03-29T00:49:42Z,2026-03-29T00:49:42Z,0,1,youtube,2026-04-05T13:39:41.699116
_he3Z-xUr3g,Los Progreñecos,"
¿Está el mantero de Podemos por encima de la ley?, pero explicado con teleñecos",es,Media,UgwsiMrQ7M4x1tRMbbF4AaABAg.AUvEHfG_2mtAUw9Pm3AhVw,UgwsiMrQ7M4x1tRMbbF4AaABAg,1,@LosProgreñecos,😉,2026-03-29T09:26:22Z,2026-03-29T09:26:22Z,0,0,youtube,2026-04-05T13:39:41.699120
_he3Z-xUr3g,Los Progreñecos,"
¿Está el mantero de Podemos por encima de la ley?, pero explicado con teleñecos",es,Media,UgxI7EhxGUfqrAtV6lN4AaABAg,,0,@josefranco7610,Lo que no hay justificación  es que esta chusma siga aprovechándose  de los españoles y que este gobierno y jueces lo consientan a vivir del cuento a sus paises fuera del mío sois la peste,2026-03-29T00:26:43Z,2026-03-29T00:26:43Z,0,0,youtube,2026-04-05T13:39:41.699124
_he3Z-xUr3g,Los Progreñecos,"
¿Está el mantero de Podemos por encima de la ley?, pero explicado con teleñecos",es,Media,Ugzj0bzjf9twFUDkbmF4AaABAg,,0,@josefranco7610,Ya tienen bien  aprendidas las lecciones siempre tienen la palabra racista en la boca  no saben decir otra cosa cuando les dices algo que  no les gusta co.o vuélvete por donde has venido gracias,2026-03-29T00:20:13Z,2026-03-29T00:20:13Z,0,0,youtube,2026-04-05T13:39:41.699128
_he3Z-xUr3g,Los Progreñecos,"
¿Está el mantero de Podemos por encima de la ley?, pero explicado con teleñecos",es,Media,UgzLJMqOOirOMapJ8U14AaABAg,,0,@MrSam1164,nunca defraudas jaja,2026-03-29T00:17:30Z,2026-03-29T00:17:30Z,0,1,youtube,2026-04-05T13:39:41.699133
_he3Z-xUr3g,Los Progreñecos,"
¿Está el mantero de Podemos por encima de la ley?, pero explicado con teleñecos",es,Media,UgzLJMqOOirOMapJ8U14AaABAg.AUvAanUTJnNAUwB7KVRRS7,UgzLJMqOOirOMapJ8U14AaABAg,1,@LosProgreñecos,😉😉,2026-03-29T09:41:19Z,2026-03-29T09:41:19Z,0,0,youtube,2026-04-05T13:39:41.699138
_he3Z-xUr3g,Los Progreñecos,"
¿Está el mantero de Podemos por encima de la ley?, pero explicado con teleñecos",es,Media,Ugxmb1pXWcfTecW8nup4AaABAg,,0,@jorgedeleon7497,"No sé como los españoles se aguantan a estas personas migrantes que mandan y exigen mas que los propios españoles.
Les van a quitar el pais si no so mas enérgicos y decididos.",2026-03-29T00:04:30Z,2026-03-29T00:04:30Z,0,1,youtube,2026-04-05T13:39:41.699142
_he3Z-xUr3g,Los Progreñecos,"
¿Está el mantero de Podemos por encima de la ley?, pero explicado con teleñecos",es,Media,Ugxmb1pXWcfTecW8nup4AaABAg.AUv96cAJZ9FAUwBGBI1fef,Ugxmb1pXWcfTecW8nup4AaABAg,1,@LosProgreñecos,Exacto,2026-03-29T09:42:32Z,2026-03-29T09:42:32Z,0,0,youtube,2026-04-05T13:39:41.699146
_he3Z-xUr3g,Los Progreñecos,"
¿Está el mantero de Podemos por encima de la ley?, pero explicado con teleñecos",es,Media,UgwW1JFWBy1vT89c8wB4AaABAg,,0,@marcoantoniocachorro7867,"""eso haré mientras los españoles sigáis siendo gilipollas""...
Esa es la frase que lo dice todo.",2026-03-28T22:48:48Z,2026-03-28T22:48:48Z,0,0,youtube,2026-04-05T13:39:41.699150
_he3Z-xUr3g,Los Progreñecos,"
¿Está el mantero de Podemos por encima de la ley?, pero explicado con teleñecos",es,Media,UgysrV4kWMrzol32yRJ4AaABAg,,0,@virreylesaro,Tan antiwoke que de vox y los judíos ni pío decís 😅,2026-03-28T22:42:51Z,2026-03-28T22:42:51Z,0,1,youtube,2026-04-05T13:39:41.699154
_he3Z-xUr3g,Los Progreñecos,"
¿Está el mantero de Podemos por encima de la ley?, pero explicado con teleñecos",es,Media,UgysrV4kWMrzol32yRJ4AaABAg.AUv-lXsfmn2AUwAtzNDwLd,UgysrV4kWMrzol32yRJ4AaABAg,1,@LosProgreñecos,"En tu canal habla de lo que consideres, compadre",2026-03-29T09:39:22Z,2026-03-29T09:39:22Z,0,0,youtube,2026-04-05T13:39:41.699159
_he3Z-xUr3g,Los Progreñecos,"
¿Está el mantero de Podemos por encima de la ley?, pero explicado con teleñecos",es,Media,UgwCJMWK4DKDg4geswl4AaABAg,,0,@Chin_lu,Para lo que ha quedado Mbapé no?? 🥃😎🚬,2026-03-28T22:38:07Z,2026-03-28T22:40:11Z,1,0,youtube,2026-04-05T13:39:41.699163
_he3Z-xUr3g,Los Progreñecos,"
¿Está el mantero de Podemos por encima de la ley?, pero explicado con teleñecos",es,Media,UgwMI2BOBm_oiFnXyKF4AaABAg,,0,@albert-y8o9o,"Este tipo de información es cuando a uno les sale: pero que les pasa? por qué no se defienden, como es que en vez de ir en contra del infractor se van con quien intenta poner orden?. Y la gente que salta en automáico con todo es racismo....uf",2026-03-28T21:42:55Z,2026-03-28T21:42:55Z,0,1,youtube,2026-04-05T13:39:41.699167
_he3Z-xUr3g,Los Progreñecos,"
¿Está el mantero de Podemos por encima de la ley?, pero explicado con teleñecos",es,Media,UgwMI2BOBm_oiFnXyKF4AaABAg.AUutuc56q1IAUw9VBSi86v,UgwMI2BOBm_oiFnXyKF4AaABAg,1,@LosProgreñecos,Así estamos 🙈,2026-03-29T09:27:06Z,2026-03-29T09:27:06Z,0,0,youtube,2026-04-05T13:39:41.699171
_he3Z-xUr3g,Los Progreñecos,"
¿Está el mantero de Podemos por encima de la ley?, pero explicado con teleñecos",es,Media,UgzijQPEYHw5S1NAapV4AaABAg,,0,@HUREZNO,Con todos los puppets que hay en el parlamento solo faltaba el del mantero ratero. A ndongo lo engancho la policia pero bien del cuello y no hubo tanto revuelo y desde luego no estaba rateando como este lumpen.,2026-03-28T21:15:35Z,2026-03-28T21:15:35Z,0,0,youtube,2026-04-05T13:39:41.699175
_he3Z-xUr3g,Los Progreñecos,"
¿Está el mantero de Podemos por encima de la ley?, pero explicado con teleñecos",es,Media,Ugxy5UaBAbtuT1fcJtR4AaABAg,,0,@damianllamazares9975,"Al negro este le falta hablar más como negro, que viene siendo su acento natural. Igual que no me convence mucho su aspecto, no parece mucho un títere como los de Barrio Sésamo.",2026-03-28T20:56:03Z,2026-03-28T20:56:03Z,0,2,youtube,2026-04-05T13:39:41.699180
_he3Z-xUr3g,Los Progreñecos,"
¿Está el mantero de Podemos por encima de la ley?, pero explicado con teleñecos",es,Media,Ugxy5UaBAbtuT1fcJtR4AaABAg.AUuoYOB94kyAUuouQp5ZSu,Ugxy5UaBAbtuT1fcJtR4AaABAg,1,@damianllamazares9975,Que se vaya a Cuba.,2026-03-28T20:59:12Z,2026-03-28T20:59:12Z,0,0,youtube,2026-04-05T13:39:41.699184
_he3Z-xUr3g,Los Progreñecos,"
¿Está el mantero de Podemos por encima de la ley?, pero explicado con teleñecos",es,Media,Ugxy5UaBAbtuT1fcJtR4AaABAg.AUuoYOB94kyAUw4x_Ihvg5,Ugxy5UaBAbtuT1fcJtR4AaABAg,1,@LosProgreñecos,"Es parodia y humor político, Damián.",2026-03-29T08:47:25Z,2026-03-29T08:47:25Z,0,0,youtube,2026-04-05T13:39:41.699188
_he3Z-xUr3g,Los Progreñecos,"
¿Está el mantero de Podemos por encima de la ley?, pero explicado con teleñecos",es,Media,UgykK1RX1uVtWvbvD294AaABAg,,0,@resistantneo5524,"sois mejores periodistas que los perrodistas oficiales!! reflexión profunda, verdaderas preguntas, vais a la raiz, puro arte!",2026-03-28T20:46:25Z,2026-03-28T20:46:25Z,0,0,youtube,2026-04-05T13:39:41.699192
_he3Z-xUr3g,Los Progreñecos,"
¿Está el mantero de Podemos por encima de la ley?, pero explicado con teleñecos",es,Media,UgzqNxM_UgsMjSnRlt54AaABAg,,0,@fernandociao8020,𝑬𝒔𝒕𝒆 𝒄𝒂𝒏𝒂𝒍 𝒆𝒔 𝑹𝑨𝑪𝑰𝑺𝑻𝑨,2026-03-28T20:43:32Z,2026-03-28T20:43:32Z,0,0,youtube,2026-04-05T13:39:41.699196
_he3Z-xUr3g,Los Progreñecos,"
¿Está el mantero de Podemos por encima de la ley?, pero explicado con teleñecos",es,Media,UgwnV2PCMmTduld93ZZ4AaABAg,,0,@elainel.h.4047,Si no hacía nada malo... ¿Por qué corre? 🤣😂,2026-03-28T20:40:58Z,2026-03-28T20:40:58Z,1,1,youtube,2026-04-05T13:39:41.699201
_he3Z-xUr3g,Los Progreñecos,"
¿Está el mantero de Podemos por encima de la ley?, pero explicado con teleñecos",es,Media,UgwnV2PCMmTduld93ZZ4AaABAg.AUumowFJkYfAUw9TNGPEvo,UgwnV2PCMmTduld93ZZ4AaABAg,1,@LosProgreñecos,👌🏻,2026-03-29T09:26:51Z,2026-03-29T09:26:51Z,0,0,youtube,2026-04-05T13:39:41.699205
_he3Z-xUr3g,Los Progreñecos,"
¿Está el mantero de Podemos por encima de la ley?, pero explicado con teleñecos",es,Media,UgyTBBkv9X7e3Dw1Ndt4AaABAg,,0,@vixcavalenciavivaespana6679,"Cuándo conseguiremos estirpar el cáncer podemita?
Desde que aparecieron, maldita la hora, solo han sembrado caos, delincuencia y destrucción.
Espero con ansias el día en que los perdamos de vista para siempre.
SANTIAGO ABASCAL, PRESIDENTE!! 💚🇪🇦✝️🇪🇦💚",2026-03-28T20:27:45Z,2026-03-28T20:27:45Z,1,1,youtube,2026-04-05T13:39:41.699209
_he3Z-xUr3g,Los Progreñecos,"
¿Está el mantero de Podemos por encima de la ley?, pero explicado con teleñecos",es,Media,UgyTBBkv9X7e3Dw1Ndt4AaABAg.AUulJ3kU-aEAUwBeOqsNp2,UgyTBBkv9X7e3Dw1Ndt4AaABAg,1,@LosProgreñecos,100 por 100,2026-03-29T09:45:58Z,2026-03-29T09:45:58Z,1,0,youtube,2026-04-05T13:39:41.699214
_he3Z-xUr3g,Los Progreñecos,"
¿Está el mantero de Podemos por encima de la ley?, pero explicado con teleñecos",es,Media,UgweWf2Phq4-_EkONW94AaABAg,,0,@christianencabo9229,La comisaría de Usera es una cloaca con celdas llenas de inocentes donde se lleva a los que no piensan igual que el gobierno del psoe,2026-03-28T20:16:12Z,2026-03-28T20:16:12Z,1,0,youtube,2026-04-05T13:39:41.699218
_he3Z-xUr3g,Los Progreñecos,"
¿Está el mantero de Podemos por encima de la ley?, pero explicado con teleñecos",es,Media,UgwCqt7ThX0vhEMnvT54AaABAg,,0,@christianencabo9229,Pobrecito otro desastre policial que vulnera el artículo 14 de la Constitución española.,2026-03-28T20:10:32Z,2026-03-28T20:10:32Z,1,1,youtube,2026-04-05T13:39:41.699222
_he3Z-xUr3g,Los Progreñecos,"
¿Está el mantero de Podemos por encima de la ley?, pero explicado con teleñecos",es,Media,UgwCqt7ThX0vhEMnvT54AaABAg.AUujKwkC4G_AUwAGfsohC-,UgwCqt7ThX0vhEMnvT54AaABAg,1,@LosProgreñecos,👌🏻,2026-03-29T09:33:51Z,2026-03-29T09:33:51Z,0,0,youtube,2026-04-05T13:39:41.699226
_he3Z-xUr3g,Los Progreñecos,"
¿Está el mantero de Podemos por encima de la ley?, pero explicado con teleñecos",es,Media,UgxSZj9FFo5EcbIZmAt4AaABAg,,0,@Constructo-r4t,¡RACISTA! 🗣🔥🔥🔥🔥,2026-03-28T20:08:54Z,2026-03-28T20:08:54Z,0,1,youtube,2026-04-05T13:39:41.699230
_he3Z-xUr3g,Los Progreñecos,"
¿Está el mantero de Podemos por encima de la ley?, pero explicado con teleñecos",es,Media,UgxSZj9FFo5EcbIZmAt4AaABAg.AUuj90FTI84AUwBZAXrSO7,UgxSZj9FFo5EcbIZmAt4AaABAg,1,@LosProgreñecos,😂,2026-03-29T09:45:07Z,2026-03-29T09:45:07Z,0,0,youtube,2026-04-05T13:39:41.699234
_he3Z-xUr3g,Los Progreñecos,"
¿Está el mantero de Podemos por encima de la ley?, pero explicado con teleñecos",es,Media,UgwNuSUM6W0AlJzQHhF4AaABAg,,0,@topotsama9539,"Ahora imagina esta detención en Senegral, ahí las hostias no serían racistas, pero seguro que las darían a diferencia de lo que ladran",2026-03-28T19:47:20Z,2026-03-28T19:47:20Z,0,1,youtube,2026-04-05T13:39:41.699239
_he3Z-xUr3g,Los Progreñecos,"
¿Está el mantero de Podemos por encima de la ley?, pero explicado con teleñecos",es,Media,UgwNuSUM6W0AlJzQHhF4AaABAg.AUugg-XOLJ_AUwAHXtFLe6,UgwNuSUM6W0AlJzQHhF4AaABAg,1,@LosProgreñecos,Así es,2026-03-29T09:33:58Z,2026-03-29T09:33:58Z,0,0,youtube,2026-04-05T13:39:41.699243
_he3Z-xUr3g,Los Progreñecos,"
¿Está el mantero de Podemos por encima de la ley?, pero explicado con teleñecos",es,Media,Ugw4l4VeQshtqcFK7pd4AaABAg,,0,@ps-jg4mg,"qué cachondos, seguid así",2026-03-28T19:46:59Z,2026-03-28T19:46:59Z,0,1,youtube,2026-04-05T13:39:41.699247
_he3Z-xUr3g,Los Progreñecos,"
¿Está el mantero de Podemos por encima de la ley?, pero explicado con teleñecos",es,Media,Ugw4l4VeQshtqcFK7pd4AaABAg.AUugdRTnlSmAUw9OFnuEml,Ugw4l4VeQshtqcFK7pd4AaABAg,1,@LosProgreñecos,😉😉,2026-03-29T09:26:09Z,2026-03-29T09:26:09Z,0,0,youtube,2026-04-05T13:39:41.699251
_he3Z-xUr3g,Los Progreñecos,"
¿Está el mantero de Podemos por encima de la ley?, pero explicado con teleñecos",es,Media,UgwVk-mPgjwvh7US_xt4AaABAg,,0,@8871,"Esto es producto de décadas de esto mismo ,pero en ccaa vasca y Cataluña . Era el mismo fin , trasladado  desde cuando podemos rodeo el congreso ,acampada en sol , hasta les escoltaba por las autovías el Ente GC que le pone la lucecita de la DGT 3.0 . Y de esa DGT y sus papeles en 3.0 viene lo de las ultimas votaciones  con la utilización en las votaciones . Todo ha sido una consecución de décadas construyendo. Quien pudo demolerlo fue PP y el de los niños y niñas  solo gestionaron ese modelo socio político .",2026-03-28T19:43:46Z,2026-03-28T19:43:46Z,0,1,youtube,2026-04-05T13:39:41.699255
_he3Z-xUr3g,Los Progreñecos,"
¿Está el mantero de Podemos por encima de la ley?, pero explicado con teleñecos",es,Media,UgwVk-mPgjwvh7US_xt4AaABAg.AUugGvGlq2pAUwAKH1Dstg,UgwVk-mPgjwvh7US_xt4AaABAg,1,@LosProgreñecos,Así es,2026-03-29T09:34:21Z,2026-03-29T09:34:21Z,0,0,youtube,2026-04-05T13:39:41.699259
_he3Z-xUr3g,Los Progreñecos,"
¿Está el mantero de Podemos por encima de la ley?, pero explicado con teleñecos",es,Media,UgyYvoOACZtC4lUDjIh4AaABAg,,0,@centiex,"A mi me da tristeza España,  como puede un inmigrante tener más derechos que un nacional?",2026-03-28T19:42:08Z,2026-03-28T19:42:08Z,5,1,youtube,2026-04-05T13:39:41.699264
_he3Z-xUr3g,Los Progreñecos,"
¿Está el mantero de Podemos por encima de la ley?, pero explicado con teleñecos",es,Media,UgyYvoOACZtC4lUDjIh4AaABAg.AUug50Nmh7_AUwABZCy5dd,UgyYvoOACZtC4lUDjIh4AaABAg,1,@LosProgreñecos,Esto se va a arreglar💪🏻,2026-03-29T09:33:09Z,2026-03-29T09:33:09Z,0,0,youtube,2026-04-05T13:39:41.699268
_he3Z-xUr3g,Los Progreñecos,"
¿Está el mantero de Podemos por encima de la ley?, pero explicado con teleñecos",es,Media,UgzyJE7jwKzZJnQSfWl4AaABAg,,0,@christopherhernandez7540,"06:28 Deportarla o va traer la cultura del ""vivo"" a España. En Perú, se le llama vivos a las personas que no respetan SIMPLES reglas como respetar a la policía o no aprovecharse de donaciones. Son capaces de viajar a otras ciudades por el simple hecho de que alguien esta dando regalos o cosas gratis. Incluso, se molestan cuando su regalo no les cae bien. Son desagradecidos.
Atte: Un peruano.",2026-03-28T19:40:17Z,2026-03-28T19:42:17Z,0,1,youtube,2026-04-05T13:39:41.699272
_he3Z-xUr3g,Los Progreñecos,"
¿Está el mantero de Podemos por encima de la ley?, pero explicado con teleñecos",es,Media,UgzyJE7jwKzZJnQSfWl4AaABAg.AUufsQFKMpqAUwB5T8Tc5x,UgzyJE7jwKzZJnQSfWl4AaABAg,1,@LosProgreñecos,Abrazo Christopher! Esta “viva” no representa a Perú y no es bienvenida,2026-03-29T09:41:04Z,2026-03-29T09:41:04Z,1,0,youtube,2026-04-05T13:39:41.699276
_he3Z-xUr3g,Los Progreñecos,"
¿Está el mantero de Podemos por encima de la ley?, pero explicado con teleñecos",es,Media,Ugyhw4bNnWozszh6qFx4AaABAg,,0,@Jose-bx8sf,"Ya veremos cuál es el próximo progre en encasquetarse el cabestrillo, supongo que lo habrán pagado con dinero público para atacar a la ultraderecha",2026-03-28T19:40:11Z,2026-03-28T19:40:11Z,0,0,youtube,2026-04-05T13:39:41.699280
_he3Z-xUr3g,Los Progreñecos,"
¿Está el mantero de Podemos por encima de la ley?, pero explicado con teleñecos",es,Media,UgwUwri7QqwUdW0LBeZ4AaABAg,,0,@Cristian-pc4oc,"MUCHAS BENDICIONES PROGREÑECOS!!!!!, HACEN UN GRAN TRABAJO EN ESTA BATALLA CULTURAL,  ESPAÑA TIENE QUE DESPERTAR, NOS ESTAN SUSTITUYENDO, VIVA ESPAÑA CARAJOOOOOO!!!!!",2026-03-28T19:32:43Z,2026-03-28T19:32:43Z,6,1,youtube,2026-04-05T13:39:41.699284
_he3Z-xUr3g,Los Progreñecos,"
¿Está el mantero de Podemos por encima de la ley?, pero explicado con teleñecos",es,Media,UgwUwri7QqwUdW0LBeZ4AaABAg.AUuf0-p5uGFAUw9NZyNorL,UgwUwri7QqwUdW0LBeZ4AaABAg,1,@LosProgreñecos,Viva😉🙌🏻💪🏻💪🏻,2026-03-29T09:26:03Z,2026-03-29T09:26:03Z,0,0,youtube,2026-04-05T13:39:41.699289
_he3Z-xUr3g,Los Progreñecos,"
¿Está el mantero de Podemos por encima de la ley?, pero explicado con teleñecos",es,Media,UgykH2xTZ9zH8c9IohN4AaABAg,,0,@agustinisaacperez2880,A los sinverguenzas como este inpresenttables hay que cortarles el chollo...y a berrala que le den..,2026-03-28T19:28:43Z,2026-03-28T19:28:43Z,0,0,youtube,2026-04-05T13:39:41.699293
_he3Z-xUr3g,Los Progreñecos,"
¿Está el mantero de Podemos por encima de la ley?, pero explicado con teleñecos",es,Media,Ugw-zktM-tezArOPtPt4AaABAg,,0,@sophianigrans5265,😒🫤🫩😣😡🤬😤💆🏼‍♀️🤷🏼‍♀️ No hay remedio,2026-03-28T19:11:09Z,2026-03-28T19:11:09Z,1,1,youtube,2026-04-05T13:39:41.699297
_he3Z-xUr3g,Los Progreñecos,"
¿Está el mantero de Podemos por encima de la ley?, pero explicado con teleñecos",es,Media,Ugw-zktM-tezArOPtPt4AaABAg.AUucY4BemhQAUwBXUp8fam,Ugw-zktM-tezArOPtPt4AaABAg,1,@LosProgreñecos,Sí que lo hay 😉,2026-03-29T09:44:53Z,2026-03-29T09:44:53Z,0,0,youtube,2026-04-05T13:39:41.699302
_he3Z-xUr3g,Los Progreñecos,"
¿Está el mantero de Podemos por encima de la ley?, pero explicado con teleñecos",es,Media,UgwE2O0L8QTkM3b1Ms94AaABAg,,0,@franciscolizartemota1595,"Yo soy racista, digo racionalista y que vengan a nuestro país a delinquir y chuparnos recursos por el morro en detrimento de las
necesidades de los Españoles, me toca los c...  Geniales los teleñecos!! ❤",2026-03-28T19:09:07Z,2026-03-28T19:09:07Z,0,0,youtube,2026-04-05T13:39:41.699306
_he3Z-xUr3g,Los Progreñecos,"
¿Está el mantero de Podemos por encima de la ley?, pero explicado con teleñecos",es,Media,Ugy8ME57iMZ6B69RMC54AaABAg,,0,@Blue-p6q,Gracias chicos!! Más claro agua.,2026-03-28T19:09:03Z,2026-03-28T19:09:03Z,0,1,youtube,2026-04-05T13:39:41.699310
_he3Z-xUr3g,Los Progreñecos,"
¿Está el mantero de Podemos por encima de la ley?, pero explicado con teleñecos",es,Media,Ugy8ME57iMZ6B69RMC54AaABAg.AUucIeSyh5vAUw9P-2WHr2,Ugy8ME57iMZ6B69RMC54AaABAg,1,@LosProgreñecos,😉❤️,2026-03-29T09:26:15Z,2026-03-29T09:26:15Z,0,0,youtube,2026-04-05T13:39:41.699315
_he3Z-xUr3g,Los Progreñecos,"
¿Está el mantero de Podemos por encima de la ley?, pero explicado con teleñecos",es,Media,Ugx9Zl6aCwVL7__Q5yN4AaABAg,,0,@fregir,"se cree que la policia de aqui es como la de su pais, que si que te tratan como una mierda si les da la gana",2026-03-28T18:58:11Z,2026-03-28T18:58:11Z,0,0,youtube,2026-04-05T13:39:41.699319
_he3Z-xUr3g,Los Progreñecos,"
¿Está el mantero de Podemos por encima de la ley?, pero explicado con teleñecos",es,Media,UgyOS7TUPVRgy7Q1rcp4AaABAg,,0,@JoseluisCastilloRodriguez-x8w,El juez Ortiz de podemos,2026-03-28T18:50:26Z,2026-03-28T18:50:26Z,0,0,youtube,2026-04-05T13:39:41.699324
_he3Z-xUr3g,Los Progreñecos,"
¿Está el mantero de Podemos por encima de la ley?, pero explicado con teleñecos",es,Media,UgxjCH7V04PrD-2KReV4AaABAg,,0,@marlop1970,Son genios progreñecos 👏🏻👏🏻👏🏻👏🏻👏🏻,2026-03-28T18:46:05Z,2026-03-28T18:46:05Z,0,0,youtube,2026-04-05T13:39:41.699328
_he3Z-xUr3g,Los Progreñecos,"
¿Está el mantero de Podemos por encima de la ley?, pero explicado con teleñecos",es,Media,Ugw4q38hoU7Uf28hCAR4AaABAg,,0,@niter5003,Este no fue el que segun se bajó de la patera pego a señor mallor en la playa y haora esto fuera del país este y todos los demás con el,2026-03-28T18:43:25Z,2026-03-28T18:43:25Z,0,2,youtube,2026-04-05T13:39:41.699333
_he3Z-xUr3g,Los Progreñecos,"
¿Está el mantero de Podemos por encima de la ley?, pero explicado con teleñecos",es,Media,Ugw4q38hoU7Uf28hCAR4AaABAg.AUu_MyJMd1NAUwAO7zxikb,Ugw4q38hoU7Uf28hCAR4AaABAg,1,@LosProgreñecos,Fue otro no?,2026-03-29T09:34:52Z,2026-03-29T09:34:52Z,0,0,youtube,2026-04-05T13:39:41.699338
_he3Z-xUr3g,Los Progreñecos,"
¿Está el mantero de Podemos por encima de la ley?, pero explicado con teleñecos",es,Media,Ugw4q38hoU7Uf28hCAR4AaABAg.AUu_MyJMd1NAUx5EbXHWzV,Ugw4q38hoU7Uf28hCAR4AaABAg,1,@niter5003,Creo que no fue este tipo pero enseguida lo callaron como siempre,2026-03-29T18:09:07Z,2026-03-29T18:09:07Z,0,0,youtube,2026-04-05T13:39:41.699341
_he3Z-xUr3g,Los Progreñecos,"
¿Está el mantero de Podemos por encima de la ley?, pero explicado con teleñecos",es,Media,UgwgaVH11AunFQ-tfbB4AaABAg,,0,@victorangelbencosme8796,"😂 Es como en República Dominicana, si eres blanco a la cárcel sin pruebas😂😂",2026-03-28T18:42:46Z,2026-03-28T18:42:46Z,0,0,youtube,2026-04-05T13:39:41.699346
_he3Z-xUr3g,Los Progreñecos,"
¿Está el mantero de Podemos por encima de la ley?, pero explicado con teleñecos",es,Media,UgwoGetGR7DQo-tqQkJ4AaABAg,,0,@AlexanderSalow-bf6sq,Todo mi apoyo a la policía.,2026-03-28T18:26:02Z,2026-03-28T18:26:02Z,1,1,youtube,2026-04-05T13:39:41.699350
_he3Z-xUr3g,Los Progreñecos,"
¿Está el mantero de Podemos por encima de la ley?, pero explicado con teleñecos",es,Media,UgwoGetGR7DQo-tqQkJ4AaABAg.AUuYNaBcXEXAUwAPevBvuD,UgwoGetGR7DQo-tqQkJ4AaABAg,1,@LosProgreñecos,💪🏻💪🏻,2026-03-29T09:35:05Z,2026-03-29T09:35:05Z,1,0,youtube,2026-04-05T13:39:41.699354
_he3Z-xUr3g,Los Progreñecos,"
¿Está el mantero de Podemos por encima de la ley?, pero explicado con teleñecos",es,Media,UgyaXhkrP22vU185EXN4AaABAg,,0,@mauriciochaar,"500,000 legalizando a ilegales. España está terminada.",2026-03-28T18:22:14Z,2026-03-28T18:22:14Z,0,0,youtube,2026-04-05T13:39:41.699359
_he3Z-xUr3g,Los Progreñecos,"
¿Está el mantero de Podemos por encima de la ley?, pero explicado con teleñecos",es,Media,UgxpGdj9i9GjPPhYlSB4AaABAg,,0,@joseantoniocalzadacarreter2392,"En este país donde todos los ilegales perciben ayudas de todo tipo, donde se les da la sanidad gratuita y donde se les respetan sus ideas y costumbres, lo de racistas huelga.
Lo de canelos queda mas real.",2026-03-28T18:07:10Z,2026-03-28T18:07:10Z,0,0,youtube,2026-04-05T13:39:41.699363
_he3Z-xUr3g,Los Progreñecos,"
¿Está el mantero de Podemos por encima de la ley?, pero explicado con teleñecos",es,Media,Ugwu3xBb25nL0zCmQE54AaABAg,,0,@juanjosefreijedo774,porque en el minuto 1:30 habeis puesto un vid de asmr sobre noticias del Negro Santaolalloh?,2026-03-28T18:03:00Z,2026-03-28T18:03:00Z,0,0,youtube,2026-04-05T13:39:41.699367
_he3Z-xUr3g,Los Progreñecos,"
¿Está el mantero de Podemos por encima de la ley?, pero explicado con teleñecos",es,Media,UgxH9TiFZPrReX_OWbp4AaABAg,,0,@ArteCineCultura,"Este caso es parecido al de George Floyd, donde todos los ""progres"" y ""wokemaniacs"" salieron en masa a denunciar el supuesto racismo policial por el simple hecho de que el detenido era de raza negra. Todo esto se debe al simple hecho de que se creen superiores intelectual y moralmente de los policías a los que consideran seres inferiores a ellos porque pertenecen a una clase social más baja. Porque no olvidemos el hecho de que todo el movimiento ""progre"" del primer mundo es liderado por niños/as/es de papá y respaldado por   seres improductivos que viven del sistema a costa del esfuerzo del emprendedor y de la masa laboral que los mantiene mientras solo se dedican a desprender odio visceral a todos los sujetos que no respalden dicho odio catalogandolos de fascistas, nazis y otras memeces.",2026-03-28T17:59:23Z,2026-03-28T17:59:23Z,0,0,youtube,2026-04-05T13:39:41.699371
_he3Z-xUr3g,Los Progreñecos,"
¿Está el mantero de Podemos por encima de la ley?, pero explicado con teleñecos",es,Media,Ugwn-5zW4E6VHdPqEfp4AaABAg,,0,@danielgomez5222,"Se les tomaron el pais, ya no es España",2026-03-28T17:58:29Z,2026-03-28T17:58:29Z,0,0,youtube,2026-04-05T13:39:41.699376
_he3Z-xUr3g,Los Progreñecos,"
¿Está el mantero de Podemos por encima de la ley?, pero explicado con teleñecos",es,Media,UgyBG0I9OghH8W96MCZ4AaABAg,,0,@ctgonzalez6139,"La peruana hace aquí lo que es su tierra no puede hacer, esta claro que busca puesto político 😊,  pos nada deportacion ya antes que le paguemos un paston como al mantero",2026-03-28T17:45:13Z,2026-03-28T17:46:35Z,0,0,youtube,2026-04-05T13:39:41.699380
_he3Z-xUr3g,Los Progreñecos,"
¿Está el mantero de Podemos por encima de la ley?, pero explicado con teleñecos",es,Media,UgycsoIRZ6NzaHcCABl4AaABAg,,0,@ctgonzalez6139,"Esto tiene pinta de altercado provocado con fines politicos, ellos mismos llamaron a la policía describiendose a sí mismos para hacer una encerrona a la policia. Si es inocente porque huía?",2026-03-28T17:38:49Z,2026-03-28T17:39:45Z,1,1,youtube,2026-04-05T13:39:41.699384
_he3Z-xUr3g,Los Progreñecos,"
¿Está el mantero de Podemos por encima de la ley?, pero explicado con teleñecos",es,Media,UgycsoIRZ6NzaHcCABl4AaABAg.AUuSyhwxCEQAUwADzK2RTa,UgycsoIRZ6NzaHcCABl4AaABAg,1,@LosProgreñecos,Muy posible,2026-03-29T09:33:29Z,2026-03-29T09:33:29Z,0,0,youtube,2026-04-05T13:39:41.699388
_he3Z-xUr3g,Los Progreñecos,"
¿Está el mantero de Podemos por encima de la ley?, pero explicado con teleñecos",es,Media,UgzgYOB-Bu8u9oJfnS94AaABAg,,0,@lulifer5786,Solo en España un ilegal puede ser presidente de un sindicato de manteros y diputado. De casi 50 millones de ciudadanos no hay nadie más preparado.,2026-03-28T17:26:55Z,2026-03-28T17:26:55Z,0,1,youtube,2026-04-05T13:39:41.699393
_he3Z-xUr3g,Los Progreñecos,"
¿Está el mantero de Podemos por encima de la ley?, pero explicado con teleñecos",es,Media,UgzgYOB-Bu8u9oJfnS94AaABAg.AUuRbc2igfTAUwBhKzk9jJ,UgzgYOB-Bu8u9oJfnS94AaABAg,1,@LosProgreñecos,Es  completamente indignante,2026-03-29T09:46:22Z,2026-03-29T09:46:22Z,0,0,youtube,2026-04-05T13:39:41.699397
_he3Z-xUr3g,Los Progreñecos,"
¿Está el mantero de Podemos por encima de la ley?, pero explicado con teleñecos",es,Media,UgxTzQoXyrKvdOcipjx4AaABAg,,0,@josemartin-rx3rp,Deportación inmediata para el mantero...,2026-03-28T17:19:18Z,2026-03-28T17:19:18Z,37,0,youtube,2026-04-05T13:39:41.699402
_he3Z-xUr3g,Los Progreñecos,"
¿Está el mantero de Podemos por encima de la ley?, pero explicado con teleñecos",es,Media,UgysC6LKCScnMlie2f14AaABAg,,0,@sergiorodriguez9760,"Me ha encantado el muñeco de Belarra, jajaja, yo quiero uno!",2026-03-28T17:06:53Z,2026-03-28T17:06:53Z,0,1,youtube,2026-04-05T13:39:41.699407
_he3Z-xUr3g,Los Progreñecos,"
¿Está el mantero de Podemos por encima de la ley?, pero explicado con teleñecos",es,Media,UgysC6LKCScnMlie2f14AaABAg.AUuPJqyeArUAUw9QkUNlsD,UgysC6LKCScnMlie2f14AaABAg,1,@LosProgreñecos,Jajaja😂,2026-03-29T09:26:29Z,2026-03-29T09:26:29Z,0,0,youtube,2026-04-05T13:39:41.699411
_he3Z-xUr3g,Los Progreñecos,"
¿Está el mantero de Podemos por encima de la ley?, pero explicado con teleñecos",es,Media,UgyAON9X-Lu41LynDhJ4AaABAg,,0,@joseluisarismendi9802,En distintas partes del mundo se repite la misma historia.,2026-03-28T16:51:37Z,2026-03-28T16:51:37Z,0,1,youtube,2026-04-05T13:39:41.699415
_he3Z-xUr3g,Los Progreñecos,"
¿Está el mantero de Podemos por encima de la ley?, pero explicado con teleñecos",es,Media,UgyAON9X-Lu41LynDhJ4AaABAg.AUuN_3QfBf6AUwAL5oF8N4,UgyAON9X-Lu41LynDhJ4AaABAg,1,@LosProgreñecos,🙈🙈,2026-03-29T09:34:28Z,2026-03-29T09:34:28Z,0,0,youtube,2026-04-05T13:39:41.699419
_he3Z-xUr3g,Los Progreñecos,"
¿Está el mantero de Podemos por encima de la ley?, pero explicado con teleñecos",es,Media,UgwEbgG5zKpWU9uzGqN4AaABAg,,0,@GilberThorSolkio,"Ahora cada vez que la policía me pare me negaré a identificarme, y que su acto es racista.
""Caballero, pero usted no es negro"", me diría el policía, a lo que yo le respondería: ""soy negro asintomático, y si no cuela, hoy me levanté sintiéndome negro, y me están increpando por ser negro"".",2026-03-28T16:50:04Z,2026-03-28T16:50:04Z,0,0,youtube,2026-04-05T13:39:41.699424
_he3Z-xUr3g,Los Progreñecos,"
¿Está el mantero de Podemos por encima de la ley?, pero explicado con teleñecos",es,Media,UgyYMh0PJqJRTfDAIDt4AaABAg,,0,@theHeartofCommerce,"6:28 Seguramente la Peruana de Follemos es Fanática Compulsiva del Grupo Terrorista de Izquierda Maoísta Sendero Luminoso y de su Comandante Abimael Guzmán, misma Organización Terrorista que sembró el Terror en Perú durante la Década de los 80s, atacando Redes Eléctricas, Estaciones de Policía, Hospitales, Escuelas (algo muy Similar al Caso de Colombia con Pablo Escobar) además de Masacrar Campesinos, Indígenas, Trabajadores, etcétera, las mismas Personas que éstos Delincuentes decían defender uno de los Ejemplos más Trágicos fué el Genocidio Ashaninka, un Pueblo Indígena Masacrado por Sendero Luminoso a Principios de los 90s y en el que más de diez mil Miembros de esta Etnia Amazónica Perdieron la Vida",2026-03-28T16:45:17Z,2026-03-28T16:45:17Z,0,0,youtube,2026-04-05T13:39:41.699428
_he3Z-xUr3g,Los Progreñecos,"
¿Está el mantero de Podemos por encima de la ley?, pero explicado con teleñecos",es,Media,Ugx0sLlbTt_RVkYUc1B4AaABAg,,0,@GilberThorSolkio,El negro de Podemos con el cabestrillo 😂,2026-03-28T16:44:26Z,2026-03-28T16:44:26Z,44,0,youtube,2026-04-05T13:39:41.699432
_he3Z-xUr3g,Los Progreñecos,"
¿Está el mantero de Podemos por encima de la ley?, pero explicado con teleñecos",es,Media,UgyYMeAAVrWIYRplDSR4AaABAg,,0,@alaialuna8019,Estamos en nuestra casa y tenemos derecho a ser lo que nos de la gana. Sin inmigración no hay racismo. De todos modos lo que veo es un delincuente pasandose la ley por el arco del triunfo. Muy bien por la policía 👏🏼👏🏼👏🏼,2026-03-28T16:43:18Z,2026-03-28T16:43:18Z,0,1,youtube,2026-04-05T13:39:41.699436
_he3Z-xUr3g,Los Progreñecos,"
¿Está el mantero de Podemos por encima de la ley?, pero explicado con teleñecos",es,Media,UgyYMeAAVrWIYRplDSR4AaABAg.AUuMc8xVg3RAUwA9PhCsNs,UgyYMeAAVrWIYRplDSR4AaABAg,1,@LosProgreñecos,💪🏻💪🏻,2026-03-29T09:32:52Z,2026-03-29T09:32:52Z,0,0,youtube,2026-04-05T13:39:41.699441
_he3Z-xUr3g,Los Progreñecos,"
¿Está el mantero de Podemos por encima de la ley?, pero explicado con teleñecos",es,Media,UgyjYh3msEYqdzFXb4B4AaABAg,,0,@onzo9212,Van a perder los 4 votos que le quedaban,2026-03-28T16:42:37Z,2026-03-28T16:42:37Z,4,1,youtube,2026-04-05T13:39:41.699445
_he3Z-xUr3g,Los Progreñecos,"
¿Está el mantero de Podemos por encima de la ley?, pero explicado con teleñecos",es,Media,UgyjYh3msEYqdzFXb4B4AaABAg.AUuMYAutnviAUwBcmQQnVU,UgyjYh3msEYqdzFXb4B4AaABAg,1,@LosProgreñecos,Que sea rápido 😉,2026-03-29T09:45:45Z,2026-03-29T09:45:45Z,0,0,youtube,2026-04-05T13:39:41.699449
_he3Z-xUr3g,Los Progreñecos,"
¿Está el mantero de Podemos por encima de la ley?, pero explicado con teleñecos",es,Media,UgwkqNaluQUTI4h3VBh4AaABAg,,0,@jesulinicoviolao6053,"Una vez que llega a diputado, ya es un  preso político. Nadie legislaría si tuviera que cumplir las leyes que imponen a los demás, así como los que hacen cumplir las leyes también están exentos, porque tonto arrestarse a si mismos como bomberos que se pisan la manguera.
Así que si arrestan a un negro porque está robando coches, pero después se comprueba que es diputado, cuales suelen estar aforados, lo suyo es soltarlo, indemnizarle y disculparse, lo mismo debiera pasar con el caso contrario, si a un diputado de vox le da por quemar vivo a mendigos en la calle, algo que a los neonazis les encanta hacer.
Si tuvieron la suerte o la audacia de engañar a la gente hasta sentarse en la poltrona, es su privilegio justo. ¡Que envidia dan los 🤬 políticos!",2026-03-28T16:27:50Z,2026-03-28T16:27:50Z,0,1,youtube,2026-04-05T13:39:41.699453
_he3Z-xUr3g,Los Progreñecos,"
¿Está el mantero de Podemos por encima de la ley?, pero explicado con teleñecos",es,Media,UgwkqNaluQUTI4h3VBh4AaABAg.AUuKquz1xdfAUwBbZNeQ24,UgwkqNaluQUTI4h3VBh4AaABAg,1,@LosProgreñecos,Así es,2026-03-29T09:45:35Z,2026-03-29T09:45:35Z,0,0,youtube,2026-04-05T13:39:41.699457
_he3Z-xUr3g,Los Progreñecos,"
¿Está el mantero de Podemos por encima de la ley?, pero explicado con teleñecos",es,Media,UgzAKEawCbOd3AbPXhh4AaABAg,,0,@ivanorlandsson7459,"Un negro y seis personas no racializadas, menuda manera de llevar el tema a tu terreno",2026-03-28T16:14:10Z,2026-03-28T16:14:10Z,1,1,youtube,2026-04-05T13:39:41.699461
_he3Z-xUr3g,Los Progreñecos,"
¿Está el mantero de Podemos por encima de la ley?, pero explicado con teleñecos",es,Media,UgzAKEawCbOd3AbPXhh4AaABAg.AUuJHhXHVz_AUwAypm1zyx,UgzAKEawCbOd3AbPXhh4AaABAg,1,@LosProgreñecos,Totalmente,2026-03-29T09:40:01Z,2026-03-29T09:40:01Z,0,0,youtube,2026-04-05T13:39:41.699465
_he3Z-xUr3g,Los Progreñecos,"
¿Está el mantero de Podemos por encima de la ley?, pero explicado con teleñecos",es,Media,Ugw-2kNhB-zX5L3cvI94AaABAg,,0,@juanluisllopbayo1686,😂,2026-03-28T16:00:55Z,2026-03-28T16:00:55Z,0,0,youtube,2026-04-05T13:39:41.699469
_he3Z-xUr3g,Los Progreñecos,"
¿Está el mantero de Podemos por encima de la ley?, pero explicado con teleñecos",es,Media,UgwY-rjIMJJfdCfTuMZ4AaABAg,,0,@juanluisllopbayo1686,Hacéis más falta de lo que podáis imaginar.,2026-03-28T16:00:46Z,2026-03-28T16:00:46Z,0,1,youtube,2026-04-05T13:39:41.699473
_he3Z-xUr3g,Los Progreñecos,"
¿Está el mantero de Podemos por encima de la ley?, pero explicado con teleñecos",es,Media,UgwY-rjIMJJfdCfTuMZ4AaABAg.AUuHkf5hpa9AUwAZRLIhL1,UgwY-rjIMJJfdCfTuMZ4AaABAg,1,@LosProgreñecos,😉💪🏻 toca pelear,2026-03-29T09:36:25Z,2026-03-29T09:36:25Z,0,0,youtube,2026-04-05T13:39:41.699478
_he3Z-xUr3g,Los Progreñecos,"
¿Está el mantero de Podemos por encima de la ley?, pero explicado con teleñecos",es,Media,UgymwWyKbEJnw3Qh-C94AaABAg,,0,@Tanita1973,"MALDITOS PODEMITAS
ABSOKUTA BASURA, YA LO DICE PATXI: BASURA",2026-03-28T15:58:55Z,2026-03-28T15:58:55Z,0,0,youtube,2026-04-05T13:39:41.699482
_he3Z-xUr3g,Los Progreñecos,"
¿Está el mantero de Podemos por encima de la ley?, pero explicado con teleñecos",es,Media,UgxcW7MObvX0Td-gjkB4AaABAg,,0,@AlfieLevay-c2d,Que se larguen ‼️‼️‼️😡😡😡,2026-03-28T15:57:44Z,2026-03-28T15:57:44Z,22,0,youtube,2026-04-05T13:39:41.699487
_he3Z-xUr3g,Los Progreñecos,"
¿Está el mantero de Podemos por encima de la ley?, pero explicado con teleñecos",es,Media,Ugyv8_Tw9G0m8b6hwAt4AaABAg,,0,@gusigus304,Ya se!!!LA culpa es de Trump!!,2026-03-28T15:52:19Z,2026-03-28T15:52:19Z,0,1,youtube,2026-04-05T13:39:41.699491
_he3Z-xUr3g,Los Progreñecos,"
¿Está el mantero de Podemos por encima de la ley?, pero explicado con teleñecos",es,Media,Ugyv8_Tw9G0m8b6hwAt4AaABAg.AUuGmgqazGHAUwB_aBhwtY,Ugyv8_Tw9G0m8b6hwAt4AaABAg,1,@LosProgreñecos,😂😂,2026-03-29T09:45:19Z,2026-03-29T09:45:19Z,0,0,youtube,2026-04-05T13:39:41.699510
_he3Z-xUr3g,Los Progreñecos,"
¿Está el mantero de Podemos por encima de la ley?, pero explicado con teleñecos",es,Media,UgyXdzD2gyF2-h9tNSx4AaABAg,,0,@gusigus304,Hacerse victima es negocio!,2026-03-28T15:49:21Z,2026-03-28T15:49:21Z,3,1,youtube,2026-04-05T13:39:41.699515
_he3Z-xUr3g,Los Progreñecos,"
¿Está el mantero de Podemos por encima de la ley?, pero explicado con teleñecos",es,Media,UgyXdzD2gyF2-h9tNSx4AaABAg.AUuGRxZlHr7AUwjzliAVd4,UgyXdzD2gyF2-h9tNSx4AaABAg,1,@CarlosIv27,De los ilegales y de las mujeres en españa asi estan llenas de privilegios todo el día insultando a los hombres que gracias a nosotros tienen todo y victimizandose a diario. Repulsivo e inaguantable ya.,2026-03-29T14:54:43Z,2026-03-29T14:54:43Z,0,0,youtube,2026-04-05T13:39:41.699519
_he3Z-xUr3g,Los Progreñecos,"
¿Está el mantero de Podemos por encima de la ley?, pero explicado con teleñecos",es,Media,UgwCu0iGX7tryw6QtFZ4AaABAg,,0,@joseenriquedetomas4821,"Si en España no puedes ya ser español sin que te llamen ""facha""; si la policía no puede darle una buena y merecidísima h0sti4 a un gilipollas que se cubre con la pantalla del ""racista si me tocas"" cuando se salta todas las leyes habidas y por haber y agrede a esos policías; si además, tenemos que pagarles nosotros (los que cotizamos) los derechos y beneficios que jamás tendrían en sus países (y eso lo digo después de haber viajado por esos países durante 30 años); si nos encaramos contra la policía QUE ESTÁ CUMPLIENDO CON LA LA LEY Y CON DU DEBER frente a gentes que han invadido ilegalmente nuestro país; si es que en España ya todo el mundo se ha vuelto irrecuperablemente gilipollas, entonces este ya no es mi país. O eso, o es que sí es mi país y lo que sobran son los sinvergüenzas como el mantero de los c0j0nes y la mi3rda de políticos que han generado esta situación. Y en ese caso, quienes sobran aquí son ellos. Pero habrá que decidir.",2026-03-28T15:45:05Z,2026-03-28T15:46:45Z,0,0,youtube,2026-04-05T13:39:41.699523
_he3Z-xUr3g,Los Progreñecos,"
¿Está el mantero de Podemos por encima de la ley?, pero explicado con teleñecos",es,Media,Ugw0XFtz4NancQxH7O94AaABAg,,0,@marjorieespinoza2003,no busca la paz busca problemas porque aqui no es feliz ni lo sera nunca España te recomienda por AHORA que vuelvas a tu aldea,2026-03-28T15:42:46Z,2026-03-28T15:42:46Z,1,1,youtube,2026-04-05T13:39:41.699527
_he3Z-xUr3g,Los Progreñecos,"
¿Está el mantero de Podemos por encima de la ley?, pero explicado con teleñecos",es,Media,Ugw0XFtz4NancQxH7O94AaABAg.AUuFgpXgEqeAUwAULIiist,Ugw0XFtz4NancQxH7O94AaABAg,1,@LosProgreñecos,💪🏻💪🏻,2026-03-29T09:35:43Z,2026-03-29T09:35:43Z,0,0,youtube,2026-04-05T13:39:41.699531
_he3Z-xUr3g,Los Progreñecos,"
¿Está el mantero de Podemos por encima de la ley?, pero explicado con teleñecos",es,Media,UgxBWgG2_BkmUP7I3yB4AaABAg,,0,@konietzko4213,"Ese neologismo de ""racializado"" me suena horrible ¿Quiénes son los ""racializados""? ¿Puedo autopercibirme como tal y vivir del cuento? Es que son ya muchos años trabajando para pagar la fiesta de la democracia y el estado del bienestar de otros y quiero chupar del bote un rato. Para variar.",2026-03-28T15:41:47Z,2026-03-28T15:41:47Z,0,1,youtube,2026-04-05T13:39:41.699535
_he3Z-xUr3g,Los Progreñecos,"
¿Está el mantero de Podemos por encima de la ley?, pero explicado con teleñecos",es,Media,UgxBWgG2_BkmUP7I3yB4AaABAg.AUuF_d5NsZlAUwAXevbCJi,UgxBWgG2_BkmUP7I3yB4AaABAg,1,@LosProgreñecos,👌🏻👌🏻,2026-03-29T09:36:10Z,2026-03-29T09:36:10Z,1,0,youtube,2026-04-05T13:39:41.699540
_he3Z-xUr3g,Los Progreñecos,"
¿Está el mantero de Podemos por encima de la ley?, pero explicado con teleñecos",es,Media,UgxVMSTYB3tfPAEqIhR4AaABAg,,0,@AndresSanchez-uw4or,Esto es autentico cine.,2026-03-28T15:40:22Z,2026-03-28T15:40:22Z,1,1,youtube,2026-04-05T13:39:42.550863
_he3Z-xUr3g,Los Progreñecos,"
¿Está el mantero de Podemos por encima de la ley?, pero explicado con teleñecos",es,Media,UgxVMSTYB3tfPAEqIhR4AaABAg.AUuFQCAUjJ9AUwA7iopj65,UgxVMSTYB3tfPAEqIhR4AaABAg,1,@LosProgreñecos,❤,2026-03-29T09:32:38Z,2026-03-29T09:32:38Z,0,0,youtube,2026-04-05T13:39:42.550881
_he3Z-xUr3g,Los Progreñecos,"
¿Está el mantero de Podemos por encima de la ley?, pero explicado con teleñecos",es,Media,Ugxsuy3IiHJ19pQBinl4AaABAg,,0,@JuanCarlosGarciaAlvare,Los africanos pa Africa.,2026-03-28T15:35:11Z,2026-03-28T15:35:11Z,1,0,youtube,2026-04-05T13:39:42.550887
_he3Z-xUr3g,Los Progreñecos,"
¿Está el mantero de Podemos por encima de la ley?, pero explicado con teleñecos",es,Media,UgwDc6bhjFvqyzHLpy14AaABAg,,0,@joaquinmoronborrallo56-qq3un,"Las izquierdas son los culpables de la guerra civil y del franquismo que tanto critican,lo trajeron ellos.",2026-03-28T15:29:36Z,2026-03-28T15:29:36Z,2,1,youtube,2026-04-05T13:39:42.550892
_he3Z-xUr3g,Los Progreñecos,"
¿Está el mantero de Podemos por encima de la ley?, pero explicado con teleñecos",es,Media,UgwDc6bhjFvqyzHLpy14AaABAg.AUuEBKain-2AUwBRlBMNzm,UgwDc6bhjFvqyzHLpy14AaABAg,1,@LosProgreñecos,👌🏻,2026-03-29T09:44:06Z,2026-03-29T09:44:06Z,0,0,youtube,2026-04-05T13:39:42.550896
_he3Z-xUr3g,Los Progreñecos,"
¿Está el mantero de Podemos por encima de la ley?, pero explicado con teleñecos",es,Media,UgyBBA5fJ1dceQr02tZ4AaABAg,,0,@LuNaRaRiS,"Que se pire a luchar en su país, sus "" hermanos"" se lo agradecerían.",2026-03-28T15:19:57Z,2026-03-28T15:19:57Z,0,0,youtube,2026-04-05T13:39:42.550899
_he3Z-xUr3g,Los Progreñecos,"
¿Está el mantero de Podemos por encima de la ley?, pero explicado con teleñecos",es,Media,Ugw-kd5DN2xvAvmkV0l4AaABAg,,0,@Verdadverdadera-n7v,Me encatais progreñecos ❤❤,2026-03-28T15:19:36Z,2026-03-28T15:19:36Z,0,1,youtube,2026-04-05T13:39:42.550903
_he3Z-xUr3g,Los Progreñecos,"
¿Está el mantero de Podemos por encima de la ley?, pero explicado con teleñecos",es,Media,Ugw-kd5DN2xvAvmkV0l4AaABAg.AUuD27ULS5bAUuDNPkdbrA,Ugw-kd5DN2xvAvmkV0l4AaABAg,1,@LosProgreñecos,❤❤,2026-03-28T15:22:30Z,2026-03-28T15:22:30Z,0,0,youtube,2026-04-05T13:39:42.550907
_he3Z-xUr3g,Los Progreñecos,"
¿Está el mantero de Podemos por encima de la ley?, pero explicado con teleñecos",es,Media,Ugzom8TzDQ42v5N3QVR4AaABAg,,0,@arturocastillo7068,El mantero es mierda pura,2026-03-28T15:18:20Z,2026-03-28T15:18:20Z,0,0,youtube,2026-04-05T13:39:42.550910
_he3Z-xUr3g,Los Progreñecos,"
¿Está el mantero de Podemos por encima de la ley?, pero explicado con teleñecos",es,Media,Ugw8vN3ls1uG1mNnscV4AaABAg,,0,@josemanuelperez1813,Enhorabuena.Magnifico video.,2026-03-28T15:18:13Z,2026-03-28T15:18:13Z,0,1,youtube,2026-04-05T13:39:42.550914
_he3Z-xUr3g,Los Progreñecos,"
¿Está el mantero de Podemos por encima de la ley?, pero explicado con teleñecos",es,Media,Ugw8vN3ls1uG1mNnscV4AaABAg.AUuCsy2H9T6AUuDLmDWGVr,Ugw8vN3ls1uG1mNnscV4AaABAg,1,@LosProgreñecos,Muchas gracias!❤,2026-03-28T15:22:17Z,2026-03-28T15:22:17Z,0,0,youtube,2026-04-05T13:39:42.550919
_he3Z-xUr3g,Los Progreñecos,"
¿Está el mantero de Podemos por encima de la ley?, pero explicado con teleñecos",es,Media,UgxZFl1QU8AfX5P6wGB4AaABAg,,0,@italofabiangonzalezortiz857,España esta jodida,2026-03-28T15:14:41Z,2026-03-28T15:14:41Z,0,1,youtube,2026-04-05T13:39:42.550923
_he3Z-xUr3g,Los Progreñecos,"
¿Está el mantero de Podemos por encima de la ley?, pero explicado con teleñecos",es,Media,UgxZFl1QU8AfX5P6wGB4AaABAg.AUuCU6g1A9fAUuDnHDIXB5,UgxZFl1QU8AfX5P6wGB4AaABAg,1,@LosProgreñecos,Entre todos la vamos a recuperar,2026-03-28T15:26:11Z,2026-03-28T15:26:11Z,0,0,youtube,2026-04-05T13:39:42.550926
_he3Z-xUr3g,Los Progreñecos,"
¿Está el mantero de Podemos por encima de la ley?, pero explicado con teleñecos",es,Media,Ugwsy9wpncxmczJTcb14AaABAg,,0,@euskadihelena3861,"Te olvidaste de 'Fascista'...aunque sea una vez;
Racista y Fascista no falla nunca.
(Reír para no llorar)!😅",2026-03-28T15:13:38Z,2026-03-28T15:13:38Z,0,1,youtube,2026-04-05T13:39:42.550930
_he3Z-xUr3g,Los Progreñecos,"
¿Está el mantero de Podemos por encima de la ley?, pero explicado con teleñecos",es,Media,Ugwsy9wpncxmczJTcb14AaABAg.AUuCMSN9InWAUwAaEwdWVD,Ugwsy9wpncxmczJTcb14AaABAg,1,@LosProgreñecos,😂 cierto,2026-03-29T09:36:40Z,2026-03-29T09:36:40Z,0,0,youtube,2026-04-05T13:39:42.550934
_he3Z-xUr3g,Los Progreñecos,"
¿Está el mantero de Podemos por encima de la ley?, pero explicado con teleñecos",es,Media,UgyNKiLo7KCLOgAXYB54AaABAg,,0,@sombrereroloco2327,En momentos como este donde la intolerancia estaría justificada,2026-03-28T15:12:04Z,2026-03-28T15:12:04Z,0,1,youtube,2026-04-05T13:39:42.550937
_he3Z-xUr3g,Los Progreñecos,"
¿Está el mantero de Podemos por encima de la ley?, pero explicado con teleñecos",es,Media,UgyNKiLo7KCLOgAXYB54AaABAg.AUuCAvw0ygdAUuDaK7Ik6R,UgyNKiLo7KCLOgAXYB54AaABAg,1,@LosProgreñecos,"Claro, la ley no puede ser tolerante ni podemita",2026-03-28T15:24:24Z,2026-03-28T15:24:24Z,0,0,youtube,2026-04-05T13:39:42.550941
_he3Z-xUr3g,Los Progreñecos,"
¿Está el mantero de Podemos por encima de la ley?, pero explicado con teleñecos",es,Media,UgyBT0k1WZCSl9SYtwZ4AaABAg,,0,@TheMirlo1971,Un negro que entró por la puerta de atrás y que lo tiene un partido político de mascota y que se pega el día diciéndonos que es negro y el resto somos lo peor. Qué 5 minutos echaba yo ahí...,2026-03-28T15:10:43Z,2026-03-28T15:10:43Z,0,0,youtube,2026-04-05T13:39:42.550945
_he3Z-xUr3g,Los Progreñecos,"
¿Está el mantero de Podemos por encima de la ley?, pero explicado con teleñecos",es,Media,UgyefgJaYnxk4pNY0OB4AaABAg,,0,@guascojuanantonio,"Eso es lo que pasa cuando se deja abierta la puerta a la inmigración ilegal. Llegan sin empleo, no tienen techo. Entonces lo mas facil para ellos es robar, y ocupar casas. 
Esto es claramente una señal de un gobierno incompetente. Que causa que la mayor parte de la inmigración ilegal solo llegue con problemas para la nación de destino.
 Un gobierno debe de planear a nivel habitaciónal, laboral, e integracional la llegada de migrantes. Después de todos la principal obligación y responsabilidad de la nación y del gobierno es con sus ciudadanos",2026-03-28T14:58:06Z,2026-03-28T14:58:06Z,0,0,youtube,2026-04-05T13:39:42.550949
_he3Z-xUr3g,Los Progreñecos,"
¿Está el mantero de Podemos por encima de la ley?, pero explicado con teleñecos",es,Media,Ugwn46RHrSRqRyGDKjN4AaABAg,,0,@Cristina-dv5ij,La gente que da voces para que suelten al delincuente 😂,2026-03-28T14:52:13Z,2026-03-28T14:52:13Z,8,1,youtube,2026-04-05T13:39:42.550952
_he3Z-xUr3g,Los Progreñecos,"
¿Está el mantero de Podemos por encima de la ley?, pero explicado con teleñecos",es,Media,Ugwn46RHrSRqRyGDKjN4AaABAg.AUu9uYLiuagAUuDdm8fEJI,Ugwn46RHrSRqRyGDKjN4AaABAg,1,@LosProgreñecos,No faltan las Charos en estos vídeos,2026-03-28T15:24:53Z,2026-03-28T15:24:53Z,0,0,youtube,2026-04-05T13:39:42.550957
_he3Z-xUr3g,Los Progreñecos,"
¿Está el mantero de Podemos por encima de la ley?, pero explicado con teleñecos",es,Media,Ugyys9rWFH_aWzUesxB4AaABAg,,0,@josemariagomezruiz1818,Lo importante es fomentar el reciclaje del cabestrillo de tontolaya,2026-03-28T14:50:07Z,2026-03-28T14:50:07Z,0,0,youtube,2026-04-05T13:39:42.550960
_he3Z-xUr3g,Los Progreñecos,"
¿Está el mantero de Podemos por encima de la ley?, pero explicado con teleñecos",es,Media,UgwUitu9YMy_NqvTd9R4AaABAg,,0,@JuniorGasperSantos,"Si siguen soltando datos ""opresores"" ustedes serán los próximos en ser llamados racistas. Pero quiero que sepan mis Progreñecos que yo estoy con ustedes, así que puedo absorber una parte de las potenciales acusaciones de parte de nuestros amigos y amigas victimistas. Larga vida a Los Progreñecos!!!",2026-03-28T14:49:08Z,2026-03-28T14:49:08Z,0,1,youtube,2026-04-05T13:39:42.550964
_he3Z-xUr3g,Los Progreñecos,"
¿Está el mantero de Podemos por encima de la ley?, pero explicado con teleñecos",es,Media,UgwUitu9YMy_NqvTd9R4AaABAg.AUu9YzgU7BOAUwAkhuY40h,UgwUitu9YMy_NqvTd9R4AaABAg,1,@LosProgreñecos,"Mil gracias, Adjanix! Sabemos que esto nos traerá riesgos, pero es peor aún perder el país que le debemos a nuestros abuelos y nuestros hijos. La verdad y la dignidad son innegociables e incancelables 💪🏻💪🏻",2026-03-29T09:38:06Z,2026-03-29T09:38:06Z,0,0,youtube,2026-04-05T13:39:42.550968
_he3Z-xUr3g,Los Progreñecos,"
¿Está el mantero de Podemos por encima de la ley?, pero explicado con teleñecos",es,Media,UgzPDWfxJ-q2Xsynmp14AaABAg,,0,@RaulEnriqueFERNÁNDEZ-c1z,El buenismo woke haciendo su trabajo...y el estado bajándose los pantalones...🤯😎😎😎⚽️⚽️⚽️🇦🇷🇦🇷🇦🇷,2026-03-28T14:47:42Z,2026-03-28T14:47:42Z,0,0,youtube,2026-04-05T13:39:42.550972
_he3Z-xUr3g,Los Progreñecos,"
¿Está el mantero de Podemos por encima de la ley?, pero explicado con teleñecos",es,Media,UgzZ2Lf_FX2M2515Zwd4AaABAg,,0,@miguels698,Habla demasiado bien para ser Mbaye,2026-03-28T14:47:29Z,2026-03-28T14:47:29Z,0,0,youtube,2026-04-05T13:39:42.550975
_he3Z-xUr3g,Los Progreñecos,"
¿Está el mantero de Podemos por encima de la ley?, pero explicado con teleñecos",es,Media,UgyLUj5SsWsojW7_VjJ4AaABAg,,0,@losretosderagnar2878,Lo que si puedo decir oor desgracia es que gracias a los imbéciles que nos gobiernan y nos representan no os va q faltar material 😂. Sois muy buenos,2026-03-28T14:46:55Z,2026-03-28T14:46:55Z,1,1,youtube,2026-04-05T13:39:42.550979
_he3Z-xUr3g,Los Progreñecos,"
¿Está el mantero de Podemos por encima de la ley?, pero explicado con teleñecos",es,Media,UgyLUj5SsWsojW7_VjJ4AaABAg.AUu9IiqJ0pnAUuDXRYdigR,UgyLUj5SsWsojW7_VjJ4AaABAg,1,@LosProgreñecos,Es una condena. Ojalá llegue el día que este canal no tenga sentido y lo chapemos. Abrazo!😉👋🏻,2026-03-28T15:23:53Z,2026-03-28T15:23:53Z,0,0,youtube,2026-04-05T13:39:42.550982
_he3Z-xUr3g,Los Progreñecos,"
¿Está el mantero de Podemos por encima de la ley?, pero explicado con teleñecos",es,Media,UgzsfTeZzZnQURPZ2lJ4AaABAg,,0,@rubenVegagarcia-u1j,"¿Hay franco, Francisco beaumont porque te fuiste sin acabar con todos estos subnormales? Y no me digas. Y no me digas que cojamos el ejemplo de pocho. Aunque sea tu nieto😂😂😂😂",2026-03-28T14:45:43Z,2026-03-28T14:45:43Z,1,0,youtube,2026-04-05T13:39:42.550986
_he3Z-xUr3g,Los Progreñecos,"
¿Está el mantero de Podemos por encima de la ley?, pero explicado con teleñecos",es,Media,UgxCIRWVb_mm3JrJqq54AaABAg,,0,@lolipachecomartin6278,"Claro todo un exdiputado,ahora ya no puede ser menos ➖x➖ es +😂🙋",2026-03-28T14:40:40Z,2026-03-28T14:40:40Z,0,0,youtube,2026-04-05T13:39:42.550990
_he3Z-xUr3g,Los Progreñecos,"
¿Está el mantero de Podemos por encima de la ley?, pero explicado con teleñecos",es,Media,UgyvPKpvcyNGQWLTpcF4AaABAg,,0,@carmengarciabermejo9567,"Bien claro...lo que quiere es pasta, como todos....que original.
El racista es el por insultar a nuestras autoridades y culturas.
Los que apoyaron esto..no voy a calificarlos, pero de que van? Me suena a envidia y rencor ancestral.",2026-03-28T14:37:29Z,2026-03-28T14:37:29Z,2,0,youtube,2026-04-05T13:39:42.550994
_he3Z-xUr3g,Los Progreñecos,"
¿Está el mantero de Podemos por encima de la ley?, pero explicado con teleñecos",es,Media,UgyS3XhMJXwfXHNGxtN4AaABAg,,0,@LaKika36,"No nos vamos a mover hasta que los suelten
.... como?",2026-03-28T14:26:25Z,2026-03-28T14:26:25Z,1,1,youtube,2026-04-05T13:39:42.550998
_he3Z-xUr3g,Los Progreñecos,"
¿Está el mantero de Podemos por encima de la ley?, pero explicado con teleñecos",es,Media,UgyS3XhMJXwfXHNGxtN4AaABAg.AUu6x_ZUVP2AUu824cA82a,UgyS3XhMJXwfXHNGxtN4AaABAg,1,@LosProgreñecos,Una peruana desafiando la ley española y a los policías. Así estamos,2026-03-28T14:35:54Z,2026-03-28T14:35:54Z,1,0,youtube,2026-04-05T13:39:42.551001
_he3Z-xUr3g,Los Progreñecos,"
¿Está el mantero de Podemos por encima de la ley?, pero explicado con teleñecos",es,Media,UgxNemoxMjxBMl_3jyh4AaABAg,,0,@joseomarsoria6483,"Tenemos el mismo problema en Argentina con senegaleses traidos por politicas progres del nefasto gobierno peronista kirchnerista anterior, y tambien peruanos, bolivianos, paraguayos etc etc....Aunque a partir del gobierno de Milei, este cancer disminuyo notablemente....",2026-03-28T14:23:20Z,2026-03-28T14:23:20Z,0,1,youtube,2026-04-05T13:39:42.551005
_he3Z-xUr3g,Los Progreñecos,"
¿Está el mantero de Podemos por encima de la ley?, pero explicado con teleñecos",es,Media,UgxNemoxMjxBMl_3jyh4AaABAg.AUu6b2iP7TvAUu8k6exGga,UgxNemoxMjxBMl_3jyh4AaABAg,1,@sdingenieria8686,"Y los senegaleses también se dedicaron a ser “manteros”.
Pero ojo, hace 50 años atrás no existían las ayudas sociales, y de países limítrofes venían a trabajar, aunque eso no implique que también lo hacían para delinquir u ocupar tierras como cualquiera. España, al igual que muchos países con políticos compra votos, regalan el dinero de los contribuyentes para fomentar la dependencia.",2026-03-28T14:42:03Z,2026-03-28T14:42:03Z,0,0,youtube,2026-04-05T13:39:42.551009
_he3Z-xUr3g,Los Progreñecos,"
¿Está el mantero de Podemos por encima de la ley?, pero explicado con teleñecos",es,Media,Ugyc8ok6GYCeE40nWmd4AaABAg,,0,@BUSTILLOSLOPEZ,El buenismo progre es la ruina,2026-03-28T14:21:28Z,2026-03-28T14:21:28Z,1,1,youtube,2026-04-05T13:39:42.551013
_he3Z-xUr3g,Los Progreñecos,"
¿Está el mantero de Podemos por encima de la ley?, pero explicado con teleñecos",es,Media,Ugyc8ok6GYCeE40nWmd4AaABAg.AUu6OKWJckaAUuEIpW9_Mg,Ugyc8ok6GYCeE40nWmd4AaABAg,1,@LosProgreñecos,"Completamente, hay que acabar con el",2026-03-28T15:30:37Z,2026-03-28T15:30:37Z,0,0,youtube,2026-04-05T13:39:42.551016
_he3Z-xUr3g,Los Progreñecos,"
¿Está el mantero de Podemos por encima de la ley?, pero explicado con teleñecos",es,Media,Ugw52wj5yLVZU8j6bdl4AaABAg,,0,@DavidRGPRC,"No es cachondeo. Hay muchos que hacen lo que quieren, y cuando se les llama la atención, te llaman racista. Como está España...",2026-03-28T14:14:43Z,2026-03-28T14:14:43Z,2,0,youtube,2026-04-05T13:39:42.551020
_he3Z-xUr3g,Los Progreñecos,"
¿Está el mantero de Podemos por encima de la ley?, pero explicado con teleñecos",es,Media,UgyliRcsdartL552ftV4AaABAg,,0,@juanluisllopbayo1686,😂 me parto con vosotros,2026-03-28T14:13:35Z,2026-03-28T14:13:35Z,5,1,youtube,2026-04-05T13:39:42.551025
_he3Z-xUr3g,Los Progreñecos,"
¿Está el mantero de Podemos por encima de la ley?, pero explicado con teleñecos",es,Media,UgyliRcsdartL552ftV4AaABAg.AUu5UabUI_oAUuDONWyB4o,UgyliRcsdartL552ftV4AaABAg,1,@LosProgreñecos,😉😂🙌🏻,2026-03-28T15:22:38Z,2026-03-28T15:22:38Z,0,0,youtube,2026-04-05T13:39:42.551028
_he3Z-xUr3g,Los Progreñecos,"
¿Está el mantero de Podemos por encima de la ley?, pero explicado con teleñecos",es,Media,UgyHgZDnhiR8GxGxJxh4AaABAg,,0,@manuelandresguerreromarin2951,Correcto.. . Y esa Perraflautas quien es??? Pudrimos es ta muerto pero hay que aniquilar todo despojo politico que quede por ahi.,2026-03-28T14:10:25Z,2026-03-28T14:10:25Z,0,0,youtube,2026-04-05T13:39:42.551032
_he3Z-xUr3g,Los Progreñecos,"
¿Está el mantero de Podemos por encima de la ley?, pero explicado con teleñecos",es,Media,UgztPDi2w1Rgdf53ax14AaABAg,,0,@juanrodriguez-fw2or,"Mbape ( o como se escriba,  no hablo zuajili ) ha sido detenido por resistencia a la autoridad y lesiones a varios agentes de la ley .. se encuentra detenido en calabozos a espera de una decicion judicial... no .. es broma,, no es español.. ya está en la calle.. sin ninguna consecuencia",2026-03-28T14:04:30Z,2026-03-28T14:04:30Z,3,2,youtube,2026-04-05T13:39:42.551036
_he3Z-xUr3g,Los Progreñecos,"
¿Está el mantero de Podemos por encima de la ley?, pero explicado con teleñecos",es,Media,UgztPDi2w1Rgdf53ax14AaABAg.AUu4S2oVnONAUu86JK50hd,UgztPDi2w1Rgdf53ax14AaABAg,1,@LosProgreñecos,Es una falta de respeto propia de país fallido que Mbayé y sus secuaces puedan comportarse así,2026-03-28T14:36:29Z,2026-03-28T14:36:29Z,1,0,youtube,2026-04-05T13:39:42.551040
_he3Z-xUr3g,Los Progreñecos,"
¿Está el mantero de Podemos por encima de la ley?, pero explicado con teleñecos",es,Media,UgztPDi2w1Rgdf53ax14AaABAg.AUu4S2oVnONAUuHn6vEtRb,UgztPDi2w1Rgdf53ax14AaABAg,1,@juanrodriguez-fw2or,​@LosProgreñecosayer ase.  Sinamos a uns joven con ploblemas mentales... ¿ mas fallido que eso ?...,2026-03-28T16:01:06Z,2026-03-28T16:01:06Z,0,0,youtube,2026-04-05T13:39:42.551043
_he3Z-xUr3g,Los Progreñecos,"
¿Está el mantero de Podemos por encima de la ley?, pero explicado con teleñecos",es,Media,UgylKNdzVi15kc79aJ94AaABAg,,0,@ASP-z6v,"Aquí puede venir la gente necesaria para trabajar de forma ordenada y legal, todo lo demás es un negocio por parte de políticos traidores y cobardes.",2026-03-28T14:02:41Z,2026-03-28T14:02:41Z,44,1,youtube,2026-04-05T13:39:42.551047
_he3Z-xUr3g,Los Progreñecos,"
¿Está el mantero de Podemos por encima de la ley?, pero explicado con teleñecos",es,Media,UgylKNdzVi15kc79aJ94AaABAg.AUu4El3J58nAUuEYeGaANm,UgylKNdzVi15kc79aJ94AaABAg,1,@LosProgreñecos,"Todo lo que has dicho, pero también según cuotas. Más de un 5% (tope 10%) de población extranjera en un país es un suicidio. Estamos ya en 20%",2026-03-28T15:32:47Z,2026-03-28T15:32:47Z,3,0,youtube,2026-04-05T13:39:42.551050
_he3Z-xUr3g,Los Progreñecos,"
¿Está el mantero de Podemos por encima de la ley?, pero explicado con teleñecos",es,Media,Ugwbmkqk5AHcBrvfFy54AaABAg,,0,@joseajenjo8611,"Se cree por encima de la ley, un atentado contra la autoridad clarísimo, el video esta ahí , basta ya de victimizarse.....",2026-03-28T14:02:00Z,2026-03-28T14:02:00Z,1,1,youtube,2026-04-05T13:39:42.551054
_he3Z-xUr3g,Los Progreñecos,"
¿Está el mantero de Podemos por encima de la ley?, pero explicado con teleñecos",es,Media,Ugwbmkqk5AHcBrvfFy54AaABAg.AUu49g6fuWWAUwAWJVNtET,Ugwbmkqk5AHcBrvfFy54AaABAg,1,@LosProgreñecos,💪🏻💪🏻,2026-03-29T09:35:59Z,2026-03-29T09:35:59Z,0,0,youtube,2026-04-05T13:39:42.551058
_he3Z-xUr3g,Los Progreñecos,"
¿Está el mantero de Podemos por encima de la ley?, pero explicado con teleñecos",es,Media,Ugy-5ocHbWo2keCyMJ54AaABAg,,0,@ANTONIOTOMASBUONAMISISAIXA,"Me gustaría saber, por qué en los medios públicos de comunicación, estos partidos de ultraizquierda defensores de terroristas y delincuentes, aparecen a todos horas.",2026-03-28T14:01:22Z,2026-03-28T14:01:22Z,0,0,youtube,2026-04-05T13:39:42.551062
_he3Z-xUr3g,Los Progreñecos,"
¿Está el mantero de Podemos por encima de la ley?, pero explicado con teleñecos",es,Media,UgxtRYh4P_xQrQDcDUt4AaABAg,,0,@TransNobinario,"El racismo debería ser para todos, porque parece ser que a los balncos, se nos puede odiar, al resto no, y recordemos, que aquí en españa no he visto casos de blancos matando a negros, pero viceversa sí.....y en sudáfrica mas....¿estamos tontos o que?, bueno estan ....",2026-03-28T13:57:29Z,2026-03-28T13:57:29Z,0,0,youtube,2026-04-05T13:39:42.551066
_he3Z-xUr3g,Los Progreñecos,"
¿Está el mantero de Podemos por encima de la ley?, pero explicado con teleñecos",es,Media,UgzHj9WW-FOxD4kF8EB4AaABAg,,0,@TransNobinario,"Este es el que se ofendía si le llamaban de color, y negro también....no se da cuenta que si lo criticamos, no es por negro, es por idiota ",2026-03-28T13:54:40Z,2026-03-28T13:54:40Z,41,2,youtube,2026-04-05T13:39:42.551069
_he3Z-xUr3g,Los Progreñecos,"
¿Está el mantero de Podemos por encima de la ley?, pero explicado con teleñecos",es,Media,UgzHj9WW-FOxD4kF8EB4AaABAg.AUu3K5TLK-EAUuDnoCQwas,UgzHj9WW-FOxD4kF8EB4AaABAg,1,@YstmioGaona0505,😂😂,2026-03-28T15:26:15Z,2026-03-28T15:26:15Z,2,0,youtube,2026-04-05T13:39:42.551073
_he3Z-xUr3g,Los Progreñecos,"
¿Está el mantero de Podemos por encima de la ley?, pero explicado con teleñecos",es,Media,UgzHj9WW-FOxD4kF8EB4AaABAg.AUu3K5TLK-EAUuEEvCfOpz,UgzHj9WW-FOxD4kF8EB4AaABAg,1,@LosProgreñecos,"Así es, nadie le critica por su raza, es por su falta de respeto a la ley y no dejar de quejarse de un país infinitamente mejor que el suyo y que además le da de comer y trata con dignidad. 🖐🏻",2026-03-28T15:30:05Z,2026-03-28T15:30:05Z,7,0,youtube,2026-04-05T13:39:42.551076
_he3Z-xUr3g,Los Progreñecos,"
¿Está el mantero de Podemos por encima de la ley?, pero explicado con teleñecos",es,Media,UgxRYZNqSeLNE7DPWKN4AaABAg,,0,@Jose-pb2wy,Tendría que haber sido expulsado en cuanto piso territorio español de forma ilegal,2026-03-28T13:54:15Z,2026-03-28T13:54:15Z,62,3,youtube,2026-04-05T13:39:42.551080
_he3Z-xUr3g,Los Progreñecos,"
¿Está el mantero de Podemos por encima de la ley?, pero explicado con teleñecos",es,Media,UgxRYZNqSeLNE7DPWKN4AaABAg.AUu3GyfFgUHAUuDlAcoy6g,UgxRYZNqSeLNE7DPWKN4AaABAg,1,@LosProgreñecos,Completamente,2026-03-28T15:25:53Z,2026-03-28T15:25:53Z,5,0,youtube,2026-04-05T13:39:42.551083
_he3Z-xUr3g,Los Progreñecos,"
¿Está el mantero de Podemos por encima de la ley?, pero explicado con teleñecos",es,Media,UgxRYZNqSeLNE7DPWKN4AaABAg.AUu3GyfFgUHAUun84TcxB1,UgxRYZNqSeLNE7DPWKN4AaABAg,1,@fernandociao8020,𝒀...,2026-03-28T20:43:44Z,2026-03-28T20:43:44Z,0,0,youtube,2026-04-05T13:39:42.551087
_he3Z-xUr3g,Los Progreñecos,"
¿Está el mantero de Podemos por encima de la ley?, pero explicado con teleñecos",es,Media,UgxRYZNqSeLNE7DPWKN4AaABAg.AUu3GyfFgUHAUwjoZ0qdev,UgxRYZNqSeLNE7DPWKN4AaABAg,1,@CarlosIv27,Exactamente,2026-03-29T14:53:11Z,2026-03-29T14:53:11Z,0,0,youtube,2026-04-05T13:39:42.551090
_he3Z-xUr3g,Los Progreñecos,"
¿Está el mantero de Podemos por encima de la ley?, pero explicado con teleñecos",es,Media,UgxGGbrHfN4_5hRkOLt4AaABAg,,0,@CarlosIv27,Vienen todos con el discursito bien aprendido asi tienen impunidad viven gratis de los españoles para toda la vida si somo racistas no quiero ni un ilegal de estos dentro de España,2026-03-28T13:53:24Z,2026-03-28T13:53:24Z,10,1,youtube,2026-04-05T13:39:42.551094
_he3Z-xUr3g,Los Progreñecos,"
¿Está el mantero de Podemos por encima de la ley?, pero explicado con teleñecos",es,Media,UgxGGbrHfN4_5hRkOLt4AaABAg.AUu3AnDtMPHAUuDqrnKTSy,UgxGGbrHfN4_5hRkOLt4AaABAg,1,@LosProgreñecos,Así es,2026-03-28T15:26:40Z,2026-03-28T15:26:40Z,0,0,youtube,2026-04-05T13:39:42.551097
_he3Z-xUr3g,Los Progreñecos,"
¿Está el mantero de Podemos por encima de la ley?, pero explicado con teleñecos",es,Media,UgzZ_BK7JgzvfbYJYJZ4AaABAg,,0,@barbaravara2100,🤣🤣🤣 Detenidos 6 solidarios y un racializado. No hay color. Hasta Insalubrondo me está cayendo bien.,2026-03-28T13:53:05Z,2026-03-28T13:53:05Z,0,0,youtube,2026-04-05T13:39:42.551101
_he3Z-xUr3g,Los Progreñecos,"
¿Está el mantero de Podemos por encima de la ley?, pero explicado con teleñecos",es,Media,UgzCHOeRKP7evo7IjZZ4AaABAg,,0,@belafito,Un tío que fue miembro de la Asamblea de Madrid insultándonos a todos. Básicamente hay gente que odia a los autóctonos y supuestamente nos presenta. ¡Basta ya!,2026-03-28T13:49:38Z,2026-03-28T13:49:38Z,3,1,youtube,2026-04-05T13:39:42.551105
_he3Z-xUr3g,Los Progreñecos,"
¿Está el mantero de Podemos por encima de la ley?, pero explicado con teleñecos",es,Media,UgzCHOeRKP7evo7IjZZ4AaABAg.AUu2k8F3sZYAUuDfj_fseJ,UgzCHOeRKP7evo7IjZZ4AaABAg,1,@LosProgreñecos,Es una puñetera vergüenza,2026-03-28T15:25:09Z,2026-03-28T15:25:09Z,1,0,youtube,2026-04-05T13:39:42.551109
_he3Z-xUr3g,Los Progreñecos,"
¿Está el mantero de Podemos por encima de la ley?, pero explicado con teleñecos",es,Media,Ugzy-G5zEDVlgOHAw-d4AaABAg,,0,@xelamarshall4887,Defendemos al cabron y señalamos a la gente de pie ....,2026-03-28T13:49:08Z,2026-03-28T13:49:08Z,3,1,youtube,2026-04-05T13:39:42.551114
_he3Z-xUr3g,Los Progreñecos,"
¿Está el mantero de Podemos por encima de la ley?, pero explicado con teleñecos",es,Media,Ugzy-G5zEDVlgOHAw-d4AaABAg.AUu2gV7zr0BAUu4LR0iMZr,Ugzy-G5zEDVlgOHAw-d4AaABAg,1,@LosProgreñecos,Así estamos. Honor a los policías que aún jugándose el puesto por los idiotas podemitas y ppsoeitas intentan cumplir la ley,2026-03-28T14:03:36Z,2026-03-28T14:03:36Z,1,0,youtube,2026-04-05T13:39:42.551118
_he3Z-xUr3g,Los Progreñecos,"
¿Está el mantero de Podemos por encima de la ley?, pero explicado con teleñecos",es,Media,UgwRG317DmonztjpOyR4AaABAg,,0,@manuelgarcia8551,"quitando pagas a todos estos personajes , ya se van ellos solos, por eso solo hay un partido coherente, viva España costumbres, etc, que se mueran los que la odian",2026-03-28T13:48:55Z,2026-03-28T13:48:55Z,4,1,youtube,2026-04-05T13:39:42.551122
_he3Z-xUr3g,Los Progreñecos,"
¿Está el mantero de Podemos por encima de la ley?, pero explicado con teleñecos",es,Media,UgwRG317DmonztjpOyR4AaABAg.AUu2esJRd4mAUuEh6uADOw,UgwRG317DmonztjpOyR4AaABAg,1,@LosProgreñecos,"Es increíble que demos paguitas a nacionales, a extranjeros ya es esquizofrénico",2026-03-28T15:34:04Z,2026-03-28T15:34:04Z,1,0,youtube,2026-04-05T13:39:42.551125
_he3Z-xUr3g,Los Progreñecos,"
¿Está el mantero de Podemos por encima de la ley?, pero explicado con teleñecos",es,Media,UgyOAbc2PGLzHE-ZH794AaABAg,,0,@joferval,Mantero Santaolayo,2026-03-28T13:48:19Z,2026-03-28T13:48:19Z,1,1,youtube,2026-04-05T13:39:42.551129
_he3Z-xUr3g,Los Progreñecos,"
¿Está el mantero de Podemos por encima de la ley?, pero explicado con teleñecos",es,Media,UgyOAbc2PGLzHE-ZH794AaABAg.AUu2aYYEQ01AUuDtSm-PBn,UgyOAbc2PGLzHE-ZH794AaABAg,1,@LosProgreñecos,😂😂,2026-03-28T15:27:01Z,2026-03-28T15:27:01Z,0,0,youtube,2026-04-05T13:39:42.551133
_he3Z-xUr3g,Los Progreñecos,"
¿Está el mantero de Podemos por encima de la ley?, pero explicado con teleñecos",es,Media,Ugx8QAwLdHb37XQ3UrV4AaABAg,,0,@manuelros8314,"un tipo que entro ilegalmente en España es un delincuente, eso de entrada, No tiene mas discurso que la palabra racista. Un tipo que viene a nuestro pais a insultarnos. Este tipo tenia que estar deportado hace años",2026-03-28T13:48:18Z,2026-03-28T13:48:18Z,33,2,youtube,2026-04-05T13:39:42.551136
_he3Z-xUr3g,Los Progreñecos,"
¿Está el mantero de Podemos por encima de la ley?, pero explicado con teleñecos",es,Media,Ugx8QAwLdHb37XQ3UrV4AaABAg.AUu2aRNgAUpAUu2yhCi4WS,Ugx8QAwLdHb37XQ3UrV4AaABAg,1,@CarlosIv27,Sin duda,2026-03-28T13:51:37Z,2026-03-28T13:51:37Z,3,0,youtube,2026-04-05T13:39:42.551140
_he3Z-xUr3g,Los Progreñecos,"
¿Está el mantero de Podemos por encima de la ley?, pero explicado con teleñecos",es,Media,Ugx8QAwLdHb37XQ3UrV4AaABAg.AUu2aRNgAUpAUwBL2y9kna,Ugx8QAwLdHb37XQ3UrV4AaABAg,1,@LosProgreñecos,Totalmente,2026-03-29T09:43:11Z,2026-03-29T09:43:11Z,2,0,youtube,2026-04-05T13:39:42.551143
_he3Z-xUr3g,Los Progreñecos,"
¿Está el mantero de Podemos por encima de la ley?, pero explicado con teleñecos",es,Media,UgyyZiYi0fTt-cfXTIl4AaABAg,,0,@javier2983,6:50 UNA PERUANA CLIENTELISTA DANDO VERGUENZA PERO VIVIENDO DE LO LINDO DEL ESTADO ESPAÑOL.. 😅😅😅😅,2026-03-28T13:47:59Z,2026-03-28T13:49:35Z,15,1,youtube,2026-04-05T13:39:42.551147
_he3Z-xUr3g,Los Progreñecos,"
¿Está el mantero de Podemos por encima de la ley?, pero explicado con teleñecos",es,Media,UgyyZiYi0fTt-cfXTIl4AaABAg.AUu2Z9foLCtAUu89IP-ypE,UgyyZiYi0fTt-cfXTIl4AaABAg,1,@LosProgreñecos,Así estamos,2026-03-28T14:36:53Z,2026-03-28T14:36:53Z,1,0,youtube,2026-04-05T13:39:42.551150
_he3Z-xUr3g,Los Progreñecos,"
¿Está el mantero de Podemos por encima de la ley?, pero explicado con teleñecos",es,Media,UgybZyyKD-Zgzee4Vq94AaABAg,,0,@raulcollado855,Sois unos fenómenos!!!! Gracias por las risas,2026-03-28T13:47:18Z,2026-03-28T13:47:18Z,18,1,youtube,2026-04-05T13:39:42.551154
_he3Z-xUr3g,Los Progreñecos,"
¿Está el mantero de Podemos por encima de la ley?, pero explicado con teleñecos",es,Media,UgybZyyKD-Zgzee4Vq94AaABAg.AUu2U1rEmZkAUu4ClPWmrJ,UgybZyyKD-Zgzee4Vq94AaABAg,1,@LosProgreñecos,😉🙌🏻,2026-03-28T14:02:25Z,2026-03-28T14:02:25Z,1,0,youtube,2026-04-05T13:39:42.551157
_he3Z-xUr3g,Los Progreñecos,"
¿Está el mantero de Podemos por encima de la ley?, pero explicado con teleñecos",es,Media,UgwEmi7ZTJsYdh0IBV14AaABAg,,0,@manuelgarciaalvarez9979,"Joer, ya me enterado del porqué estaba el mantero en el lío, la peruana y la niña de la curva ojalá hubieran estado en casa del traficante de falsificados y hubieran corrido la misma suerte.
Gracias chicos 😘😘😘",2026-03-28T13:47:05Z,2026-03-28T13:47:05Z,0,0,youtube,2026-04-05T13:39:42.551161
_he3Z-xUr3g,Los Progreñecos,"
¿Está el mantero de Podemos por encima de la ley?, pero explicado con teleñecos",es,Media,Ugx5YKtwmT7bYUK9X6B4AaABAg,,0,@joferval,la izquierda ya no engaña ni a los suyos. A la policia se le respeta porque sonos que garantizan la seguridad de los problemas que generan estos delincuentes,2026-03-28T13:46:53Z,2026-03-28T13:46:53Z,1,2,youtube,2026-04-05T13:39:42.551164
_he3Z-xUr3g,Los Progreñecos,"
¿Está el mantero de Podemos por encima de la ley?, pero explicado con teleñecos",es,Media,Ugx5YKtwmT7bYUK9X6B4AaABAg.AUu2R3a3WycAUuBRHzZtpY,Ugx5YKtwmT7bYUK9X6B4AaABAg,1,@ribronk1607,Pues sus jefes están corrompidos  y  a sus órdenes pf,2026-03-28T15:05:34Z,2026-03-28T15:05:34Z,0,0,youtube,2026-04-05T13:39:42.551168
_he3Z-xUr3g,Los Progreñecos,"
¿Está el mantero de Podemos por encima de la ley?, pero explicado con teleñecos",es,Media,Ugx5YKtwmT7bYUK9X6B4AaABAg.AUu2R3a3WycAUuER3mMdx4,Ugx5YKtwmT7bYUK9X6B4AaABAg,1,@LosProgreñecos,Nuestros policías son héroes. No hay aue dejar que los cínicos hipócritas les ataquen,2026-03-28T15:31:45Z,2026-03-28T15:31:45Z,0,0,youtube,2026-04-05T13:39:42.551171
_he3Z-xUr3g,Los Progreñecos,"
¿Está el mantero de Podemos por encima de la ley?, pero explicado con teleñecos",es,Media,UgykBYEO0GZwtt-HCLB4AaABAg,,0,@TransNobinario,"Parece ser que ha vuelto el apartheid, en su mente, y los nazis.....",2026-03-28T13:45:03Z,2026-03-28T13:45:03Z,0,0,youtube,2026-04-05T13:39:42.551175
_he3Z-xUr3g,Los Progreñecos,"
¿Está el mantero de Podemos por encima de la ley?, pero explicado con teleñecos",es,Media,UgzRnpGFKlG0f9xAimN4AaABAg,,0,@mymd2004,Aca en Argentina es exacamente igual....la receta pogre es global,2026-03-28T13:44:32Z,2026-03-28T13:44:32Z,15,3,youtube,2026-04-05T13:39:42.551179
_he3Z-xUr3g,Los Progreñecos,"
¿Está el mantero de Podemos por encima de la ley?, pero explicado con teleñecos",es,Media,UgzRnpGFKlG0f9xAimN4AaABAg.AUu29pU1y-yAUuAe7q5Lgt,UgzRnpGFKlG0f9xAimN4AaABAg,1,@moralom,Estoy totalmente seguro.,2026-03-28T14:58:43Z,2026-03-28T14:58:43Z,1,0,youtube,2026-04-05T13:39:42.551183
_he3Z-xUr3g,Los Progreñecos,"
¿Está el mantero de Podemos por encima de la ley?, pero explicado con teleñecos",es,Media,UgzRnpGFKlG0f9xAimN4AaABAg.AUu29pU1y-yAUuCHSYmMTt,UgzRnpGFKlG0f9xAimN4AaABAg,1,@alanrodriguez8919,"Afortunadamente ya tienen ustedes a Milei, la agenda progre va de salida allá",2026-03-28T15:12:57Z,2026-03-28T15:12:57Z,0,0,youtube,2026-04-05T13:39:42.551186
_he3Z-xUr3g,Los Progreñecos,"
¿Está el mantero de Podemos por encima de la ley?, pero explicado con teleñecos",es,Media,UgzRnpGFKlG0f9xAimN4AaABAg.AUu29pU1y-yAUuE_lnMauB,UgzRnpGFKlG0f9xAimN4AaABAg,1,@LosProgreñecos,Abrazos para Argentina 🇦🇷,2026-03-28T15:33:04Z,2026-03-28T15:33:04Z,0,0,youtube,2026-04-05T13:39:42.551190
_he3Z-xUr3g,Los Progreñecos,"
¿Está el mantero de Podemos por encima de la ley?, pero explicado con teleñecos",es,Media,Ugxzeu8tzroNM6cvYfV4AaABAg,,0,@javier2983,EL BUEN NEGOCIO CLIENTELISTA DEL RACISMO... Y SIGUE CRECIENDO 😅😅😅,2026-03-28T13:44:15Z,2026-03-28T13:44:15Z,12,1,youtube,2026-04-05T13:39:42.551193
_he3Z-xUr3g,Los Progreñecos,"
¿Está el mantero de Podemos por encima de la ley?, pero explicado con teleñecos",es,Media,Ugxzeu8tzroNM6cvYfV4AaABAg.AUu27jeZIDsAUuDjo8h9Sy,Ugxzeu8tzroNM6cvYfV4AaABAg,1,@LosProgreñecos,Así estamos 🙈,2026-03-28T15:25:42Z,2026-03-28T15:25:42Z,0,0,youtube,2026-04-05T13:39:42.551197
_he3Z-xUr3g,Los Progreñecos,"
¿Está el mantero de Podemos por encima de la ley?, pero explicado con teleñecos",es,Media,UgzhgyqnHOTN_pxnh594AaABAg,,0,@TransNobinario,,2026-03-28T13:42:45Z,2026-03-28T13:42:45Z,0,1,youtube,2026-04-05T13:39:42.551200
_he3Z-xUr3g,Los Progreñecos,"
¿Está el mantero de Podemos por encima de la ley?, pero explicado con teleñecos",es,Media,UgzhgyqnHOTN_pxnh594AaABAg.AUu1xiJuXqLAUu4GMnKt0t,UgzhgyqnHOTN_pxnh594AaABAg,1,@LosProgreñecos,🖐🏻,2026-03-28T14:02:54Z,2026-03-28T14:02:54Z,0,0,youtube,2026-04-05T13:39:42.551204
_he3Z-xUr3g,Los Progreñecos,"
¿Está el mantero de Podemos por encima de la ley?, pero explicado con teleñecos",es,Media,Ugzjm0FByyA5v2KMgqx4AaABAg,,0,@sadnoralvadam,"1:26 Serigne que desayunaste hoy?
Serigne:racista
Serigne como esta el clima de hoy?
Serigne:racista
Serigne que edad tienes?
Serigne:racista.
🙄Vaya este tipo esta lavado del cerebro",2026-03-28T13:42:06Z,2026-03-28T13:42:06Z,9,2,youtube,2026-04-05T13:39:42.551208
_he3Z-xUr3g,Los Progreñecos,"
¿Está el mantero de Podemos por encima de la ley?, pero explicado con teleñecos",es,Media,Ugzjm0FByyA5v2KMgqx4AaABAg.AUu1syt-UDFAUuDi_-29Al,Ugzjm0FByyA5v2KMgqx4AaABAg,1,@LosProgreñecos,Vive de ello. Es más listo que nosotros,2026-03-28T15:25:32Z,2026-03-28T15:25:32Z,0,0,youtube,2026-04-05T13:39:42.551211
_he3Z-xUr3g,Los Progreñecos,"
¿Está el mantero de Podemos por encima de la ley?, pero explicado con teleñecos",es,Media,Ugzjm0FByyA5v2KMgqx4AaABAg.AUu1syt-UDFAUuPYxMACuv,Ugzjm0FByyA5v2KMgqx4AaABAg,1,@amadeusdark,"​@LosProgreñecosRacista!




😂",2026-03-28T17:08:56Z,2026-03-28T17:08:56Z,0,0,youtube,2026-04-05T13:39:42.551214
_he3Z-xUr3g,Los Progreñecos,"
¿Está el mantero de Podemos por encima de la ley?, pero explicado con teleñecos",es,Media,UgwMvnGPHVEHlKq0_xl4AaABAg,,0,@jaac6009,A protestar a tu país y déjanos en paz..si te pasa algo con un moreno te vas y protestas en África..,2026-03-28T13:40:38Z,2026-03-28T13:40:38Z,1,0,youtube,2026-04-05T13:39:42.551218
_he3Z-xUr3g,Los Progreñecos,"
¿Está el mantero de Podemos por encima de la ley?, pero explicado con teleñecos",es,Media,UgwbvSmcV122MXGs-WF4AaABAg,,0,@oskarzeu,La skin humilde,2026-03-28T13:24:30Z,2026-03-28T13:24:30Z,2,1,youtube,2026-04-05T13:39:42.551222
_he3Z-xUr3g,Los Progreñecos,"
¿Está el mantero de Podemos por encima de la ley?, pero explicado con teleñecos",es,Media,UgwbvSmcV122MXGs-WF4AaABAg.AUu-s7QVb3RAUuDPKypq-t,UgwbvSmcV122MXGs-WF4AaABAg,1,@LosProgreñecos,😅😅,2026-03-28T15:22:46Z,2026-03-28T15:22:46Z,1,0,youtube,2026-04-05T13:39:42.551225
_he3Z-xUr3g,Los Progreñecos,"
¿Está el mantero de Podemos por encima de la ley?, pero explicado con teleñecos",es,Media,UgykkxQ0MbtRePrrPGl4AaABAg,,0,@franciscoandresfernandez5025,"Somos un país totalmente fragmentado y destruido, al final los zurdos han conseguido lo que siempre han querido, un país destruido. Luego que no sé quejen de lo que va a venir.",2026-03-28T13:22:32Z,2026-03-28T13:22:32Z,32,2,youtube,2026-04-05T13:39:42.551230
_he3Z-xUr3g,Los Progreñecos,"
¿Está el mantero de Podemos por encima de la ley?, pero explicado con teleñecos",es,Media,UgykkxQ0MbtRePrrPGl4AaABAg.AUu-deH4eX-AUuC028UwOH,UgykkxQ0MbtRePrrPGl4AaABAg,1,@euskadihelena3861,"Y ahora con esto de la guerra de Irán, estan llegando gente de eses países por ahí...y pakistanís?
Flipante!
Si creíamos que esto estaba fatal...en final de 2026 vamos alucinar con la gente que va venir!!",2026-03-28T15:10:35Z,2026-03-28T15:10:35Z,0,0,youtube,2026-04-05T13:39:42.551233
_he3Z-xUr3g,Los Progreñecos,"
¿Está el mantero de Podemos por encima de la ley?, pero explicado con teleñecos",es,Media,UgykkxQ0MbtRePrrPGl4AaABAg.AUu-deH4eX-AUuEdd1L3ol,UgykkxQ0MbtRePrrPGl4AaABAg,1,@LosProgreñecos,Toca un cambio y recuperar nuestro país,2026-03-28T15:33:36Z,2026-03-28T15:33:36Z,1,0,youtube,2026-04-05T13:39:42.551237
_he3Z-xUr3g,Los Progreñecos,"
¿Está el mantero de Podemos por encima de la ley?, pero explicado con teleñecos",es,Media,UgyPXxrD5BoGT6Qt9xt4AaABAg,,0,@labibliotecadealejandria,"Lo peor es que tal y como está el nivel político del hemiciclo no será ni el peor que haya pasado por las cortes del estado, y eso que hay que ponerle ganas para encontrar un diputado peor que este.",2026-03-28T13:19:38Z,2026-03-28T13:19:38Z,2,3,youtube,2026-04-05T13:39:42.551240
_he3Z-xUr3g,Los Progreñecos,"
¿Está el mantero de Podemos por encima de la ley?, pero explicado con teleñecos",es,Media,UgyPXxrD5BoGT6Qt9xt4AaABAg.AUu-JRaQXPBAUu2aiFnuuA,UgyPXxrD5BoGT6Qt9xt4AaABAg,1,@enekomrtn,Manda cojones que ese personaje haya sido diputado de un parlamento en este país,2026-03-28T13:48:21Z,2026-03-28T13:48:21Z,1,0,youtube,2026-04-05T13:39:42.551244
_he3Z-xUr3g,Los Progreñecos,"
¿Está el mantero de Podemos por encima de la ley?, pero explicado con teleñecos",es,Media,UgyPXxrD5BoGT6Qt9xt4AaABAg.AUu-JRaQXPBAUu3cKNfFU0,UgyPXxrD5BoGT6Qt9xt4AaABAg,1,@labibliotecadealejandria,"​​@enekomrtnEs triste, pero el sistema está hecho para que esto sea algo natural. Está claro que en esta vida no lo son todo los títulos, porque también en algunos sectores se da lo que algunos llaman titulitis, y que antaño había gente sin carreras, incluso gente del campo con más cultura que muchos con estudios universitarios. Pero cuando llegan los populismos y los que se dedican a parasitar de la política se aglomeran como moscas sobre la mierda, pues es normal que personajes como este individuo alcancen esas posiciones aunque no esté formado ni capacitado para ocupar un cargo con ese tipo de responsabilidad.",2026-03-28T13:57:18Z,2026-03-28T13:58:32Z,0,0,youtube,2026-04-05T13:39:42.551247
_he3Z-xUr3g,Los Progreñecos,"
¿Está el mantero de Podemos por encima de la ley?, pero explicado con teleñecos",es,Media,UgyPXxrD5BoGT6Qt9xt4AaABAg.AUu-JRaQXPBAUwBBD6hFTh,UgyPXxrD5BoGT6Qt9xt4AaABAg,1,@LosProgreñecos,Así estamos 🙈🙈,2026-03-29T09:41:51Z,2026-03-29T09:41:51Z,0,0,youtube,2026-04-05T13:39:42.551250
_he3Z-xUr3g,Los Progreñecos,"
¿Está el mantero de Podemos por encima de la ley?, pero explicado con teleñecos",es,Media,Ugx5RGL0gwfIYkzOHt54AaABAg,,0,@SrTatum143,"Seguro todo fue premeditado, sabían que iba la policía y tenían ya un grupo preparado para intervenir cuando llegaba la policía.",2026-03-28T13:17:45Z,2026-03-28T13:17:45Z,5,2,youtube,2026-04-05T13:39:42.551254
_he3Z-xUr3g,Los Progreñecos,"
¿Está el mantero de Podemos por encima de la ley?, pero explicado con teleñecos",es,Media,Ugx5RGL0gwfIYkzOHt54AaABAg.AUu-5dqfTYdAUuEK1Zejo9,Ugx5RGL0gwfIYkzOHt54AaABAg,1,@LosProgreñecos,No nos extrañaría nada,2026-03-28T15:30:47Z,2026-03-28T15:30:47Z,0,0,youtube,2026-04-05T13:39:42.551257
_he3Z-xUr3g,Los Progreñecos,"
¿Está el mantero de Podemos por encima de la ley?, pero explicado con teleñecos",es,Media,Ugx5RGL0gwfIYkzOHt54AaABAg.AUu-5dqfTYdAUuF4zmW0Aq,Ugx5RGL0gwfIYkzOHt54AaABAg,1,@britxida3967,Pués pensaste lo mismo que yo.,2026-03-28T15:37:28Z,2026-03-28T15:37:47Z,0,0,youtube,2026-04-05T13:39:42.551260
_he3Z-xUr3g,Los Progreñecos,"
¿Está el mantero de Podemos por encima de la ley?, pero explicado con teleñecos",es,Media,UgxU2JAkx_PKAP1f2Fl4AaABAg,,0,@patxi.6834,"A cada uno sus costumbres. 
En su país lo hubieran cagado a palos, y se lo comían con ñame...patatas o lo que usen en su tierra. 
Sus costumbres. Sin falta. Ya!!. 
Pero que se lo coman sus congéneres con sus costumbres. Que las nuestras son amar al prójimo.",2026-03-28T13:15:16Z,2026-03-28T13:15:16Z,1,0,youtube,2026-04-05T13:39:42.551264
_he3Z-xUr3g,Los Progreñecos,"
¿Está el mantero de Podemos por encima de la ley?, pero explicado con teleñecos",es,Media,UgzYwLhnPThjhm_ZGIt4AaABAg,,0,@natalianatalia8250,pobrecita españa !!! qepd !!!,2026-03-28T13:14:33Z,2026-03-28T13:14:33Z,20,1,youtube,2026-04-05T13:39:42.551267
_he3Z-xUr3g,Los Progreñecos,"
¿Está el mantero de Podemos por encima de la ley?, pero explicado con teleñecos",es,Media,UgzYwLhnPThjhm_ZGIt4AaABAg.AUtzjCM4pxIAUwBPGxVGac,UgzYwLhnPThjhm_ZGIt4AaABAg,1,@LosProgreñecos,"No podemos sentir tristeza, hay que sentir rabia y pelelar😉💪🏻",2026-03-29T09:43:46Z,2026-03-29T09:43:46Z,4,0,youtube,2026-04-05T13:39:42.551271
_he3Z-xUr3g,Los Progreñecos,"
¿Está el mantero de Podemos por encima de la ley?, pero explicado con teleñecos",es,Media,UgwLwF4MjYgUMnqZ3hx4AaABAg,,0,@laposadadeeressea2806,De donde sale toda la purria esa ?,2026-03-28T13:08:24Z,2026-03-28T13:08:24Z,1,0,youtube,2026-04-05T13:39:42.551275
_he3Z-xUr3g,Los Progreñecos,"
¿Está el mantero de Podemos por encima de la ley?, pero explicado con teleñecos",es,Media,UgwSDg8vgsiyTsbK3Al4AaABAg,,0,@sendowitos8303,Vete Machu Pichu a comer coin,2026-03-28T13:07:00Z,2026-03-28T13:07:00Z,0,0,youtube,2026-04-05T13:39:42.551279
_he3Z-xUr3g,Los Progreñecos,"
¿Está el mantero de Podemos por encima de la ley?, pero explicado con teleñecos",es,Media,UgwFeG4SVWpT3qEcZTV4AaABAg,,0,@sendowitos8303,El mantero es el racista. Se lo saben todo estos parásitos.,2026-03-28T13:04:40Z,2026-03-28T13:04:40Z,2,0,youtube,2026-04-05T13:39:42.551283
_he3Z-xUr3g,Los Progreñecos,"
¿Está el mantero de Podemos por encima de la ley?, pero explicado con teleñecos",es,Media,UgzKd3zsPwVBY_8Dzw94AaABAg,,0,@Pineforest65,"Si hay necesidad de explicar esto,estamos jodidos.",2026-03-28T13:01:20Z,2026-03-28T13:01:20Z,2,1,youtube,2026-04-05T13:39:42.551287
_he3Z-xUr3g,Los Progreñecos,"
¿Está el mantero de Podemos por encima de la ley?, pero explicado con teleñecos",es,Media,UgzKd3zsPwVBY_8Dzw94AaABAg.AUtyDMB2RTsAUtyKxm3d_f,UgzKd3zsPwVBY_8Dzw94AaABAg,1,@LosProgreñecos,Es triste pero sí,2026-03-28T13:02:22Z,2026-03-28T13:02:22Z,1,0,youtube,2026-04-05T13:39:42.551290
_he3Z-xUr3g,Los Progreñecos,"
¿Está el mantero de Podemos por encima de la ley?, pero explicado con teleñecos",es,Media,Ugx4KShzVJJUozzo3e94AaABAg,,0,@criadobot,España está llena de tontos útiles que defienden a estes mamarraches,2026-03-28T12:57:42Z,2026-03-28T12:57:42Z,1,0,youtube,2026-04-05T13:39:42.551294
_he3Z-xUr3g,Los Progreñecos,"
¿Está el mantero de Podemos por encima de la ley?, pero explicado con teleñecos",es,Media,UgwV1asXK84Lt__1J2R4AaABAg,,0,@SergioCaOL,Este canal es un gran descubrimiento. Gracias por ser representantes de mi voz,2026-03-28T12:57:14Z,2026-03-28T12:57:14Z,54,3,youtube,2026-04-05T13:39:42.551297
_he3Z-xUr3g,Los Progreñecos,"
¿Está el mantero de Podemos por encima de la ley?, pero explicado con teleñecos",es,Media,UgwV1asXK84Lt__1J2R4AaABAg.AUtxkKo19F4AUtyJDm9HBY,UgwV1asXK84Lt__1J2R4AaABAg,1,@LosProgreñecos,Un abrazo Sergio y muchas gracias por tu comentario 😉,2026-03-28T13:02:08Z,2026-03-28T13:02:08Z,4,0,youtube,2026-04-05T13:39:42.551301
_he3Z-xUr3g,Los Progreñecos,"
¿Está el mantero de Podemos por encima de la ley?, pero explicado con teleñecos",es,Media,UgwV1asXK84Lt__1J2R4AaABAg.AUtxkKo19F4AUuC7A6GVRB,UgwV1asXK84Lt__1J2R4AaABAg,1,@euskadihelena3861,"Cierto👍
Lo descubrí hoy y está muy bien!",2026-03-28T15:11:33Z,2026-03-28T15:11:33Z,3,0,youtube,2026-04-05T13:39:42.551305
_he3Z-xUr3g,Los Progreñecos,"
¿Está el mantero de Podemos por encima de la ley?, pero explicado con teleñecos",es,Media,UgwV1asXK84Lt__1J2R4AaABAg.AUtxkKo19F4AV49A2FZClw,UgwV1asXK84Lt__1J2R4AaABAg,1,@tiomao2681,Son muy grandes!!👏👏👏👏,2026-04-01T21:17:23Z,2026-04-01T21:17:23Z,0,0,youtube,2026-04-05T13:39:42.551308
_he3Z-xUr3g,Los Progreñecos,"
¿Está el mantero de Podemos por encima de la ley?, pero explicado con teleñecos",es,Media,UgyWswfNJENWsQv4AAZ4AaABAg,,0,@Perla-w8m1g,Ese morenito.... Es un miserable sinvergüenza,2026-03-28T12:55:36Z,2026-03-28T12:55:36Z,0,0,youtube,2026-04-05T13:39:42.551311
_he3Z-xUr3g,Los Progreñecos,"
¿Está el mantero de Podemos por encima de la ley?, pero explicado con teleñecos",es,Media,UgwJOF0TEGGwP0jMjbV4AaABAg,,0,@antonyhurtado8516,"Solo saben  engañar !!!  esos  izquierdistas.   Siempre falsean todo,  y lo ssben pero no les importa...!!",2026-03-28T12:54:14Z,2026-03-28T12:54:14Z,7,1,youtube,2026-04-05T13:39:42.551315
_he3Z-xUr3g,Los Progreñecos,"
¿Está el mantero de Podemos por encima de la ley?, pero explicado con teleñecos",es,Media,UgwJOF0TEGGwP0jMjbV4AaABAg.AUtxPRW9VlpAUtyGsdisme,UgwJOF0TEGGwP0jMjbV4AaABAg,1,@LosProgreñecos,"Solo les queda el teatro, la demagogia barata y la victimización constante. Son insoportables",2026-03-28T13:01:48Z,2026-03-28T13:01:48Z,2,0,youtube,2026-04-05T13:39:42.551319
_he3Z-xUr3g,Los Progreñecos,"
¿Está el mantero de Podemos por encima de la ley?, pero explicado con teleñecos",es,Media,UgyXVbURjnDb4AXWbA94AaABAg,,0,@sebhate,Donde vive el embappé ese?,2026-03-28T12:53:29Z,2026-03-28T12:53:29Z,1,3,youtube,2026-04-05T13:39:42.551322
_he3Z-xUr3g,Los Progreñecos,"
¿Está el mantero de Podemos por encima de la ley?, pero explicado con teleñecos",es,Media,UgyXVbURjnDb4AXWbA94AaABAg.AUtxJpQH4MVAUtyM5IwL1Y,UgyXVbURjnDb4AXWbA94AaABAg,1,@LosProgreñecos,Mbayé vive en Madrid,2026-03-28T13:02:31Z,2026-03-28T13:02:31Z,1,0,youtube,2026-04-05T13:39:42.551325
_he3Z-xUr3g,Los Progreñecos,"
¿Está el mantero de Podemos por encima de la ley?, pero explicado con teleñecos",es,Media,UgyXVbURjnDb4AXWbA94AaABAg.AUtxJpQH4MVAUtzdsGH2y4,UgyXVbURjnDb4AXWbA94AaABAg,1,@sebhate,"​​@LosProgreñecosNo es mucha informacion, pero se intentará algo, Gracias.",2026-03-28T13:13:49Z,2026-03-28T17:47:39Z,1,0,youtube,2026-04-05T13:39:42.551329
_he3Z-xUr3g,Los Progreñecos,"
¿Está el mantero de Podemos por encima de la ley?, pero explicado con teleñecos",es,Media,UgyXVbURjnDb4AXWbA94AaABAg.AUtxJpQH4MVAUufmRkLJ9A,UgyXVbURjnDb4AXWbA94AaABAg,1,@topotsama9539,Racista,2026-03-28T19:39:28Z,2026-03-28T19:39:28Z,1,0,youtube,2026-04-05T13:39:42.551332
_he3Z-xUr3g,Los Progreñecos,"
¿Está el mantero de Podemos por encima de la ley?, pero explicado con teleñecos",es,Media,Ugy6DwDGcz9VnYC15Ch4AaABAg,,0,@streiler,Remigracion,2026-03-28T12:47:05Z,2026-03-28T12:47:24Z,2,0,youtube,2026-04-05T13:39:42.551335
_he3Z-xUr3g,Los Progreñecos,"
¿Está el mantero de Podemos por encima de la ley?, pero explicado con teleñecos",es,Media,Ugy6KVJ6CwgJ3rOfNe54AaABAg,,0,@kartortizmoran4095,"Soy peruano. Te pido disculpas por los comentarios de esa estupida socialista.
No tofos somos así. Pero como comprenderan, el cancer de la izquierda también ha llegado a podrir los cerebros de algunos compatriotas.
Pero desde aquí les doy ánimo de resistir y luchar en la urnas para que esa pesadilla que vive su gente se acabé.
Fuerza españoles !!!",2026-03-28T12:44:43Z,2026-03-28T12:44:43Z,49,5,youtube,2026-04-05T13:39:42.551339
_he3Z-xUr3g,Los Progreñecos,"
¿Está el mantero de Podemos por encima de la ley?, pero explicado con teleñecos",es,Media,Ugy6KVJ6CwgJ3rOfNe54AaABAg.AUtwJh6WK6vAUtxFGlxLGu,Ugy6KVJ6CwgJ3rOfNe54AaABAg,1,@LosProgreñecos,"Lo sabemos, no te preocupes y un fuerte abrazo. ❤️ Es una simple vividora hipócrita y cínica.",2026-03-28T12:52:51Z,2026-03-28T12:52:51Z,10,0,youtube,2026-04-05T13:39:42.551343
_he3Z-xUr3g,Los Progreñecos,"
¿Está el mantero de Podemos por encima de la ley?, pero explicado con teleñecos",es,Media,Ugy6KVJ6CwgJ3rOfNe54AaABAg.AUtwJh6WK6vAUuCzH1xecO,Ugy6KVJ6CwgJ3rOfNe54AaABAg,1,@euskadihelena3861,"Gracias!
Pero va ser difícil!!
Aparte que mucha gente llena los bolsillos con esto;
desde la mafia que los trae;
políticos;el propio Rey,que es amigo íntimo del Rey de Marruecos.
Esto todos ganan;
desde el pequeño alcalde de pueblo,
Ong's como Cruz roja(por ejemplo).
Todos chupan del bote.
Así que está complicadoy no soy optimista con el panorama!",2026-03-28T15:19:05Z,2026-03-28T15:19:05Z,1,0,youtube,2026-04-05T13:39:42.551346
_he3Z-xUr3g,Los Progreñecos,"
¿Está el mantero de Podemos por encima de la ley?, pero explicado con teleñecos",es,Media,Ugy6KVJ6CwgJ3rOfNe54AaABAg.AUtwJh6WK6vAUuF7i-JTDb,Ugy6KVJ6CwgJ3rOfNe54AaABAg,1,@robertoroeder2716,"Ese sistema izquierdiste te premia por ser un parásito, destruye a los países",2026-03-28T15:37:51Z,2026-03-28T15:37:51Z,1,0,youtube,2026-04-05T13:39:42.551349
_he3Z-xUr3g,Los Progreñecos,"
¿Está el mantero de Podemos por encima de la ley?, pero explicado con teleñecos",es,Media,Ugy6KVJ6CwgJ3rOfNe54AaABAg.AUtwJh6WK6vAUuu3C-5L-U,Ugy6KVJ6CwgJ3rOfNe54AaABAg,1,@kartortizmoran4095,"​@euskadihelena3861dificil pero imposible. Roma no se creo en un día.
Lo importante es que cada vez más españoles van despertando.
Y si esto no fuera suficiente. Existe otro camino.
Ojalá me equivoque. Pero aveces pienso que esto terminará en un guerra civil",2026-03-28T21:44:14Z,2026-03-28T21:44:14Z,1,0,youtube,2026-04-05T13:39:42.551353
_he3Z-xUr3g,Los Progreñecos,"
¿Está el mantero de Podemos por encima de la ley?, pero explicado con teleñecos",es,Media,Ugy6KVJ6CwgJ3rOfNe54AaABAg.AUtwJh6WK6vAUxLW-mIvFa,Ugy6KVJ6CwgJ3rOfNe54AaABAg,1,@carlosrazcon8287,"No te preocupes, los mexicanos tenemos que soportar a la analfabeta de la presidenta (con A) que se queja por estupideces mientras los problemas más importantes son ignorados.",2026-03-29T20:31:18Z,2026-03-29T20:31:18Z,0,0,youtube,2026-04-05T13:39:42.551358
_he3Z-xUr3g,Los Progreñecos,"
¿Está el mantero de Podemos por encima de la ley?, pero explicado con teleñecos",es,Media,UgwYJHR3Qyr6aPGO2B14AaABAg,,0,@normaestelacano2473,España necesita un Bukele con Bullrich.,2026-03-28T12:43:28Z,2026-03-28T12:43:28Z,51,6,youtube,2026-04-05T13:39:42.551361
_he3Z-xUr3g,Los Progreñecos,"
¿Está el mantero de Podemos por encima de la ley?, pero explicado con teleñecos",es,Media,UgwYJHR3Qyr6aPGO2B14AaABAg.AUtwAUr17ggAUtxGOIrptN,UgwYJHR3Qyr6aPGO2B14AaABAg,1,@LosProgreñecos,💪🏻💪🏻,2026-03-28T12:53:00Z,2026-03-28T12:53:00Z,4,0,youtube,2026-04-05T13:39:42.551364
_he3Z-xUr3g,Los Progreñecos,"
¿Está el mantero de Podemos por encima de la ley?, pero explicado con teleñecos",es,Media,UgwYJHR3Qyr6aPGO2B14AaABAg.AUtwAUr17ggAUu3Q7lB3kM,UgwYJHR3Qyr6aPGO2B14AaABAg,1,@fjgo-x1r,"Haha, no tenéis lo que hay que tener para tener un Bukele o un Milei porque la envidia os corroe por dentro. Por eso la social democracia os va que ni pintada, sea la de Podemos o la de VOX. 😂😂😂",2026-03-28T13:55:30Z,2026-03-28T13:55:30Z,1,0,youtube,2026-04-05T13:39:42.551368
_he3Z-xUr3g,Los Progreñecos,"
¿Está el mantero de Podemos por encima de la ley?, pero explicado con teleñecos",es,Media,UgwYJHR3Qyr6aPGO2B14AaABAg.AUtwAUr17ggAUuBar1tWLl,UgwYJHR3Qyr6aPGO2B14AaABAg,1,@euskadihelena3861,Completamente de acuerdo contigo!,2026-03-28T15:07:00Z,2026-03-28T15:07:00Z,1,0,youtube,2026-04-05T13:39:42.551371
_he3Z-xUr3g,Los Progreñecos,"
¿Está el mantero de Podemos por encima de la ley?, pero explicado con teleñecos",es,Media,UgwYJHR3Qyr6aPGO2B14AaABAg.AUtwAUr17ggAUuC9Zu1qQt,UgwYJHR3Qyr6aPGO2B14AaABAg,1,@alanrodriguez8919,También México 🇲🇽,2026-03-28T15:11:53Z,2026-03-28T15:11:53Z,2,0,youtube,2026-04-05T13:39:42.551374
_he3Z-xUr3g,Los Progreñecos,"
¿Está el mantero de Podemos por encima de la ley?, pero explicado con teleñecos",es,Media,UgwYJHR3Qyr6aPGO2B14AaABAg.AUtwAUr17ggAUuJo2HDlw8,UgwYJHR3Qyr6aPGO2B14AaABAg,1,@xCyberDiva,@fjgo-x1r Friki,2026-03-28T16:18:43Z,2026-03-28T16:18:43Z,1,0,youtube,2026-04-05T13:39:42.551377
_he3Z-xUr3g,Los Progreñecos,"
¿Está el mantero de Podemos por encima de la ley?, pero explicado con teleñecos",es,Media,UgyUZX2EfWHSUt95q1t4AaABAg,,0,@enekoredondo2462,En España los inocentes no testifican o aclaran cosas... solo callan... ejem.. Begoña Gómez.. ejem... y los inocentes no se paran cuando la policía les paran para preguntar cosas... Cuando eres inocente hay que hacer esas cosas para no parecer sospechoso... no lo sabíais?,2026-03-28T12:26:39Z,2026-03-28T12:26:39Z,7,1,youtube,2026-04-05T13:39:42.551380
_he3Z-xUr3g,Los Progreñecos,"
¿Está el mantero de Podemos por encima de la ley?, pero explicado con teleñecos",es,Media,UgyUZX2EfWHSUt95q1t4AaABAg.AUtuFL9wZo9AUtuigxBJHW,UgyUZX2EfWHSUt95q1t4AaABAg,1,@LosProgreñecos,Los culpables y los que viven del victimismo prefieren no colaborar,2026-03-28T12:30:47Z,2026-03-28T12:30:47Z,4,0,youtube,2026-04-05T13:39:42.551384
_he3Z-xUr3g,Los Progreñecos,"
¿Está el mantero de Podemos por encima de la ley?, pero explicado con teleñecos",es,Media,UgwyXL8naYL_cO3AU254AaABAg,,0,@juann4110,"Yo vivi ese tiempo en que si alguien agredia a la policía gris franquista,como minimo acababa en un hospital y después en un calabozo todos tenian ese negro final.",2026-03-28T12:25:34Z,2026-03-28T12:25:34Z,1,0,youtube,2026-04-05T13:39:42.551387
_he3Z-xUr3g,Los Progreñecos,"
¿Está el mantero de Podemos por encima de la ley?, pero explicado con teleñecos",es,Media,UgzscsDPik6ZCbcjmWh4AaABAg,,0,@izaro79,"total les dio un ""sofoco"" y hubo que ""airearles"".",2026-03-28T12:20:17Z,2026-03-28T12:20:17Z,12,1,youtube,2026-04-05T13:39:42.551391
_he3Z-xUr3g,Los Progreñecos,"
¿Está el mantero de Podemos por encima de la ley?, pero explicado con teleñecos",es,Media,UgzscsDPik6ZCbcjmWh4AaABAg.AUttWh0PX78AUtteQvNHyf,UgzscsDPik6ZCbcjmWh4AaABAg,1,@LosProgreñecos,"Nadie puede ir en contra de la autoridad policial, sea blanco, negro o azul💪🏻",2026-03-28T12:21:28Z,2026-03-28T12:21:28Z,5,0,youtube,2026-04-05T13:39:42.551394
_he3Z-xUr3g,Los Progreñecos,"
¿Está el mantero de Podemos por encima de la ley?, pero explicado con teleñecos",es,Media,UgxheT7O6yTE1LFgkCV4AaABAg,,0,@AlexiBencosme,"B A S U R A
P O D E M I T A 
🤮🐀🪳🪰🐛🤮
Les PablEs.
La Irene y la Belarra.
El Mantero.
RidículisímEs, ridiculísimEs!
🐀🐁🐀🐁🐀🐁🐀🐁",2026-03-28T12:18:34Z,2026-03-28T12:18:34Z,1,0,youtube,2026-04-05T13:39:42.551398
_he3Z-xUr3g,Los Progreñecos,"
¿Está el mantero de Podemos por encima de la ley?, pero explicado con teleñecos",es,Media,UgxNb8hL2_zWGyCi1RV4AaABAg,,0,@tomberbers,Este mono se merece lo peor...,2026-03-28T12:15:31Z,2026-03-28T12:15:31Z,2,0,youtube,2026-04-05T13:39:42.551401
_he3Z-xUr3g,Los Progreñecos,"
¿Está el mantero de Podemos por encima de la ley?, pero explicado con teleñecos",es,Media,UgwAByOrv3NHMwcD26d4AaABAg,,0,@macpollosinpollo,Jajajaja,2026-03-28T12:13:54Z,2026-03-28T12:13:54Z,3,1,youtube,2026-04-05T13:39:42.551405
_he3Z-xUr3g,Los Progreñecos,"
¿Está el mantero de Podemos por encima de la ley?, pero explicado con teleñecos",es,Media,UgwAByOrv3NHMwcD26d4AaABAg.AUtsn09j8KmAUttcY5OhaJ,UgwAByOrv3NHMwcD26d4AaABAg,1,@macpollosinpollo,Pobrecita como te metes con la niña la curva.,2026-03-28T12:21:13Z,2026-03-28T12:21:13Z,1,0,youtube,2026-04-05T13:39:42.551409
_he3Z-xUr3g,Los Progreñecos,"
¿Está el mantero de Podemos por encima de la ley?, pero explicado con teleñecos",es,Media,Ugzj7c9Gw7fu3P7eXVR4AaABAg,,0,@pepafajardodelbarco8254,"Q TRISTE 😢 AQUÍ CABE CUALQUIERA 
GRACIAS PROGREÑECOS❤",2026-03-28T12:12:31Z,2026-03-28T12:12:31Z,21,2,youtube,2026-04-05T13:39:42.551412
_he3Z-xUr3g,Los Progreñecos,"
¿Está el mantero de Podemos por encima de la ley?, pero explicado con teleñecos",es,Media,Ugzj7c9Gw7fu3P7eXVR4AaABAg.AUtscoVIo_pAUtt9IJZoc3,Ugzj7c9Gw7fu3P7eXVR4AaABAg,1,@feriamaicenera,"Cualquiera no, sólo los criminales. 
La gente de bien fuera de aquí!",2026-03-28T12:17:05Z,2026-03-28T12:17:05Z,0,0,youtube,2026-04-05T13:39:42.551416
_he3Z-xUr3g,Los Progreñecos,"
¿Está el mantero de Podemos por encima de la ley?, pero explicado con teleñecos",es,Media,Ugzj7c9Gw7fu3P7eXVR4AaABAg.AUtscoVIo_pAUttXnx8Nf3,Ugzj7c9Gw7fu3P7eXVR4AaABAg,1,@LosProgreñecos,Así estamos 🙈,2026-03-28T12:20:26Z,2026-03-28T12:20:26Z,2,0,youtube,2026-04-05T13:39:42.551419
_he3Z-xUr3g,Los Progreñecos,"
¿Está el mantero de Podemos por encima de la ley?, pero explicado con teleñecos",es,Media,Ugw0hZGFLDVbYckQBC14AaABAg,,0,@Octovisuals,"¡Ojo, compañero, con las siglas como «SL»: o le pones punto en la ese y en la ele, en ambas ya que ambas están abreviadas y necesitan punto abreviativo, «S.L.», o no le pones a ninguna: «SL»! Por lo demás genial como siempre. Muchas gracias.",2026-03-28T12:10:51Z,2026-03-28T12:10:51Z,4,1,youtube,2026-04-05T13:39:42.551422
_he3Z-xUr3g,Los Progreñecos,"
¿Está el mantero de Podemos por encima de la ley?, pero explicado con teleñecos",es,Media,Ugw0hZGFLDVbYckQBC14AaABAg.AUtsRcxE2DhAUtsdQ0Kua1,Ugw0hZGFLDVbYckQBC14AaABAg,1,@LosProgreñecos,Cierto! Mil gracias por el apunte 😉,2026-03-28T12:12:35Z,2026-03-28T12:12:35Z,2,0,youtube,2026-04-05T13:39:42.551426
_he3Z-xUr3g,Los Progreñecos,"
¿Está el mantero de Podemos por encima de la ley?, pero explicado con teleñecos",es,Media,Ugx3Pr6rXI2RKzdv1el4AaABAg,,0,@goldchocobo9830,"Se tienen el guión bien aprendido, aunque delincan si les dices algo eres un racista, y lo peor que hay millones de borregos que compran el relato.",2026-03-28T12:07:57Z,2026-03-28T12:07:57Z,3,0,youtube,2026-04-05T13:39:42.551429
