video_id,canal,tema,idioma_estimado,prioridad,comment_id,parent_id,is_reply,author_display_name,text_original,published_at,updated_at,like_count,reply_count,source_platform,downloaded_at
45J0q2xi7Qk,ElDiaQue,Así era IRÁN Antes De La Revolución Del Ayatollah,es,Alta,UgwGcLv-H7mUxAmfhJN4AaABAg,,0,@williamborjamancia,"RESUMEN: 

EN LATINOAMERICA DEBEMOS LUCHAR CONTRA EL ISLAM, NO PERMITAN QUE ENTRE EN SUS PAISES Y HAGAN TODO LO POSIBLE PARA CREAR UN MOVIMIENTO EN CONTRA DE ESTE Y QUE SEA SACADO DE SUS PAISES.",2026-04-03T06:02:43Z,2026-04-03T06:02:43Z,0,0,youtube,2026-04-05T13:39:37.633542
45J0q2xi7Qk,ElDiaQue,Así era IRÁN Antes De La Revolución Del Ayatollah,es,Alta,UgwsIpTZegUGq9CtwgZ4AaABAg,,0,@cristiancisternas4294,"Si esta guerra termina con la eliminacion del regimen ,estoy seguro que pasara lo mismo que paso antes. traeran a una marioneta, dejara al pueblo en la pobreza y le dejaran todo a extranjeros , provocara odio e indignación , y volverán al regimen.",2026-04-02T01:40:30Z,2026-04-02T01:40:30Z,0,0,youtube,2026-04-05T13:39:37.633558
45J0q2xi7Qk,ElDiaQue,Así era IRÁN Antes De La Revolución Del Ayatollah,es,Alta,Ugy0rcCVZ9NnzeC5UMJ4AaABAg,,0,@mexter1693,Cuando el remedio es peor que la enfermedad,2026-03-31T13:29:38Z,2026-03-31T13:29:38Z,0,0,youtube,2026-04-05T13:39:37.633567
45J0q2xi7Qk,ElDiaQue,Así era IRÁN Antes De La Revolución Del Ayatollah,es,Alta,Ugz-U69vLJcqu0wjvNt4AaABAg,,0,@TrinMedina,"Es el problema cuando las “revoluciones” están impulsadas por resentidos en busca de poder. Hasta en Francia, que mucha gente enaltece todo lo que sucedió con como desplazaron a la monarquía, los “revolucionarios” terminaron enloquecidos de poder. Uno de ellos en sus cartas, hasta confesaba que ya no sabía si habían eran los buenos o si alguna vez algo de lo que hicieron fue con esa intención, apenado por como el poder había enloquecido a sus compañeros.",2026-03-27T04:30:56Z,2026-03-27T04:30:56Z,1,0,youtube,2026-04-05T13:39:37.633571
45J0q2xi7Qk,ElDiaQue,Así era IRÁN Antes De La Revolución Del Ayatollah,es,Alta,UgzafECDLuf6c61t1W14AaABAg,,0,@eduardochino3318,"En México afortunadamente las cosas cambiaron para bien que hasta abusan de la libertad de expresión y llaman a cualquier cosa ""dictadura"".",2026-03-26T19:17:17Z,2026-03-26T19:17:17Z,0,0,youtube,2026-04-05T13:39:37.633574
45J0q2xi7Qk,ElDiaQue,Así era IRÁN Antes De La Revolución Del Ayatollah,es,Alta,UgwIjPyhGMmwtD4367N4AaABAg,,0,@Mauricio-u3g,Ojalá y Trump libere a todas estas mujeres,2026-03-24T14:26:51Z,2026-03-24T14:26:51Z,0,0,youtube,2026-04-05T13:39:37.633578
45J0q2xi7Qk,ElDiaQue,Así era IRÁN Antes De La Revolución Del Ayatollah,es,Alta,UgxUfoNj8xQ5XeBgBXh4AaABAg,,0,@mariadirocco1996,Cómo han olvidado sus verdaderos orígenes. Irán pertenecía al pueblo persa una cultura maravillosa como la era romana...,2026-03-22T18:50:16Z,2026-03-22T18:50:16Z,0,0,youtube,2026-04-05T13:39:37.633582
45J0q2xi7Qk,ElDiaQue,Así era IRÁN Antes De La Revolución Del Ayatollah,es,Alta,UgwOm4Bk2zeK804Nr6d4AaABAg,,0,@jesscallSB,☪️ancer,2026-03-22T18:11:20Z,2026-03-22T18:11:20Z,0,0,youtube,2026-04-05T13:39:37.633586
45J0q2xi7Qk,ElDiaQue,Así era IRÁN Antes De La Revolución Del Ayatollah,es,Alta,Ugz_j0RHIeofOMgjxkt4AaABAg,,0,@chiomedina3462,Los que hacen estos vídeos son puros ojetes lameculos de Trump y del desaparecido Nethanyahu. 🤢💩💩💩💩💩,2026-03-19T14:05:18Z,2026-03-19T14:05:18Z,0,0,youtube,2026-04-05T13:39:37.633589
45J0q2xi7Qk,ElDiaQue,Así era IRÁN Antes De La Revolución Del Ayatollah,es,Alta,UgxpUEr46K6wz2Phe7N4AaABAg,,0,@chiomedina3462,Y en tu país respetan a las mujeres?  Puro cliché hijos de pu....,2026-03-19T14:02:52Z,2026-03-19T14:02:52Z,0,0,youtube,2026-04-05T13:39:37.633593
45J0q2xi7Qk,ElDiaQue,Así era IRÁN Antes De La Revolución Del Ayatollah,es,Alta,Ugx7hoWdLpQjQuoxMx54AaABAg,,0,@danteavellaneda1356,"Cuando no la Cia interviniendo en otros países,",2026-03-19T01:31:01Z,2026-03-19T01:33:14Z,0,0,youtube,2026-04-05T13:39:37.633596
45J0q2xi7Qk,ElDiaQue,Así era IRÁN Antes De La Revolución Del Ayatollah,es,Alta,UgwgAnQKDP5fCVq-sr94AaABAg,,0,@MariaBarreto-s6p,Dios coloca rey de reyes y el pueblo elige a Barrabás 🤦🏼‍♀️,2026-03-18T20:21:46Z,2026-03-18T20:21:46Z,0,0,youtube,2026-04-05T13:39:37.633600
45J0q2xi7Qk,ElDiaQue,Así era IRÁN Antes De La Revolución Del Ayatollah,es,Alta,UgwZ3Lml7r2Q9Xy8ozJ4AaABAg,,0,@rominaromero4588,"Que bello era irán antes,ojala vuelvan a hacer lo que fuerón..",2026-03-18T17:11:29Z,2026-03-18T17:11:29Z,0,0,youtube,2026-04-05T13:39:37.633603
45J0q2xi7Qk,ElDiaQue,Así era IRÁN Antes De La Revolución Del Ayatollah,es,Alta,UgzCw2vGJ0Qp42r8e0F4AaABAg,,0,@FernandoTorres-zy8yk,porque siempre tratan de justificar lo que hace estados unidos.,2026-03-18T13:19:28Z,2026-03-18T13:19:28Z,0,0,youtube,2026-04-05T13:39:37.633606
45J0q2xi7Qk,ElDiaQue,Así era IRÁN Antes De La Revolución Del Ayatollah,es,Alta,Ugzm6jk2pc_AWTohwpt4AaABAg,,0,@TravelerOnFire2.0,"Gringolandia TENÍA mucha influencia en lRAN en aquellos años para hacerla dócil a beneficio de lSRAHELL en un futuro cercano y así tener TODO EL PODER EN EL ORIENTE MEDIO y así llegar a hackear a RUSIA. 
ENHORABUENA hoy lRAN es el último bastión de esa zona y resiste a pesar de todo, de lo contrario LOS MALOS DE LA HISTORIA dominarían nustras vidas y las mujeres de lRAN serían como las gringas así de mujeerzuelas y empoderadas ambiciosas, hedonistas burdeleras.... Como fueron las mujeres de CUBA cuando fué el burdel de los gringos antes de su revolución. 
Este video está  cegado y arrodillado a los intereses de los gringos genocidas SlONlSTAS; lástima que ya no exista el buen criterio en estos supuestos ''creadores de contenido'' VENDIDOS!!",2026-03-18T03:34:09Z,2026-03-18T03:34:09Z,0,0,youtube,2026-04-05T13:39:37.633610
45J0q2xi7Qk,ElDiaQue,Así era IRÁN Antes De La Revolución Del Ayatollah,es,Alta,UgwGtSu-vfjdJjOaO1h4AaABAg,,0,@mariagonzales5286,"Acá en Chile Boric , un vago  sin haber trabajado un solo día en su vida , llegó al poder con sus amigos diciendo que ellos harían la revolución.....lo único que hicieron fue ...y está documentado y revisado que ROBARON TODO EL DINERO QUE PUDIERON, NUNCA DEVOLVIERON UN DOLO PESO Y NINGUNO DE ELLOS PAGA EN CARCEL HOY, TAMBIÉN METIERON AL APARATO PUBLICO A CUANTO AMIGO Y PARIENTE PUDIERON Y LOS DEJARON APERNADOS O AMARRADOS EN LOS CARGOS PÚBLICOS, Y TRATARON DE VENDER A LOS CHINOS TODA LA INFORMACIÓN SENCIBLE DE CHILE , EMPRESAS INVERSIONES, BASES DE DATOS , SEGURIDAD ETC ....Y ENDEUDARON EL PAÍS COMO NUNCA ANTES .....
ESO ES LO QUE ESTOS LADRONES HICIERON USANDO EL DISCURSO AÑEJO DE LA REVOLUCIÓN..",2026-03-17T20:00:40Z,2026-03-17T20:00:40Z,0,0,youtube,2026-04-05T13:39:37.633614
45J0q2xi7Qk,ElDiaQue,Así era IRÁN Antes De La Revolución Del Ayatollah,es,Alta,UgxKDtuq68wKfLZe8Al4AaABAg,,0,@fmcap1070,Pobres de las mujeres y niñas que de vivir en libertad pasaron de un día a otro a ser esclavas y a vestirse como la parca,2026-03-16T14:55:31Z,2026-03-16T14:55:31Z,3,0,youtube,2026-04-05T13:39:37.633617
45J0q2xi7Qk,ElDiaQue,Así era IRÁN Antes De La Revolución Del Ayatollah,es,Alta,UgxNnwEVEru5tdzDy3d4AaABAg,,0,@antonioalvarado8423,Calla sorete,2026-03-16T11:08:36Z,2026-03-16T11:08:36Z,0,1,youtube,2026-04-05T13:39:37.633621
45J0q2xi7Qk,ElDiaQue,Así era IRÁN Antes De La Revolución Del Ayatollah,es,Alta,UgxNnwEVEru5tdzDy3d4AaABAg.AUPrmGJV4z5AUSyyQjOZuD,UgxNnwEVEru5tdzDy3d4AaABAg,1,@walterrivera2183,Soretes los que ofenden a falta de argumentos,2026-03-17T16:09:09Z,2026-03-17T16:09:09Z,0,0,youtube,2026-04-05T13:39:37.633626
45J0q2xi7Qk,ElDiaQue,Así era IRÁN Antes De La Revolución Del Ayatollah,es,Alta,UgzPeuJBcsYt_a78Brh4AaABAg,,0,@Barbarrock,Lo que no se cuenta es quien quitó y puso al Sha y al Ayatolá. Los servicios secretos ingleses y la CIA siempre estuvieron detrás. Cuenten lo que hay detrás de lo que se ve en la simple superficie y se comprenderá mejor la actual situación!!!!,2026-03-16T08:03:54Z,2026-03-16T08:03:54Z,0,1,youtube,2026-04-05T13:39:37.633629
45J0q2xi7Qk,ElDiaQue,Así era IRÁN Antes De La Revolución Del Ayatollah,es,Alta,UgzPeuJBcsYt_a78Brh4AaABAg.AUPXdUVNIy_AUSzEK0gVGo,UgzPeuJBcsYt_a78Brh4AaABAg,1,@walterrivera2183,"Claro, los comunistas que apoyaron a la “revolución” iraní, los manipulo la CIA. De tu mentira lo único que consuela es: Los cientos de comunistas que fueron colgados y llegaron a Gran Bretaña como asilados políticos. Pero aun así, los sucialistas no escarmientan...",2026-03-17T16:11:27Z,2026-03-17T16:11:27Z,0,0,youtube,2026-04-05T13:39:37.633633
45J0q2xi7Qk,ElDiaQue,Así era IRÁN Antes De La Revolución Del Ayatollah,es,Alta,UgzSjLRS0jGRgP31tN54AaABAg,,0,@cescfontvela8330,Cada pais tiene lo que s merece😢,2026-03-16T07:57:35Z,2026-03-16T07:57:35Z,0,0,youtube,2026-04-05T13:39:37.633636
45J0q2xi7Qk,ElDiaQue,Así era IRÁN Antes De La Revolución Del Ayatollah,es,Alta,Ugz2JH9GC0G0j3WdYaZ4AaABAg,,0,@cescfontvela8330,La culpa la tiene la gente por permitted sus atrocidades😢,2026-03-16T07:57:01Z,2026-03-16T07:57:01Z,0,0,youtube,2026-04-05T13:39:37.633641
45J0q2xi7Qk,ElDiaQue,Así era IRÁN Antes De La Revolución Del Ayatollah,es,Alta,UgzmMLUq39Hcp6pEasJ4AaABAg,,0,@cescfontvela8330,No tendrian que existir estos paises diabolicos,2026-03-16T07:56:25Z,2026-03-16T07:56:25Z,0,0,youtube,2026-04-05T13:39:37.633645
45J0q2xi7Qk,ElDiaQue,Así era IRÁN Antes De La Revolución Del Ayatollah,es,Alta,UgwDJRcbAnuRzdzBBsl4AaABAg,,0,@Ruth-w1c9j,"Ese pentagrama 2:06  de ciro el grande lo veo en todas las naciones en todos los eslogan en lis billeyes en el srbol de navidad en corea del norte en china en Marruecos en la loteria en las reseñas en  las banderas en la frente de reyes de la actualidad 😮ese dimbolo oculta halgo trascendental 😮
Ni me parece bien el regimen ayatola que reprime mucho ni tampovo me gusta la degeneraion moral” debe haber algun terminó medio “ es que ustedes o se van a un extremo o al oyro no conocen el  termino medio” ni tanto no tsn calvo",2026-03-16T06:33:37Z,2026-03-16T06:39:22Z,0,0,youtube,2026-04-05T13:39:37.633649
45J0q2xi7Qk,ElDiaQue,Así era IRÁN Antes De La Revolución Del Ayatollah,es,Alta,UgwQ_rRrbC_kZ6A_qs54AaABAg,,0,@trapitosensual,"La verdad nunca fue un país libre Irán, en todo momento hubo pobreza, muerte y opresión. Que triste que un país siempre viva asfixiado de una forma u otra",2026-03-16T05:49:16Z,2026-03-16T05:49:16Z,0,1,youtube,2026-04-05T13:39:37.633652
45J0q2xi7Qk,ElDiaQue,Así era IRÁN Antes De La Revolución Del Ayatollah,es,Alta,UgwQ_rRrbC_kZ6A_qs54AaABAg.AUPIERtLsnaAUSzNuax3MP,UgwQ_rRrbC_kZ6A_qs54AaABAg,1,@walterrivera2183,"Fueron de mal en peor. El comunismo y estos bárbaros religiosos, no traen nada bueno.",2026-03-17T16:12:46Z,2026-03-17T16:12:46Z,0,0,youtube,2026-04-05T13:39:37.633656
45J0q2xi7Qk,ElDiaQue,Así era IRÁN Antes De La Revolución Del Ayatollah,es,Alta,Ugw3FQPimA_Dr4MAOfd4AaABAg,,0,@pantomicino,Este cuento repetido por Estados Unidos hasta el cansancio ya nadie lo cree. Y menos con la brutal invasión a Irán en 2026.,2026-03-16T02:37:38Z,2026-03-16T02:37:38Z,0,1,youtube,2026-04-05T13:39:37.633660
45J0q2xi7Qk,ElDiaQue,Así era IRÁN Antes De La Revolución Del Ayatollah,es,Alta,Ugw3FQPimA_Dr4MAOfd4AaABAg.AUOxIldObEnAUSzUJQaPGM,Ugw3FQPimA_Dr4MAOfd4AaABAg,1,@walterrivera2183,"Claro, es lindo defender a un régimen religioso fuera del país que controla...",2026-03-17T16:13:39Z,2026-03-17T16:13:39Z,1,0,youtube,2026-04-05T13:39:37.633664
45J0q2xi7Qk,ElDiaQue,Así era IRÁN Antes De La Revolución Del Ayatollah,es,Alta,UgxvFg0xkCTyPMmcCZB4AaABAg,,0,@joseaguilar-x5j7t,"bla..bla .bla ""gobierno teocrático absolutista""... claro si quieren un lider que sea ""manoseador de menores"" un pedófilo que hacia de la  trata de blancas ""su poder""... era fraterno de Epstein ...",2026-03-16T01:54:27Z,2026-03-16T01:54:27Z,0,1,youtube,2026-04-05T13:39:37.633667
45J0q2xi7Qk,ElDiaQue,Así era IRÁN Antes De La Revolución Del Ayatollah,es,Alta,UgxvFg0xkCTyPMmcCZB4AaABAg.AUOsMW-lVFKAUpW9CfVIpp,UgxvFg0xkCTyPMmcCZB4AaABAg,1,@eduardochino3318,"Las dos cosas son iguales, en la teocracia también hay violadores",2026-03-26T19:30:23Z,2026-03-26T19:30:23Z,0,0,youtube,2026-04-05T13:39:37.633670
45J0q2xi7Qk,ElDiaQue,Así era IRÁN Antes De La Revolución Del Ayatollah,es,Alta,UgyYJ3VEeo5AaKkNekR4AaABAg,,0,@sydgt3160,un video de los trabajadores argentinos con Peron  VS Miey,2026-03-16T00:53:25Z,2026-03-16T00:53:25Z,0,2,youtube,2026-04-05T13:39:37.633674
45J0q2xi7Qk,ElDiaQue,Así era IRÁN Antes De La Revolución Del Ayatollah,es,Alta,UgyYJ3VEeo5AaKkNekR4AaABAg.AUOlNYTkoUyAUSohMze6z6,UgyYJ3VEeo5AaKkNekR4AaABAg,1,@aspergerArgentino1465,kirchnerista montonero peronismo original será anticomunista y nacionalista no es izquierda   perón era militar,2026-03-17T14:39:27Z,2026-03-17T14:39:27Z,2,0,youtube,2026-04-05T13:39:37.633677
45J0q2xi7Qk,ElDiaQue,Así era IRÁN Antes De La Revolución Del Ayatollah,es,Alta,UgyYJ3VEeo5AaKkNekR4AaABAg.AUOlNYTkoUyAUpWCzzfLhm,UgyYJ3VEeo5AaKkNekR4AaABAg,1,@eduardochino3318,​@aspergerArgentino1465como les está yendo con el estafador de Milei?,2026-03-26T19:30:54Z,2026-03-26T19:30:54Z,0,0,youtube,2026-04-05T13:39:37.633681
45J0q2xi7Qk,ElDiaQue,Así era IRÁN Antes De La Revolución Del Ayatollah,es,Alta,UgzqzTy835TXGr5vm0Z4AaABAg,,0,@cristiansalinas4436,Tenía que ser la CIA xd,2026-03-15T23:55:05Z,2026-03-15T23:55:05Z,0,1,youtube,2026-04-05T13:39:37.633684
45J0q2xi7Qk,ElDiaQue,Así era IRÁN Antes De La Revolución Del Ayatollah,es,Alta,UgzqzTy835TXGr5vm0Z4AaABAg.AUOehDu2hBvAUSz_7elhbI,UgzqzTy835TXGr5vm0Z4AaABAg,1,@walterrivera2183,Fuentes: HispanTV...,2026-03-17T16:14:26Z,2026-03-17T16:14:26Z,0,0,youtube,2026-04-05T13:39:37.633687
45J0q2xi7Qk,ElDiaQue,Así era IRÁN Antes De La Revolución Del Ayatollah,es,Alta,UgzZ3Vx4xnLb9OfNOgZ4AaABAg,,0,@jeremypinero1483,"Y recuerden señores, el islam es lo peor del planeta junto con el socialismo.",2026-03-15T22:21:24Z,2026-03-15T22:21:24Z,3,0,youtube,2026-04-05T13:39:37.633691
45J0q2xi7Qk,ElDiaQue,Así era IRÁN Antes De La Revolución Del Ayatollah,es,Alta,Ugy_ai43uSWOOG_DUhZ4AaABAg,,0,@brendabarranco234,"14:49 ""Pero gobernar mediante una Policía Secreta que torturaba y ejecutaba..."" y que mientras el Sha nadaba en lujos, la mayoría de la población nadaba en miseria por lo cual las personas(incluidas la población femenina) abrazaron el extremismo religioso. Deberías mencionar los bloqueos y sanciones económicas que le hicieron al régimen cuando tomó el poder.  El armamento y dinero que las potencias occidentales le dieron a Hussein para hacerles guerra.  USA e Israel solo están cosechando lo que han sembrado.",2026-03-15T21:42:28Z,2026-03-15T22:04:45Z,0,0,youtube,2026-04-05T13:39:37.633694
45J0q2xi7Qk,ElDiaQue,Así era IRÁN Antes De La Revolución Del Ayatollah,es,Alta,Ugxo5o98GyPkaLrzjAl4AaABAg,,0,@leonardosanchez2360,"En pocas palabras Irán es una mafia religiosa corrupta que ah asumido a su pueblo en la pobreza, para financiar una ideologia que exporta a todo el mundo.",2026-03-15T21:29:41Z,2026-03-15T21:29:41Z,0,0,youtube,2026-04-05T13:39:37.633698
45J0q2xi7Qk,ElDiaQue,Así era IRÁN Antes De La Revolución Del Ayatollah,es,Alta,Ugyq2cMdYjUTN8McRkl4AaABAg,,0,@marceloprofe.1294,"¿ Y cuál es la diferencia entre el golpe de estado de 1953 y la campaña de propaganda británica Mi6 y la CIA estadounidense con la agresión actual de Israel-Trump.?
 La autocracia del sha llevó a la revolución islámica...El ataque iraquí cuándo comenzaba la REVOLUCIÓN consolidó al régimen en una guerra terrible, ahora mataron al ayatolá y atacaron por sorpresa al país, es evidente lo que puede pasar.",2026-03-15T17:52:04Z,2026-03-15T17:52:04Z,0,1,youtube,2026-04-05T13:39:37.633701
45J0q2xi7Qk,ElDiaQue,Así era IRÁN Antes De La Revolución Del Ayatollah,es,Alta,Ugyq2cMdYjUTN8McRkl4AaABAg.AUO09Rhn14XAUSzkpN-2ZL,Ugyq2cMdYjUTN8McRkl4AaABAg,1,@walterrivera2183,Cual es la diferencia: Con el Sha no oprimían mujeres ni salían clérigos a decir que son objetos sexuales. Pareciera que algunos jamás tuvieron una madre.,2026-03-17T16:16:02Z,2026-03-17T16:16:02Z,0,0,youtube,2026-04-05T13:39:37.633705
45J0q2xi7Qk,ElDiaQue,Así era IRÁN Antes De La Revolución Del Ayatollah,es,Alta,UgxS8lYllEDr0eQzGmd4AaABAg,,0,@martingarcillas7530,No mientan por favor,2026-03-15T17:44:12Z,2026-03-15T17:44:12Z,0,0,youtube,2026-04-05T13:39:37.633708
45J0q2xi7Qk,ElDiaQue,Así era IRÁN Antes De La Revolución Del Ayatollah,es,Alta,UgyK5j4BPCZ3bkgyW_B4AaABAg,,0,@Onirio27,"En cada episodio de la historia Estados Unidos deja su huella (Esclavitud y racismo es algo que Estados Unidos no quiere se les recuerde, pero aun en la actualidad en Estados Unidos la ley y los derechos son para unos pocos), pero si se hiciera un recuento; ha hecho más mal que bien, y siempre a beneficio de Estados Unidos ""America para los norteamericanos"", todos los demás son potencialmente terroristas. Quienes mueven los hilos en Estados Unidos, Trump no lo creo!, que ocultan, cual es la necesidad de tanto petróleo, en los últimos años solo conflicto con países que tienen petróleo, bases en todos lados para seguridad o para oprimir, que sigue después, obligar a ciudadanos de otros países a incorporarse al ejército de USA, dejando familiares en el olvido y que mueran de hambre, en donde queda los derechos de vida, la guerra no trae la paz sino más conflicto, resentimiento y enojo, para los fanáticos amates de USA si les molesto este comentario, no pediré perdón por la verdad... Aunque no sea alguien, alguien los será por mí, la justicia siempre llega...",2026-03-15T16:59:23Z,2026-03-15T16:59:23Z,0,0,youtube,2026-04-05T13:39:37.633712
45J0q2xi7Qk,ElDiaQue,Así era IRÁN Antes De La Revolución Del Ayatollah,es,Alta,UgwW5sf5Fhp80TQu1cR4AaABAg,,0,@Em-empirePlay,Socialismo. Que esperan,2026-03-15T16:35:43Z,2026-03-15T16:35:43Z,1,0,youtube,2026-04-05T13:39:37.633716
45J0q2xi7Qk,ElDiaQue,Así era IRÁN Antes De La Revolución Del Ayatollah,es,Alta,Ugx5j8fsRVkHRPBrA314AaABAg,,0,@ronaldibazetatello5258,También el Sha y su entorno eran los más corruptos,2026-03-15T14:53:50Z,2026-03-15T14:53:50Z,0,0,youtube,2026-04-05T13:39:37.633719
45J0q2xi7Qk,ElDiaQue,Así era IRÁN Antes De La Revolución Del Ayatollah,es,Alta,Ugz95pOiOxLe7BmZsYN4AaABAg,,0,@juanki847,Osea usar ropa muy provocativa casi desnuda es más moral como las vestimentas de Iran,2026-03-15T14:49:31Z,2026-03-15T14:49:31Z,0,0,youtube,2026-04-05T13:39:37.633723
45J0q2xi7Qk,ElDiaQue,Así era IRÁN Antes De La Revolución Del Ayatollah,es,Alta,UgyB_Jtl62qi01XACst4AaABAg,,0,@winaqwinaq2020,"Democracia gringa: gobernantes titeres impuestos a través de procesos electorales fraudulentos, que dejen robar a EEUU el petróleo.  Moral gringa: los archivos de Ekstein.",2026-03-15T14:45:03Z,2026-03-15T14:45:03Z,1,0,youtube,2026-04-05T13:39:37.633726
45J0q2xi7Qk,ElDiaQue,Así era IRÁN Antes De La Revolución Del Ayatollah,es,Alta,Ugx1hKIbpcztVHwquFh4AaABAg,,0,@PanchoLoco-c4h,Jajajaja 🤣🤣🤣🤣🤣🤣🤣🤣🤣🤣🤣🤣🤣🤣🤣,2026-03-15T12:45:41Z,2026-03-15T12:45:41Z,0,0,youtube,2026-04-05T13:39:37.633729
45J0q2xi7Qk,ElDiaQue,Así era IRÁN Antes De La Revolución Del Ayatollah,es,Alta,UgwScWEbp97svoIznYp4AaABAg,,0,@carolatenccia4790,Salieron de Guatemala pa guatepeor,2026-03-15T02:37:56Z,2026-03-15T02:37:56Z,0,0,youtube,2026-04-05T13:39:37.633733
45J0q2xi7Qk,ElDiaQue,Así era IRÁN Antes De La Revolución Del Ayatollah,es,Alta,UgzVaznFTlqSRjtWxvp4AaABAg,,0,@nelsonaguero2077,VIVA TRUMP,2026-03-14T19:47:41Z,2026-03-14T19:47:41Z,1,0,youtube,2026-04-05T13:39:37.633736
45J0q2xi7Qk,ElDiaQue,Así era IRÁN Antes De La Revolución Del Ayatollah,es,Alta,Ugz7XkPyld-AzlaE6Yd4AaABAg,,0,@ernestomendez5677,Eso es lo malo que un loco extremista llegue a tener poder. Sometiendo a sus pobladores.,2026-03-14T16:05:55Z,2026-03-14T16:05:55Z,1,0,youtube,2026-04-05T13:39:37.633740
45J0q2xi7Qk,ElDiaQue,Así era IRÁN Antes De La Revolución Del Ayatollah,es,Alta,UgyoNse71lEnUf0m-uJ4AaABAg,,0,@renatoandrade9572,"Jajajaja me rio más bien, las estúpidas de morado en la calle a favor de Irán, y los estúpidos iraníes protestando con el único q les dio espacio a ser libres jajaja, pobres pendejos",2026-03-14T14:44:18Z,2026-03-14T14:44:18Z,1,0,youtube,2026-04-05T13:39:37.633743
45J0q2xi7Qk,ElDiaQue,Así era IRÁN Antes De La Revolución Del Ayatollah,es,Alta,UgwIgXEO0dnvk66JdDV4AaABAg,,0,@MrMr-yw6mg,Mal video. Falso falso,2026-03-14T13:43:52Z,2026-03-14T13:43:52Z,0,0,youtube,2026-04-05T13:39:37.633747
45J0q2xi7Qk,ElDiaQue,Así era IRÁN Antes De La Revolución Del Ayatollah,es,Alta,UgzGJVOde0PrDZFRJBV4AaABAg,,0,@guillermoraulsarmientofran9693,Y no mencionas los miles de muertos y torturados por el Sha? Que sesgado o que manipulador.... cada vez este canal esta en decadencia,2026-03-14T13:43:37Z,2026-03-14T13:43:37Z,0,0,youtube,2026-04-05T13:39:37.633750
45J0q2xi7Qk,ElDiaQue,Así era IRÁN Antes De La Revolución Del Ayatollah,es,Alta,UgyRlM2zQauHytj1Xst4AaABAg,,0,@MrMr-yw6mg,Falso falso falso .,2026-03-14T13:43:11Z,2026-03-14T13:43:11Z,0,0,youtube,2026-04-05T13:39:37.633754
45J0q2xi7Qk,ElDiaQue,Así era IRÁN Antes De La Revolución Del Ayatollah,es,Alta,UgzyYJul38J5BAvrqpJ4AaABAg,,0,@guillermoraulsarmientofran9693,Los anglosajones haciendo su cagadero por el petroleo no se cosa nueva,2026-03-14T13:41:33Z,2026-03-14T13:41:33Z,0,0,youtube,2026-04-05T13:39:37.633757
45J0q2xi7Qk,ElDiaQue,Así era IRÁN Antes De La Revolución Del Ayatollah,es,Alta,UgwKPzFEOmCM3LKiyyJ4AaABAg,,0,@KapSergei,"""A ninguna cultura le gusta que otra venga a imponerse y borrar sus raíces""... Eso es lo que hace  Hollyw00d sobre los Persas...  Sería bueno viajar a Irán y vivir allí un periodo de tiempo para comprender mejor su realidad antes de sólo parafrasear lo que libros occidentales describen tras de un escritorio o teclado...",2026-03-14T12:35:06Z,2026-03-14T12:35:06Z,2,1,youtube,2026-04-05T13:39:37.633761
45J0q2xi7Qk,ElDiaQue,Así era IRÁN Antes De La Revolución Del Ayatollah,es,Alta,UgwKPzFEOmCM3LKiyyJ4AaABAg.AUKs5-0ze_nAV7QmzxObXP,UgwKPzFEOmCM3LKiyyJ4AaABAg,1,@JackMayler,"Pues en un punto es cierto, dentro de Irán es distinto a lo que el mundo lo da a conocer, pero aun así es injustificable que un señor calvo con una religión inservible venga a aplicar una dictadura sin limites. Dejo a este pobre país en la mas pobre miseria posible, si, estados unidos y sus aliados pusieron un bloqueo económico, pero eso demuestra la verdad misma, Irán es una dictadura infuncional, mas que buscar el progreso mayor, buscan aplicar terrorismo al mundo sin un motivo claro.",2026-04-03T03:49:06Z,2026-04-03T03:49:06Z,0,0,youtube,2026-04-05T13:39:37.633764
45J0q2xi7Qk,ElDiaQue,Así era IRÁN Antes De La Revolución Del Ayatollah,es,Alta,UgxbyyzoSzE9QUvwMrJ4AaABAg,,0,@VictorGarcia-u8s,"Esta guerra es por el petroleo, el papel verde sin petroleo no vale nada.
Venezuela fue invadida y ya  saquean el petroleo, ahora están detras de Irán, luego dirán que mexico es un narco estado y tambien le llevarán la ""democracia""",2026-03-14T12:09:53Z,2026-03-14T12:09:53Z,1,2,youtube,2026-04-05T13:39:37.633768
45J0q2xi7Qk,ElDiaQue,Así era IRÁN Antes De La Revolución Del Ayatollah,es,Alta,UgxbyyzoSzE9QUvwMrJ4AaABAg.AUKpCOboltNAUKppLv8LPc,UgxbyyzoSzE9QUvwMrJ4AaABAg,1,@H.J2121,Si es tremendamente un estado narco no jdas jajajaj,2026-03-14T12:15:21Z,2026-03-14T12:15:21Z,0,0,youtube,2026-04-05T13:39:37.633771
45J0q2xi7Qk,ElDiaQue,Así era IRÁN Antes De La Revolución Del Ayatollah,es,Alta,UgxbyyzoSzE9QUvwMrJ4AaABAg.AUKpCOboltNAUpWRzhL7fl,UgxbyyzoSzE9QUvwMrJ4AaABAg,1,@eduardochino3318,​@H.J2121Narcoestado ya era desde el sexenio de Calderón.,2026-03-26T19:32:57Z,2026-03-26T19:32:57Z,1,0,youtube,2026-04-05T13:39:37.633774
45J0q2xi7Qk,ElDiaQue,Así era IRÁN Antes De La Revolución Del Ayatollah,es,Alta,UgzMTEAU1J1cuhXK7Bh4AaABAg,,0,@JesúsTuto,Ahí se demuestra quien es el verdadero régimen que es EEUU,2026-03-14T11:19:36Z,2026-03-14T11:19:36Z,1,0,youtube,2026-04-05T13:39:37.633778
45J0q2xi7Qk,ElDiaQue,Así era IRÁN Antes De La Revolución Del Ayatollah,es,Alta,UgwgQrllvpd0CtPV_L54AaABAg,,0,@rodrigocarbajo1612,Conflicto,2026-03-14T10:20:42Z,2026-03-14T10:20:42Z,0,0,youtube,2026-04-05T13:39:37.633781
45J0q2xi7Qk,ElDiaQue,Así era IRÁN Antes De La Revolución Del Ayatollah,es,Alta,Ugy4zWBn_jzVcdy2BXt4AaABAg,,0,@Carlos-dl2fz,Antes también había corrupcion por eso cayó,2026-03-14T04:14:17Z,2026-03-14T04:14:17Z,0,0,youtube,2026-04-05T13:39:37.633785
45J0q2xi7Qk,ElDiaQue,Así era IRÁN Antes De La Revolución Del Ayatollah,es,Alta,UgyVgvbPLpaZsiBU1r14AaABAg,,0,@carlosandrescoronelespinoz1093,Lamentable suerte para los desecendientes de los persas ... el sha y los ayatolas son la misma porqueria y en medio una sociedad iraní soñando la libertad y desarrollo que ninguno de estos los concedería ...,2026-03-14T03:30:18Z,2026-03-14T03:30:18Z,1,0,youtube,2026-04-05T13:39:37.633788
45J0q2xi7Qk,ElDiaQue,Así era IRÁN Antes De La Revolución Del Ayatollah,es,Alta,UgzvTtht9RVdYd1jSCB4AaABAg,,0,@cruzvelazquezcruzvelazquez2528,BIEN MAMÁCITAS.  LO MALO ES QUE SUS MACHOS SON MUY PICADORES PERO BIEN MARICAS.  NI LAS DEFIENDEN ESTOS CABRONES,2026-03-13T23:42:44Z,2026-03-13T23:42:44Z,0,0,youtube,2026-04-05T13:39:37.633792
45J0q2xi7Qk,ElDiaQue,Así era IRÁN Antes De La Revolución Del Ayatollah,es,Alta,UgxSXRX3JnZ00KzOfPV4AaABAg,,0,@sebastianquintero3854,SIEMPRE TU REVOLUCIONARIO.......SERA A CORTO O LARGO PLAZO TU NUEVO OPRESOR,2026-03-13T13:47:53Z,2026-03-13T13:47:53Z,0,0,youtube,2026-04-05T13:39:37.633796
45J0q2xi7Qk,ElDiaQue,Así era IRÁN Antes De La Revolución Del Ayatollah,es,Alta,Ugycrq8pEJToHlXYs8J4AaABAg,,0,@sofasitx,Afganistán igual ;(,2026-03-13T06:03:44Z,2026-03-13T06:03:44Z,0,0,youtube,2026-04-05T13:39:37.633799
45J0q2xi7Qk,ElDiaQue,Así era IRÁN Antes De La Revolución Del Ayatollah,es,Alta,UgwEICn5ATuuENb7YSh4AaABAg,,0,@rodrigodiaz1662,"modernidad? drogas, sexo, pedofilia si eso es modernidad prefiero seguir a Alá",2026-03-13T03:07:23Z,2026-03-13T03:07:23Z,1,1,youtube,2026-04-05T13:39:37.633803
45J0q2xi7Qk,ElDiaQue,Así era IRÁN Antes De La Revolución Del Ayatollah,es,Alta,UgwEICn5ATuuENb7YSh4AaABAg.AUHHK72HWZZAUSq1Hh1dh3,UgwEICn5ATuuENb7YSh4AaABAg,1,@aspergerArgentino1465,Sí sos musulman porque no te llevas a irán,2026-03-17T14:51:02Z,2026-03-17T14:51:02Z,2,0,youtube,2026-04-05T13:39:37.633806
45J0q2xi7Qk,ElDiaQue,Así era IRÁN Antes De La Revolución Del Ayatollah,es,Alta,Ugxp5aYfU88FI3-MuRt4AaABAg,,0,@cordoba-arg,"cuantas mentiras decis magnus, me extraña",2026-03-13T03:05:29Z,2026-03-13T03:05:29Z,0,0,youtube,2026-04-05T13:39:37.633810
45J0q2xi7Qk,ElDiaQue,Así era IRÁN Antes De La Revolución Del Ayatollah,es,Alta,Ugyb7Y6yqYvksAuqD-N4AaABAg,,0,@frandavid386,Irán es tal cual lo que es hoy antes de la intervención de 1953 y hay que aceptar su destino de cada país sin intervenciones para que cambie simplemente porque otro país lo dice por qué no podemos cambiar la vida de nuestros vecinos y decirle cómo tienen que vivir y qué es lo que tienen que hacer ni meternos en la vida de nadie más solamente tenemos que aceptar tal cual como somos,2026-03-13T02:48:26Z,2026-03-13T02:48:26Z,1,0,youtube,2026-04-05T13:39:37.633813
45J0q2xi7Qk,ElDiaQue,Así era IRÁN Antes De La Revolución Del Ayatollah,es,Alta,Ugy6ah5Y2S4c75kETtN4AaABAg,,0,@frandavid386,Irán nunca había sido intervenida hasta 1953 era virgen de modelos y pensamientos ideales de Estados Unidos hasta que intervino así que tienes que mostrar cómo eran antes de 1953 cuándo nunca había sido intervenido y si nunca hubiera sido intervenido así fuera hoy tal cual como hay que aceptar cómo es cada país y.punto,2026-03-13T02:46:19Z,2026-03-13T02:46:19Z,0,0,youtube,2026-04-05T13:39:37.633817
45J0q2xi7Qk,ElDiaQue,Así era IRÁN Antes De La Revolución Del Ayatollah,es,Alta,UgyxXeNoW33k_Gx5hlF4AaABAg,,0,@frandavid386,Tú estás mostrando la década de los 70 tienes que mostrarme la década antes del 1953 que los Estados Unidos intervinió para poner a un gobierno favorable a los intereses y a la forma de libertad de los Estados Unidos eso no es Irán lo que tú estás mostrando será Irán pero con un gobernante con pensamientos estadounidenses entonces tú estás mostrando un modelo político implantado por los Estados Unidos cuando intervinió si no hubiera intervenido jamás nunca en la vida o ningún país toda su cultura fuera tal cual como es ella porque no puedes imponer un cambio de modelo político y forma de pensar de otro país tenemos que aceptar toda la cultura toda la música de toda esa forma de vivir porque si no no no viéramos en otros países personas con cultura Irán sin velos y sin cultura sino con cultura imperialista estadounidense entonces dices mentira no muéstrame Irán antes del 1953,2026-03-13T02:41:54Z,2026-03-13T02:41:54Z,0,0,youtube,2026-04-05T13:39:37.633820
45J0q2xi7Qk,ElDiaQue,Así era IRÁN Antes De La Revolución Del Ayatollah,es,Alta,UgxiMfHbLoudjq5tQYx4AaABAg,,0,@edytomaso,"asi como castro y chaves, utilizo la ignorancia de los ciudadanos, esos comunistas, islamistas, terroristas, zurdos radicales, matan al pueblo de hambre y miseria",2026-03-13T02:11:23Z,2026-03-13T02:11:23Z,2,1,youtube,2026-04-05T13:39:37.633823
45J0q2xi7Qk,ElDiaQue,Así era IRÁN Antes De La Revolución Del Ayatollah,es,Alta,UgxiMfHbLoudjq5tQYx4AaABAg.AUHAuxVsMB8AUpWe84RkNy,UgxiMfHbLoudjq5tQYx4AaABAg,1,@eduardochino3318,Que bien describes a los fachos y sionistas.,2026-03-26T19:34:45Z,2026-03-26T19:34:45Z,0,0,youtube,2026-04-05T13:39:37.633827
45J0q2xi7Qk,ElDiaQue,Así era IRÁN Antes De La Revolución Del Ayatollah,es,Alta,UgzpHDgMz324fAkMqlR4AaABAg,,0,@AlmA-ANDlNA,"NO Apoyamos las Atrocidades cometidas por el SHA y su Monarquía ABSOLUTA. 
Pero sin Duda su Población Al Menos Tenía un Atisbo de Libertad, porque El Polo Opuesto: el Extremismo ISLÁMICO ha Sido Mucho PEOR para el Pueblo Iraní.",2026-03-13T01:41:28Z,2026-03-13T01:41:28Z,1,0,youtube,2026-04-05T13:39:37.633830
45J0q2xi7Qk,ElDiaQue,Así era IRÁN Antes De La Revolución Del Ayatollah,es,Alta,Ugw-Jg_S6PPIR0EtiQx4AaABAg,,0,@Dina-mq2fw,"Yo no sé como hay personas que apoyen este régimen de Irán 😮 nadie tiene derecho a nada ahí , es para que lo piensen muy bien eas gente que no es Iraní , y que además gozan de sus libertades en sus paises ,antes de apoyar esa dictadura extrema .",2026-03-12T23:08:27Z,2026-03-12T23:08:27Z,1,0,youtube,2026-04-05T13:39:37.633834
45J0q2xi7Qk,ElDiaQue,Así era IRÁN Antes De La Revolución Del Ayatollah,es,Alta,Ugwq9U9pCoyhQq7J3tR4AaABAg,,0,@AKT_iii,Ellos si necesitan quitar el patriarcado que en España joden con su 8am  buscan igualdad en que un sentido estupido. Mandé los a irán o a las guerras por qué hacer problemas es fácil destruir lo que el hombre creo es fácil pero ayudar mejorar la sociedad no?,2026-03-12T21:17:53Z,2026-03-12T21:17:53Z,0,0,youtube,2026-04-05T13:39:37.633837
45J0q2xi7Qk,ElDiaQue,Así era IRÁN Antes De La Revolución Del Ayatollah,es,Alta,UgzPOGkUdFeEogrBdi14AaABAg,,0,@Arnaldo-y6e,Irán  iraníes theran persa revolucion republica lider supremmo seguridad geopolitica estrateguia dentro geografico geopolitica estrateguia es. Una tradicion y. Obligacion.  De. Iran de. Politica y. Estrateguico.  de.belo. Mara.  Todo.  Mujeres. Reguimen.  Revolucion republica Libertad   y.  Pero teocratico y persa.  Y.  Mosulbanes.  Chiitas.  Todos.  Por.  Igual.  Por.  Siglo.  De.  Iran iraní iraníes theran islamico religión persa revolucion republica lider,2026-03-12T20:29:20Z,2026-03-12T20:29:20Z,0,0,youtube,2026-04-05T13:39:37.633840
45J0q2xi7Qk,ElDiaQue,Así era IRÁN Antes De La Revolución Del Ayatollah,es,Alta,Ugw49SB0ZrYDl9uMff94AaABAg,,0,@alferbonnycalabarragan163,Esto es como eso 😂😂,2026-03-12T19:08:09Z,2026-03-12T19:08:09Z,0,0,youtube,2026-04-05T13:39:37.633844
45J0q2xi7Qk,ElDiaQue,Así era IRÁN Antes De La Revolución Del Ayatollah,es,Alta,Ugyqt0toziQ37qtOkjd4AaABAg,,0,@younesselh9088,Las minifaldas son el simbolo del liberatismo y la democracia? EEUU e Israel les importa las mujeres de Irán?? Porque han asesinado 180 niñas de un cole?,2026-03-12T19:03:21Z,2026-03-12T19:04:56Z,1,0,youtube,2026-04-05T13:39:37.633855
45J0q2xi7Qk,ElDiaQue,Así era IRÁN Antes De La Revolución Del Ayatollah,es,Alta,UgwQbfgTkitreFsMlIx4AaABAg,,0,@disonanteconelmundo,"Y todo por los malditos de izquierda que llevaron a los ayatollah, merecen cárcel aquí e infierno si existe en la otra vida.",2026-03-12T18:41:03Z,2026-03-12T18:41:03Z,2,0,youtube,2026-04-05T13:39:37.633859
45J0q2xi7Qk,ElDiaQue,Así era IRÁN Antes De La Revolución Del Ayatollah,es,Alta,UgwDI3cURQOyfzleK2R4AaABAg,,0,@AntonioJimenezA,¿Se ven completamente normales? ¿Qué es normal? ¿el american way of life? ¿y si para una cultura milenaria eso no es aceptable? Teheran era una ciudad cosmopolita? ¿u occidentalizada? ¿O sea que la culpa de los problemas de medio oriente es culpa de Iran? ¿Y qué hay del Sha que gobernaba en los 70's? 'Cuantos años llevaba en el poder respondiendo a los intereses de los EEUU? Decir verdades a medias es bien fácil...,2026-03-12T18:29:00Z,2026-03-12T18:29:00Z,0,0,youtube,2026-04-05T13:39:37.633863
45J0q2xi7Qk,ElDiaQue,Así era IRÁN Antes De La Revolución Del Ayatollah,es,Alta,UgyaC_0U7EXLvnVt_bx4AaABAg,,0,@Gerar_.O,Que loco que un puñado de fanáticos religiosos hagan tanto daño a una población lo peor es que en pleno 2026 hay quienes los defienden.,2026-03-12T18:00:52Z,2026-03-12T18:00:52Z,2,0,youtube,2026-04-05T13:39:37.633866
45J0q2xi7Qk,ElDiaQue,Así era IRÁN Antes De La Revolución Del Ayatollah,es,Alta,Ugx09OtiprcaP8gXiYd4AaABAg,,0,@carlosvega1612,IRANIÉS mALECHORES,2026-03-12T17:53:45Z,2026-03-12T17:53:45Z,0,0,youtube,2026-04-05T13:39:37.633869
45J0q2xi7Qk,ElDiaQue,Así era IRÁN Antes De La Revolución Del Ayatollah,es,Alta,UgweEiSXkDmsKnNr30Z4AaABAg,,0,@Elbombard1840,Recuerda que cuando las cosas están mal pueden empeorar 😅,2026-03-12T16:10:31Z,2026-03-12T16:10:31Z,0,0,youtube,2026-04-05T13:39:37.633873
45J0q2xi7Qk,ElDiaQue,Así era IRÁN Antes De La Revolución Del Ayatollah,es,Alta,UgxTixkI9g7MyditQH54AaABAg,,0,@joseluiscadillosantamaria93,"Muy Interesante documental,
Gracias por esa información,
Solo una cosa no se dice Médicas sino médicos,
En todo caso se debería decir doctoras que es lo correcto,
Por lo demás Felicitaciones por tan ilustrativo video.",2026-03-12T14:42:33Z,2026-03-12T14:42:33Z,0,1,youtube,2026-04-05T13:39:37.633876
45J0q2xi7Qk,ElDiaQue,Así era IRÁN Antes De La Revolución Del Ayatollah,es,Alta,UgxTixkI9g7MyditQH54AaABAg.AUFx4lRHohLAUI7-a4dven,UgxTixkI9g7MyditQH54AaABAg,1,@ElDiaQue,"Hola. No. Según la RAE es correcto decir “médicas”. Te dejo el link: https://www.rae.es/dpd/m%C3%A9dico

Este video lo explica: https://www.instagram.com/reel/DO0fafrjF9s/?igsh=dHBiNGt3ZmJ4bnEw",2026-03-13T10:56:27Z,2026-03-13T10:56:27Z,0,0,youtube,2026-04-05T13:39:37.633879
45J0q2xi7Qk,ElDiaQue,Así era IRÁN Antes De La Revolución Del Ayatollah,es,Alta,Ugxj7JjNDbvZIup7nEZ4AaABAg,,0,@EnrriqueSilva-f1l,"X LO Q ESTÁ SUCEDIENDO AHORITA EN ESPAÑA Y MÉXICO EN 10 AÑOS LOS VEREMOS IGUAL  Q IRÁN, GOBERNANDO DICTADORES INDEFINIDAMENTE D X VIDA, CONTROLA DOLER A LAS MUJERES LA FORMA D VESTIR  USAR TURBANTE, VESTIDAS DE PIE A CABEZA, NEGANDOLE ESTUDIAR Y TRABAJAR, SOLO LAS TENDRÁN PARA TENER HIJOS Y HACER OFICIOS DE LA CASA Y TRATARLAS CM ANIMALES CM LAS TRATAN EN IRÁN",2026-03-12T10:54:32Z,2026-03-12T10:54:32Z,0,1,youtube,2026-04-05T13:39:37.633883
45J0q2xi7Qk,ElDiaQue,Así era IRÁN Antes De La Revolución Del Ayatollah,es,Alta,Ugxj7JjNDbvZIup7nEZ4AaABAg.AUFXzkg9Ke2AUpWr08rWGE,Ugxj7JjNDbvZIup7nEZ4AaABAg,1,@eduardochino3318,No digas mmdas que en México hasta libertad de expresión tenemos de sobra,2026-03-26T19:36:30Z,2026-03-26T19:36:30Z,0,0,youtube,2026-04-05T13:39:37.633886
45J0q2xi7Qk,ElDiaQue,Así era IRÁN Antes De La Revolución Del Ayatollah,es,Alta,UgxZS_ixQpfYe0rxn8x4AaABAg,,0,@alannisd8393,Conflicto,2026-03-12T10:07:23Z,2026-03-12T10:07:23Z,0,0,youtube,2026-04-05T13:39:37.633891
45J0q2xi7Qk,ElDiaQue,Así era IRÁN Antes De La Revolución Del Ayatollah,es,Alta,UgyCuWgFyUBPKqJpI2J4AaABAg,,0,@sansclasico9741,Los iraníes fueron unos ilusos al creerle a unos viejos condenaron el país para sus hijos y hijas ojalás Israel y estados unidos hagan escapar a los sucios terroristas como las ratas que son,2026-03-12T04:19:41Z,2026-03-12T04:19:41Z,2,0,youtube,2026-04-05T13:39:37.633895
45J0q2xi7Qk,ElDiaQue,Así era IRÁN Antes De La Revolución Del Ayatollah,es,Alta,Ugyb9oQStsrMVgbc4up4AaABAg,,0,@milanesaangelical5253,conflicto,2026-03-12T01:39:05Z,2026-03-12T01:39:05Z,0,0,youtube,2026-04-05T13:39:37.633899
45J0q2xi7Qk,ElDiaQue,Así era IRÁN Antes De La Revolución Del Ayatollah,es,Alta,UgzG9WHqtWQE1SODs6V4AaABAg,,0,@cesarromero-wh1be,"me gustan mucho estos videos, pero creo que tiene un sesgo muy claro, como dando a entender que el yugo impuesto por Occidente era mejor . . . . 🤔",2026-03-12T00:33:21Z,2026-03-12T00:33:21Z,0,0,youtube,2026-04-05T13:39:37.633902
45J0q2xi7Qk,ElDiaQue,Así era IRÁN Antes De La Revolución Del Ayatollah,es,Alta,UgxNSZkYHhujNDBpoIZ4AaABAg,,0,@eldante_art_5,IRAN SERA GRANDE CUANDO EL AYATOLA SEA UNA MUJER,2026-03-12T00:02:10Z,2026-03-12T00:02:10Z,0,0,youtube,2026-04-05T13:39:37.633905
45J0q2xi7Qk,ElDiaQue,Así era IRÁN Antes De La Revolución Del Ayatollah,es,Alta,UgzqgJwkECaojtzh0wR4AaABAg,,0,@eldante_art_5,asi que iran era un pais normal antes de los cabeza de toalla 😮😮,2026-03-11T23:40:46Z,2026-03-11T23:40:46Z,2,0,youtube,2026-04-05T13:39:37.633908
45J0q2xi7Qk,ElDiaQue,Así era IRÁN Antes De La Revolución Del Ayatollah,es,Alta,UgxBOKL8ZDNuauvoB294AaABAg,,0,@TheGigiodark,"NO MIENTAS MAGNOS, NO MURIO EL LIDER IRANI... LO ASESIONO EU E ISRAEL... NOS QUEDA CLARO QUE ERES DE ULTRADERECHA PERO NO MIENTAS DESCARADAMENTE....",2026-03-11T22:45:39Z,2026-03-11T22:45:39Z,0,0,youtube,2026-04-05T13:39:37.633912
45J0q2xi7Qk,ElDiaQue,Así era IRÁN Antes De La Revolución Del Ayatollah,es,Alta,UgyDlTGpEorD8BsEJf94AaABAg,,0,@serjimbus,"Es increible como eran los 70 en Iran, Venezuela, España....menos mal que ahora estan y estamos mejor con el ""progreso"" de narcodictaduras y regimenes de terroristas que mucha gente defiende.",2026-03-11T19:34:44Z,2026-03-11T19:34:44Z,0,0,youtube,2026-04-05T13:39:37.633915
45J0q2xi7Qk,ElDiaQue,Así era IRÁN Antes De La Revolución Del Ayatollah,es,Alta,UgzpeTNT7umFjDcgnlB4AaABAg,,0,@Yaco499,"El Irán de los 70s participaba de las fiestas tipo Epstein y compañía. De hecho el SHA era un monigote en las manos de U.K y EEUU, solo le importaba el lujo, viajes, casinos, mujeres y Viva la vida mientras que el pueblo sufría las consecuencias de su despilfarro y el de sus mujeres, amantes y familiares. Es bueno pensar que cualquier tiempo fue mejor pero en este caso, la propaganda falla. No conocer un país y juzgarlo desde la lupa de los Medios en su mayoría pagados por el Sionismo judío, AIPAC, etc; a mí juicio es lamentable",2026-03-11T18:07:37Z,2026-03-11T18:07:37Z,0,0,youtube,2026-04-05T13:39:37.633918
45J0q2xi7Qk,ElDiaQue,Así era IRÁN Antes De La Revolución Del Ayatollah,es,Alta,UgyjwVpiFhp-HtumWL54AaABAg,,0,@MarthaYamileGalvis,Conflicto,2026-03-11T16:51:21Z,2026-03-11T16:51:21Z,0,0,youtube,2026-04-05T13:39:37.633921
45J0q2xi7Qk,ElDiaQue,Así era IRÁN Antes De La Revolución Del Ayatollah,es,Alta,UgyDmMGUkvgF8ISO_tR4AaABAg,,0,@iEpiccXI,"Y ahora estan los de izquierda defendiendo a terroristas, no tiene ningun tipo de sentido",2026-03-11T16:35:53Z,2026-03-11T16:35:53Z,3,1,youtube,2026-04-05T13:39:37.633927
45J0q2xi7Qk,ElDiaQue,Así era IRÁN Antes De La Revolución Del Ayatollah,es,Alta,UgyDmMGUkvgF8ISO_tR4AaABAg.AUD_FxyZtfmAUpUvGlIkzd,UgyDmMGUkvgF8ISO_tR4AaABAg,1,@eduardochino3318,La teocracia es de derecha genio.,2026-03-26T19:19:37Z,2026-03-26T19:19:37Z,0,0,youtube,2026-04-05T13:39:37.633930
45J0q2xi7Qk,ElDiaQue,Así era IRÁN Antes De La Revolución Del Ayatollah,es,Alta,UgxKeHZjtiv0TNk0SJR4AaABAg,,0,@anuchons,Otro líder religioso que niega al hombre el libre albedrío que les dio su dios.,2026-03-11T14:00:53Z,2026-03-11T14:00:53Z,0,0,youtube,2026-04-05T13:39:37.633934
45J0q2xi7Qk,ElDiaQue,Así era IRÁN Antes De La Revolución Del Ayatollah,es,Alta,UgwWhp7W2BueE7FDtYN4AaABAg,,0,@nicarau1273,Las mujeres de Iran son hermosas,2026-03-11T13:10:36Z,2026-03-11T13:10:36Z,2,0,youtube,2026-04-05T13:39:37.633937
45J0q2xi7Qk,ElDiaQue,Así era IRÁN Antes De La Revolución Del Ayatollah,es,Alta,UgxXkOXudNIlFNI3v1l4AaABAg,,0,@Albert-te6vm,Eran trolas igual que en occidente.,2026-03-11T09:50:34Z,2026-03-11T09:50:34Z,0,0,youtube,2026-04-05T13:39:37.633940
45J0q2xi7Qk,ElDiaQue,Así era IRÁN Antes De La Revolución Del Ayatollah,es,Alta,UgyLfDukBmxLyHtqg7J4AaABAg,,0,@hectorpera8345,Q país de merda 😂😂,2026-03-11T06:04:20Z,2026-03-11T06:04:20Z,0,0,youtube,2026-04-05T13:39:37.633944
45J0q2xi7Qk,ElDiaQue,Así era IRÁN Antes De La Revolución Del Ayatollah,es,Alta,Ugx0UPYn2bA3sk1GTtd4AaABAg,,0,@abrahamgutierrez8338,"Argentino al fin, servil a EE UU, deja investigo, varios errores en varios de tus videos con datos erroneos y comentarios
 a modo!",2026-03-11T04:32:57Z,2026-03-11T04:34:09Z,0,0,youtube,2026-04-05T13:39:37.633947
45J0q2xi7Qk,ElDiaQue,Así era IRÁN Antes De La Revolución Del Ayatollah,es,Alta,UgxDVpoHeyd2ZvTJggt4AaABAg,,0,@SinNombreYApellido-u7q,"La masa a veces puede ser muy estúpida, aunque siendo justos al principio fueron solo un grupo de islamistas y universitarios radicales. Btw, no se considera realmente una teocracia, de por si los musulmanes casi ni tenian teocracias, sus monarcas llevaban los titulos de califa u otro religioso, pero bueno sobre todo porque es mas un grupo de radicales que tomaron el poder que otra cosa. Las teocracias de verdad fueron lso Estados Pontificios, diversos obispados y arzobispados y tambien hay ejemplo en Asia, sobre todo el Tibet. Es increible como los musulmanes logran hacer, de alguna forma, todas las cosas mal o a peor jaja",2026-03-11T04:28:28Z,2026-03-11T04:28:28Z,0,0,youtube,2026-04-05T13:39:37.633950
45J0q2xi7Qk,ElDiaQue,Así era IRÁN Antes De La Revolución Del Ayatollah,es,Alta,Ugxry7WpI7AF7v58CXN4AaABAg,,0,@TERIAHSPANISHESPAÑOL,los heteros heteros casados deberian apaoyan  a su esposa o esposas no apaoyaren al hombre que quieren haceren maldades,2026-03-11T02:20:35Z,2026-03-11T02:20:35Z,0,0,youtube,2026-04-05T13:39:37.633954
45J0q2xi7Qk,ElDiaQue,Así era IRÁN Antes De La Revolución Del Ayatollah,es,Alta,UgwQkluxEitcm9GJbVp4AaABAg,,0,@TERIAHSPANISHESPAÑOL,"si matasen  los hombres de paises asiaticos,africanos,en rusia,ucrania,brasil,colombia,venezuela,paraguai,bolivia,suriname,guiana,guaiana francesa ,paises de america central,mexico y estados unidos,hiba ser una paz en estos paises,esto es que sucede cuando dan libertad a los hombres,que pensan que mandan en planeta que son mujeres que jesus cristos,los que son es peor que el demonio",2026-03-11T02:19:22Z,2026-03-11T02:19:22Z,0,0,youtube,2026-04-05T13:39:37.633958
45J0q2xi7Qk,ElDiaQue,Así era IRÁN Antes De La Revolución Del Ayatollah,es,Alta,Ugy9IDOpPmqwa5iynGp4AaABAg,,0,@TERIAHSPANISHESPAÑOL,"si esto sociopata,narcista,narcisista,psicopata ha muerto hace tiempo entonces porque no ha regresado al niormal despues que él ha muerto",2026-03-11T02:16:44Z,2026-03-11T02:16:44Z,0,0,youtube,2026-04-05T13:39:37.633961
45J0q2xi7Qk,ElDiaQue,Así era IRÁN Antes De La Revolución Del Ayatollah,es,Alta,UgxNsJOCwQc8YYqoh7V4AaABAg,,0,@Atmoky,Ahora entiendo porque el Chavismo era aliado de Irán,2026-03-11T01:57:42Z,2026-03-11T01:57:42Z,1,0,youtube,2026-04-05T13:39:37.633965
45J0q2xi7Qk,ElDiaQue,Así era IRÁN Antes De La Revolución Del Ayatollah,es,Alta,Ugw2yaLGxjymnubT1Jt4AaABAg,,0,@carlosgallardo9168,"Este es un vídeo engaña bobos: 1) la mujer vestida de negro en la miniatura muestra el estilo de las mujeres en Arabia no de Irán, actualmente ahí no se usa niqab, menos aún burka, se utiliza el hiyab que permite ver el rostro completo. 2) Actualmente en Iran hay más mujeres en las unirsidedes que en la época de los Palevi, 3) Ninguna revolución, la que sea, triunfa sin el apoyo de las mayorías, Trump se equivoco al pensar que el ""Regimen"" de la revolución islámica no tenía el apoyo del pueblo Iraní, ellos están dispuestos a morir por sus creencias y eso será la principal causa de la primera gran derrota del imperio estaunidense en este siglo, esperen un tiempo y lo veran con sus propios ojos.",2026-03-10T19:42:36Z,2026-03-10T19:42:36Z,1,1,youtube,2026-04-05T13:39:37.633968
45J0q2xi7Qk,ElDiaQue,Así era IRÁN Antes De La Revolución Del Ayatollah,es,Alta,Ugw2yaLGxjymnubT1Jt4AaABAg.AUBKpe9qbaCAUBojdH0j54,Ugw2yaLGxjymnubT1Jt4AaABAg,1,@fernanda4688,Baboso 😂,2026-03-11T00:12:40Z,2026-03-11T00:12:40Z,1,0,youtube,2026-04-05T13:39:37.633971
45J0q2xi7Qk,ElDiaQue,Así era IRÁN Antes De La Revolución Del Ayatollah,es,Alta,UgzOEm8o13Q_m6LyPq94AaABAg,,0,@elkados2818,"moraleja, aunque las cosas esten mal, no se dejen llevar nunca por un regimen islamista, eso es un advertencia para europa, pienso que de todas las religiones, esta es la mas toxica y no deberia existir.",2026-03-10T15:17:33Z,2026-03-10T15:17:33Z,2,1,youtube,2026-04-05T13:39:37.633974
45J0q2xi7Qk,ElDiaQue,Así era IRÁN Antes De La Revolución Del Ayatollah,es,Alta,UgzOEm8o13Q_m6LyPq94AaABAg.AUArVPrc9ynAUBouBypvuj,UgzOEm8o13Q_m6LyPq94AaABAg,1,@fernanda4688,Así es.,2026-03-11T00:14:06Z,2026-03-11T00:14:06Z,1,0,youtube,2026-04-05T13:39:37.633977
45J0q2xi7Qk,ElDiaQue,Así era IRÁN Antes De La Revolución Del Ayatollah,es,Alta,Ugx7ynu-GG-ozmXvAAp4AaABAg,,0,@kimberlyarana6232,Esto es era Irán hasta que empezaron los bombardeos de los criminales de Trump e Israel.  La gran diferencia del trabajo de un investigador que va a conocer la información de primera mano y otro que solo quiere monetizar a como dé lugar las desgracias ajenas como un ave de rapiña. https://www.youtube.com/watch?v=jKPzOEwlTng,2026-03-10T10:07:39Z,2026-03-10T10:07:39Z,0,1,youtube,2026-04-05T13:39:37.633980
45J0q2xi7Qk,ElDiaQue,Así era IRÁN Antes De La Revolución Del Ayatollah,es,Alta,Ugx7ynu-GG-ozmXvAAp4AaABAg.AUAJ1ac5JM3AUSs3Ks0U7w,Ugx7ynu-GG-ozmXvAAp4AaABAg,1,@aspergerArgentino1465,El porque vos no sí sos tan pro iraní porque no te vas irán,2026-03-17T15:08:48Z,2026-03-17T15:08:48Z,1,0,youtube,2026-04-05T13:39:37.633983
45J0q2xi7Qk,ElDiaQue,Así era IRÁN Antes De La Revolución Del Ayatollah,es,Alta,Ugw55sx11uxD6cFGDph4AaABAg,,0,@kimberlyarana6232,"A ver Magnus, tu vídeo convence a gente que no tiene muchos conocimientos sobre el tema, pero la verdad es que falta mucho rigor en tu investigación, supongo que eso pasa cuando quieres sacar vídeos rápido y aprovechar las desgracias de los demás para monetizar, y mira que lo has conseguido,  pero la mayor parte de gente que comenta son seres salidos de las cavernas como una mentalidad simplista.  Están mezclando comunismo, Islam, feminismo, progresismo, y bla bla bla.  Muchos todavía creen que Estados Unidos e Isreal van a salvar a las mujeres de un régimen teocrático, acaso no han visto lo que han hecho en Gaza y en todos los país en donde han puesto sus sucias manos.  En fin, dais penita.  Y ya te digo, convences a personas con poco nivel académico o ignorantes del tema, y sin la capacidad de razonar más allá del: estoy de un lado o del otro, como si esto fuera un partido de futbol.",2026-03-10T10:04:32Z,2026-03-10T10:04:32Z,0,0,youtube,2026-04-05T13:39:37.633986
45J0q2xi7Qk,ElDiaQue,Así era IRÁN Antes De La Revolución Del Ayatollah,es,Alta,UgyWGbIaa66zJ14zxU94AaABAg,,0,@JuanMunoz-rs9wq,Prefiero la Segunda Alternativa.  De esa forma  uno  hecha Andar la Fantasía.  Se Recomienda Mover LAS Neuronas; Sino se Atrofia el Celebro.,2026-03-10T05:35:07Z,2026-03-10T05:35:07Z,1,0,youtube,2026-04-05T13:39:38.524727
45J0q2xi7Qk,ElDiaQue,Así era IRÁN Antes De La Revolución Del Ayatollah,es,Alta,Ugym4XH_6_nmZkH919B4AaABAg,,0,@christianvenegas851,"Hay que ver las dos caras de la moneda.... En la primera como lo señala el vídeo, es malo ver cómo se controlan a las mujeres.... En la otra cara del libertinaje que hay en occidente, las mujeres actualmente en su mayoría son onlyfans, actrices xxx.... Lesbianas,  alcohólicas, irresponsables, quieren vestir desnudas prácticamente..... Y ahora preguntense a que se dedican las mujeres iraníes.... Son estudiosas, hogareñas, responsables etc..... Que si hay un alto grado de machismo, es cierto.... Pero en parte les ha funcionado",2026-03-10T01:01:51Z,2026-03-10T01:01:51Z,0,0,youtube,2026-04-05T13:39:38.524746
45J0q2xi7Qk,ElDiaQue,Así era IRÁN Antes De La Revolución Del Ayatollah,es,Alta,Ugy-IZ9RDPG6s7FzXwF4AaABAg,,0,@SalomeAmaya-r1s,Conflicto,2026-03-10T00:49:06Z,2026-03-10T00:49:06Z,0,0,youtube,2026-04-05T13:39:38.524751
45J0q2xi7Qk,ElDiaQue,Así era IRÁN Antes De La Revolución Del Ayatollah,es,Alta,UgzE4fuzAN9uL0T2oaJ4AaABAg,,0,@SalomeAmaya-r1s,Saludos desde manizales Caldas Colombia me gusta mucho tus publicaciones ❤❤❤❤,2026-03-10T00:48:50Z,2026-03-10T00:48:50Z,0,0,youtube,2026-04-05T13:39:38.524756
45J0q2xi7Qk,ElDiaQue,Así era IRÁN Antes De La Revolución Del Ayatollah,es,Alta,UgyxWGjVluoXrAtAK954AaABAg,,0,@johnvelasquez9363,es falso que existe la policía que arresta a las mujeres sin velo prueba de ellos es que los que dicen esa mentira nunca ponen vides de centros comerciales universidades o las calles en hora punta porque se vería a muchas mujeres iraníes con el cabellos descubierto y vestidas como cualquier mujer del mundo y si no me creen solo busquen vídeos de las calles o centros comerciales de iran de este año o años pasados,2026-03-09T22:47:46Z,2026-03-09T22:47:46Z,0,0,youtube,2026-04-05T13:39:38.524760
45J0q2xi7Qk,ElDiaQue,Así era IRÁN Antes De La Revolución Del Ayatollah,es,Alta,UgxD1QAq28AKpPI_9oh4AaABAg,,0,@SensZidieh,"Empezando el video y dices “regimen” de iran y me cago de risa😂
La propaganda te a castigado mucho tu cerebrito mi compa",2026-03-09T22:36:09Z,2026-03-09T22:36:09Z,1,0,youtube,2026-04-05T13:39:38.524765
45J0q2xi7Qk,ElDiaQue,Así era IRÁN Antes De La Revolución Del Ayatollah,es,Alta,UgwRoGhFPgLgifLCYHJ4AaABAg,,0,@haicr5624,Islamistas extremistas son el cáncer del mundo,2026-03-09T21:29:42Z,2026-03-09T21:29:42Z,2,0,youtube,2026-04-05T13:39:38.524769
45J0q2xi7Qk,ElDiaQue,Así era IRÁN Antes De La Revolución Del Ayatollah,es,Alta,UgxOdxAjA5oVFZ8RSut4AaABAg,,0,@haicr5624,Es increíble el retroceso que sufrieron esos países por culpa de esos islámicos extremistas,2026-03-09T20:16:13Z,2026-03-09T20:16:13Z,1,0,youtube,2026-04-05T13:39:38.524774
45J0q2xi7Qk,ElDiaQue,Así era IRÁN Antes De La Revolución Del Ayatollah,es,Alta,Ugx9NIDzawqk_WG0K454AaABAg,,0,@OCEANIC_BLUE,... el diablo con turbante,2026-03-09T20:00:00Z,2026-03-09T20:00:00Z,0,0,youtube,2026-04-05T13:39:38.524778
45J0q2xi7Qk,ElDiaQue,Así era IRÁN Antes De La Revolución Del Ayatollah,es,Alta,Ugx2u-8rlsRifGaLWsp4AaABAg,,0,@MariaAlmeida-s6l,Si QASEM SOLEIMANI no hubiera sido asesinado creen que Irán sería un aliado ?,2026-03-09T19:50:02Z,2026-03-09T19:50:02Z,0,0,youtube,2026-04-05T13:39:38.524784
45J0q2xi7Qk,ElDiaQue,Así era IRÁN Antes De La Revolución Del Ayatollah,es,Alta,UgzMd2Jr4WLyWgE7Sqp4AaABAg,,0,@juandelmonte-m6w,"todas estas mentiras solo se las creen los mas jovenes, quienes vivimos en aquellos tiempos, sabemos que todo lo que dices esta parcializado- relatado a conveniencia. 
pero en lugar de mujeres detenidas y reprimidas en el otro lado del mundo, porque no nos platicas de las cientos de desaparecidas en jujuy y salta, por ejemplo???? 
o de los ""turistas"" que estan incendiando la patagonia??",2026-03-09T18:44:10Z,2026-03-09T18:44:10Z,0,0,youtube,2026-04-05T13:39:38.524788
45J0q2xi7Qk,ElDiaQue,Así era IRÁN Antes De La Revolución Del Ayatollah,es,Alta,UgxCixzUtBOm-zbbwHx4AaABAg,,0,@DiegoTorres-kz9zb,Y pensar que hay gente de latam que apoya a Irán cuando es la misma basura que el gobierno de Israel,2026-03-09T18:26:07Z,2026-03-09T18:26:07Z,1,0,youtube,2026-04-05T13:39:38.524793
45J0q2xi7Qk,ElDiaQue,Así era IRÁN Antes De La Revolución Del Ayatollah,es,Alta,UgwDhPgJERdh_am_b4d4AaABAg,,0,@jorgeorlandocruzparedes2082,"Dios dijo : maldito el hombre que confía en el hombre ,escrito está en la Biblia .",2026-03-09T18:12:46Z,2026-03-09T18:12:46Z,1,0,youtube,2026-04-05T13:39:38.524797
45J0q2xi7Qk,ElDiaQue,Así era IRÁN Antes De La Revolución Del Ayatollah,es,Alta,Ugw4xOzF_qEvTl26jlB4AaABAg,,0,@michuggan,Que buen trabajo estos videos 🙌,2026-03-09T17:26:03Z,2026-03-09T17:26:03Z,1,0,youtube,2026-04-05T13:39:38.524801
45J0q2xi7Qk,ElDiaQue,Así era IRÁN Antes De La Revolución Del Ayatollah,es,Alta,Ugw1tCbknH1DxHQqS494AaABAg,,0,@OAMelara,"Como siempre el culpable, EUA como mayoneta del sionismo masonico",2026-03-09T16:05:48Z,2026-03-09T16:05:48Z,0,0,youtube,2026-04-05T13:39:38.524805
45J0q2xi7Qk,ElDiaQue,Así era IRÁN Antes De La Revolución Del Ayatollah,es,Alta,Ugy7AfAPyeAhTZunQ5d4AaABAg,,0,@kinto6853,Tu dices que es un Régimen em irán pero cuando es Reyes son reyes no régimen osea el régimen de Rey mato gente y torturó y nunca le dices régimen al régimen del rey que doble moral hablan no entiendo como se le puede decir régimen a irán y es verdad no lo niego pero estados unidos e Israel también son régimen o son democracias allí te la dejo,2026-03-09T15:55:56Z,2026-03-09T15:55:56Z,0,0,youtube,2026-04-05T13:39:38.524810
45J0q2xi7Qk,ElDiaQue,Así era IRÁN Antes De La Revolución Del Ayatollah,es,Alta,Ugws6zLArNXlgmxflcR4AaABAg,,0,@GloriaVillegas-km2wz,Muy interesante este resumen. Triste ver en lo que se convirtió este país. Especialmente para la mujer. Increíble tanta brutalidad. Ojalá algún día cambie ese país.,2026-03-09T13:18:16Z,2026-03-09T13:18:16Z,2,0,youtube,2026-04-05T13:39:38.524814
45J0q2xi7Qk,ElDiaQue,Así era IRÁN Antes De La Revolución Del Ayatollah,es,Alta,UgyLF4xooSlPLYxkjZJ4AaABAg,,0,@JuanPeraltaable,Conflicto,2026-03-09T12:27:19Z,2026-03-09T12:27:19Z,0,0,youtube,2026-04-05T13:39:38.524818
45J0q2xi7Qk,ElDiaQue,Así era IRÁN Antes De La Revolución Del Ayatollah,es,Alta,Ugz5UFglQ6Z3YhuhHiJ4AaABAg,,0,@ValeríaHerreria,No lo sabía que triste.,2026-03-09T12:20:18Z,2026-03-09T12:20:18Z,0,0,youtube,2026-04-05T13:39:38.524822
45J0q2xi7Qk,ElDiaQue,Así era IRÁN Antes De La Revolución Del Ayatollah,es,Alta,Ugzm3SCpCIBDMw3nUth4AaABAg,,0,@Henrique-z6e4h,Mas quem lá colocou estes tipos no Irão foi o império americano….. então agora já não estão satisfeitos porquê? Mas o antigo regime também era bastante sanguinário e bem corrupto….estudem lá história e não digam tanta merd@ por favor,2026-03-09T10:25:18Z,2026-03-09T10:25:18Z,0,0,youtube,2026-04-05T13:39:38.524827
45J0q2xi7Qk,ElDiaQue,Así era IRÁN Antes De La Revolución Del Ayatollah,es,Alta,UgwCfZeo1iejge_Gwmx4AaABAg,,0,@luisedgardolobopuerto3813,"Paso lo que paso en Corea del Norte, Cuba, Venezuela, Rusia,ete",2026-03-09T03:50:35Z,2026-03-09T03:50:35Z,0,0,youtube,2026-04-05T13:39:38.524831
45J0q2xi7Qk,ElDiaQue,Así era IRÁN Antes De La Revolución Del Ayatollah,es,Alta,UgwCkaG_RYY5QB9sX6p4AaABAg,,0,@mariacasanova9675,Si...muestren sus costumbres ..así justifican a dos degenerados y Genocidas como Trump y Netanyahu.  Vamos...🤌🤌,2026-03-09T03:40:23Z,2026-03-09T03:40:23Z,0,0,youtube,2026-04-05T13:39:38.524835
45J0q2xi7Qk,ElDiaQue,Así era IRÁN Antes De La Revolución Del Ayatollah,es,Alta,UgxigGF6dTbNiA0v1YZ4AaABAg,,0,@jalarconcedeno,"el cancer del mundo: SOCIALIMSO, COMUNISMO Y CUALQUIER GOVIERNO BAJO UNA DICTADURA RELIGIOSA DE CUALQUIER DOTRINA.",2026-03-09T03:21:44Z,2026-03-09T03:21:44Z,0,1,youtube,2026-04-05T13:39:38.524839
45J0q2xi7Qk,ElDiaQue,Así era IRÁN Antes De La Revolución Del Ayatollah,es,Alta,UgxigGF6dTbNiA0v1YZ4AaABAg.AU7-mdC-1gIAUpXHWD6FGW,UgxigGF6dTbNiA0v1YZ4AaABAg,1,@eduardochino3318,El cáncer más grande es el neoliberalismo y el sionismo,2026-03-26T19:40:16Z,2026-03-26T19:40:16Z,0,0,youtube,2026-04-05T13:39:38.524848
45J0q2xi7Qk,ElDiaQue,Así era IRÁN Antes De La Revolución Del Ayatollah,es,Alta,UgyotDRbD2vTNFswzTx4AaABAg,,0,@pablovasquezloayza,"Propaganda yanqui. Es cierto que el Sha permitió la occidentalización  y eso que  todo era paz y convivencia pacífica  con los israelíes es falso. Se mantenían buenas relaciones porque  el Sha era subordinado de Israel. Cuando subieron los Ayatolás todo se puso en orden. Critico también ciertos abusos hacia las mujeres pero por eso se va a destrozar al país en una guerra infame, lo que se desea es apoderarse de las reservas petrolíferas de Irán.",2026-03-09T01:26:56Z,2026-03-09T01:28:16Z,1,0,youtube,2026-04-05T13:39:38.524853
45J0q2xi7Qk,ElDiaQue,Así era IRÁN Antes De La Revolución Del Ayatollah,es,Alta,Ugw3nYpXzpyslOQ1X8x4AaABAg,,0,@kelbus8651,Siempre los hdp de los ingleses metidos en todo,2026-03-09T00:29:05Z,2026-03-09T00:29:05Z,0,0,youtube,2026-04-05T13:39:38.524857
45J0q2xi7Qk,ElDiaQue,Así era IRÁN Antes De La Revolución Del Ayatollah,es,Alta,UgxyC3z_iCeCPbszmsV4AaABAg,,0,@aydeecarloslanda2112,"Seguro era otro empleado de estados unidos. Osea el vestir con ropa americana te hace libre???, el escuchar musica americana te hace libre??, no creen que tambien es una imposición mediante el marketing????",2026-03-09T00:05:35Z,2026-03-09T00:05:35Z,0,0,youtube,2026-04-05T13:39:38.524862
45J0q2xi7Qk,ElDiaQue,Así era IRÁN Antes De La Revolución Del Ayatollah,es,Alta,UgybbEHhLukk40hZ6ll4AaABAg,,0,@cmt83cba,Una zurda femirula va a ver este video y se le va a zafar un tornillo 😂,2026-03-08T23:53:02Z,2026-03-08T23:53:02Z,0,0,youtube,2026-04-05T13:39:38.524866
45J0q2xi7Qk,ElDiaQue,Así era IRÁN Antes De La Revolución Del Ayatollah,es,Alta,UgwxIeAJpiuiQugbBDB4AaABAg,,0,@Noname-kz3qo,Felicitacion a los comentarios .sobre la revoluciones.tambien ay que ver que gue culpa de sha sino es malo no.hay rebelion,2026-03-08T23:42:40Z,2026-03-08T23:42:40Z,0,0,youtube,2026-04-05T13:39:38.524871
45J0q2xi7Qk,ElDiaQue,Así era IRÁN Antes De La Revolución Del Ayatollah,es,Alta,UgykoD2LZhOLv69iQR54AaABAg,,0,@cesarmoreno7093,"Ya ni la friegan, ya se parecen a los aliados de EU en Medio Oriente 😮",2026-03-08T23:28:42Z,2026-03-08T23:28:42Z,0,0,youtube,2026-04-05T13:39:38.524877
45J0q2xi7Qk,ElDiaQue,Así era IRÁN Antes De La Revolución Del Ayatollah,es,Alta,UgxbMzQ70naMoNfpwwt4AaABAg,,0,@BernardoDiazDiaz-h3l,El islam es lo mismo que decir Régimen cubano,2026-03-08T22:47:18Z,2026-03-08T22:47:18Z,1,0,youtube,2026-04-05T13:39:38.524882
45J0q2xi7Qk,ElDiaQue,Así era IRÁN Antes De La Revolución Del Ayatollah,es,Alta,Ugyn4homgQAh8ObCmAF4AaABAg,,0,@MariaDelMarLeon,Las mujeres en irán están  luchando y murieron por sus derechos. Allí no bailan ni gritan consignas huecas. Eso es feminismo. En España es charanga.,2026-03-08T22:41:56Z,2026-03-08T22:41:56Z,0,0,youtube,2026-04-05T13:39:38.524886
45J0q2xi7Qk,ElDiaQue,Así era IRÁN Antes De La Revolución Del Ayatollah,es,Alta,Ugx4EH3GMf2i3wdQXV94AaABAg,,0,@juanjoseosoriomartinez5400,LIQUIDALOS TIO TRUMP❤❤❤❤,2026-03-08T22:36:49Z,2026-03-08T22:36:49Z,0,0,youtube,2026-04-05T13:39:38.524891
45J0q2xi7Qk,ElDiaQue,Así era IRÁN Antes De La Revolución Del Ayatollah,es,Alta,UgwXxrBtBb0haXA0T054AaABAg,,0,@NancyGarcia-cm4yy,"corán y biblia el mismo discurso religionista...en la realidad solo buscan esclavizar, robar tierras, ....solo son tiranía de vieja data... que  Dios les de su merecido....Dios si sabe lo que llevan en la conciencia.....",2026-03-08T22:07:03Z,2026-03-08T22:07:03Z,0,0,youtube,2026-04-05T13:39:38.524895
45J0q2xi7Qk,ElDiaQue,Así era IRÁN Antes De La Revolución Del Ayatollah,es,Alta,UgywP0GfiaiaUDNoak94AaABAg,,0,@juliogarita,"Déjelos, esa es su cultura que tiene mas 7 mil años",2026-03-08T21:35:43Z,2026-03-08T21:35:43Z,0,0,youtube,2026-04-05T13:39:38.524900
45J0q2xi7Qk,ElDiaQue,Así era IRÁN Antes De La Revolución Del Ayatollah,es,Alta,UgyXHg7_iP_jucxlzfp4AaABAg,,0,@Anthoine_,"Municipio qlio, no se interesa por ayuda que requieren los vecinos, pero andan pendientes en Youtube. Ahí lo tienen sus votantes 🤡",2026-03-08T21:17:41Z,2026-03-08T21:17:41Z,0,0,youtube,2026-04-05T13:39:38.524904
45J0q2xi7Qk,ElDiaQue,Así era IRÁN Antes De La Revolución Del Ayatollah,es,Alta,UgxWLUR_vYXqnFqV6-94AaABAg,,0,@davidenriquemendezfuentes,conflicto,2026-03-08T21:12:03Z,2026-03-08T21:12:03Z,0,0,youtube,2026-04-05T13:39:38.524908
45J0q2xi7Qk,ElDiaQue,Así era IRÁN Antes De La Revolución Del Ayatollah,es,Alta,UgzdYFCtZmG2z9OoXex4AaABAg,,0,@davidenriquemendezfuentes,hola,2026-03-08T21:10:10Z,2026-03-08T21:10:10Z,0,0,youtube,2026-04-05T13:39:38.524913
45J0q2xi7Qk,ElDiaQue,Así era IRÁN Antes De La Revolución Del Ayatollah,es,Alta,UgwgdaDgvMLuPGQDvV14AaABAg,,0,@snicks-247,Esto solo es una muestra más de que el islam es el mayor cáncer del,2026-03-08T20:52:08Z,2026-03-08T20:52:08Z,0,0,youtube,2026-04-05T13:39:38.524917
45J0q2xi7Qk,ElDiaQue,Así era IRÁN Antes De La Revolución Del Ayatollah,es,Alta,UgxK5OPvBr1nv5bDNax4AaABAg,,0,@elsacuellar137,Magnífica narrativa e información clara. Gracias,2026-03-08T20:15:38Z,2026-03-08T20:15:38Z,0,0,youtube,2026-04-05T13:39:38.524921
45J0q2xi7Qk,ElDiaQue,Así era IRÁN Antes De La Revolución Del Ayatollah,es,Alta,UgzXS1VLlBjzy0-Z-EB4AaABAg,,0,@JorgeMartinez-z7x5l,Propaganda para lavar la cara al imperio Yankee...,2026-03-08T20:12:43Z,2026-03-08T20:12:43Z,0,0,youtube,2026-04-05T13:39:38.524926
45J0q2xi7Qk,ElDiaQue,Así era IRÁN Antes De La Revolución Del Ayatollah,es,Alta,UgzlqIQSAfDUdNm5zbB4AaABAg,,0,@arturocastillo7068,Con 18 años que yo tenía en 1979 uno no es muy listo . Sin embargo  yo me di cuenta en seguida  que esa revolución llevaría al país al desastre . Volverían a la edad media  ......casi . No me gusta esa religión . Nada sale bueno de ella . Y lleva oprimiendo a la gente 1400 años -.,2026-03-08T19:43:24Z,2026-03-08T19:43:24Z,0,0,youtube,2026-04-05T13:39:38.524930
45J0q2xi7Qk,ElDiaQue,Así era IRÁN Antes De La Revolución Del Ayatollah,es,Alta,Ugy_C9avLv14GRZDGH54AaABAg,,0,@jPablin,"El éxito de la antigua irán es la viva muestra de que si nadie te pone trabas, si nadie te embarga nada, si nadie te bloquea por que no piensas como ellos, sin importar tu ideología puedes crecer existosamente",2026-03-08T19:39:39Z,2026-03-08T19:39:39Z,0,0,youtube,2026-04-05T13:39:38.524935
45J0q2xi7Qk,ElDiaQue,Así era IRÁN Antes De La Revolución Del Ayatollah,es,Alta,UgxpyrL4Xtz7-nl8mEp4AaABAg,,0,@LenninRosario,estan seguro que lo mataron -,2026-03-08T18:53:49Z,2026-03-08T18:53:49Z,0,0,youtube,2026-04-05T13:39:38.524939
45J0q2xi7Qk,ElDiaQue,Así era IRÁN Antes De La Revolución Del Ayatollah,es,Alta,UgzsR9pk8YwE-Pw0TUt4AaABAg,,0,@martinparraga-bp1zg,CORRIENTE DE DESINFORMACION ES ESTA - Y QUE LE IMPORTA UNA MINIFALDA? UN RELATO DONDE EEUU Y OBVIO ISRAEL TUVO SUS GARRAS EN LOS RECURSOS QUE RARO?????,2026-03-08T18:46:50Z,2026-03-08T18:46:50Z,0,0,youtube,2026-04-05T13:39:38.524943
45J0q2xi7Qk,ElDiaQue,Así era IRÁN Antes De La Revolución Del Ayatollah,es,Alta,UgzTlW0HVIfYCMdcpxR4AaABAg,,0,@isabelbonache6528,Conflicto,2026-03-08T18:29:56Z,2026-03-08T18:29:56Z,1,0,youtube,2026-04-05T13:39:38.524947
45J0q2xi7Qk,ElDiaQue,Así era IRÁN Antes De La Revolución Del Ayatollah,es,Alta,Ugzxu80EnUI3_WJZPy54AaABAg,,0,@sergiopeteco5815,"Nunca leí que Irán "" fuera un país occidental""! Además, que le importa a EEUU... Como viven, son, elijan, ser, que cultura elijen? Son la policía mundo? A EEUU solo le interesa dominar mundo, y para eso necesita eliminar enemigos políticos, ideológicos, religiosos y filosóficos y ADUEÑARSE y manjar sus recursos naturales, el petróleo, como hice con Irak y Venezuela!",2026-03-08T18:00:58Z,2026-03-08T18:00:58Z,0,0,youtube,2026-04-05T13:39:38.524951
45J0q2xi7Qk,ElDiaQue,Así era IRÁN Antes De La Revolución Del Ayatollah,es,Alta,UgzTAZZwQ_t67faSqUJ4AaABAg,,0,@mariasantibanez1067,Las REVOLUCIONES NUNCA LLEVAN A ALGO BUENO,2026-03-08T17:45:10Z,2026-03-08T17:45:10Z,0,0,youtube,2026-04-05T13:39:38.524956
45J0q2xi7Qk,ElDiaQue,Así era IRÁN Antes De La Revolución Del Ayatollah,es,Alta,Ugyx9eKy-yi3eD9h4DN4AaABAg,,0,@Universe021,Falso video!!!!,2026-03-08T16:57:54Z,2026-03-08T16:57:54Z,0,0,youtube,2026-04-05T13:39:38.524960
45J0q2xi7Qk,ElDiaQue,Así era IRÁN Antes De La Revolución Del Ayatollah,es,Alta,UgwoeVe6KoFLFgHq8MF4AaABAg,,0,@kotaro797,"realmente éste declarado así mismo enfatizó un régimen a su manera pero que ya se notaba por años...
11:20 pero éste dis que clérigo que no tiene nada de clérigo, revolucionador y dictador a su manera también implantó el machismo disfrazado y éste lo llamó : abominación cuando realmente también fue otro igual : usurpador y expropiador de las tierras, mesoginista y machista hacia las mujeres amordazando sus derechos totalmente...",2026-03-08T16:54:34Z,2026-03-08T17:09:30Z,1,0,youtube,2026-04-05T13:39:38.524965
45J0q2xi7Qk,ElDiaQue,Así era IRÁN Antes De La Revolución Del Ayatollah,es,Alta,Ugw8ze7Pw44NDFDjf0N4AaABAg,,0,@ElwinMarrero-m9q,❤,2026-03-08T16:14:58Z,2026-03-08T16:14:58Z,1,0,youtube,2026-04-05T13:39:38.524969
45J0q2xi7Qk,ElDiaQue,Así era IRÁN Antes De La Revolución Del Ayatollah,es,Alta,UgzzRquXB053Xx4zDch4AaABAg,,0,@EdisonArciniegas-s6p,Gracias a Dios que murió ese viejo autoritario,2026-03-08T16:02:00Z,2026-03-08T16:02:00Z,0,0,youtube,2026-04-05T13:39:38.524973
45J0q2xi7Qk,ElDiaQue,Así era IRÁN Antes De La Revolución Del Ayatollah,es,Alta,Ugx32dZRGml8IY2c9k54AaABAg,,0,@sonianoboa6232,"el mismo discurso de siempre, no repita como loro lo que los demás dicen, a menos que ya se haya vendido .... Tómese un tiempo y entreviste a personas comunes y corrientes en Irán y analice sus opiniones",2026-03-08T14:56:07Z,2026-03-08T14:56:07Z,0,0,youtube,2026-04-05T13:39:38.524978
45J0q2xi7Qk,ElDiaQue,Así era IRÁN Antes De La Revolución Del Ayatollah,es,Alta,Ugwa3kJn5FBkFgDanVR4AaABAg,,0,@calimero6978,"falso, iran no obliga a llevar burka como los talibanes de afganistan a los k EEUU les regaló Afganistán para k las mujeres lleven burka gracias a eeuu.",2026-03-08T14:43:41Z,2026-03-08T14:43:41Z,0,0,youtube,2026-04-05T13:39:38.524984
45J0q2xi7Qk,ElDiaQue,Así era IRÁN Antes De La Revolución Del Ayatollah,es,Alta,UgyXYZKSWLQrye9uVCl4AaABAg,,0,@Mario-Camel,"Excelente crónica!. Y donde hay conflicto y desolación es porque al menos uno de los siguientes países intervino; EEUU, Inglaterra, Israel o Rusia.",2026-03-08T14:35:31Z,2026-03-08T14:35:31Z,0,0,youtube,2026-04-05T13:39:38.524988
45J0q2xi7Qk,ElDiaQue,Así era IRÁN Antes De La Revolución Del Ayatollah,es,Alta,UgxhSLOf-au_gFcsfwJ4AaABAg,,0,@omar720__,Debes haber cobrado bien esta propaganda,2026-03-08T14:12:07Z,2026-03-08T14:12:07Z,0,0,youtube,2026-04-05T13:39:38.524992
45J0q2xi7Qk,ElDiaQue,Así era IRÁN Antes De La Revolución Del Ayatollah,es,Alta,Ugw9jedderqL6s3BPOR4AaABAg,,0,@zullybarbotobarboto7720,"PERO AHORA PASA LO MISMO. CON EL GORILA NARANJA CON PAN̈ALES.,,, TIENEN A .MUCHOS CIUDADANOS IGNORANTES . QUE ADORAN AL NARANJA Y AL DIABLO NETANYAHU.  Y ESTOS  ESTAN ADOCTRINANDO ALGUNOS PAISES LATINO AMERICANOS .. CON GOBIERNOS Y PRESIDENTES IGNORANTES DICTADORCILLOS COMO EL ENANO MENTAL NOBOA EN ECUADOR.. CALLADITOS TODOS UDS ESE HOMBRECITO LE ESTA DANDO CON TODO EN ECUADOR. TRAVAJA CON LOS NARCOS SUS BANANERAS ECPORTAN HARINA. .SON LOS PUEBLOS LOS TONTOS.  ARGENTINA "" VERGUENZA .ELIGIENDO A UN DEMENTE.",2026-03-08T14:10:03Z,2026-03-08T14:10:03Z,1,1,youtube,2026-04-05T13:39:38.524997
45J0q2xi7Qk,ElDiaQue,Así era IRÁN Antes De La Revolución Del Ayatollah,es,Alta,Ugw9jedderqL6s3BPOR4AaABAg.AU5aBG5hOroAUpXZJVP-sh,Ugw9jedderqL6s3BPOR4AaABAg,1,@eduardochino3318,La ultraderecha y la teocracia son la peor abominación del mundo,2026-03-26T19:42:42Z,2026-03-26T19:42:42Z,0,0,youtube,2026-04-05T13:39:38.525001
45J0q2xi7Qk,ElDiaQue,Así era IRÁN Antes De La Revolución Del Ayatollah,es,Alta,Ugxi9FLcltJyKgfj82Z4AaABAg,,0,@Noteprometonada,Gracias por explicarme esto te juro hiciste más por mí que todos mis profesores a lo largo de mí vida jaja,2026-03-08T13:56:55Z,2026-03-08T13:56:55Z,0,0,youtube,2026-04-05T13:39:38.525006
45J0q2xi7Qk,ElDiaQue,Así era IRÁN Antes De La Revolución Del Ayatollah,es,Alta,Ugy1Mj-4ACqk8SVejsN4AaABAg,,0,@dorismontenegro8736,La palabra revolución es mardita mala,2026-03-08T13:27:13Z,2026-03-08T13:27:13Z,0,0,youtube,2026-04-05T13:39:38.525010
45J0q2xi7Qk,ElDiaQue,Así era IRÁN Antes De La Revolución Del Ayatollah,es,Alta,UgzdgvYKZeEDpgdduYp4AaABAg,,0,@dorismontenegro8736,Díos quiera irán sea un país libre y las mujeres sean más valoradas,2026-03-08T13:26:34Z,2026-03-08T13:26:34Z,0,0,youtube,2026-04-05T13:39:38.525015
45J0q2xi7Qk,ElDiaQue,Así era IRÁN Antes De La Revolución Del Ayatollah,es,Alta,UgyxUTH0ooc6bko01Xx4AaABAg,,0,@lidiafigueroa7793,Conflicto,2026-03-08T13:23:53Z,2026-03-08T13:23:53Z,0,0,youtube,2026-04-05T13:39:38.525019
45J0q2xi7Qk,ElDiaQue,Así era IRÁN Antes De La Revolución Del Ayatollah,es,Alta,UgzeEJT5BV6diUU8Qal4AaABAg,,0,@juan1911,"Jomeini llegó a ser aun mucho peor que el Sha de Persia, el infierno esta lleno de buenas intenciones, prometió el cielo y ofreció el peor de los infiernos.
Mucho cuidado de blanquear las revoluciones, porque mañana se pueden arrepentir.",2026-03-08T12:38:36Z,2026-03-08T12:38:36Z,1,0,youtube,2026-04-05T13:39:38.525023
45J0q2xi7Qk,ElDiaQue,Así era IRÁN Antes De La Revolución Del Ayatollah,es,Alta,Ugy5IuN7NlBwgzNFcxR4AaABAg,,0,@MoisésLopez-i8n,No se entiende como una cultura tan antigua sea tan retrógrada,2026-03-08T12:32:55Z,2026-03-08T12:32:55Z,0,0,youtube,2026-04-05T13:39:38.525028
45J0q2xi7Qk,ElDiaQue,Así era IRÁN Antes De La Revolución Del Ayatollah,es,Alta,UgynJuk1Yi-LHhC67Ad4AaABAg,,0,@vPsuYmqwR2eqgTAXUhXcT5mqLzrjJ6,"Behind the glitzy surface, the country was fracturing:

Massive Inequality: While elite families owned palaces, one-third of urban Iranians lived in slums without running water or electricity.

Inflation: The sudden influx of oil money caused prices to skyrocket. A ""middle-class"" salary in 1970 could barely pay for a small apartment by 1975.

Rural Neglect: The ""White Revolution"" broke up traditional farms but didn't give peasants the tools to succeed. Millions of villagers fled to the cities, where they lived in poverty and turned toward religious leaders for support.

The ""State of Fear"": SAVAK
This is where the decade was truly ""bad"" for everyone. The Shah’s secret police, SAVAK, was one of the most feared intelligence agencies in the world.

Total Surveillance: It was said that ""one in every ten Iranians"" was a SAVAK informant. People were afraid to speak even in their own living rooms.

Torture: SAVAK used horrific ""scientific"" torture methods on political dissidents—including communists, liberals, and religious activists.

Political Monopoly: In 1975, the Shah abolished all political parties and created a single one (the Rastakhiz Party). He famously told Iranians: ""If you don't like it, get your passport and leave.""",2026-03-08T12:19:56Z,2026-03-08T12:19:56Z,0,0,youtube,2026-04-05T13:39:38.525032
45J0q2xi7Qk,ElDiaQue,Así era IRÁN Antes De La Revolución Del Ayatollah,es,Alta,UgxRsA0LSh1uR8wrQAR4AaABAg,,0,@arisotar,"Fuente, el pedófilo y Epstein. La pregunta es por qué pones una foto de mujeres de Irán con ropa de luto? Por el asesinato de las 160 niñas. El objetivo del pedófilo era la amenaza nuclear, luego el cambio de régimen. Ambos objetivos logrados. Ahora me vienen con el cuento de las mujeres? Y mañana con el cuento de que no creen en el díos judío?",2026-03-08T12:10:35Z,2026-03-08T12:10:35Z,0,0,youtube,2026-04-05T13:39:38.525036
45J0q2xi7Qk,ElDiaQue,Así era IRÁN Antes De La Revolución Del Ayatollah,es,Alta,UgyMVdfSNauug9ozCJJ4AaABAg,,0,@HQB357,"He visto muchos videos de ciudades Iraníes donde las mujeres no andan con su cabello cubierto,y en muchos restaurantes tanto hombres como mujeres tomando bebidas como cervesas y vinos,Ya no se sabe a quién creer.",2026-03-08T11:46:12Z,2026-03-08T11:46:12Z,1,1,youtube,2026-04-05T13:39:38.525040
45J0q2xi7Qk,ElDiaQue,Así era IRÁN Antes De La Revolución Del Ayatollah,es,Alta,UgyMVdfSNauug9ozCJJ4AaABAg.AU5KiaEAcvzAUFpj-vPbzX,UgyMVdfSNauug9ozCJJ4AaABAg,1,@bioquimicaenesciencia841,"El marco legal represor del regimen teocratico aun existe, pero los ultimos años ya no hay plata ni gente dispuesta a hacerla cumplir por sueldos bajos. Eso  hizo que la policia de la moral ya no reprima como años antes. Eso nota el divorcio ideologico que hay entre el regimen ultrareligioso y la poblacion mas  secular.",2026-03-12T13:38:17Z,2026-03-12T13:38:17Z,1,0,youtube,2026-04-05T13:39:38.525045
45J0q2xi7Qk,ElDiaQue,Así era IRÁN Antes De La Revolución Del Ayatollah,es,Alta,UgyXhggpjZUi77XJ0814AaABAg,,0,@pablomota4230,Haaah .ok   pero es que ese proceso petrologico -occidentitico parece que  aun  continua   bajo otro  argumento  actual   peligro nuclear      pero mentira,2026-03-08T11:45:32Z,2026-03-08T11:45:32Z,0,0,youtube,2026-04-05T13:39:38.525049
45J0q2xi7Qk,ElDiaQue,Así era IRÁN Antes De La Revolución Del Ayatollah,es,Alta,UgzT12-SXldMQYcqHXJ4AaABAg,,0,@leonardodanielmendez3042,"No pierdo ni 10 segundos más en ver éste video.
El líder religioso de Irán no falleció.
El líder religioso de un país soberano, fué asesinado en un ataque t3rr0rist4, perpetrado por otras dos naciones agresoras .
Hablan de ""régimen"" cuando se refieren a los países que son potencialmente atacables: Venezuela, Cuba, Irán, etc, etc, etc.
El dinero que los dueños del mundo y sus socios gastan en éstos videos y propaganda sucia debe triplicar el gasto que hacen en tropas y misiles.
El daño es similar...",2026-03-08T11:32:39Z,2026-03-08T11:32:39Z,0,0,youtube,2026-04-05T13:39:38.525053
45J0q2xi7Qk,ElDiaQue,Así era IRÁN Antes De La Revolución Del Ayatollah,es,Alta,Ugy3B5FxZaebhM9xJt94AaABAg,,0,@Isabell1878,"Este era Irán hasta hace unos pocos días, hasta que esos criminales decidieron sobre la vida de todas esas personas que vivían tranquilos en su país, como se podrán dar cuenta las mujeres jóvenes andaban sin velo, trabajaban y todo. Que bueno que hay youtubers que muestran la verdad y reciente. https://www.youtube.com/watch?v=jKPzOEwlTng",2026-03-08T09:57:08Z,2026-03-08T09:57:08Z,1,0,youtube,2026-04-05T13:39:38.525057
45J0q2xi7Qk,ElDiaQue,Así era IRÁN Antes De La Revolución Del Ayatollah,es,Alta,UgwaPI-wU2c06eQv3Fl4AaABAg,,0,@Nanugale,La toma de la embajada es la misma que se trata en la película Argo? Donde rescataban alrededor de seis rehenes escondidos en otra embajada?,2026-03-08T07:50:49Z,2026-03-08T07:50:49Z,0,0,youtube,2026-04-05T13:39:38.525062
45J0q2xi7Qk,ElDiaQue,Así era IRÁN Antes De La Revolución Del Ayatollah,es,Alta,UgyRyrofIGSxD4eWkBd4AaABAg,,0,@Dulcetentacion-o4t,"Que un país tenga cosas que mejorar en materia de derechos humanos NO justifica la guerra, ni hace menos grave el bombardeo a su población.",2026-03-08T07:37:31Z,2026-03-08T07:37:31Z,0,0,youtube,2026-04-05T13:39:38.525066
45J0q2xi7Qk,ElDiaQue,Así era IRÁN Antes De La Revolución Del Ayatollah,es,Alta,UgzUDE7p6_l8mqPQo414AaABAg,,0,@lisandroantoniorodriguez9242,¿qué hubiera ocurrido si no metían la cuchara para poner al payaso del Sha?,2026-03-08T07:26:08Z,2026-03-08T07:26:08Z,0,0,youtube,2026-04-05T13:39:38.525070
45J0q2xi7Qk,ElDiaQue,Así era IRÁN Antes De La Revolución Del Ayatollah,es,Alta,Ugy5PsXPMzhC3LYq6I94AaABAg,,0,@silviaweber8670,Conflicto,2026-03-08T07:17:59Z,2026-03-08T07:17:59Z,0,0,youtube,2026-04-05T13:39:38.525075
45J0q2xi7Qk,ElDiaQue,Así era IRÁN Antes De La Revolución Del Ayatollah,es,Alta,Ugz2bINgSy9LcD5SHMp4AaABAg,,0,@benitoaguirre4662,Conflicto,2026-03-08T06:41:55Z,2026-03-08T06:41:55Z,0,0,youtube,2026-04-05T13:39:38.525079
45J0q2xi7Qk,ElDiaQue,Así era IRÁN Antes De La Revolución Del Ayatollah,es,Alta,UgwhtxRtBXjPdjfrv5V4AaABAg,,0,@Gian-o1y685,de verdad existe gente que defiende países como Iran o musulmanes que tienen de religión el ISLAM que es casarte con nenas de 9 años!! mutilarle los genitales!! tener 3 esposas!!matarte si eres gay o lesbiana!! obligarte como mujer a usar velo y sino haces caso te puedo pegar como hombre porque lo dice el coran!! y que solo hagas tareas de la casa sin poder trabajar afuera y si sales a caminar es solo con una compañera al lado!! POSTA DEFIENDEN ESO???se me olvido que encima quieren imponer la SHARIA(ley de expandir el islam y sino te haces del islam te pueden matar!!) en Europa es TERRIBLE los musulmanes como quieren expandir y que se imponga la SHARIA!! hay 57 países musulmanes y los izquierdistas LGBT y feministas defiendan a  los musulmanes!!!1(osea eres feminista o lgbt y dejas entrar a tu país personas que aumentaron el indice de criminalidad europeo de mayoria musulmanes y violaciónes de mujeres? ) de verdad....hay gente tan idiot4 en el mundo,2026-03-08T05:47:56Z,2026-03-08T05:53:16Z,0,0,youtube,2026-04-05T13:39:38.525083
45J0q2xi7Qk,ElDiaQue,Así era IRÁN Antes De La Revolución Del Ayatollah,es,Alta,UgxyK5-8KJv5clPIhbt4AaABAg,,0,@MARIADEMATOS-f1p,"Me acuerdo muy bien de este Xá y su esposa FARADIBA, muy bonita y conocida. En esos tiempos yo era muy joven y no sabia de políticas. Pero yá yo habia estudiado La Civilización PERSA.",2026-03-08T05:29:20Z,2026-03-08T05:29:20Z,0,0,youtube,2026-04-05T13:39:38.525088
45J0q2xi7Qk,ElDiaQue,Así era IRÁN Antes De La Revolución Del Ayatollah,es,Alta,Ugx3EVvr0Webvfj-rdZ4AaABAg,,0,@MARIADEMATOS-f1p,"Pobre y rico pueblo. Solo fué feliz en la Antiuedad, PERSIA y Ciro el Grande con su continuación. Pero su grandeza y paz han dado vueltas. El papá del último Xá fué bueno, pero su ijo se pasó con el lujo, represión y pobreza. Eso hizo que entrara el Ayatola Komeini que fué mucho peor. Una TEOCRACIA,-",2026-03-08T05:26:46Z,2026-03-08T05:26:46Z,1,0,youtube,2026-04-05T13:39:38.525092
45J0q2xi7Qk,ElDiaQue,Así era IRÁN Antes De La Revolución Del Ayatollah,es,Alta,UgxQr3coiJktoKHH56l4AaABAg,,0,@elnegro9158,GraciasOTAS !!!,2026-03-08T04:27:48Z,2026-03-08T04:27:48Z,0,0,youtube,2026-04-05T13:39:38.525096
45J0q2xi7Qk,ElDiaQue,Así era IRÁN Antes De La Revolución Del Ayatollah,es,Alta,UgwcJ11HBKBJBIEoNDZ4AaABAg,,0,@willianrivera8250,"Wow 😮😳 tenian una policia de la moral,, y le quitaban alas mujeres que usaban su ropa de su fe no 🙂‍↔️ saben que quieren.😮",2026-03-08T03:17:07Z,2026-03-08T03:17:07Z,0,0,youtube,2026-04-05T13:39:38.525101
45J0q2xi7Qk,ElDiaQue,Así era IRÁN Antes De La Revolución Del Ayatollah,es,Alta,UgxDvn3k1vVeA7xIKL14AaABAg,,0,@LilianaMarielSierra,Pura propaganda anglosionistas en este video. Dan asco!!!,2026-03-08T03:04:00Z,2026-03-08T03:04:00Z,0,1,youtube,2026-04-05T13:39:38.525106
45J0q2xi7Qk,ElDiaQue,Así era IRÁN Antes De La Revolución Del Ayatollah,es,Alta,UgxDvn3k1vVeA7xIKL14AaABAg.AU4Oxu3zsDNAU5YckRR2AH,UgxDvn3k1vVeA7xIKL14AaABAg,1,@giurqqaas,"Es la realidad, quieras o no asi viven allá",2026-03-08T13:47:44Z,2026-03-08T13:47:44Z,0,0,youtube,2026-04-05T13:39:38.525111
45J0q2xi7Qk,ElDiaQue,Así era IRÁN Antes De La Revolución Del Ayatollah,es,Alta,UgxT3eqxP5WhVZ5F3sJ4AaABAg,,0,@elixlozano2512,Este vodeo debrian ver los americamos q appyan a iran..q agi las mujeres no tienen derechos cono los hobres,2026-03-08T02:21:35Z,2026-03-08T02:21:35Z,0,0,youtube,2026-04-05T13:39:38.525115
45J0q2xi7Qk,ElDiaQue,Así era IRÁN Antes De La Revolución Del Ayatollah,es,Alta,UgyIfcr3wDM6I11oEvJ4AaABAg,,0,@normaacevedo-r3h,"Irán era bella,rica,y sus mujeres bellas.",2026-03-08T02:11:13Z,2026-03-08T02:11:13Z,0,0,youtube,2026-04-05T13:39:38.525119
45J0q2xi7Qk,ElDiaQue,Así era IRÁN Antes De La Revolución Del Ayatollah,es,Alta,UgyzUfb4JhZICxGcozR4AaABAg,,0,@elgatoaparato9895,Viendo como están de estúpidos todos con el progresismo el tiktok y la mierda de identidad de género parece que ésa es la única forma de salvar a la humanidad,2026-03-08T02:07:16Z,2026-03-08T02:07:16Z,0,0,youtube,2026-04-05T13:39:38.525124
45J0q2xi7Qk,ElDiaQue,Así era IRÁN Antes De La Revolución Del Ayatollah,es,Alta,UgwIA9lYCKZfl6-eswJ4AaABAg,,0,@normaacevedo-r3h,Demonios esos aystolas,2026-03-08T02:04:09Z,2026-03-08T02:04:09Z,0,0,youtube,2026-04-05T13:39:38.525128
45J0q2xi7Qk,ElDiaQue,Así era IRÁN Antes De La Revolución Del Ayatollah,es,Alta,Ugxvn9OpBGwIf1UOuoV4AaABAg,,0,@normaacevedo-r3h,"Vivían muy bien proogreso,las mujeres eran libres podrían estudiar ,bisr vestirse a la moda,manejar",2026-03-08T02:03:39Z,2026-03-08T02:03:39Z,0,0,youtube,2026-04-05T13:39:38.525133
45J0q2xi7Qk,ElDiaQue,Así era IRÁN Antes De La Revolución Del Ayatollah,es,Alta,Ugw1-keFSu96bUN6ord4AaABAg,,0,@aERatus-Egx63,"Eldiaque y la totalidad de los comentarios, pues yo NO estoy a favor de los Gobiernos gringos colonos terroristas y los sionistas invasores genocidas ambos fascistas e individualistas, me da lástima su dios patria y familia (que por cierto lo dijo Mussolini) como también su ""libertad"" hecha un carajo, pero no es tarde para que ustedes sean críticos con esas escorias.",2026-03-08T02:02:21Z,2026-03-08T02:02:21Z,0,0,youtube,2026-04-05T13:39:38.525137
45J0q2xi7Qk,ElDiaQue,Así era IRÁN Antes De La Revolución Del Ayatollah,es,Alta,Ugw289S-HqZ5Cv0cLAZ4AaABAg,,0,@54622522,"que hermoso que fue, ahora solo son cenizas y lagrimas",2026-03-08T02:00:45Z,2026-03-08T02:00:45Z,0,0,youtube,2026-04-05T13:39:38.525141
45J0q2xi7Qk,ElDiaQue,Así era IRÁN Antes De La Revolución Del Ayatollah,es,Alta,UgwaF9eD99MAcUrp-Kt4AaABAg,,0,@neboo6174,Este vídeo es pro-Israel ..Hasta el 70 los jvdi0s no tenían tanta población y el nivel de r4c!sm0 que manejaban no era  tanto como el de hoy en día..si buscan otros videos se van a dar cuenta..,2026-03-08T01:55:13Z,2026-03-08T01:55:13Z,0,0,youtube,2026-04-05T13:39:38.525145
45J0q2xi7Qk,ElDiaQue,Así era IRÁN Antes De La Revolución Del Ayatollah,es,Alta,Ugz_n5OcmJCt2Ma8hJ14AaABAg,,0,@LuciadelaRosaPerez-cn8tv,"A mediados de los 80,s tuve un tomo del libro Guinnes de los récords, y constaba el banquete del Sha. Recuerdo que el Dom Perignon 🍾🥂 y el caviar beluga formaron parte del menú...👌😻👍",2026-03-08T01:32:43Z,2026-03-08T01:32:43Z,1,0,youtube,2026-04-05T13:39:38.525149
45J0q2xi7Qk,ElDiaQue,Así era IRÁN Antes De La Revolución Del Ayatollah,es,Alta,UgzUmutN2qPkEQGwre54AaABAg,,0,@odelmisfelipe2899,Todas estas revoluciones terminan mal y acabando con su propia gente.. Ahí tienen a Cuba.,2026-03-08T01:20:27Z,2026-03-08T01:20:27Z,0,0,youtube,2026-04-05T13:39:38.525154
45J0q2xi7Qk,ElDiaQue,Así era IRÁN Antes De La Revolución Del Ayatollah,es,Alta,UgyuvKj9qQEf-1GT7Wt4AaABAg,,0,@juance7824,"No escucho a nadie hablar del hijodeputa mas grande de todo el mundo que nunca se le acaban los fosforos para encender el fuego de las revoluciones.iran,el nazcismo,che guevara cuba,farc colombia,croacia/yugoslavia,haiti,etc,etc,etc.vean la pelicula basada en echos reales argo y quitense la venda de los ojos,ovejas!🫡💪",2026-03-08T01:10:07Z,2026-03-08T01:10:07Z,0,0,youtube,2026-04-05T13:39:38.525158
45J0q2xi7Qk,ElDiaQue,Así era IRÁN Antes De La Revolución Del Ayatollah,es,Alta,UgxJHlFvPVf4ie1dYOB4AaABAg,,0,@beckyroque8950,Y ddespues de adorar al tirano Ayatoilet vino la noche y el clerigo se olvido de las promesas y a matar se ha dicho...,2026-03-08T00:39:24Z,2026-03-08T00:39:24Z,0,0,youtube,2026-04-05T13:39:38.525162
45J0q2xi7Qk,ElDiaQue,Así era IRÁN Antes De La Revolución Del Ayatollah,es,Alta,UgzB5WnM6vLBoqSp0OJ4AaABAg,,0,@beckyroque8950,Marxistas y Ayatoilets son de ;a misma ideologia fun damentalista x eso se apoyan unos a otros xq son lo mismo de represores,2026-03-08T00:36:57Z,2026-03-08T00:36:57Z,0,0,youtube,2026-04-05T13:39:38.525166
45J0q2xi7Qk,ElDiaQue,Así era IRÁN Antes De La Revolución Del Ayatollah,es,Alta,UgzzQ4A1jrM5u7Z6Aqp4AaABAg,,0,@ErickQuinonez-tk4ee,USA realmente va a lograr el objetivo de que la sociedad Iraní retome el curso que llevaba en los setentas o los dejara a su suerte como sucedió con Irak y Afganistán solo justificando sus intervenciones militares pero dejando a todo un pueblo en manos de otros tiranos como sucede en Venezuela que el pueblo sigue bajo la dictadura pero USA ahora tiene el control del petróleo 🛢️,2026-03-08T00:22:51Z,2026-03-08T00:22:51Z,0,0,youtube,2026-04-05T13:39:38.525170
45J0q2xi7Qk,ElDiaQue,Así era IRÁN Antes De La Revolución Del Ayatollah,es,Alta,Ugw47bckv2Pi5MYCOL54AaABAg,,0,@JaimeRojasMeléndez-e5j,Conflicto,2026-03-07T23:57:20Z,2026-03-07T23:57:20Z,0,0,youtube,2026-04-05T13:39:38.525174
45J0q2xi7Qk,ElDiaQue,Así era IRÁN Antes De La Revolución Del Ayatollah,es,Alta,UgyBOnXbSF8wxd7W0Hx4AaABAg,,0,@juanmanuellozanodaniel7484,Está mierda se pudo haber resumido en 10 minutos,2026-03-07T23:51:25Z,2026-03-07T23:51:25Z,0,0,youtube,2026-04-05T13:39:38.525178
45J0q2xi7Qk,ElDiaQue,Así era IRÁN Antes De La Revolución Del Ayatollah,es,Alta,UgwdTMqceKI7XrQqPIR4AaABAg,,0,@premitr0605,Me sienta muuy maal el negro. 🤧🤧🫩😭😭😭,2026-03-07T23:47:04Z,2026-03-07T23:47:04Z,0,0,youtube,2026-04-05T13:39:38.525183
45J0q2xi7Qk,ElDiaQue,Así era IRÁN Antes De La Revolución Del Ayatollah,es,Alta,UgzAOtqR33fNGkdcRvl4AaABAg,,0,@Francarol_1993,Nada justifica la muerte de niños,2026-03-07T23:42:40Z,2026-03-07T23:42:40Z,1,0,youtube,2026-04-05T13:39:38.525187
45J0q2xi7Qk,ElDiaQue,Así era IRÁN Antes De La Revolución Del Ayatollah,es,Alta,Ugw-v62GC212XwG6CU14AaABAg,,0,@aeski25,"Esto demuestra que el mundo siempre ha sido y seguirá siendo la misma mierda, lo que cambia son los tiempos. Vivan y sean felices como puedan, donde puedan y con lo que puedan.",2026-03-07T23:36:30Z,2026-03-07T23:36:30Z,0,0,youtube,2026-04-05T13:39:38.525191
45J0q2xi7Qk,ElDiaQue,Así era IRÁN Antes De La Revolución Del Ayatollah,es,Alta,Ugyr5OsBD05sKP65M-14AaABAg,,0,@Zetita005,"El sha era una 💩 también,puesto por estados unidos y Francia para que irán no nacionalizar su petróleo",2026-03-07T23:10:37Z,2026-03-07T23:10:37Z,0,0,youtube,2026-04-05T13:39:38.525195
45J0q2xi7Qk,ElDiaQue,Así era IRÁN Antes De La Revolución Del Ayatollah,es,Alta,Ugw-ka4CLYgjDlVsfEN4AaABAg,,0,@rociovillagra81,"Iran sobrevivió al Sha, al abuso sistemático de las potencias y tantas otras cosas mas. Esperemos que ese pueblo, al que llamamos ""cuna de la civilización "" encuentre paz",2026-03-07T22:57:25Z,2026-03-07T22:57:25Z,0,0,youtube,2026-04-05T13:39:38.525199
45J0q2xi7Qk,ElDiaQue,Así era IRÁN Antes De La Revolución Del Ayatollah,es,Alta,UgyqfDPtT12p-BUyjzZ4AaABAg,,0,@josejesusluna2695,Por eso fuera morena fuera narcopoliticos de México,2026-03-07T22:49:57Z,2026-03-07T22:49:57Z,0,0,youtube,2026-04-05T13:39:39.324515
45J0q2xi7Qk,ElDiaQue,Así era IRÁN Antes De La Revolución Del Ayatollah,es,Alta,UgzOLND1cAj3wQIHiyR4AaABAg,,0,@majoma1980,Vídeo publicidad pro Israel,2026-03-07T22:30:18Z,2026-03-07T22:30:18Z,0,0,youtube,2026-04-05T13:39:39.324532
45J0q2xi7Qk,ElDiaQue,Así era IRÁN Antes De La Revolución Del Ayatollah,es,Alta,UgyHVVf8ThAUYJgoJ754AaABAg,,0,@nataliasandez5405,Quizás evitaron el desastre social que hoy día es el mundo principalmente estados undidos.me parece que este pedofilo aprovecha la ocasión sin a ver ido jamas y vivido en esa cultura este seguramente ubiera sido ajusticiado por sus actos con menores.,2026-03-07T22:30:18Z,2026-03-07T22:30:18Z,0,0,youtube,2026-04-05T13:39:39.324537
45J0q2xi7Qk,ElDiaQue,Así era IRÁN Antes De La Revolución Del Ayatollah,es,Alta,UgyCSImu4QPP1p_c5w54AaABAg,,0,@ksrkp3496,"hacé un video  no del ""conflicto, sino del GENOCIDIO EN GAZA",2026-03-07T22:23:57Z,2026-03-07T22:23:57Z,0,0,youtube,2026-04-05T13:39:39.324541
45J0q2xi7Qk,ElDiaQue,Así era IRÁN Antes De La Revolución Del Ayatollah,es,Alta,Ugyg9r3nrFJ_2BpOHa14AaABAg,,0,@reylergutierrez5668,Se dejaron engañar por ideologías  y ahora  no pueden salir,2026-03-07T22:23:18Z,2026-03-07T22:23:18Z,0,0,youtube,2026-04-05T13:39:39.324545
45J0q2xi7Qk,ElDiaQue,Así era IRÁN Antes De La Revolución Del Ayatollah,es,Alta,UgwxN96DjsWNxo7ltyF4AaABAg,,0,@pamelasanhueza8841,"Como no, los ingleses siempre metidos donde no los llaman, y luego solo señalan a los gringos -que razón no falta- como únicos culpables.",2026-03-07T22:21:30Z,2026-03-07T22:21:30Z,0,0,youtube,2026-04-05T13:39:39.324549
45J0q2xi7Qk,ElDiaQue,Así era IRÁN Antes De La Revolución Del Ayatollah,es,Alta,Ugz6vbYa07vMuPMtEq14AaABAg,,0,@victorval3308,"Lo que tienen en común tanto irán como Venezuela son sus gobiernos del asco, si sus gobiernos hubieran abogado por los intereses de su gente y fueran paises estables, libres, no se hubieran metido ni Israel ni EU, porque lo que les importa es robarse el petróleo, si Venezuela no fuera petrolero, los gringos no se hubieran metido a robarles sus recursos disfrazado de ""llevarles la democracia""",2026-03-07T22:16:08Z,2026-03-07T22:16:08Z,2,0,youtube,2026-04-05T13:39:39.324553
45J0q2xi7Qk,ElDiaQue,Así era IRÁN Antes De La Revolución Del Ayatollah,es,Alta,UgxA2dB08vO5VfMnv3R4AaABAg,,0,@Tommend12,Esos tiranos impusieron por la fuerza esa cultura radical,2026-03-07T22:08:21Z,2026-03-07T22:08:21Z,0,0,youtube,2026-04-05T13:39:39.324557
45J0q2xi7Qk,ElDiaQue,Así era IRÁN Antes De La Revolución Del Ayatollah,es,Alta,UgwXYeTzFCY5WMKFbqB4AaABAg,,0,@notisurnotisur8957,conflicto,2026-03-07T22:05:28Z,2026-03-07T22:05:28Z,0,0,youtube,2026-04-05T13:39:39.324561
45J0q2xi7Qk,ElDiaQue,Así era IRÁN Antes De La Revolución Del Ayatollah,es,Alta,UgxWmgPTNxWGA6UwQfR4AaABAg,,0,@mariafonseca7704,"También La mujeres devemos vestir conservadoras con modestia 
 independientemente de nuestra raza La palabras de Dios es para todo el univerzo
(Juan 8:32) Y conoceréis  la Verdad, y la Verdad os hará 
libres 
La Verdad es Cristo Jesús",2026-03-07T21:07:15Z,2026-03-07T21:07:15Z,1,0,youtube,2026-04-05T13:39:39.324567
45J0q2xi7Qk,ElDiaQue,Así era IRÁN Antes De La Revolución Del Ayatollah,es,Alta,UgxrIwd1o2JP34mlZmV4AaABAg,,0,@nachobus_99,"Irónico cómo el feminismo, teniendo la oportunidad de luchar contra un verdadero Patriarcado opresor que m4t4 mujeres... decide apoyar dictadores y al régimen de ayatolas",2026-03-07T21:00:34Z,2026-03-07T21:00:34Z,5,0,youtube,2026-04-05T13:39:39.324571
45J0q2xi7Qk,ElDiaQue,Así era IRÁN Antes De La Revolución Del Ayatollah,es,Alta,UgxWsj2C0pTo2iHNz_t4AaABAg,,0,@MsMJENNIE,"Cuando cambió se adelantan, si aun no pasa nada 😅😅😅😅",2026-03-07T20:40:42Z,2026-03-07T20:40:42Z,0,0,youtube,2026-04-05T13:39:39.324575
45J0q2xi7Qk,ElDiaQue,Así era IRÁN Antes De La Revolución Del Ayatollah,es,Alta,UgzuVKrTzZvCK_s4qmx4AaABAg,,0,@nancypartyn8755,"Yo necesito escuchar la version que ellos tienen de esta version. No me gusta quedarme con un solo lado de la historia. Aunque yo como miembro( o como dicen los que hablan mal castellalno: miembra, hahahah) de amnistia Internacional, le pedi a unos companeros de Iran que me escibieran una carta para enviarsela al gobierno de Iran. se trataba de oponerme a la dilapidacion de 3 mujeres supuestamente acusadas de adulterio. los companeros se negaron porque para ellos era justas eras dilapidaciones;. Les explique que podria ser culpables y segun sus leyes se merecian la muerte( azunque el corazon no escoge de quein uno debe enamorarse) pero en todo caso que la mate el marido, porque los metidos que no les consta, que no los afecta, que no els debe importar la vida privada de lso demas? guardaron silenci y me miraron con respeto ante mi planteamoento; pero no queisieron escribr mi carta a pesar que silo yo firmaria. La mande en Ingles y la presion si logro liberar a ls tres mujeres.",2026-03-07T20:28:54Z,2026-03-07T20:34:05Z,0,0,youtube,2026-04-05T13:39:39.324579
45J0q2xi7Qk,ElDiaQue,Así era IRÁN Antes De La Revolución Del Ayatollah,es,Alta,Ugz1SIzOhtXQ6PwDYoZ4AaABAg,,0,@carlosolid7187,"Este video es para justificar los Ataques de Israel y EEUU???? PORQUE ahora critican a IRAN? CADA pais tiene el gobernante que merece,Sabian uds que EEUU   invadió Mexico de un dia para otro y le quito casi la mitad de su territorio? O Inglaterra todavia tiene mas  de 10 colonias??? No a la Guerra!!!",2026-03-07T20:11:12Z,2026-03-07T20:11:12Z,0,0,youtube,2026-04-05T13:39:39.324583
45J0q2xi7Qk,ElDiaQue,Así era IRÁN Antes De La Revolución Del Ayatollah,es,Alta,UgzhLGWFWfvQnp7uLYF4AaABAg,,0,@jaax4571,"13:14 Lo de siempre... los 'estudiantes' DE IZQUIERDA ELLOS ESO SI, salen a pudrirlaa favor del cabeza de toallon. RESULTADO? Mas de 40 años de tirania islamica extrema. AYYY CON ESTOS HIJOS DE ALA... HIJOS DE REMILPUTA.",2026-03-07T19:47:56Z,2026-03-07T19:47:56Z,0,0,youtube,2026-04-05T13:39:39.324587
45J0q2xi7Qk,ElDiaQue,Así era IRÁN Antes De La Revolución Del Ayatollah,es,Alta,Ugyof2LEg00egNARyNB4AaABAg,,0,@angelsoto1475,"Así era Palestina, un lugar donde todas las religiones convivían en paz hasta que llegó el SIONISMO impulsado por Inglaterra y EEUU y todo se volvió un caos. DEBERIAMOS SER MENOS HIPOCRITAS.",2026-03-07T19:39:50Z,2026-03-07T19:41:35Z,0,0,youtube,2026-04-05T13:39:39.324591
45J0q2xi7Qk,ElDiaQue,Así era IRÁN Antes De La Revolución Del Ayatollah,es,Alta,Ugyx9XMEzVFrpsOD7TR4AaABAg,,0,@jorgefernandoburirojas3871,"Y porque no hablan de la policia secreta que tenia ese regimen y que mataban a los que pensaban diferente y claro llego el consumismo  occidental, sexo, alcohol y ronk and roll.",2026-03-07T19:38:47Z,2026-03-07T19:59:14Z,1,0,youtube,2026-04-05T13:39:39.324595
45J0q2xi7Qk,ElDiaQue,Así era IRÁN Antes De La Revolución Del Ayatollah,es,Alta,UgxxDbszzTDSj4rJiUV4AaABAg,,0,@xander4638,magnus sos vos?,2026-03-07T19:36:22Z,2026-03-07T19:36:22Z,0,0,youtube,2026-04-05T13:39:39.324599
45J0q2xi7Qk,ElDiaQue,Así era IRÁN Antes De La Revolución Del Ayatollah,es,Alta,Ugz8w2ZeuHkFSc4d8bV4AaABAg,,0,@MARIAISABELVAZQUEZRODRIGUE-q8m,¡¡¡ ABAJO EL REGIMEN ACTUAL DE IRAN Y LOS AYATOLA Y OJALA VUELVA A SER UN PAIS DONDE CONVIVAN SERES HUMANOS DE DIFERENTES RAZAS Y RELIGIONES EN PAZ !!!.,2026-03-07T19:35:07Z,2026-03-07T19:35:07Z,0,1,youtube,2026-04-05T13:39:39.324603
45J0q2xi7Qk,ElDiaQue,Así era IRÁN Antes De La Revolución Del Ayatollah,es,Alta,Ugz8w2ZeuHkFSc4d8bV4AaABAg.AU3aaBemQcWAU3b31ZHGQv,Ugz8w2ZeuHkFSc4d8bV4AaABAg,1,@angelsoto1475,"Así era Palestina, un lugar donde todas las religiones convivían en paz hasta que llegó el SIONISMO y todo se volvió un caos.",2026-03-07T19:39:11Z,2026-03-07T19:39:11Z,0,0,youtube,2026-04-05T13:39:39.324611
45J0q2xi7Qk,ElDiaQue,Así era IRÁN Antes De La Revolución Del Ayatollah,es,Alta,UgznRNajPE8Cpfet-ZZ4AaABAg,,0,@dickmunoz3424,"La 4Te Iran😢.
Así inician los dictadores",2026-03-07T19:21:50Z,2026-03-07T19:21:50Z,0,1,youtube,2026-04-05T13:39:39.324615
45J0q2xi7Qk,ElDiaQue,Así era IRÁN Antes De La Revolución Del Ayatollah,es,Alta,UgznRNajPE8Cpfet-ZZ4AaABAg.AU3_3v1ab-qAU3bESwVUyS,UgznRNajPE8Cpfet-ZZ4AaABAg,1,@angelsoto1475,CHNGATUMADRE quienes son aquí los criminales? ERES UN HIPOCRITA.,2026-03-07T19:40:45Z,2026-03-07T19:40:45Z,0,0,youtube,2026-04-05T13:39:39.324619
45J0q2xi7Qk,ElDiaQue,Así era IRÁN Antes De La Revolución Del Ayatollah,es,Alta,Ugwx0e5Sd02NpBqWQKR4AaABAg,,0,@luisarnold5840,Conflicto,2026-03-07T19:20:13Z,2026-03-07T19:20:13Z,0,0,youtube,2026-04-05T13:39:39.324622
45J0q2xi7Qk,ElDiaQue,Así era IRÁN Antes De La Revolución Del Ayatollah,es,Alta,UgwKGX9VQSEeKMCSlsN4AaABAg,,0,@horembebguerrero4075,"Y aún así, Disparos Unidos no tiene nada que hacer ahí, como en ningún otro país que no sea el suyo.",2026-03-07T18:59:24Z,2026-03-07T18:59:24Z,2,0,youtube,2026-04-05T13:39:39.324627
45J0q2xi7Qk,ElDiaQue,Así era IRÁN Antes De La Revolución Del Ayatollah,es,Alta,Ugz7wtGvECV7tp8TQ1Z4AaABAg,,0,@raulcortes3048,"Pero dime?, a quien le importa, como se comporte la Gente en IRAN, ELLOS con su régimen TEOCRATICO, son FELICES, sean como sean, se vistan como se vistan, les impongan cientos de restricciones, es MUY SU PROBLEMA, dime? TODO eso en que te afecta en tu estilo de vida? EN NADA, entonces hay que dejar a la gente que viva su vida y lo más recomendable es NO METERNOS EN LO QUE NO, NOS IMPORTA, ellos demostraron su rabia y tristeza, por haberles asesinado a su Maximo Lider Religioso, Millones de IRANIES, se volcaron a las calles de todo IRAN, protestando por tal Asesinato, solo piensa si fuera malo su régimen NO lo apoyaria TODO el PAÍS, recuerda que LAS MENTIRAS GEOPOLÍTICAS, hay en todo el Mundo por CONVENIENCIAS ECONOMÍCAS",2026-03-07T18:30:25Z,2026-03-07T18:30:25Z,0,0,youtube,2026-04-05T13:39:39.324631
45J0q2xi7Qk,ElDiaQue,Así era IRÁN Antes De La Revolución Del Ayatollah,es,Alta,Ugw5o6EcNSQgOlKboVR4AaABAg,,0,@ZANCAILLO,Se le acabó la fiesta a la teocracia iraní,2026-03-07T18:16:41Z,2026-03-07T18:16:41Z,0,0,youtube,2026-04-05T13:39:39.324635
45J0q2xi7Qk,ElDiaQue,Así era IRÁN Antes De La Revolución Del Ayatollah,es,Alta,UgzSt1_npvRW-stqfbR4AaABAg,,0,@Mariaminblue,"ZOOcialismo = islam, musulman=ZOOcialista. Hermanos e IGUALES en la DESTRUCCIÓN y la MUERTE 👎",2026-03-07T18:15:03Z,2026-03-07T18:15:03Z,0,0,youtube,2026-04-05T13:39:39.324639
45J0q2xi7Qk,ElDiaQue,Así era IRÁN Antes De La Revolución Del Ayatollah,es,Alta,UgyquKfz_yWrXHHGGYp4AaABAg,,0,@americopaucar2631,"ca,bio de lideres demonios por otros ambos estilos filosoficos nos lleban ala destruccion",2026-03-07T18:14:39Z,2026-03-07T18:14:39Z,0,0,youtube,2026-04-05T13:39:39.324643
45J0q2xi7Qk,ElDiaQue,Así era IRÁN Antes De La Revolución Del Ayatollah,es,Alta,UgwRPAelMz_5ouoSSJp4AaABAg,,0,@tommyarayah8252,un paçis sçin la usura  y sçin FM I quien la genera. solo un dato,2026-03-07T18:11:13Z,2026-03-07T18:11:13Z,0,0,youtube,2026-04-05T13:39:39.324647
45J0q2xi7Qk,ElDiaQue,Así era IRÁN Antes De La Revolución Del Ayatollah,es,Alta,UgyCbjIOAV_o2W2cyaF4AaABAg,,0,@gabrielagelpi4216,Conflicto.,2026-03-07T18:08:49Z,2026-03-07T18:08:49Z,0,0,youtube,2026-04-05T13:39:39.324651
45J0q2xi7Qk,ElDiaQue,Así era IRÁN Antes De La Revolución Del Ayatollah,es,Alta,UgwwZAXKY-AEIJGQqmR4AaABAg,,0,@AbigailSerrano-w6i,"Se van al extremo ahora. 
Casi DESNUDAS LAS MUJERES MUNDIAL casi😂
Q vistan normal pero tampoco DESNUDAS como ahora",2026-03-07T17:46:43Z,2026-03-07T17:46:43Z,1,0,youtube,2026-04-05T13:39:39.324655
45J0q2xi7Qk,ElDiaQue,Así era IRÁN Antes De La Revolución Del Ayatollah,es,Alta,UgyEu5YIxra--IgMtHl4AaABAg,,0,@DamasoOntiverio,"Malditos perros, se roban el dinero para vivir como puercos, mientras el pueblo se muere de hambre, maldita sean todos esos perros, y perras!",2026-03-07T17:40:50Z,2026-03-07T17:40:50Z,0,0,youtube,2026-04-05T13:39:39.324659
45J0q2xi7Qk,ElDiaQue,Así era IRÁN Antes De La Revolución Del Ayatollah,es,Alta,UgwEsMVi4azigMUHnZZ4AaABAg,,0,@LulaBarrientos-f1s,TERRORISTAS  NUNCA MAS !!!!!!,2026-03-07T17:26:55Z,2026-03-07T17:26:55Z,0,0,youtube,2026-04-05T13:39:39.324663
45J0q2xi7Qk,ElDiaQue,Así era IRÁN Antes De La Revolución Del Ayatollah,es,Alta,UgwxKB7J8CLaM72yUeh4AaABAg,,0,@LulaBarrientos-f1s,Ayatola TERRORISTAS  SOLO TRAJERON DESTRUCION Y MUERTE,2026-03-07T17:26:27Z,2026-03-07T17:26:27Z,0,0,youtube,2026-04-05T13:39:39.324667
45J0q2xi7Qk,ElDiaQue,Así era IRÁN Antes De La Revolución Del Ayatollah,es,Alta,Ugx7EL1o6U1c0MPHesd4AaABAg,,0,@rafaelperezmorales3813,😊😊😊😊😊😊😊,2026-03-07T17:20:10Z,2026-03-07T17:20:10Z,0,0,youtube,2026-04-05T13:39:39.324672
45J0q2xi7Qk,ElDiaQue,Así era IRÁN Antes De La Revolución Del Ayatollah,es,Alta,UgwFN0kjjN-N75pejGN4AaABAg,,0,@HalowHN,Que buen video bro,2026-03-07T17:16:41Z,2026-03-07T17:16:41Z,0,0,youtube,2026-04-05T13:39:39.324676
45J0q2xi7Qk,ElDiaQue,Así era IRÁN Antes De La Revolución Del Ayatollah,es,Alta,Ugx4jjycUO_MKry6V_14AaABAg,,0,@jlazaromorales4656,en una revolucion unos sufren otros ganan el puesto de los contraros y el pueblo sigue siendo oprimido por los nuevos lideres los pobres de la revolucion terminan ciendo millonarios los civiles solo terminan ciendo escalera de los nuevos tiranos  igual con las votaciones politicas y los partidos politicos  salen unos ladrones politicos y entran los pobres a combertirse en millonarios asi es aqui en Guatemala  y otros paises vecinos,2026-03-07T17:12:38Z,2026-03-07T17:12:38Z,0,0,youtube,2026-04-05T13:39:39.324680
45J0q2xi7Qk,ElDiaQue,Así era IRÁN Antes De La Revolución Del Ayatollah,es,Alta,UgzxFpnYolW931zZv2l4AaABAg,,0,@joseespinal872,Según escucho la historia siempre será la misma cada quien que llega al poder no le importa la población todos hacen lo mismo enriquecerse y hacer el mal hubo libertad antes pero acompañado de pobreza y ahora represión muerte y la maldita pobreza a nadie le importa los pobres,2026-03-07T17:10:54Z,2026-03-07T17:10:54Z,0,0,youtube,2026-04-05T13:39:39.324684
45J0q2xi7Qk,ElDiaQue,Así era IRÁN Antes De La Revolución Del Ayatollah,es,Alta,Ugz0DPr_OjNdqgOep4p4AaABAg,,0,@felisacorona6243,Respetar las costumbres de todos los países  por eso estamos como estamos por creerse sabios al criticar  a otros países,2026-03-07T17:10:54Z,2026-03-07T17:10:54Z,0,0,youtube,2026-04-05T13:39:39.324688
45J0q2xi7Qk,ElDiaQue,Así era IRÁN Antes De La Revolución Del Ayatollah,es,Alta,Ugyp-18eobHX2C0TEfl4AaABAg,,0,@gjgior8318,Elegiste el falso Dios del materialismo. Elegiste la oscuridad. Pasa a buscar el sobre de los sionistas.,2026-03-07T17:08:55Z,2026-03-07T17:08:55Z,0,0,youtube,2026-04-05T13:39:39.324692
45J0q2xi7Qk,ElDiaQue,Así era IRÁN Antes De La Revolución Del Ayatollah,es,Alta,Ugy28W8sdSdKdXPAmMB4AaABAg,,0,@mariapalermo5,"Bueno.... no importa si te depilaste  ¿no?.... Al menos alguna ventaja.... abajo de ese ropaje negro nadie vera si sos gorda, peluda  o fuiste a la peluqueria!!!! 😂😂😂",2026-03-07T17:07:09Z,2026-03-07T17:07:09Z,0,0,youtube,2026-04-05T13:39:39.324696
45J0q2xi7Qk,ElDiaQue,Así era IRÁN Antes De La Revolución Del Ayatollah,es,Alta,Ugwn6gwJY4SKQhT2dmJ4AaABAg,,0,@MicaelaRodriguez-s7f,conflicto,2026-03-07T17:07:05Z,2026-03-07T17:07:05Z,0,0,youtube,2026-04-05T13:39:39.324700
45J0q2xi7Qk,ElDiaQue,Así era IRÁN Antes De La Revolución Del Ayatollah,es,Alta,UgwZRy6IWHfoTMmTwAB4AaABAg,,0,@AlizeeLorieJeveuxFagnani,Y los derechos humanos que no existen 😊,2026-03-07T17:03:03Z,2026-03-07T17:03:03Z,1,0,youtube,2026-04-05T13:39:39.324704
45J0q2xi7Qk,ElDiaQue,Así era IRÁN Antes De La Revolución Del Ayatollah,es,Alta,UgwJzVVNiwhXlJh-ruF4AaABAg,,0,@gustavovillarreal351,"Quien quiere ponerse vestido de monja que se ponga en fin deja más a la imaginación y es más barato, combate el consumismo de los excesos en laas prendas de vestir. Dedicarse a producir para hacerce más ricos a costa del mercado democrático, libertino. No soy socialista creo que es lo peor como sistema económico, pero el capitalismo democrático, que tanto admiro es presa de los gobiernos corruptos qué critican el socialismo pero como lo practican para controlar el mercado qué deben dejar fluir. En fin dejen a cada quien en paz. Que cada uno sea arquitecto de su propio destino.",2026-03-07T16:55:29Z,2026-03-07T16:55:29Z,0,0,youtube,2026-04-05T13:39:39.324708
45J0q2xi7Qk,ElDiaQue,Así era IRÁN Antes De La Revolución Del Ayatollah,es,Alta,UgzMk6INRt45O9MbfcN4AaABAg,,0,@progames2695,Los talibanes son unos locos que se excusan con el corán y la religión mulsumana para hacer crimenes y másacres,2026-03-07T16:53:38Z,2026-03-07T16:53:38Z,0,0,youtube,2026-04-05T13:39:39.324712
45J0q2xi7Qk,ElDiaQue,Así era IRÁN Antes De La Revolución Del Ayatollah,es,Alta,UgyQGpaaBDqS3cEXG0V4AaABAg,,0,@willygutierrez8813,"Esto   que dice esta informacion es una verdadera  falacia  ,  esos estados por la religuion chiita o sumita  son  estados  sumamente cerrados en  cuestión de  moda ,por eso ,  nada creible está información  q se diga q hubo  minifalda  jajaja   es un chiste .",2026-03-07T16:53:02Z,2026-03-07T16:53:02Z,0,0,youtube,2026-04-05T13:39:39.324718
45J0q2xi7Qk,ElDiaQue,Así era IRÁN Antes De La Revolución Del Ayatollah,es,Alta,Ugx8tOmgaQHiFLoEZUx4AaABAg,,0,@kaironconelatri5496,"Falso. La historia de Irán, no comienza en los 70s.
Antes de que el Shaha, impusiera una moda occidental, todos eran ayatolas. En los 60s, Dejen de mentir",2026-03-07T16:51:02Z,2026-03-07T16:51:02Z,0,0,youtube,2026-04-05T13:39:39.324722
45J0q2xi7Qk,ElDiaQue,Así era IRÁN Antes De La Revolución Del Ayatollah,es,Alta,Ugw-HpNrcdqil8vq8PB4AaABAg,,0,@darlingmeza4384,"Niñas de 8 años dadas en matrimonios con hombre mayores, que diabólico.
Irán tiene que ser libre aunque vuelvan unos cuatros a empezar.",2026-03-07T16:43:39Z,2026-03-07T16:43:39Z,0,0,youtube,2026-04-05T13:39:39.324726
45J0q2xi7Qk,ElDiaQue,Así era IRÁN Antes De La Revolución Del Ayatollah,es,Alta,UgwsxCVpsGkwFZ-r9NZ4AaABAg,,0,@cesarsione410,Se pierden de ser felices (comiendo la hamburguesa y la coca loca)?,2026-03-07T16:37:30Z,2026-03-07T16:37:30Z,0,0,youtube,2026-04-05T13:39:39.324730
45J0q2xi7Qk,ElDiaQue,Así era IRÁN Antes De La Revolución Del Ayatollah,es,Alta,UgzrlzzaKO5NoXa7eHJ4AaABAg,,0,@cesarsione410,a costa de regalarle todo el petroleo a EEUU,2026-03-07T16:36:21Z,2026-03-07T16:36:21Z,0,0,youtube,2026-04-05T13:39:39.324735
45J0q2xi7Qk,ElDiaQue,Así era IRÁN Antes De La Revolución Del Ayatollah,es,Alta,UgwDZBgGEHEdqSHROM94AaABAg,,0,@polimorfismo2085-zorro,😮😮😮 bueno de todas formas no podemos decir que por el la forma dictatorial con que atendió MOHAMMA REZA PAHLAVI EN FORMA AUTORITARIA CÓMO GOBERNÓ Y CREYÉNDOSE UN REY HIZO UN REINADO ESTÚPIDO Y RIDÍCULO❤❤❤❤ LA VERDAD FUE COMO UN TIRANO PERO LLEGARON LOS OTROS TIRANOS QUE TAMBIÉN FUERON LOS TERRORISTAS DE LOS AYATOLAS ENTONCES NO SABEMOS QUE FUE POBRE GENTE CÓMO PUEDEN SALIR DE TODO ESTE HOYO VAMOS A VER EN QUÉ TERMINAN❤❤❤❤ EL HIJO DE PHALEVI HOY DÍA.. ESTÁ EN ESTADOS UNIDOS Y FUE ALLÁ HA VIVIDO TODO ESTO ESTOS AÑOS ENTONCES LA MENTALIDAD YA HOY DÍA DEBIÓ HABER CAMBIADO❤❤❤❤ DEBE SER DEMOCRÁTICA Y NO DE NINGÚN RÉGIMEN DE QUE SE CREAN REYES Y AUTORITARIOS NI AYATOLAS NI NADA DE ESTO❤❤❤REZA PAHLAVI ❤❤❤ FUE UN TIRANO TAMBIÉN PARA SU PUEBLO❤❤❤ PERO LOS QUE ESTÁN PROPONIENDO DE PONER EL HIJO QUE YA DEBE TENER UNAS IDEAS MÁS DEMOCRÁTICAS Y MÁS LIBRES NADA DE SUBYUGANTE NADA DE QUITARLE LA LIBERTAD A LAS PERSONAS Y DE NADA DE VIOLAR LOS DERECHOS HUMANOS ALLÁ ESE AYATOLÁS QUE SE MURIÓ MATÓ A LA GENTE COMO SI FUERAN GALLINAS COMO SI FUERAN VACAS PERROS NO SÉ QUÉ ERA❤❤❤❤ LA VIDA ES AYATOLÁ NO LA,2026-03-07T16:36:13Z,2026-03-07T16:36:13Z,0,1,youtube,2026-04-05T13:39:39.324739
45J0q2xi7Qk,ElDiaQue,Así era IRÁN Antes De La Revolución Del Ayatollah,es,Alta,UgwDZBgGEHEdqSHROM94AaABAg.AU3H6wq_z_JAU3Hfgp3mKW,UgwDZBgGEHEdqSHROM94AaABAg,1,@polimorfismo2085-zorro,"😮😮😮😮 OJALÁ Y DESEAMOS QUE LA LIBERTAD LA LIBERTAD LA LIBERTAD LA LIBERTAD DE MENTES Y DE TODA LA CREATIVIDAD Y HERMOSURA QUE TIENEN ESTAS PERSONAS NORMALES EN IRAN.... SALGAN ADELANTE Y PUEDAN SURGIR DE ENTRE LAS CENIZAS BENDICIONES A TODAS LAS COSAS BENÉFICAS Y BONDADOSAS QUE SE PUEDAN DAR...... FUERA MENTALIDADES TEOCRÁTICAS FUERA AUTORITARISMO FUERA DICTADURAS Y NO SE Y MUJERES LIBRES MUJERES LIBRES MUJERES LIBRES MUJERES QUE PUEDAN IR A LA UNIVERSIDAD MUJERES QUE PUEDAN MANEJAR UN CARRO MUJERES QUE PUEDAN SALIR A LA CALLE MUJERES QUE NO SE REVELEN Y NO SOLAMENTE TENGAN HIJOS PARA ESAS..,C COSAS DISQUE HOMBRES QUE HAY ALLÁ❤❤❤❤ MUJERES LIBRES MUJERES LIBRES MUJERES LIBRES😮😮😮😮😮Y BENDICIONES AL PRESIDENTE TRUMP QUE ESTÁ ACTUANDO DE LA MEJOR FORMA PARA BUSCAR LA PAZ DE ESA REGIÓN❤❤❤❤❤ MUJERES QUE VOTEN MUJERES QUE TENGAN LIBERTAD DE DECIR Y ESCOGER A QUIEN QUIERA DE ESPOSO MUJERES QUE PUEDAN TRABAJAR MUJERES QUE GANEN MÁS PLATA QUE LOS HOMBRES PORQUE SON MÁS INTELIGENTES SON LOS SERES MÁS INTELIGENTES QUE HAY EN EL PLANETA SON LAS MUJERES FELICITACIONES MUJERES Y LIBRES DE TODAS ESAS COSAS QUE LAS SUBYUGAN Y MALTRATAN❤❤❤❤❤",2026-03-07T16:41:07Z,2026-03-07T16:41:07Z,0,0,youtube,2026-04-05T13:39:39.324743
45J0q2xi7Qk,ElDiaQue,Así era IRÁN Antes De La Revolución Del Ayatollah,es,Alta,UgyS6LZ953AmZ5HmLYN4AaABAg,,0,@socorrobulnes7947,MAGNUS  COMO  SIEMPRE  LA  NARRACIONES  CONCISAS  INTERESANTE  ERES  COMO  CATEDRATICO  DE  HISTORIA  EXITOS.NO  CAMBIES  AQUI  DE  LIMA  PERU🎉 VAMOOOS♾️💯🥳👳‍♂️🥷💣💥,2026-03-07T16:34:39Z,2026-03-07T16:34:39Z,0,0,youtube,2026-04-05T13:39:39.324747
45J0q2xi7Qk,ElDiaQue,Así era IRÁN Antes De La Revolución Del Ayatollah,es,Alta,Ugx3Uj76HnfYFt6rJnt4AaABAg,,0,@MG-eh3ol,Parece Que Trump vino a salvar el undo de su propio exterminio,2026-03-07T16:31:39Z,2026-03-07T16:31:39Z,0,0,youtube,2026-04-05T13:39:39.324751
45J0q2xi7Qk,ElDiaQue,Así era IRÁN Antes De La Revolución Del Ayatollah,es,Alta,Ugx04BHw_GXxZXn7xJ54AaABAg,,0,@polimorfismo2085-zorro,❤❤❤❤ los países que apoyan estos países terroristas❤❤❤ SON PAÍSES TERRORISTAS LOS PAÍSES QUE APOYAN ESTE TIPO DE TEOCRACIA SON PAÍSES TERRORISTAS Y ACABAN CON LA LIBERTAD Y LOS DERECHOS HUMANOS LOS PISOTEAN❤❤❤❤❤ QUÉ SE DIGA DE LAS MUJERES LAS MUJERES EN IRÁN SON MALTRATADAS SUBYUGADAS LAS TRATA MAL LOS HOMBRES SON MALTRATADORES Y A VECES HASTA LAS MATAN❤❤❤❤❤ EN IRÁN❤❤❤ EN IRÁN LAS MUJERES NO VAN A ESTUDIAR NO VAN A LA UNIVERSIDAD Y LA MUJER QUE LO QUIERE HACER LAS MATAN❤❤❤ SUS PROPIOS PADRES LAS VENDEN JOVENCITAS PARA QUE NO ESTUDIAN SINO PARA QUE TENGAN HIJOS SON MALTRATADORES DESDE PEQUEÑOS HAY MUCHOS VIDEOS HAY MUCHAS PELÍCULAS QUE SE MUESTRAN EL MALTRATO A LAS MUJERES❤❤❤❤❤ ES CON EL HECHO QUE ESTAMOS EN EL SIGLO 22 SIGLO XXI SEDE QUE LAS MUJERES NO PUEDAN IR A LA UNIVERSIDAD MIREN EL CASO DE UNA CHICA QUE ESTUVO YENDO A LA UNIDAD A ESTUDIAR Y EL MISMO PAPÁ LA MALTRATABA❤❤🤍💚♥️🤍♥️💚🤍♥️💚💚💚💚❤️❤️❤️🤍🤍🤍,2026-03-07T16:19:17Z,2026-03-07T16:19:17Z,0,0,youtube,2026-04-05T13:39:39.324755
45J0q2xi7Qk,ElDiaQue,Así era IRÁN Antes De La Revolución Del Ayatollah,es,Alta,UgzRF99hmI-Xs6i9D_R4AaABAg,,0,@miryanechavarria8478,ASI ACTUAN LOS  COMUNIZTAS  SÓLO  QUE EL TIEMPO  DEMUESTRA TODO LO CONTRARIO  Y FINALMENTE   TARDÉ  O TEMPRANO  SEVERAN LA CONCECESIAS  DE LOS QUE APOLLAN ALOS MALANDROS PERO  ESO LLEVA  SU TIEMPO  Y MEREN BIEN  CÓMO  SE LLEGA UN PAIS   ALA LARGA  ASU PROPIAS REPRESIÓN  POR  CREEN    EN EL GAÑO POR LO BISTO  HESTAVAN MEJOR ANTES CONTODO SUS LIMITASINES PERO  HESTAVAN MEJOR ANTES ESO PASA CUÁNDO  LOS ESTUPIDOS  VIVEN QUEJANDOCEN  Y ALA LARGA SI NO ESTBAN CONTETOS CON UNA TASITA AHORA  SELES  DA EL DOBLÉ  ALGO ASI ESTA  POR  PASAR A QUI EN COLOMBIA  UN POCO DE ESTUPIDOS  CREYENDO    QUE SEPEDA  LOS ALIBRAR    MEREN Y VEAN PARA DÓNDE  ES QUE ESTOS TORSIDOS PUEDEN ALA LARGA  DESTRUIR  A UN PAIS,2026-03-07T16:18:30Z,2026-03-07T16:18:30Z,0,1,youtube,2026-04-05T13:39:39.324759
45J0q2xi7Qk,ElDiaQue,Así era IRÁN Antes De La Revolución Del Ayatollah,es,Alta,UgzRF99hmI-Xs6i9D_R4AaABAg.AU3F59pXHifAUAFsvu2c8O,UgzRF99hmI-Xs6i9D_R4AaABAg,1,@kimberlyarana6232,¿Te está dando un derrame cerebral o qué?  Mejor vuelve a la escuela porque sangran los ojos al leerte.,2026-03-10T09:40:07Z,2026-03-10T09:40:07Z,0,0,youtube,2026-04-05T13:39:39.324763
45J0q2xi7Qk,ElDiaQue,Así era IRÁN Antes De La Revolución Del Ayatollah,es,Alta,UgwoZx6FD5viEbbE4od4AaABAg,,0,@polimorfismo2085-zorro,❤❤❤ mirar en su país terroristas...😮😮😮😮partamos de este punto de vista que es un país que viola los derechos humanos mata a las personas viola el derecho que tienen las mujeres a ser libres a vestir a ser inteligentes hacer a estudiar en las universidades porque las mujeres allá solamente deben de ser sirvientas de estos asquerosos terroristas❤❤❤❤❤❤ TEOCRACIA ABSOLUTISTA TÚ LO ACABAS DE DECIR ESTÁS AUTOCRACIAS Y ESTAS SON TEOCRACIAS❤❤❤ CÓMO SE QUIERAN LLAMAR TEOCRACIAS AUTOCRACIA SON DICTATORIALES SON DICTADORES QUE ORDENAN AL PUEBLO Y LE QUITAN LA LIBERTAD NO PUEDEN PENSAR NO PUEDEN HACER NADA LAS MUJERES SON LAS SIRVIENTAS DE ESAS TEOCRACIAS❤❤❤ MUJERES SUBYUGADAS POR ESTOS HOMBRES ASQUEROSOS QUE SOLAMENTE LAS UTILIZAN PARA TENERLES HIJOS Y PARA QUE LES LAVEN Y LE TRAPEEN LAS MUJERES EN EL MUNDO DEBEN DE SER LIBRES❤❤❤❤ ADEMÁS SON MUJERES HERMOSAS SON MUJERES QUE TIENEN UNA CARA HERMOSA UN PELO DIVINO NO SE PUEDEN PONER UNA UN ESCOTE NO SE PUEDEN PINTAR LA CARA TIENEN QUE ANDAR CON UN TRAPO NEGRO POR TODAS PARTES QUÉ ES ESTO ESCONDIDAS Y ENTERRADAS COMO SI ESTUVIERAN MUERTAS❤❤❤❤ ESTÁS TEOCRACIAS AUTOCRACIAS COMO LAS QUIERAN LLAMAR😮😮😮😮 SON DICTADURAS SON DICTADURAS QUE VIOLAN LOS DERECHOS HUMANOS QUE ACABAN CON LA LIBERTAD DEL SER HUMANO YA SEA HOMBRES O MUJERES❤❤❤ FELICITACIONES A LAS MUJERES DEL MUNDO QUE SON LIBRES DE HACER LO QUE QUIERA DE IR DONDE QUIERAN DE PONERSE LA ROPA QUE QUIERAN DE MANEJAR DE IR A LA UNIVERSIDAD DE TRABAJAR Y GANAR MÁS PLATA QUE LOS HOMBRES Y NO LAVANDO Y PLANCHANDO COMO ALGUNAS DE ALLÁ TIENEN QUE ESTAR SOLAMENTE VIENDO LOS HIJOS Y FUERA ESO PISOTEADAS POR LOS HOMBRES❤❤❤ VIVAN LAS MUJERES DEL MUNDO LAS QUIERO A TODAS LAS MUJERES DEL MUNDO REVELADAS NO SE DEJEN PISOTEAR POR NADIE 🙂‍↕️🙂‍↕️💚🤍💚💚💚💚💚😐😐😐💙🩵🩵💚🧡🩶🤍🩷🖤🤎💜💜🩵,2026-03-07T16:16:36Z,2026-03-07T16:16:36Z,0,0,youtube,2026-04-05T13:39:39.324767
45J0q2xi7Qk,ElDiaQue,Así era IRÁN Antes De La Revolución Del Ayatollah,es,Alta,Ugx83YJ2mFOVA4UQ6Ph4AaABAg,,0,@MG-eh3ol,Les paso lo de Venezuela tenian todo y earn libres pero no lo sabian,2026-03-07T16:11:18Z,2026-03-07T16:11:18Z,0,0,youtube,2026-04-05T13:39:39.324771
45J0q2xi7Qk,ElDiaQue,Así era IRÁN Antes De La Revolución Del Ayatollah,es,Alta,UgywfJheuoduHO3Qpw14AaABAg,,0,@dilberguerra4384,"Lo que más me sorprende es cómo muchos medios de comunicación difunden información desinformada, tomando como fuente redes sociales como TikTok o comentarios superficiales. Se construye una narrativa simplista en la que Irán aparece como víctima y el “villano” siempre es Israel, cuando en realidad el conflicto es mucho más complejo.

Más allá de la ideología, lo que mueve esta guerra es el dinero y la ambición. La población iraní vivía con mayor tranquilidad antes de que el régimen endureciera su control, y hoy sufre las consecuencias de un sistema que nunca ha trabajado por el bienestar del pueblo, sino por intereses propios. Por eso resulta doloroso ver cómo millones de personas inocentes viven sin derechos fundamentales, atrapadas en un régimen que les niega libertad.

Aclaro que no justifico los abusos de Israel, pero es evidente que allí existe una diferencia significativa en cuanto a derechos y libertades, mientras que en Irán los derechos humanos prácticamente no existen debido al régimen. Esta situación recuerda a lo que ocurre en países como Cuba, donde el sistema comunista ha sofocado las oportunidades y la dignidad de la gente.

En conclusión, el verdadero problema no es la religión ni las creencias, sino los líderes que perpetúan la opresión. El pueblo iraní merece libertad, merece migrar si lo desea y merece vivir con dignidad, lejos de los intereses egoístas de quienes gobiernan.",2026-03-07T15:57:14Z,2026-03-07T15:57:14Z,0,0,youtube,2026-04-05T13:39:39.324775
45J0q2xi7Qk,ElDiaQue,Así era IRÁN Antes De La Revolución Del Ayatollah,es,Alta,Ugw7B2j7kv7ra4TNtgZ4AaABAg,,0,@ceciliacr934,De Guatemala a Guate peor....,2026-03-07T15:51:56Z,2026-03-07T15:51:56Z,0,0,youtube,2026-04-05T13:39:39.324779
45J0q2xi7Qk,ElDiaQue,Así era IRÁN Antes De La Revolución Del Ayatollah,es,Alta,UgwwcgX01pkFWf2UvHZ4AaABAg,,0,@teco1790,I$lam es la religion Que lleva la firma de satanas el Que odia profundamente al humano y esclavisa a ambos musulmanes como a Los Que no lo son parte de esa religion si Caen en las manos de Los musulmanes.,2026-03-07T15:48:33Z,2026-03-07T15:48:33Z,0,0,youtube,2026-04-05T13:39:39.324784
45J0q2xi7Qk,ElDiaQue,Así era IRÁN Antes De La Revolución Del Ayatollah,es,Alta,UgxypdoTA-ABS6ksehd4AaABAg,,0,@Celiamiller2020,Se repite las historia una y otra vez en los pueblos. Salen de un dictador y entran en otro.,2026-03-07T15:41:08Z,2026-03-07T15:41:08Z,0,0,youtube,2026-04-05T13:39:39.324788
45J0q2xi7Qk,ElDiaQue,Así era IRÁN Antes De La Revolución Del Ayatollah,es,Alta,UgyCyuUWWV8x8k2F5_d4AaABAg,,0,@cmorenomaster,LO QUE VEO   EN EL VIDEO  ES ...QUE ALGUIEN ESTABA  DEPRABANDO  AL PUEBLO  IRANI DE  SUS   COSTUMBRES....COMO LO HACEN CON TODO EL MUNDO...Y NO DUDO  QUE  ERA ISRAEL Y EEUU...EMPEZANDO CON SUS CONCIERTOS MUSICALES,2026-03-07T15:37:11Z,2026-03-07T15:37:11Z,0,0,youtube,2026-04-05T13:39:39.324793
45J0q2xi7Qk,ElDiaQue,Así era IRÁN Antes De La Revolución Del Ayatollah,es,Alta,UgzJWkEe1a-8A8a_PN94AaABAg,,0,@miguelnavarrete4248,"Lo mismo que Cuba, los regímenes comunistas y dictaduras son la semilla del mal, destruyendo todo lo que tocan, en su propio beneficio y enriquecimiento, a mayor riqueza, mayor ejército y mayor poder de control, nada es casual, todo esta comprado, amañado y premeditado para un fin, reducir la población mundial y el enriquecimiento de las Élites del poder.",2026-03-07T15:34:24Z,2026-03-07T15:34:24Z,1,0,youtube,2026-04-05T13:39:39.324797
45J0q2xi7Qk,ElDiaQue,Así era IRÁN Antes De La Revolución Del Ayatollah,es,Alta,UgwZ5tUX4d1COQhjETN4AaABAg,,0,@ultraarg6615,"Por eso es mejor pensar en prevenir antes de que pasen estás cosas, a muchos les llaman xenófobos por no permitir que una cultura de origen extranjero se importe en nuestros países. 
Y ojo no todos son iguales Pero uno no es adivino.",2026-03-07T15:33:31Z,2026-03-07T15:33:31Z,7,0,youtube,2026-04-05T13:39:39.324801
45J0q2xi7Qk,ElDiaQue,Así era IRÁN Antes De La Revolución Del Ayatollah,es,Alta,UgxvYgzdc7Yl_ZXLxq14AaABAg,,0,@shahinshamshiri-amirkolai1931,Solo un ignorante llama a la revolición,2026-03-07T15:31:24Z,2026-03-07T15:31:24Z,0,0,youtube,2026-04-05T13:39:39.324805
45J0q2xi7Qk,ElDiaQue,Así era IRÁN Antes De La Revolución Del Ayatollah,es,Alta,UgyQy6f2bv6ZUxqr7LN4AaABAg,,0,@WendyNavarro-t6o,Dios es amor pero este régimen es diabético muy malo sobretodo con las mujeres y niños,2026-03-07T15:30:25Z,2026-03-07T15:30:25Z,0,0,youtube,2026-04-05T13:39:39.324809
45J0q2xi7Qk,ElDiaQue,Así era IRÁN Antes De La Revolución Del Ayatollah,es,Alta,UgwEfBiSuofFFQKJmDh4AaABAg,,0,@samuelinclanbecerra9444,Por eso estoy con irán.,2026-03-07T14:49:20Z,2026-03-07T14:49:20Z,1,0,youtube,2026-04-05T13:39:39.324813
45J0q2xi7Qk,ElDiaQue,Así era IRÁN Antes De La Revolución Del Ayatollah,es,Alta,UgzRtiECixxBZTS41fF4AaABAg,,0,@salvadorsaldana9368,Comflito,2026-03-07T14:42:57Z,2026-03-07T14:42:57Z,0,0,youtube,2026-04-05T13:39:39.324818
45J0q2xi7Qk,ElDiaQue,Así era IRÁN Antes De La Revolución Del Ayatollah,es,Alta,Ugw8ueMPlHEmCdHiHf14AaABAg,,0,@JorgeHendrix-q7s,Que asco de video de propaganda falsa.,2026-03-07T14:29:44Z,2026-03-07T14:29:44Z,0,0,youtube,2026-04-05T13:39:39.324822
45J0q2xi7Qk,ElDiaQue,Así era IRÁN Antes De La Revolución Del Ayatollah,es,Alta,UgzCCwamrIOxo7VzoS94AaABAg,,0,@daviiee_0,Me gustan tus vídeos pero tragarme tres anuncios por cada 5 minutos es pasarse,2026-03-07T14:23:34Z,2026-03-07T14:23:34Z,0,1,youtube,2026-04-05T13:39:39.324826
45J0q2xi7Qk,ElDiaQue,Así era IRÁN Antes De La Revolución Del Ayatollah,es,Alta,UgzCCwamrIOxo7VzoS94AaABAg.AU31wLgUqV6AU40b4f1hIP,UgzCCwamrIOxo7VzoS94AaABAg,1,@Zetita005,Usa breve y ya,2026-03-07T23:31:10Z,2026-03-07T23:31:10Z,0,0,youtube,2026-04-05T13:39:39.324829
45J0q2xi7Qk,ElDiaQue,Así era IRÁN Antes De La Revolución Del Ayatollah,es,Alta,Ugwa5Lv_6XdmgO8XCy54AaABAg,,0,@SL1999,PEOR que el COMUNISMO,2026-03-07T14:15:30Z,2026-03-07T14:15:30Z,0,0,youtube,2026-04-05T13:39:39.324833
45J0q2xi7Qk,ElDiaQue,Así era IRÁN Antes De La Revolución Del Ayatollah,es,Alta,UgwtKqyzLm53XnFLC9Z4AaABAg,,0,@CarMen-ns9rr,"Es un crimen , lo que están haciendo, este par de criminales",2026-03-07T14:15:12Z,2026-03-07T14:15:12Z,0,0,youtube,2026-04-05T13:39:39.324837
45J0q2xi7Qk,ElDiaQue,Así era IRÁN Antes De La Revolución Del Ayatollah,es,Alta,Ugw8OHAnqgUNiTwORFp4AaABAg,,0,@SamaelNc,Seguramente las mujeres serían menos vagabundas jaja,2026-03-07T14:09:06Z,2026-03-07T14:09:06Z,0,0,youtube,2026-04-05T13:39:39.324840
45J0q2xi7Qk,ElDiaQue,Así era IRÁN Antes De La Revolución Del Ayatollah,es,Alta,Ugx7B0gEWmypXAS1_jp4AaABAg,,0,@usiusillo,Conflicto,2026-03-07T14:03:51Z,2026-03-07T14:03:51Z,0,0,youtube,2026-04-05T13:39:39.324844
45J0q2xi7Qk,ElDiaQue,Así era IRÁN Antes De La Revolución Del Ayatollah,es,Alta,UgypxcT1yfMWkjzSMDZ4AaABAg,,0,@polygranja6003,Conflict,2026-03-07T14:00:20Z,2026-03-07T14:00:20Z,0,0,youtube,2026-04-05T13:39:39.324848
45J0q2xi7Qk,ElDiaQue,Así era IRÁN Antes De La Revolución Del Ayatollah,es,Alta,Ugy4W_jKior6Amal3gt4AaABAg,,0,@isaianibalavilameneses1446,"1:09 no lo sé la verdad, y eso que vivo en Venezuela, no entiendo como nuestros mayores tomaron esa decisión tan estúpida",2026-03-07T13:35:32Z,2026-03-07T13:35:32Z,16,1,youtube,2026-04-05T13:39:39.324852
45J0q2xi7Qk,ElDiaQue,Así era IRÁN Antes De La Revolución Del Ayatollah,es,Alta,Ugy4W_jKior6Amal3gt4AaABAg.AU2xRTLIBQDAUDubAYUVcv,Ugy4W_jKior6Amal3gt4AaABAg,1,@serjimbus,"Te prometo todo gratis, te prometo un mundo ideal, hasta que me votas, me hago rico y me da igual todo mientras yo esté bien...
Lo que no entiendo es que si saben que al final acabaran capturados, suicidandose, o asesinados por otros o por los suyos....como puede seguir habiendo lideres así .",2026-03-11T19:42:25Z,2026-03-11T19:42:25Z,3,0,youtube,2026-04-05T13:39:39.324856
45J0q2xi7Qk,ElDiaQue,Así era IRÁN Antes De La Revolución Del Ayatollah,es,Alta,Ugym5xf2zkRS7cwKZEp4AaABAg,,0,@HéctorRicardoLucasPalacios,España pronto será estado islámico sin derechos para nadie y odio hacia las mujeres 😢,2026-03-07T13:29:20Z,2026-03-07T13:29:20Z,1,0,youtube,2026-04-05T13:39:39.324859
45J0q2xi7Qk,ElDiaQue,Así era IRÁN Antes De La Revolución Del Ayatollah,es,Alta,UgyZ3CpzoJ_RNuvPlK54AaABAg,,0,@fabianbolado1266,"Komeini..fué lo más loco..retrógrado mental..que tuvo irán...con posturas comunistas..antidemocrático..que haya existido
Peorrrrrr...que con el Shá R.Palhevi. !!",2026-03-07T13:09:02Z,2026-03-07T13:09:02Z,0,0,youtube,2026-04-05T13:39:39.324863
45J0q2xi7Qk,ElDiaQue,Así era IRÁN Antes De La Revolución Del Ayatollah,es,Alta,UgwN38nOfXaKPgZNb7F4AaABAg,,0,@JoVeZNo,Palabra del Gran Satán o del Pequeño Satán? este video,2026-03-07T13:04:30Z,2026-03-07T13:04:30Z,0,0,youtube,2026-04-05T13:39:39.324867
45J0q2xi7Qk,ElDiaQue,Así era IRÁN Antes De La Revolución Del Ayatollah,es,Alta,UgwrEp6xNwLwvwoQ5tt4AaABAg,,0,@agostinoservalli947,"Hijos de Puta mentirosos sionistas o pagados por los sionistas y los malditos criminales pedofilos gringos, os deseo que se hundan todos al infierno, malditos Satanistas",2026-03-07T13:01:45Z,2026-03-07T13:01:45Z,0,0,youtube,2026-04-05T13:39:39.324871
45J0q2xi7Qk,ElDiaQue,Así era IRÁN Antes De La Revolución Del Ayatollah,es,Alta,UgyTrDnHs3s4O0SZsUR4AaABAg,,0,@anakin-pd7tp,iran esta peor k los nazis,2026-03-07T12:50:37Z,2026-03-07T12:50:37Z,0,0,youtube,2026-04-05T13:39:39.324875
45J0q2xi7Qk,ElDiaQue,Así era IRÁN Antes De La Revolución Del Ayatollah,es,Alta,Ugza-Kij4YrUnPLr8r14AaABAg,,0,@carmengloriamugaastudillo1265,"Libertad, justicia y amor.  Dios existe",2026-03-07T12:44:30Z,2026-03-07T12:44:30Z,2,2,youtube,2026-04-05T13:39:39.324880
45J0q2xi7Qk,ElDiaQue,Así era IRÁN Antes De La Revolución Del Ayatollah,es,Alta,Ugza-Kij4YrUnPLr8r14AaABAg.AU2ran5l2g5AU3DRIVI99D,Ugza-Kij4YrUnPLr8r14AaABAg,1,@fannybow3797,"No, no existe",2026-03-07T16:04:03Z,2026-03-07T16:04:03Z,0,0,youtube,2026-04-05T13:39:39.324884
45J0q2xi7Qk,ElDiaQue,Así era IRÁN Antes De La Revolución Del Ayatollah,es,Alta,Ugza-Kij4YrUnPLr8r14AaABAg.AU2ran5l2g5AU5a5vqMfTK,Ugza-Kij4YrUnPLr8r14AaABAg,1,@giurqqaas,"​@fannybow3797si, si existe",2026-03-08T14:09:20Z,2026-03-08T14:09:20Z,0,0,youtube,2026-04-05T13:39:39.324887
45J0q2xi7Qk,ElDiaQue,Así era IRÁN Antes De La Revolución Del Ayatollah,es,Alta,Ugz_wvTce8IL_UxD8bd4AaABAg,,0,@socialsocial8350,"Hay un montón de similitudes con Venezuela, no solo con el tema de la llegada al poder de los regímenes tiranos/criminales. Es que cuando tenia la bonanza petrolera fue la misma vaina, derroche de dinero en manos de unos pocos, cuando la gran mayoría vivía en pobreza extrema.",2026-03-07T12:33:37Z,2026-03-07T12:33:37Z,0,0,youtube,2026-04-05T13:39:39.324891
45J0q2xi7Qk,ElDiaQue,Así era IRÁN Antes De La Revolución Del Ayatollah,es,Alta,UgypUiny9DCWYUqsdCZ4AaABAg,,0,@labendecida7440,Eso pasa cuando le dejas decisiones a  los hombres que se sienten amenazados por las mujeres . Cuando la mujer debería ser la columna del hombre .,2026-03-07T12:32:06Z,2026-03-07T12:32:06Z,0,0,youtube,2026-04-05T13:39:39.324895
45J0q2xi7Qk,ElDiaQue,Así era IRÁN Antes De La Revolución Del Ayatollah,es,Alta,UgxI9qmb1trGqef_PHd4AaABAg,,0,@NormaOrellana-y7r,"Los hombres Iranies deben cambiar el trato a sus mujeres, madre, abuela, esposa, hija, hermana, estan rodeados de mujeres y siempre lo estaran,, ""hombres""piensen un poquito uds nacen de una mujer, que los cuida, no traten a sus esposas como esclavas por que ellas tambien cuida de uds, amen a sus hijas, solo asi en Iran habran cambios reales,, respeto y amor entre uds",2026-03-07T12:29:25Z,2026-03-07T12:29:25Z,1,2,youtube,2026-04-05T13:39:39.324899
45J0q2xi7Qk,ElDiaQue,Así era IRÁN Antes De La Revolución Del Ayatollah,es,Alta,UgxI9qmb1trGqef_PHd4AaABAg.AU2ps9xjm40AU3CoKT6YxF,UgxI9qmb1trGqef_PHd4AaABAg,1,@fannybow3797,Wow tu comentario hizo que no pasara nada,2026-03-07T15:58:35Z,2026-03-07T15:58:35Z,0,0,youtube,2026-04-05T13:39:39.324903
45J0q2xi7Qk,ElDiaQue,Así era IRÁN Antes De La Revolución Del Ayatollah,es,Alta,UgxI9qmb1trGqef_PHd4AaABAg.AU2ps9xjm40AU3Cr_obKBj,UgxI9qmb1trGqef_PHd4AaABAg,1,@fannybow3797,Debes entender que tus palabras de amor no sirven de nada en contra de las armas,2026-03-07T15:59:02Z,2026-03-07T15:59:02Z,0,0,youtube,2026-04-05T13:39:39.324906
45J0q2xi7Qk,ElDiaQue,Así era IRÁN Antes De La Revolución Del Ayatollah,es,Alta,Ugw-kyLWMKALTfsyDYB4AaABAg,,0,@ElviaRosaliaPulido,La Envidia comunista destruye todo lo bello y armonioso😢,2026-03-07T12:23:22Z,2026-03-07T12:23:22Z,2,1,youtube,2026-04-05T13:39:39.324910
45J0q2xi7Qk,ElDiaQue,Así era IRÁN Antes De La Revolución Del Ayatollah,es,Alta,Ugw-kyLWMKALTfsyDYB4AaABAg.AU2pB01AV9kAU3rpYScPcj,Ugw-kyLWMKALTfsyDYB4AaABAg,1,@maritzarecillas9275,No sabes ni que es el comunismo,2026-03-07T22:05:46Z,2026-03-07T22:05:46Z,0,0,youtube,2026-04-05T13:39:39.324915
45J0q2xi7Qk,ElDiaQue,Así era IRÁN Antes De La Revolución Del Ayatollah,es,Alta,UgyO963lI7xXi_uTbbp4AaABAg,,0,@Yes56833,"era el burdel de medio oriente de los estados unidos, porque no lo dices bien!!!",2026-03-07T12:17:12Z,2026-03-07T12:17:12Z,2,0,youtube,2026-04-05T13:39:39.324919
45J0q2xi7Qk,ElDiaQue,Así era IRÁN Antes De La Revolución Del Ayatollah,es,Alta,UgyOzZiZLNl2TEnowqB4AaABAg,,0,@JuanCarlos-xc9rg,Cuerpo  de las mujeres no es motivo de vergüenza 😡 👇 🤦  ni odio  😡 🤦 😒 😑 🙄 🤷 😡  dios.hizo mujer bonita interesante.sexualmente  espiritualmente,2026-03-07T11:16:32Z,2026-03-07T11:16:32Z,1,0,youtube,2026-04-05T13:39:39.324923
45J0q2xi7Qk,ElDiaQue,Así era IRÁN Antes De La Revolución Del Ayatollah,es,Alta,UgyrxXhslXsv6HTDd6J4AaABAg,,0,@Froilan-Herrera,Conflicto,2026-03-07T11:15:08Z,2026-03-07T11:15:08Z,0,0,youtube,2026-04-05T13:39:39.324927
45J0q2xi7Qk,ElDiaQue,Así era IRÁN Antes De La Revolución Del Ayatollah,es,Alta,Ugyhy_Vhx3gmOq4bXaJ4AaABAg,,0,@el0maity,Increíble como los kukas defienden a esos hdp,2026-03-07T11:02:08Z,2026-03-07T11:02:15Z,0,0,youtube,2026-04-05T13:39:39.324931
45J0q2xi7Qk,ElDiaQue,Así era IRÁN Antes De La Revolución Del Ayatollah,es,Alta,UgyHmcZ7kh1CZ2x8b1t4AaABAg,,0,@TheStudent19,¡¡¡MUY BUENO!!!     ¡¡¡Un GRAN documental!!!   ¡¡¡FELICITACIONES!!! 👏🏻👏🏻👏🏻👏🏻👏🏻👏🏻👏🏻👏🏻👏🏻👏🏻👏🏻👏🏻👏🏻👏🏻,2026-03-07T09:54:59Z,2026-03-07T09:54:59Z,2,0,youtube,2026-04-05T13:39:39.324935
45J0q2xi7Qk,ElDiaQue,Así era IRÁN Antes De La Revolución Del Ayatollah,es,Alta,Ugzsk5W80Uo_6-nBun14AaABAg,,0,@unetablepourdeuxpersonness6134,"1968 FUE EL AÑO DE LAS MASACRES A LA JUVENTUD EN TODO EL MUNDO Y CURIOSAMENTE JUEGOS OLIMPICOS Y PAZ , FUE UNA LOCURA 1968",2026-03-07T09:24:51Z,2026-03-07T09:24:51Z,0,0,youtube,2026-04-05T13:39:39.324939
45J0q2xi7Qk,ElDiaQue,Así era IRÁN Antes De La Revolución Del Ayatollah,es,Alta,UgzaI-g1inKz3A1CnU54AaABAg,,0,@unetablepourdeuxpersonness6134,"NUNCA MEZCLAR RELIGIÓN CON POLITICA ES LA CLAVE , DEBE COPIAR IRAN A INGLATERRA CON EL HIJO DEL SHA , SOLO ASI HABRA PAZ Y CRECIMIENTO.",2026-03-07T09:22:11Z,2026-03-07T09:22:11Z,1,0,youtube,2026-04-05T13:39:39.324943
45J0q2xi7Qk,ElDiaQue,Así era IRÁN Antes De La Revolución Del Ayatollah,es,Alta,UgydvVcZuaGQCvsEeY54AaABAg,,0,@GregorioMario,Ningún país en la tierra tiene derecho a quitarles la libertad a las mujeres y el derecho de como deben vivir en pleno siglo 21 por culpa de un dictador miserable h... Pta terrorista bien EEUU Dios los bendiga. AMÉN. Gracias.,2026-03-07T08:33:36Z,2026-03-07T08:33:36Z,1,0,youtube,2026-04-05T13:39:39.324947
45J0q2xi7Qk,ElDiaQue,Así era IRÁN Antes De La Revolución Del Ayatollah,es,Alta,UgyccFHmUW_a4z3QQyB4AaABAg,,0,@eduardomendoza9037,La tal usà mata a más de 100 mil personas cada año con el famoso fenta que les cayó como anillo al dedo para controlar y reducir la población.,2026-03-07T07:17:40Z,2026-03-07T07:17:40Z,1,0,youtube,2026-04-05T13:39:39.324951
45J0q2xi7Qk,ElDiaQue,Así era IRÁN Antes De La Revolución Del Ayatollah,es,Alta,UgyCpMJTyxelCl6gfh14AaABAg,,0,@Rubn47,En el 14:12 la IA se puso loca e hizo que se besaran los dos pibes XD,2026-03-07T07:07:05Z,2026-03-07T07:07:05Z,0,0,youtube,2026-04-05T13:39:39.324955
45J0q2xi7Qk,ElDiaQue,Así era IRÁN Antes De La Revolución Del Ayatollah,es,Alta,UgwO1iwWTxP3mjB6N6J4AaABAg,,0,@sandratorres5360,"Viejo maldito, q robo a su pueblo millones de millones,lavando dinero en España.",2026-03-07T05:13:57Z,2026-03-07T05:13:57Z,1,0,youtube,2026-04-05T13:39:39.324959
45J0q2xi7Qk,ElDiaQue,Así era IRÁN Antes De La Revolución Del Ayatollah,es,Alta,Ugza138FUPougTXPIrJ4AaABAg,,0,@Fammilia,No hay neuronas cuando cagas palo conociendo el resultado.😢,2026-03-07T04:45:18Z,2026-03-07T04:45:18Z,0,0,youtube,2026-04-05T13:39:39.324963
45J0q2xi7Qk,ElDiaQue,Así era IRÁN Antes De La Revolución Del Ayatollah,es,Alta,UgxujrrS75P-lSsCEJB4AaABAg,,0,@carlosmontalban687,"Anda, como que la policía del Sha no reprimía el país y asesinaba gente. La SAVAK fue creada en 1957 con ayuda significativa de la CIA (Estados Unidos) y el Mossad (Israel) para entrenar y organizar su estructura. Operó hasta la Revolución Islámica de 1979, cuando fue disuelta (aunque algunos de sus elementos fueron absorbidos o reestructurados en el nuevo régimen).
La SAVAK era notoria por su brutalidad: vigilancia masiva, arrestos arbitrarios, torturas sistemáticas, ejecuciones y represión de cualquier oposición política (comunistas, islamistas, liberales, etc.). Se convirtió en uno de los símbolos más odiados del régimen del Sha y contribuyó enormemente al descontento popular que llevó a su caída.",2026-03-07T04:28:13Z,2026-03-07T04:28:13Z,1,0,youtube,2026-04-05T13:39:39.324967
45J0q2xi7Qk,ElDiaQue,Así era IRÁN Antes De La Revolución Del Ayatollah,es,Alta,UgxdODqyPhYoXMfcUtZ4AaABAg,,0,@luzhelenarestrepo80,"ESE REZA PABLEVI ,EL SHA,FUE UN DICTADOR,CORRUPTO!!!😢😢😢TAMPOCO HIZO NADA X EL PUEBLO!?!😢😢😢😢",2026-03-07T03:56:45Z,2026-03-07T03:56:45Z,0,0,youtube,2026-04-05T13:39:39.324970
45J0q2xi7Qk,ElDiaQue,Así era IRÁN Antes De La Revolución Del Ayatollah,es,Alta,UgxKdDI7L1uZm78intN4AaABAg,,0,@cintiabelucci7833,Conflicto! Gracias ❤,2026-03-07T03:34:37Z,2026-03-07T03:34:37Z,0,0,youtube,2026-04-05T13:39:39.324974
45J0q2xi7Qk,ElDiaQue,Así era IRÁN Antes De La Revolución Del Ayatollah,es,Alta,UgxXbfKsVE_G8EUhY7J4AaABAg,,0,@nazaretanderson,"Faltaron varias cosas. La intervención inglesa La embajada de USA era un cuartel de la CIA. Quedó como museo . Era enorme y dedicada al espionaje. La CIA siempre estuvo involucrada en Irán y hace bastante el Mossad y los ingleses con la Britsh Petroleum. El Sha era un déspota. La pena de muerte también existía y se aplicaba durante el reinado de Mohammad Reza Pahlavi (1941-1979) en Irán. Era utilizada por el régimen monárquico como herramienta de represión contra opositores políticos, comunistas y disidentes, particularmente a través de la policía secreta SAVAK, antes de la Revolución. No es real que todas las mujeres se vistan de negro, eso lo pueden comprobar acá mismo , con Youtubers que han estado allí.",2026-03-07T03:23:48Z,2026-03-07T03:23:48Z,3,0,youtube,2026-04-05T13:39:39.324978
45J0q2xi7Qk,ElDiaQue,Así era IRÁN Antes De La Revolución Del Ayatollah,es,Alta,UgzgIsHGdZcvBwy4fMd4AaABAg,,0,@Un_error_en_la_matrix,"Pasó lo que siempre pasa, ""quitan un régimen"", pero solo para instaurar el suyo.",2026-03-07T03:08:55Z,2026-03-07T03:08:55Z,131,9,youtube,2026-04-05T13:39:40.091047
45J0q2xi7Qk,ElDiaQue,Así era IRÁN Antes De La Revolución Del Ayatollah,es,Alta,UgzgIsHGdZcvBwy4fMd4AaABAg.AU1pj4Kn-HNAU3VqDV3SQ_,UgzgIsHGdZcvBwy4fMd4AaABAg,1,@Billij036,"Ya, pero la verdad prefiero vivir en Puerto Rico q en Irán",2026-03-07T18:44:52Z,2026-03-07T18:44:52Z,6,0,youtube,2026-04-05T13:39:40.091070
45J0q2xi7Qk,ElDiaQue,Así era IRÁN Antes De La Revolución Del Ayatollah,es,Alta,UgzgIsHGdZcvBwy4fMd4AaABAg.AU1pj4Kn-HNAU3at2NxgEy,UgzgIsHGdZcvBwy4fMd4AaABAg,1,@angelsoto1475,@Billij036 En la llamada isla de basura flotante? Conste que son los republicanos los que le llaman así,2026-03-07T19:37:41Z,2026-03-07T19:37:41Z,2,0,youtube,2026-04-05T13:39:40.091075
45J0q2xi7Qk,ElDiaQue,Así era IRÁN Antes De La Revolución Del Ayatollah,es,Alta,UgzgIsHGdZcvBwy4fMd4AaABAg.AU1pj4Kn-HNAU3lUDZw97Y,UgzgIsHGdZcvBwy4fMd4AaABAg,1,@leandrosotelolobos1496,@angelsoto1475 pues yo prefiero vivir en Venezuela antes que Cuba o Iran,2026-03-07T21:10:17Z,2026-03-07T21:10:17Z,3,0,youtube,2026-04-05T13:39:40.091079
45J0q2xi7Qk,ElDiaQue,Así era IRÁN Antes De La Revolución Del Ayatollah,es,Alta,UgzgIsHGdZcvBwy4fMd4AaABAg.AU1pj4Kn-HNAU3lbBxs1bJ,UgzgIsHGdZcvBwy4fMd4AaABAg,1,@leandrosotelolobos1496,@angelsoto1475 o puede que incluso prefiera mejor vivir en Cuba antes que Iran,2026-03-07T21:11:22Z,2026-03-07T21:11:22Z,3,0,youtube,2026-04-05T13:39:40.091083
45J0q2xi7Qk,ElDiaQue,Así era IRÁN Antes De La Revolución Del Ayatollah,es,Alta,UgzgIsHGdZcvBwy4fMd4AaABAg.AU1pj4Kn-HNAULNov7oQf4,UgzgIsHGdZcvBwy4fMd4AaABAg,1,@iris1189,VAN A DAR EL PODER AL PUEBLO VE BURRRO,2026-03-14T17:21:07Z,2026-03-14T17:21:07Z,0,0,youtube,2026-04-05T13:39:40.091086
45J0q2xi7Qk,ElDiaQue,Así era IRÁN Antes De La Revolución Del Ayatollah,es,Alta,UgzhFHFOjVD6OzsX3Zh4AaABAg,,0,@VasquezDocumental,Cambiaste de editor??,2026-03-07T02:48:06Z,2026-03-07T02:48:06Z,0,0,youtube,2026-04-05T13:39:40.091092
45J0q2xi7Qk,ElDiaQue,Así era IRÁN Antes De La Revolución Del Ayatollah,es,Alta,UgxGQd-ceyuhA8hdirV4AaABAg,,0,@lat9540,Básicamente iran paso de una Monarquía dictactorial a una Teocracia Dictatorial,2026-03-07T02:45:43Z,2026-03-07T02:45:43Z,0,0,youtube,2026-04-05T13:39:40.091097
45J0q2xi7Qk,ElDiaQue,Así era IRÁN Antes De La Revolución Del Ayatollah,es,Alta,Ugy9i0TdN1q2ctfODxJ4AaABAg,,0,@legendssaiyanblue,5:23 Ese momento fue dónde en verdad se jodio Irán.,2026-03-07T02:45:31Z,2026-03-07T02:45:31Z,0,0,youtube,2026-04-05T13:39:40.091101
45J0q2xi7Qk,ElDiaQue,Así era IRÁN Antes De La Revolución Del Ayatollah,es,Alta,UgyCMttMf1Pqdm1L0tV4AaABAg,,0,@nosferatuyt,Error haber liberado a Khomeini en el 74... debieron ejecutarlo.,2026-03-07T02:21:06Z,2026-03-07T02:21:06Z,0,0,youtube,2026-04-05T13:39:40.091106
45J0q2xi7Qk,ElDiaQue,Así era IRÁN Antes De La Revolución Del Ayatollah,es,Alta,UgwiyElHt_-XGVTvd3F4AaABAg,,0,@happymary61524,Conflicto,2026-03-07T02:20:56Z,2026-03-07T02:20:56Z,0,0,youtube,2026-04-05T13:39:40.091110
45J0q2xi7Qk,ElDiaQue,Así era IRÁN Antes De La Revolución Del Ayatollah,es,Alta,UgyavzKipt1lL8ZGUlF4AaABAg,,0,@00202nd,"Por eso se cubren, porque la belleza de la mujer es de origen divino, por eso para los hombres es difícil no mirar hasta de reojo mujeres, lo traen en su instinto. El hecho que se cubran es protección y respeto hacia ellas mismas. Ahora mira occidente: tanto liberalismo y mujer empoderada que hasta protestando desnudas salen a la calle... y los hombres felices y luego éstas mujeres siguen más resentidas que nunca, porque ya se perdió el respeto al cuerpo de la mujer, partiendo por ellas mismas",2026-03-07T02:20:14Z,2026-03-07T02:20:14Z,0,2,youtube,2026-04-05T13:39:40.091114
45J0q2xi7Qk,ElDiaQue,Así era IRÁN Antes De La Revolución Del Ayatollah,es,Alta,UgyavzKipt1lL8ZGUlF4AaABAg.AU1k9YLxTKcAU1ohtV7KT2,UgyavzKipt1lL8ZGUlF4AaABAg,1,@lat9540,"Si, el problema vienr que las consecuencias de quitarse ese velo es el arresto o la muerte",2026-03-07T03:00:01Z,2026-03-07T03:00:01Z,0,0,youtube,2026-04-05T13:39:40.091118
45J0q2xi7Qk,ElDiaQue,Así era IRÁN Antes De La Revolución Del Ayatollah,es,Alta,UgyavzKipt1lL8ZGUlF4AaABAg.AU1k9YLxTKcAU2SsOFow9y,UgyavzKipt1lL8ZGUlF4AaABAg,1,@Carocaro-w9s,😂😂😂😂😂,2026-03-07T08:59:43Z,2026-03-07T08:59:43Z,0,0,youtube,2026-04-05T13:39:40.091122
45J0q2xi7Qk,ElDiaQue,Así era IRÁN Antes De La Revolución Del Ayatollah,es,Alta,Ugz437XGVTTTfcqPMwR4AaABAg,,0,@CarlosFlores-i7i,Tu que hiciste este video sesgado sobre irán estados unidos no es la verdadera democracia que pensas sobre tu presidente loco matando su pueblo viejo n ICE invasión de países como venezuela con inventos jodiendo a cuba y ahora jodiendo a Irán.se creen los dueños y policías del mundo y son no las los piratas del mundo moderno los de la falsa democracia matones y ladrones que te pasa boludo.,2026-03-07T02:11:31Z,2026-03-07T02:11:31Z,1,0,youtube,2026-04-05T13:39:40.091126
45J0q2xi7Qk,ElDiaQue,Así era IRÁN Antes De La Revolución Del Ayatollah,es,Alta,Ugw2c0Nq6h1UxSOgYZx4AaABAg,,0,@santiagocarrillovalera2840,EL ÚNICO QUE JUZGA SE LLAMA DIOS EN EL NOMBRE DE NUESTRO SEÑOR JESUCRISTO Y EL ESPIRITU SANTO AMÉN AMÉN Y AMÉN,2026-03-07T02:00:26Z,2026-03-07T02:00:26Z,0,0,youtube,2026-04-05T13:39:40.091131
45J0q2xi7Qk,ElDiaQue,Así era IRÁN Antes De La Revolución Del Ayatollah,es,Alta,Ugy2UTSH7_rO0g5o0u94AaABAg,,0,@Billij036,De aquí a 50 años se hará un video así sobre Europa,2026-03-07T01:56:30Z,2026-03-07T01:56:30Z,94,7,youtube,2026-04-05T13:39:40.091135
45J0q2xi7Qk,ElDiaQue,Así era IRÁN Antes De La Revolución Del Ayatollah,es,Alta,Ugy2UTSH7_rO0g5o0u94AaABAg.AU1hRcj0ROzAU4IaTXDfj7,Ugy2UTSH7_rO0g5o0u94AaABAg,1,@doloresrojasperez665,Sin duda,2026-03-08T02:08:22Z,2026-03-08T02:08:22Z,8,0,youtube,2026-04-05T13:39:40.091140
45J0q2xi7Qk,ElDiaQue,Así era IRÁN Antes De La Revolución Del Ayatollah,es,Alta,Ugy2UTSH7_rO0g5o0u94AaABAg.AU1hRcj0ROzAU4KNG47TVz,Ugy2UTSH7_rO0g5o0u94AaABAg,1,@firielcasselius4033,"Y los jovenes de esa epoca maldeciran a sus padres y abuelos cobardes y buenistas, que vendieron el continente y su futuro al islam.",2026-03-08T02:23:54Z,2026-03-08T02:23:54Z,24,0,youtube,2026-04-05T13:39:40.091145
45J0q2xi7Qk,ElDiaQue,Así era IRÁN Antes De La Revolución Del Ayatollah,es,Alta,Ugy2UTSH7_rO0g5o0u94AaABAg.AU1hRcj0ROzAUB8IT5uDj_,Ugy2UTSH7_rO0g5o0u94AaABAg,1,@illarisoqtachinchaysulca6553,"@firielcasselius4033 claro,imbecil,nada tiene que ver con el hecho de que fue europa quien hizo mierda medio oriente,no?",2026-03-10T17:53:05Z,2026-03-10T17:53:05Z,0,0,youtube,2026-04-05T13:39:40.091149
45J0q2xi7Qk,ElDiaQue,Así era IRÁN Antes De La Revolución Del Ayatollah,es,Alta,Ugy2UTSH7_rO0g5o0u94AaABAg.AU1hRcj0ROzAUDsXTq6Z20,Ugy2UTSH7_rO0g5o0u94AaABAg,1,@takunitz,"​​@firielcasselius4033 europa ya dejó de ser algo referente.

Es muy débil y está más desorganizado, todo le tienen que pedir permiso a EEUU.",2026-03-11T19:24:18Z,2026-03-11T19:24:51Z,5,0,youtube,2026-04-05T13:39:40.091153
45J0q2xi7Qk,ElDiaQue,Así era IRÁN Antes De La Revolución Del Ayatollah,es,Alta,Ugy2UTSH7_rO0g5o0u94AaABAg.AU1hRcj0ROzAULOCrobZaQ,Ugy2UTSH7_rO0g5o0u94AaABAg,1,@iris1189,LAS EUROPEAS CON BURKA 😂😂😂😂😂😂😂😂,2026-03-14T17:24:32Z,2026-03-14T17:24:32Z,0,0,youtube,2026-04-05T13:39:40.091157
45J0q2xi7Qk,ElDiaQue,Así era IRÁN Antes De La Revolución Del Ayatollah,es,Alta,UgyV8IgckrABOEA0E9F4AaABAg,,0,@Candycandy-l3x,De pende a que le llaman libertad. En los estados unidos la libertada la tiene el gobierno para hacer lo que quiera incluso des vivir ciudadanos,2026-03-07T01:49:24Z,2026-03-07T01:49:24Z,2,0,youtube,2026-04-05T13:39:40.091161
45J0q2xi7Qk,ElDiaQue,Así era IRÁN Antes De La Revolución Del Ayatollah,es,Alta,UgzOmLq2wPpUklNg6U94AaABAg,,0,@MartinMartinez-j3c,Y COMO ERAN LOS EEUU ANTES DEL TRUMPETAS Y SUS GUERRAS?????????,2026-03-07T01:42:40Z,2026-03-07T01:42:40Z,0,0,youtube,2026-04-05T13:39:40.091166
45J0q2xi7Qk,ElDiaQue,Así era IRÁN Antes De La Revolución Del Ayatollah,es,Alta,Ugxrovq1oeDDLYywAgN4AaABAg,,0,@arlexdavidlopezrestrepo154,Osea que occidente nos vende la idea de que la forma ideal de vida es la de aquí de occidente  osea que ninguna mujer se siente bien estando asi no lo creo no creo que todas las mujeres en el mundo diga que la felicidad y la libertad es andar en bola por la calle creo que juzgamos con el racero con el contamos y pensamos que lo que vemos bueno nosotros es lo correcto para todo el mundo somos impostores tal como nos lo ha enseñado el tío sam que lo de eeuu es el modelo ideal la perfección no lo creo no lo creo y no lo creeré nunca,2026-03-07T01:29:42Z,2026-03-07T01:29:42Z,0,0,youtube,2026-04-05T13:39:40.091170
45J0q2xi7Qk,ElDiaQue,Así era IRÁN Antes De La Revolución Del Ayatollah,es,Alta,UgxqT7TYZhpf7o-nKAp4AaABAg,,0,@jhonnyrts54,y pensar que hay muchos hombres que tienen ese pensamiendo extremista de ser purita con las mujeres,2026-03-07T01:28:26Z,2026-03-07T01:28:26Z,0,0,youtube,2026-04-05T13:39:40.091174
45J0q2xi7Qk,ElDiaQue,Así era IRÁN Antes De La Revolución Del Ayatollah,es,Alta,UgzzTCWAglqP5V0rzHp4AaABAg,,0,@Erwinharold,"eso es la izquierda, y lo que fomentan",2026-03-07T01:24:15Z,2026-03-07T01:24:15Z,0,0,youtube,2026-04-05T13:39:40.091178
45J0q2xi7Qk,ElDiaQue,Así era IRÁN Antes De La Revolución Del Ayatollah,es,Alta,UgxuKusxhpOXF0h4mpR4AaABAg,,0,@2881ale,"El problema venía desde el primer Shá de Persia y su hijo Reza Pahlavi se engrandeció y hasta ninguneo a EE.UU que lo había mantenido en el poder y entonces los extremistas religiosos tomaron el poder, mintiendo.",2026-03-07T01:08:21Z,2026-03-07T01:08:21Z,0,0,youtube,2026-04-05T13:39:40.091182
45J0q2xi7Qk,ElDiaQue,Así era IRÁN Antes De La Revolución Del Ayatollah,es,Alta,Ugy0pq6cV4pMQKR1q194AaABAg,,0,@The0001JAIR,Hola magnun mefisto cuando haces un video sobre el tiroteo en Canadá me interesa mucho eso de los tiroteos en las escuelas,2026-03-07T01:02:55Z,2026-03-07T01:02:55Z,0,0,youtube,2026-04-05T13:39:40.091187
45J0q2xi7Qk,ElDiaQue,Así era IRÁN Antes De La Revolución Del Ayatollah,es,Alta,UgzJF7_sjEprFsg7NCF4AaABAg,,0,@misaelcastillo1421,Conflicto,2026-03-07T00:47:27Z,2026-03-07T00:47:27Z,0,0,youtube,2026-04-05T13:39:40.091191
45J0q2xi7Qk,ElDiaQue,Así era IRÁN Antes De La Revolución Del Ayatollah,es,Alta,UgyNSyyIbuV0-Ax-9_54AaABAg,,0,@almagaray4458,Conflicto,2026-03-07T00:45:51Z,2026-03-07T00:45:51Z,0,0,youtube,2026-04-05T13:39:40.091195
45J0q2xi7Qk,ElDiaQue,Así era IRÁN Antes De La Revolución Del Ayatollah,es,Alta,UgzzwKqBGGsrCYee5vJ4AaABAg,,0,@jennycardiel1701,El trom  y Satanjajuy  e Israel y sionistas se quieren apoderar de el mundo y eliminar  a casi todos y solo vivan los pedófilos y  muchos esclavos con estos locos trompistas estamos al borde de el colapso mundial. Ya vimos como mataron por órdenes de el trom a más de 180 niñas en IRAN. Lo que quiere el trompas es el petróleo y poner a  sus gobernadores titeres,2026-03-07T00:38:07Z,2026-03-07T00:38:07Z,0,0,youtube,2026-04-05T13:39:40.091199
45J0q2xi7Qk,ElDiaQue,Así era IRÁN Antes De La Revolución Del Ayatollah,es,Alta,UgwfEZG35HWDPkj8QMl4AaABAg,,0,@jennycardiel1701,Iran❤❤❤❤❤,2026-03-07T00:32:50Z,2026-03-07T00:32:50Z,0,0,youtube,2026-04-05T13:39:40.091203
45J0q2xi7Qk,ElDiaQue,Así era IRÁN Antes De La Revolución Del Ayatollah,es,Alta,UgxYCoALG6VNV8cVl8V4AaABAg,,0,@javierrl7575,"-Monarquías puliendo el dinero de los impuestos en festines.
-Imperialismo británico, estadounidense y soviético.
-Policias asesinando opositores y con Israel de por medio.
-Dictaduras teocrática con represión a homosexuales entre otros...
Pero para muchos los malos son ""los zurdos"", ""progres"" ""feministas""que supuestamente apoyan al ayatola.. 😐 Así nos va al mundo hispano 😔",2026-03-07T00:23:26Z,2026-03-07T00:23:26Z,0,0,youtube,2026-04-05T13:39:40.091208
45J0q2xi7Qk,ElDiaQue,Así era IRÁN Antes De La Revolución Del Ayatollah,es,Alta,UgygR9iKTypNIT17zPl4AaABAg,,0,@GustavoAlejandroVargas-o2b,El problema del shah fue que no hizo desaparecer a la víbora de Khomeini en vez de mandarlo al exilio. Hoy serian una superpotencia.,2026-03-06T23:56:52Z,2026-03-06T23:56:52Z,0,0,youtube,2026-04-05T13:39:40.091212
45J0q2xi7Qk,ElDiaQue,Así era IRÁN Antes De La Revolución Del Ayatollah,es,Alta,UgzToAaqvxMvn4TnvLV4AaABAg,,0,@ruthramirez2628,conflicto,2026-03-06T23:50:04Z,2026-03-06T23:50:04Z,0,0,youtube,2026-04-05T13:39:40.091216
45J0q2xi7Qk,ElDiaQue,Así era IRÁN Antes De La Revolución Del Ayatollah,es,Alta,UgyrvYqr1x2wT-IjIAZ4AaABAg,,0,@JamesYañez-t5j,Como pudo qe esos desgraciados llegaron a ese estado tirano,2026-03-06T23:48:29Z,2026-03-06T23:48:29Z,0,0,youtube,2026-04-05T13:39:40.091220
45J0q2xi7Qk,ElDiaQue,Así era IRÁN Antes De La Revolución Del Ayatollah,es,Alta,Ugw2ysgme8SzqSJPM8p4AaABAg,,0,@cristinamiricasafciu6806,Conflicto,2026-03-06T23:45:21Z,2026-03-06T23:45:21Z,0,0,youtube,2026-04-05T13:39:40.091224
45J0q2xi7Qk,ElDiaQue,Así era IRÁN Antes De La Revolución Del Ayatollah,es,Alta,UgxYGco-js7Z6y7y4954AaABAg,,0,@elfisgonciego3918,"Somos Occidente, nos guste o no. Nuestras bases están asentadas en la cultura de la antigüa Grecia y Roma. (Artes, musica, arquitectura, democracia, gastronomía, etc) A mi me encanta. Somos consumistas, Somos católicos, cristianos, ateos, agnósticos o judíos, nos guste o no. A mi me gusta... A muchos parece que no. La ideología estupida de izquierda incrustada en las mentes de millones, anti USA y antisemita. culpas de gobiernos hipócritas (líderes millonarios) y pseudosocialistas que llevaron a la ruina a muchos en Latam. 
Acá tuvimos uno del 2003 al 2015. Les doy a elegir, vivir en USA o en esos países islámicos fanáticos, sin democracia y llevar a sus esposas o hijas. 
Y eso no me lleva para nada a defender la política exterior de USA o el estado de Israel que no para de masacrar pueblos y tirar bombas. No mezclar judaísmo con sionismo. Otro error que se suele cometer.",2026-03-06T23:41:23Z,2026-03-06T23:48:25Z,0,0,youtube,2026-04-05T13:39:40.091229
45J0q2xi7Qk,ElDiaQue,Así era IRÁN Antes De La Revolución Del Ayatollah,es,Alta,UgwkkQbaDW2244cu-WV4AaABAg,,0,@rodrigogin735,ISLAMISMO + MARXIMO= LOCURA TOTAL😢,2026-03-06T23:38:44Z,2026-03-06T23:38:44Z,0,0,youtube,2026-04-05T13:39:40.091233
45J0q2xi7Qk,ElDiaQue,Así era IRÁN Antes De La Revolución Del Ayatollah,es,Alta,UgwMtrT0gAMf2YiwNDp4AaABAg,,0,@TheGosttheRain,"El mal que le hicieron estos monstruos a ""su país"" Irán! Ojalá Irán vuelva a ser libre como Turquía y como occidente.",2026-03-06T23:38:16Z,2026-03-06T23:38:16Z,0,0,youtube,2026-04-05T13:39:40.091237
45J0q2xi7Qk,ElDiaQue,Así era IRÁN Antes De La Revolución Del Ayatollah,es,Alta,Ugz5_-gAKquJpFyoozB4AaABAg,,0,@SyntheticBoy,"El islam es el veneno del pueblo... al igual que todas las religiones, ojala que algun dia haya un mundo ateo.",2026-03-06T23:23:40Z,2026-03-06T23:23:40Z,0,0,youtube,2026-04-05T13:39:40.091242
45J0q2xi7Qk,ElDiaQue,Así era IRÁN Antes De La Revolución Del Ayatollah,es,Alta,UgyZUK9-8GKMPh65f7p4AaABAg,,0,@HomerJaySimpson-v5u,"Amo el acento estilo ""porteño antiguo"" con el que narras. saludos desde ciudad de buenos aires ❤",2026-03-06T23:20:47Z,2026-03-06T23:20:47Z,0,0,youtube,2026-04-05T13:39:40.091246
45J0q2xi7Qk,ElDiaQue,Así era IRÁN Antes De La Revolución Del Ayatollah,es,Alta,UgzcU-VHyex2Bjdh3TJ4AaABAg,,0,@BlancaAzucena1,"lor iraníes hombres deberían colocarse su velo primero, antes de obligar a la mujer.",2026-03-06T23:19:41Z,2026-03-06T23:19:41Z,22,1,youtube,2026-04-05T13:39:40.091250
45J0q2xi7Qk,ElDiaQue,Así era IRÁN Antes De La Revolución Del Ayatollah,es,Alta,UgzcU-VHyex2Bjdh3TJ4AaABAg.AU1QV3ZNYTnAUOlcvFkCDp,UgzcU-VHyex2Bjdh3TJ4AaABAg,1,@sydgt3160,anda a israel con un crucifijo a ver como te escupen ....seas hombre o mujer .....toda esta webada es propaganda y tu te la tragas enterita,2026-03-16T00:55:39Z,2026-03-16T00:55:39Z,0,0,youtube,2026-04-05T13:39:40.091255
45J0q2xi7Qk,ElDiaQue,Así era IRÁN Antes De La Revolución Del Ayatollah,es,Alta,Ugz8NB6SV3A_1hOAijJ4AaABAg,,0,@mapricano,Excelente informe ❤,2026-03-06T23:19:20Z,2026-03-06T23:19:20Z,0,1,youtube,2026-04-05T13:39:40.091259
45J0q2xi7Qk,ElDiaQue,Así era IRÁN Antes De La Revolución Del Ayatollah,es,Alta,Ugz8NB6SV3A_1hOAijJ4AaABAg.AU1QS__bMZWAU2zPq5eQUm,Ugz8NB6SV3A_1hOAijJ4AaABAg,1,@MariaFlores-fq7ch,República.iran.pero.son.arabe.ojala.sea.turquia,2026-03-07T13:52:47Z,2026-03-07T13:52:47Z,0,0,youtube,2026-04-05T13:39:40.091263
45J0q2xi7Qk,ElDiaQue,Así era IRÁN Antes De La Revolución Del Ayatollah,es,Alta,UgxItAk4s04vEGygrMZ4AaABAg,,0,@TheGosttheRain,Lo mismo era Afganistán! Donde entran los militares la vida se transforma en una mierda! Irán y Afganistán eran como Argentina antes de los militares,2026-03-06T23:18:04Z,2026-03-06T23:18:04Z,1,0,youtube,2026-04-05T13:39:40.091268
45J0q2xi7Qk,ElDiaQue,Así era IRÁN Antes De La Revolución Del Ayatollah,es,Alta,Ugy7K1L6IUg9j1SfiOl4AaABAg,,0,@martharuiz5364,Dejen de mentír !!¡ Ocupecen de USTEDES!!!!,2026-03-06T23:14:27Z,2026-03-06T23:14:27Z,1,0,youtube,2026-04-05T13:39:40.091272
45J0q2xi7Qk,ElDiaQue,Así era IRÁN Antes De La Revolución Del Ayatollah,es,Alta,UgyaLut8ltEtY_oBp414AaABAg,,0,@reinacampos7057,Puede  ser todo bonito pero cuando llega el comunismo todo mal Con los políticos corruptos de izquierda hará están todos locos por el poder  con el dinero 💰  los dictadores    No sirven,2026-03-06T23:00:18Z,2026-03-06T23:00:18Z,0,0,youtube,2026-04-05T13:39:40.091276
45J0q2xi7Qk,ElDiaQue,Así era IRÁN Antes De La Revolución Del Ayatollah,es,Alta,Ugxgrc5XM0Fc8UQvEP14AaABAg,,0,@AngelGuzman-re4yn,Claro de prostitutas a mujeres de entes.,2026-03-06T22:57:24Z,2026-03-06T22:57:24Z,0,0,youtube,2026-04-05T13:39:40.091280
45J0q2xi7Qk,ElDiaQue,Así era IRÁN Antes De La Revolución Del Ayatollah,es,Alta,Ugyec_lxdRiTPE7IHUB4AaABAg,,0,@alem219,Conflicto,2026-03-06T22:56:45Z,2026-03-06T22:56:45Z,0,0,youtube,2026-04-05T13:39:40.091284
45J0q2xi7Qk,ElDiaQue,Así era IRÁN Antes De La Revolución Del Ayatollah,es,Alta,Ugz1lWw7iPUDHyz8Jkh4AaABAg,,0,@inesdiaz4028,Useful idiots influenced and used the poorest and most uneducated people and infiltrated schools the communist influence and Russia - CCCP China this is what they do so sad and the people fall for it they gave the country to a terrorist Islamic regime 🤮🤮🤮,2026-03-06T22:56:31Z,2026-03-06T22:58:53Z,0,0,youtube,2026-04-05T13:39:40.091289
45J0q2xi7Qk,ElDiaQue,Así era IRÁN Antes De La Revolución Del Ayatollah,es,Alta,UgyUJx0ceisF83rO0GB4AaABAg,,0,@Chrislandtve,"1:22 falleció de forma natural, naturalmente le cayeron 30 bombas.",2026-03-06T22:51:13Z,2026-03-06T22:51:13Z,0,0,youtube,2026-04-05T13:39:40.091293
45J0q2xi7Qk,ElDiaQue,Así era IRÁN Antes De La Revolución Del Ayatollah,es,Alta,UgxFpyjNA0LzW8TPojp4AaABAg,,0,@lancasterwarrior8050,Todo lo que el islam toca lo destruye y corrompe.. religión de demonios,2026-03-06T22:50:35Z,2026-03-06T22:50:35Z,1,0,youtube,2026-04-05T13:39:40.091297
45J0q2xi7Qk,ElDiaQue,Así era IRÁN Antes De La Revolución Del Ayatollah,es,Alta,Ugzo8Rc-Zu1ukpNRphV4AaABAg,,0,@donatodeangelis1603,Conflicto 2da parte por favor,2026-03-06T22:35:16Z,2026-03-06T22:35:16Z,0,0,youtube,2026-04-05T13:39:40.091301
45J0q2xi7Qk,ElDiaQue,Así era IRÁN Antes De La Revolución Del Ayatollah,es,Alta,UgxtO5u1lifIHW1h2qJ4AaABAg,,0,@thespejel3619,Jajaajajaja tremendo video propagandista de mrd🤣🤣🤣🤣🤣🤣,2026-03-06T22:32:41Z,2026-03-06T22:32:41Z,0,0,youtube,2026-04-05T13:39:40.091305
45J0q2xi7Qk,ElDiaQue,Así era IRÁN Antes De La Revolución Del Ayatollah,es,Alta,UgxcDOPb9j051X8yfAt4AaABAg,,0,@GuillermoRodriguez-gu6nk,cualquier parecido a Colombia es pura coincidencia con los zurdos comunistas,2026-03-06T22:32:25Z,2026-03-06T22:32:25Z,0,1,youtube,2026-04-05T13:39:40.091310
45J0q2xi7Qk,ElDiaQue,Así era IRÁN Antes De La Revolución Del Ayatollah,es,Alta,UgxcDOPb9j051X8yfAt4AaABAg.AU1L4tHpNOFAU2TSW_FMNm,UgxcDOPb9j051X8yfAt4AaABAg,1,@Carocaro-w9s,"Uribestia tenia que ser. Muestranos a las mujeres vestidas de pie a cabeza y sin derechos en Colombia. O muestranos al lider religioso que tiene al
Pais vuelto una teocracia. Esperare sentada tus evidencias 🙄😂😂😂",2026-03-07T09:04:47Z,2026-03-07T09:04:47Z,0,0,youtube,2026-04-05T13:39:40.091314
45J0q2xi7Qk,ElDiaQue,Así era IRÁN Antes De La Revolución Del Ayatollah,es,Alta,Ugw4hU4i3ViK2f7V6Ft4AaABAg,,0,@marcosyana1168,Jajaja resumen del video CULPA de occidente bien ahi😎,2026-03-06T22:29:13Z,2026-03-06T22:29:13Z,0,0,youtube,2026-04-05T13:39:40.091318
45J0q2xi7Qk,ElDiaQue,Así era IRÁN Antes De La Revolución Del Ayatollah,es,Alta,UgxeEnVkuaSeOJo4yg14AaABAg,,0,@cristiansantana0.23,Malditoooo 😢😢😢los ayartolah,2026-03-06T22:22:28Z,2026-03-06T22:22:28Z,0,0,youtube,2026-04-05T13:39:40.091322
45J0q2xi7Qk,ElDiaQue,Así era IRÁN Antes De La Revolución Del Ayatollah,es,Alta,UgzpdmJ47sGZO6VuWYh4AaABAg,,0,@demetriustelenoid7975,"Ya se ve a quien apoyas, me desuscribi de tu canal derechista. Que vivan los pueblos libres del mundo!",2026-03-06T22:14:00Z,2026-03-06T22:14:00Z,1,0,youtube,2026-04-05T13:39:40.091327
45J0q2xi7Qk,ElDiaQue,Así era IRÁN Antes De La Revolución Del Ayatollah,es,Alta,Ugx3dFs4_ZItaSGn5Cx4AaABAg,,0,@GuillermoEspinozaMoreno,"chale, esperaba ver una critica tanto al occidentalismo, como a su régimen, pero ya vi de donde masca la iguana lmao",2026-03-06T21:56:15Z,2026-03-06T21:56:15Z,2,0,youtube,2026-04-05T13:39:40.091331
45J0q2xi7Qk,ElDiaQue,Así era IRÁN Antes De La Revolución Del Ayatollah,es,Alta,UgxU4D3bDADrjxw-HfF4AaABAg,,0,@pilarfreg5642,"Nada justifica el ataque cobarde a Iran. 
Xq’ se permitiría q’ otro país venga a mandar lo q’ tienes q’ hacer en tu propio país, no justifico la represión q’ tiene Iran pero solo su pueblo puede poner un alto, Estados Unidos junto con Israel lo q’ quieren es su petróleo, tampoco lo justifico.",2026-03-06T21:55:28Z,2026-03-06T21:55:28Z,1,0,youtube,2026-04-05T13:39:40.091336
45J0q2xi7Qk,ElDiaQue,Así era IRÁN Antes De La Revolución Del Ayatollah,es,Alta,UgzF83-rTvFZYmpqLLF4AaABAg,,0,@ZahratSaghira-hs9wc,Y aún así femilocas y socialistas defienden ese país,2026-03-06T21:51:04Z,2026-03-06T21:51:04Z,0,0,youtube,2026-04-05T13:39:40.091340
45J0q2xi7Qk,ElDiaQue,Así era IRÁN Antes De La Revolución Del Ayatollah,es,Alta,Ugw_U_kewm6_foWj5AF4AaABAg,,0,@Isabell1878,"Viendo los comentarios me doy cuenta de que la gente solo puede pensar en blanco o negro, creen que si un régimen teocrático es malo, el ataque de Israel y Estados Unidos será la salvación. No es así, aquí el problema es que tanto Trump como Netanyahu son unos oportunistas, hipócritas, mentirosos y saqueadores, lo único que quieren es el petróleo de Irán, tomar el control total de la región y perjudicar a China.  A ellos las mujeres iraníes les importa un carajo.  No hay que ser ingenuos, por favor, tal parece que no conocen nada de historia reciente del mundo, acaso no saben de todo el daño que Estados Unidos le ha hecho al mundo, especialmente a Latinoamérica, acaso no han visto lo que Israel y Estados Unidos han hecho en Gaza. Por favor, no hay que ser tan ingenuos para pensar que la vida de los iraníes va a mejorar después de esto, ojalá fuera así, pero solo saldrán de las llamas para caer en las brasas.",2026-03-06T21:09:35Z,2026-03-06T21:09:35Z,3,2,youtube,2026-04-05T13:39:40.091344
45J0q2xi7Qk,ElDiaQue,Así era IRÁN Antes De La Revolución Del Ayatollah,es,Alta,Ugw_U_kewm6_foWj5AF4AaABAg.AU1BbB1BXPRAU1EohVzMlB,Ugw_U_kewm6_foWj5AF4AaABAg,1,@mr.m959,y tu parece que te vas demaciado al negro que al blanco,2026-03-06T21:37:38Z,2026-03-06T21:37:38Z,1,0,youtube,2026-04-05T13:39:40.091350
45J0q2xi7Qk,ElDiaQue,Así era IRÁN Antes De La Revolución Del Ayatollah,es,Alta,Ugw_U_kewm6_foWj5AF4AaABAg.AU1BbB1BXPRAU2U0YPM_ol,Ugw_U_kewm6_foWj5AF4AaABAg,1,@Carocaro-w9s,"Tal cual. Pero la gente no lee, y son del lado derechista ultraconservador religioso… pierdes tu tiempo, porque solo comen biblia y jamas leen un libro de historia.",2026-03-07T09:09:42Z,2026-03-07T09:09:42Z,1,0,youtube,2026-04-05T13:39:40.091354
45J0q2xi7Qk,ElDiaQue,Así era IRÁN Antes De La Revolución Del Ayatollah,es,Alta,UgzaebFAL6qWSiX5j8x4AaABAg,,0,@adolfodelreyllaurado1145,el malvado islamismo  es algo diabólico ...,2026-03-06T21:00:51Z,2026-03-06T21:00:51Z,1,0,youtube,2026-04-05T13:39:40.091359
45J0q2xi7Qk,ElDiaQue,Así era IRÁN Antes De La Revolución Del Ayatollah,es,Alta,UgwR2f2UCsYPmub_4D94AaABAg,,0,@manu_alpha,y al dia de hoy es increible como las feministas y los progres tienen odio a todas las religiones menos a la que defienden que casualmente es la que mas viola los derechos para lo que ellos creen defender (nunca ha sido asi).,2026-03-06T20:56:53Z,2026-03-06T20:56:53Z,1,1,youtube,2026-04-05T13:39:40.091363
45J0q2xi7Qk,ElDiaQue,Así era IRÁN Antes De La Revolución Del Ayatollah,es,Alta,UgwR2f2UCsYPmub_4D94AaABAg.AU1A9GQu0qeAU3D53QrBho,UgwR2f2UCsYPmub_4D94AaABAg,1,@fannybow3797,No puedes generalizar yo condeno todas las religiones,2026-03-07T16:01:01Z,2026-03-07T16:01:01Z,0,0,youtube,2026-04-05T13:39:40.091367
45J0q2xi7Qk,ElDiaQue,Así era IRÁN Antes De La Revolución Del Ayatollah,es,Alta,UgxOSMiivxOoWpljgp14AaABAg,,0,@susanaportugalmacedo5937,Conflicto,2026-03-06T20:53:05Z,2026-03-06T20:53:05Z,0,0,youtube,2026-04-05T13:39:40.091371
45J0q2xi7Qk,ElDiaQue,Así era IRÁN Antes De La Revolución Del Ayatollah,es,Alta,UgwmcGL9zkD-6HpiZjt4AaABAg,,0,@guille6940,conflicto,2026-03-06T20:47:01Z,2026-03-06T20:47:01Z,0,0,youtube,2026-04-05T13:39:40.091379
45J0q2xi7Qk,ElDiaQue,Así era IRÁN Antes De La Revolución Del Ayatollah,es,Alta,UgxV6qOjzgyYfDOBZvt4AaABAg,,0,@julionivelo97,Le dieron enn la cabeza al barbuchas ¡¡¡¡.....,2026-03-06T20:44:08Z,2026-03-06T20:44:08Z,0,0,youtube,2026-04-05T13:39:40.091384
45J0q2xi7Qk,ElDiaQue,Así era IRÁN Antes De La Revolución Del Ayatollah,es,Alta,UgwD_zNBUYx_kyfc24l4AaABAg,,0,@JhonPeruano2026,La medicina fue peor que la enfermedad,2026-03-06T20:41:45Z,2026-03-06T20:41:45Z,0,0,youtube,2026-04-05T13:39:40.091388
45J0q2xi7Qk,ElDiaQue,Así era IRÁN Antes De La Revolución Del Ayatollah,es,Alta,Ugz4728yngyGCp_lz_B4AaABAg,,0,@samariasamanta1009,le abrieron la puerta al mismisimo demonio,2026-03-06T20:30:44Z,2026-03-06T20:30:44Z,0,0,youtube,2026-04-05T13:39:40.091392
45J0q2xi7Qk,ElDiaQue,Así era IRÁN Antes De La Revolución Del Ayatollah,es,Alta,Ugzs6FGU44oC8FS7QsJ4AaABAg,,0,@cristobalgomez2166,Si,2026-03-06T20:30:34Z,2026-03-06T20:30:34Z,0,0,youtube,2026-04-05T13:39:40.091397
45J0q2xi7Qk,ElDiaQue,Así era IRÁN Antes De La Revolución Del Ayatollah,es,Alta,UgygIPugtTP_PNv7UX94AaABAg,,0,@LupeBalboa-i1k,"Que diferencia por dios,  está claro que éstos régimenes son una mafia, no se puede permitir algo así, libertad ‼️",2026-03-06T20:28:53Z,2026-03-06T20:28:53Z,0,0,youtube,2026-04-05T13:39:40.091401
45J0q2xi7Qk,ElDiaQue,Así era IRÁN Antes De La Revolución Del Ayatollah,es,Alta,Ugw3LCSEayDRdHGZKrB4AaABAg,,0,@jonariver6846,Para empezar antes de la opresión islámica  Irán  tenía su nombre histórico de PERSIA !! ...,2026-03-06T20:12:20Z,2026-03-06T20:12:20Z,0,0,youtube,2026-04-05T13:39:40.091405
45J0q2xi7Qk,ElDiaQue,Así era IRÁN Antes De La Revolución Del Ayatollah,es,Alta,Ugw49FOeusBmbSMmBbd4AaABAg,,0,@JUANPolanco-y5l9y,conflicto,2026-03-06T20:12:07Z,2026-03-06T20:12:07Z,0,0,youtube,2026-04-05T13:39:40.091409
45J0q2xi7Qk,ElDiaQue,Así era IRÁN Antes De La Revolución Del Ayatollah,es,Alta,UgxCRRcM6M5JZWbLeCR4AaABAg,,0,@FranckMiranda-p9w,"ah claro y por eso israel y eeeuu tiene que bombardearlo para traerles la libertad y ""democracia"", porque por supuesto ellos son civilizados y los iranies no, israel que masacra al pueblo palestino ellos son los sabios y civilizados y un eeuu que promueve golpes de estado, secuestra y mata lideres de estado , son muy civlizados, ya veo que el moderador del canal es un pro sionista y capaz voto por el sionista del javier milei",2026-03-06T20:08:46Z,2026-03-06T20:08:46Z,0,0,youtube,2026-04-05T13:39:40.091413
45J0q2xi7Qk,ElDiaQue,Así era IRÁN Antes De La Revolución Del Ayatollah,es,Alta,UgzfA4Mj4Om4NCekjSV4AaABAg,,0,@SebastiánCastillo-y6n,"Malditos viejos los ayatola, los toman por  idiotas, y se convierten en eso, la religión es el opio del pueblo",2026-03-06T20:02:21Z,2026-03-06T20:02:21Z,0,0,youtube,2026-04-05T13:39:40.091418
45J0q2xi7Qk,ElDiaQue,Así era IRÁN Antes De La Revolución Del Ayatollah,es,Alta,UgwnCwqFse9ImGyCWJF4AaABAg,,0,@CiriloSantos-n2h,y como saben Silas mujeres  están de buen ver si cubren todo solo imaginando cro yo,2026-03-06T19:53:39Z,2026-03-06T19:53:39Z,0,0,youtube,2026-04-05T13:39:40.091425
45J0q2xi7Qk,ElDiaQue,Así era IRÁN Antes De La Revolución Del Ayatollah,es,Alta,UgzQ4WEqwPqDghP8VcF4AaABAg,,0,@jluistl,"El Irán actual es un asco. Es una masacre diaria a gran escala. El Irán anterior era una monarquía totalitaria, con mucho terrorismo de estado de parte del Chad. El antiguo Irán, del que habían escapado con el Chad, era aún peor que los otros dos sistemas que mencioné.",2026-03-06T19:52:30Z,2026-03-06T19:52:30Z,0,0,youtube,2026-04-05T13:39:40.091429
45J0q2xi7Qk,ElDiaQue,Así era IRÁN Antes De La Revolución Del Ayatollah,es,Alta,Ugw4-J6pqnHuzWpNAot4AaABAg,,0,@jaimemelgar6660,Buen Documental,2026-03-06T19:43:15Z,2026-03-06T19:43:15Z,0,0,youtube,2026-04-05T13:39:40.091433
45J0q2xi7Qk,ElDiaQue,Así era IRÁN Antes De La Revolución Del Ayatollah,es,Alta,UgxMTiCQzdA4L9azKid4AaABAg,,0,@AntonioRocha-pc8qv,"Venía muy bien el relato histórico de Irán ,de lo que fue y de lo que es .Pero en un momento del relato dice ..."" Irak atacó a Irán con armas químicas ..."" Y ahí el relato histórico del informe te hace dudar ??? Cómo armas químicas ? Eso decían los Yankees para justificar el ataque a Irak !!! Y era una vil mentira !! Un invento total !!! Y vos repetís lo mismo ? Una mentira !!! Ya deja de ser parcial tu informe para ser pro yankee y no me interesa.",2026-03-06T19:40:18Z,2026-03-06T19:40:18Z,0,0,youtube,2026-04-05T13:39:40.091438
45J0q2xi7Qk,ElDiaQue,Así era IRÁN Antes De La Revolución Del Ayatollah,es,Alta,UgyUoyYuDs6C2D0eRgR4AaABAg,,0,@arianjakon,Pasaron de Guatemala a Guatepeor.,2026-03-06T19:36:13Z,2026-03-06T19:36:13Z,0,0,youtube,2026-04-05T13:39:40.091442
45J0q2xi7Qk,ElDiaQue,Así era IRÁN Antes De La Revolución Del Ayatollah,es,Alta,UgzIXDYoLluoxqcDIVV4AaABAg,,0,@JuanMartinez-fs6gu,"El verdadero problema de Irán es su proyecto nuclear. A nadie le importa si derrochas el tesoro del estado en banquetes que duran meses, mujeres, champán, vinos de lujos y orgias pero si la misma cantidad de dinero, o más, lo gastas en hacer una bomba nuclear para hacer desaparecer una nación que consideras ""infidel"" , eso ya es otra cosa.",2026-03-06T19:35:07Z,2026-03-06T19:35:07Z,0,0,youtube,2026-04-05T13:39:40.091446
45J0q2xi7Qk,ElDiaQue,Así era IRÁN Antes De La Revolución Del Ayatollah,es,Alta,UgzwtoDBme56dWUTADF4AaABAg,,0,@SullivanGz,"Enserio están más interesados en comentar tonterías, piensen que en 2026 aún ay países donde matan a personas por ideologías estúpidas",2026-03-06T19:28:13Z,2026-03-06T19:28:13Z,0,0,youtube,2026-04-05T13:39:40.091451
45J0q2xi7Qk,ElDiaQue,Así era IRÁN Antes De La Revolución Del Ayatollah,es,Alta,UgzIxkPA5awWGf84VIx4AaABAg,,0,@edgargarridomora331,"¿Porqué esa necedad de occidentalizar a esos países?, ""ENTRE LOS INDIVÍDUOS COMO ENTRE LAS NACIONES, EL RESPETO AL DERECHO AJENO ES LA PAZ Y LA CONSERVACIÓN DE LOS BIENES"".",2026-03-06T19:23:33Z,2026-03-06T19:23:33Z,0,0,youtube,2026-04-05T13:39:40.091455
45J0q2xi7Qk,ElDiaQue,Así era IRÁN Antes De La Revolución Del Ayatollah,es,Alta,Ugy0ioglgjr5D9SjHpV4AaABAg,,0,@maria419able,"ERA TREMENDA LACRAS, CRIMINAL, PEDOFILO, SÁDICO, PERVERTIDO SEXUAL, ESCLAVISTA, ASESINO, TORTURADOR, LADRÓN, BASURA, EGOISTA, CODICIOSO, ENVIDIOSO,MISERABLE, RATA.💩💩💩💩💩💩💩💩💩💩💩💩💩💩💩",2026-03-06T19:05:30Z,2026-03-06T19:05:30Z,0,0,youtube,2026-04-05T13:39:40.091459
45J0q2xi7Qk,ElDiaQue,Así era IRÁN Antes De La Revolución Del Ayatollah,es,Alta,Ugzi0p_Q9uKZDW-bICl4AaABAg,,0,@Antonio-x-z7p,"¿Cómo una nación abraza la revolución? al creer en las mentiras.
Lo mismo ocurió en Cuba, lo mismo ocurrió en Venezuela. Estas dos naciones eran prósperas antes de la llegada de la ""revolución"".",2026-03-06T19:00:27Z,2026-03-06T19:00:27Z,0,0,youtube,2026-04-05T13:39:40.091464
45J0q2xi7Qk,ElDiaQue,Así era IRÁN Antes De La Revolución Del Ayatollah,es,Alta,UgzVxjl68aTuetotck54AaABAg,,0,@foxyan1106,Esas viejas parecen la muerte. Solo les falta lo hoz.,2026-03-06T18:59:38Z,2026-03-06T18:59:38Z,0,0,youtube,2026-04-05T13:39:40.091468
45J0q2xi7Qk,ElDiaQue,Así era IRÁN Antes De La Revolución Del Ayatollah,es,Alta,UgxNSmebcSCPtzVOTPN4AaABAg,,0,@Mentetriunfador-u7b,Y uno de argentina cuando era la tierra de argentivos nativos ( antes de que los europeos y yankis se hicieran de ese pueblo ).,2026-03-06T18:58:19Z,2026-03-06T18:58:19Z,0,0,youtube,2026-04-05T13:39:40.091473
45J0q2xi7Qk,ElDiaQue,Así era IRÁN Antes De La Revolución Del Ayatollah,es,Alta,UgxX91dhkaPShf2RUYJ4AaABAg,,0,@Mentetriunfador-u7b,Hola mo puedes hacer un video del pasado de los nativos americanos ( antes de que llegaran los matones yankis ). Y los asesinaran y despojaran,2026-03-06T18:57:29Z,2026-03-06T18:57:29Z,0,0,youtube,2026-04-05T13:39:40.091477
45J0q2xi7Qk,ElDiaQue,Así era IRÁN Antes De La Revolución Del Ayatollah,es,Alta,UgxHDtIP4Hyyq_QMgPt4AaABAg,,0,@arielplazas3894,"🤣TRUMPETERO queria el NOBEL PAZ antes de empezar la 3 GORRA MUNDIAL para que la HISTORIA lo justificara como HEROE a pesar de aniqui1ar el Planeta, pero NO  le comieron cuento y quedará como lo peor en toda la HISTORIA DE LA HUMANIDAD, tanto que nadie se acoradará que exitió un tal H1TLER",2026-03-06T18:55:13Z,2026-03-06T18:55:13Z,2,0,youtube,2026-04-05T13:39:40.091481
45J0q2xi7Qk,ElDiaQue,Así era IRÁN Antes De La Revolución Del Ayatollah,es,Alta,Ugxu-k-QdlaU7Qmcbdh4AaABAg,,0,@leonelvenancio1271,Saca el video de las niñas que murieron por estar en la  Escuela en Iran por un misil de la LIBERTAD de USA/Israel  en esta guerra,2026-03-06T18:51:59Z,2026-03-06T18:51:59Z,1,1,youtube,2026-04-05T13:39:40.091485
45J0q2xi7Qk,ElDiaQue,Así era IRÁN Antes De La Revolución Del Ayatollah,es,Alta,Ugxu-k-QdlaU7Qmcbdh4AaABAg.AU0wrPvZGKRAU1F2GkRZcu,Ugxu-k-QdlaU7Qmcbdh4AaABAg,1,@mr.m959,"se descubrio que ese video era de cuanod iran ataco irak, hace años",2026-03-06T21:39:38Z,2026-03-06T21:39:38Z,4,0,youtube,2026-04-05T13:39:40.091489
45J0q2xi7Qk,ElDiaQue,Así era IRÁN Antes De La Revolución Del Ayatollah,es,Alta,UgyMOKBwULlJl3un_vR4AaABAg,,0,@conytokarz8074,Es sorprendente que los musulmanes se han matado y se siguen matando entre ellos (Shiites and Sunnis). También es sorprendente entender el horror que el Ayatolá Ali Jamanei ha causado en el medio este. Es increíble el nivel de maldad de este ente del mal,2026-03-06T18:32:04Z,2026-03-06T18:32:04Z,0,0,youtube,2026-04-05T13:39:40.091493
45J0q2xi7Qk,ElDiaQue,Así era IRÁN Antes De La Revolución Del Ayatollah,es,Alta,UgylHdd1Vy9lCWsgyNZ4AaABAg,,0,@JorgeLeon-j9g,Esos depravados religiosos son una amenaza para la humanidad los talibanes los ayatolas .. fanáticos religiosos lunáticos verdaderos traficante de religión lobos infernales con piel de oveja que se creen Dios o sus enviados y son tan retorcidos cínicos que con sus actos criminales demuestran que solo están al servicio de los demonios.... pero ésto también seda en el supuesto cristianismo el judaísmo etc... Dios es amor ❤️ y amor ❤️ es Dios...y no el poco invento de los criminales chiflados de toda clase de líderes religiosos que son pura podredumbre,2026-03-06T18:21:31Z,2026-03-06T18:21:31Z,0,0,youtube,2026-04-05T13:39:40.091498
45J0q2xi7Qk,ElDiaQue,Así era IRÁN Antes De La Revolución Del Ayatollah,es,Alta,Ugw5dNZFq50XHCScsjx4AaABAg,,0,@FaidalyReyes,😂😂😂😂pobre mujeres puros trapos esas mujeres son hermosas ...,2026-03-06T18:20:59Z,2026-03-06T18:20:59Z,0,0,youtube,2026-04-05T13:39:40.091502
45J0q2xi7Qk,ElDiaQue,Así era IRÁN Antes De La Revolución Del Ayatollah,es,Alta,UgwLVe9r5fDKxWlYkWl4AaABAg,,0,@stevensonquintero7151,CONFLICTO,2026-03-06T18:06:04Z,2026-03-06T18:06:04Z,0,0,youtube,2026-04-05T13:39:40.091506
45J0q2xi7Qk,ElDiaQue,Así era IRÁN Antes De La Revolución Del Ayatollah,es,Alta,UgwcxxS7Uu6He29uPMF4AaABAg,,0,@CarlosAlvaradoaraya,"No existe ningún caso donde la llegada del islam haya traído una mejor sociedad
. Siempre llega pura mierda",2026-03-06T17:59:01Z,2026-03-06T17:59:01Z,0,0,youtube,2026-04-05T13:39:40.091511
45J0q2xi7Qk,ElDiaQue,Así era IRÁN Antes De La Revolución Del Ayatollah,es,Alta,UgyAsXSStZD0FqosWe14AaABAg,,0,@leopoldoaguilera9286,Conflicto,2026-03-06T17:50:15Z,2026-03-06T17:50:15Z,0,0,youtube,2026-04-05T13:39:40.091515
45J0q2xi7Qk,ElDiaQue,Así era IRÁN Antes De La Revolución Del Ayatollah,es,Alta,UgwZplne87f5pG5kAtJ4AaABAg,,0,@natturatmosphere8951,"Ahora las mujeres Irán más libres sin el temor de que les de unas ""Trumpadas"".",2026-03-06T17:48:06Z,2026-03-06T17:48:06Z,0,0,youtube,2026-04-05T13:39:40.091519
45J0q2xi7Qk,ElDiaQue,Así era IRÁN Antes De La Revolución Del Ayatollah,es,Alta,UgzXIGZli_Mo03iVxeR4AaABAg,,0,@IsabelMachado-h8l,Todas la llamadas Revoluciones tienen excesos...siempre paga el.debil,2026-03-06T17:46:33Z,2026-03-06T17:46:33Z,0,0,youtube,2026-04-05T13:39:40.091524
45J0q2xi7Qk,ElDiaQue,Así era IRÁN Antes De La Revolución Del Ayatollah,es,Alta,Ugwa5W7-AHLRaIuWyB94AaABAg,,0,@carlosdavila4164,"LA MALDITA REVOLUCION JAMAS A SERVIDO PARA NADA BENO EL SOCIALISMO EL COMUNISMO HIZQUIERDISTAS ISLAM MUSULMAN  SOLO SON MALDISTOS SATANICO QUE DESTRUYEN AL MUNDO CRISTIANO .,",2026-03-06T17:45:18Z,2026-03-06T17:45:18Z,0,0,youtube,2026-04-05T13:39:40.091528
45J0q2xi7Qk,ElDiaQue,Así era IRÁN Antes De La Revolución Del Ayatollah,es,Alta,UgyQ2o_CExWxlL2Ro0h4AaABAg,,0,@wuilliamtesara8781,al sistema gringo no le importa su cultura lo gue ellos quieren són recursos recursos,2026-03-06T17:41:33Z,2026-03-06T17:41:33Z,0,0,youtube,2026-04-05T13:39:40.091532
45J0q2xi7Qk,ElDiaQue,Así era IRÁN Antes De La Revolución Del Ayatollah,es,Alta,UgwApH4kPARiZhr-nzB4AaABAg,,0,@AndroidOpSys,Salieron de Guatemala pa Guatepeor!!!!,2026-03-06T17:36:48Z,2026-03-06T17:36:48Z,2,0,youtube,2026-04-05T13:39:40.091537
45J0q2xi7Qk,ElDiaQue,Así era IRÁN Antes De La Revolución Del Ayatollah,es,Alta,Ugy4U2JVhm_a20jg6rZ4AaABAg,,0,@oeleveoleve.7562,"ese pueblo sufrio desde monarquias diversas pero todas autoritarias, colonialismo, revoluciones defenestradas , intervenciones extranjeras golpes de estado, pero sin imposiciones religiosas. persecusiones,  pero remato con la teocracia impuesta bajo mentiras y vericuetos politicos. todas fueron terribles de eso no hay duda, pero esta es hoy dia la peor de todas, al menos del siglo XX y XXI",2026-03-06T17:36:32Z,2026-03-06T17:36:32Z,0,0,youtube,2026-04-05T13:39:40.091541
45J0q2xi7Qk,ElDiaQue,Así era IRÁN Antes De La Revolución Del Ayatollah,es,Alta,UgyV3LHDjxl5CPhwO4x4AaABAg,,0,@joseguerra6933,Buen contenido,2026-03-06T17:32:53Z,2026-03-06T17:32:53Z,0,0,youtube,2026-04-05T13:39:40.091545
45J0q2xi7Qk,ElDiaQue,Así era IRÁN Antes De La Revolución Del Ayatollah,es,Alta,UgwySluqEtnbZUNTHv54AaABAg,,0,@mannyanthony9130,"Que Lindo era la vida en IRAN libre en esos años 70, luego con la dictadura y el FANATISMO la vino a cagar , IRAN con tanto petróleo seria unos o el pais mas bello y moderno del planeta , pero no , como siempre el FANATISMO y LA CORUPCION  la viene cagar , la locura del humano .",2026-03-06T17:30:08Z,2026-03-06T17:41:27Z,0,0,youtube,2026-04-05T13:39:40.091549
45J0q2xi7Qk,ElDiaQue,Así era IRÁN Antes De La Revolución Del Ayatollah,es,Alta,Ugy1_46YzHPNWN0hl3d4AaABAg,,0,@angelorivera1560,"Excelente trabajo periodístico, personalmente no conocía mucho de la historia política de Iran",2026-03-06T17:17:18Z,2026-03-06T17:17:18Z,2,0,youtube,2026-04-05T13:39:40.091554
45J0q2xi7Qk,ElDiaQue,Así era IRÁN Antes De La Revolución Del Ayatollah,es,Alta,Ugxw0Xwmw-K56hAovoB4AaABAg,,0,@GalaGarcias-m9u,"Mas de 1,000 personas a,ñ,e,s,i,n,d,d,as en iran pero eso o,ñ le preocupa a la ONU",2026-03-06T17:15:46Z,2026-03-06T17:15:46Z,1,0,youtube,2026-04-05T13:39:40.091558
45J0q2xi7Qk,ElDiaQue,Así era IRÁN Antes De La Revolución Del Ayatollah,es,Alta,Ugwp1ftXqvBq9_9azLV4AaABAg,,0,@elrestaurador_xr,"Hamas es financiado por Israel , al igual  que lo fue ETA ., mefisto te haces el rebelde y siempre terminas lamiendo las suelas de los zapatos de los poderosos, israel y estados unidos ., sos obediente del régimen establecido y en tu ignorancia pareces manifestar estar orgulloso de tu alienación",2026-03-06T17:10:42Z,2026-03-06T17:10:42Z,0,0,youtube,2026-04-05T13:39:40.091562
45J0q2xi7Qk,ElDiaQue,Así era IRÁN Antes De La Revolución Del Ayatollah,es,Alta,UgzivFLeUBATjKvJaQd4AaABAg,,0,@noahrodriguezp,"Y el genocidio y despojo de  Israel que hace con el pueblo Palestino, los bonbardeos de EU a las escuelas de niñas, la violacion de niños por gente de dinero la derecha, un presidente pedofilo wue violo niños?? eso si es correcto es democracia?",2026-03-06T17:06:13Z,2026-03-06T17:06:13Z,1,0,youtube,2026-04-05T13:39:40.091566
45J0q2xi7Qk,ElDiaQue,Así era IRÁN Antes De La Revolución Del Ayatollah,es,Alta,Ugz1n5RLqg-Hx6X7fDh4AaABAg,,0,@pascualfrancisco5264,Hasta cuando Estados Unidos fue a meter las narices en Iran. Lean su historia para hablar correctamente. Las mujeres Iraní es muy bella—pero Estados Unidos la cago!!!,2026-03-06T16:56:03Z,2026-03-06T16:56:03Z,0,0,youtube,2026-04-05T13:39:40.091570
45J0q2xi7Qk,ElDiaQue,Así era IRÁN Antes De La Revolución Del Ayatollah,es,Alta,UgylLVJ3uCoTXNprL3R4AaABAg,,0,@bilmagironcabrera5357,Siempre desprestigiando a los países árabes… que bueno que las mujeres se tapan… va de acuerdo a su vida espiritual….,2026-03-06T16:48:22Z,2026-03-06T16:48:22Z,0,0,youtube,2026-04-05T13:39:40.091574
45J0q2xi7Qk,ElDiaQue,Así era IRÁN Antes De La Revolución Del Ayatollah,es,Alta,UgwrP3NLVscK1yjqWT54AaABAg,,0,@salud7987,Los dos extremos,2026-03-06T16:31:22Z,2026-03-06T16:31:22Z,0,0,youtube,2026-04-05T13:39:40.091579
45J0q2xi7Qk,ElDiaQue,Así era IRÁN Antes De La Revolución Del Ayatollah,es,Alta,UgyHVOlZoR34Ovn1S7l4AaABAg,,0,@RobertoAlvarado-ok6kq,Todos los pueblos tienen el gobierno que merecen,2026-03-06T16:27:06Z,2026-03-06T16:27:06Z,0,0,youtube,2026-04-05T13:39:40.833539
45J0q2xi7Qk,ElDiaQue,Así era IRÁN Antes De La Revolución Del Ayatollah,es,Alta,UgxHuZdLsgB0UsNj4el4AaABAg,,0,@RobertValles-b9n,Conflito,2026-03-06T16:24:20Z,2026-03-06T16:24:20Z,0,0,youtube,2026-04-05T13:39:40.833559
45J0q2xi7Qk,ElDiaQue,Así era IRÁN Antes De La Revolución Del Ayatollah,es,Alta,UgxgchVGnASXWq2eNiZ4AaABAg,,0,@danieladuran3190,La historia del munfo,2026-03-06T16:23:24Z,2026-03-06T16:23:24Z,0,0,youtube,2026-04-05T13:39:40.833564
45J0q2xi7Qk,ElDiaQue,Así era IRÁN Antes De La Revolución Del Ayatollah,es,Alta,UgxTEi_jsYdLycLmQLl4AaABAg,,0,@victoriapettigrew1431,Al parecer ninguno fue conveniente para su pueblo.,2026-03-06T16:21:42Z,2026-03-06T16:21:42Z,0,0,youtube,2026-04-05T13:39:40.833572
45J0q2xi7Qk,ElDiaQue,Así era IRÁN Antes De La Revolución Del Ayatollah,es,Alta,Ugw00dgS7Cx55R4MaS94AaABAg,,0,@mariorossi5857,"DEJE SE DECIR MENTIRAS !!! usted solo hace propaganda sionista !!!
Las mujeres religiosas como la foto de portada, siempre existieton en Irán, incluso en la época de la DICTADURA del Sha !!! (pero nunca se tapan la boca).
CUANTA HIPOCRESÍA ESTE CANAL !!!
Fíjense como este canal sonista quiere engañarle, ver video abajo:
https://youtu.be/HKyzkDktEnQ?si=byob3fKMexA3th4j",2026-03-06T16:20:59Z,2026-03-06T17:07:54Z,1,1,youtube,2026-04-05T13:39:40.833577
45J0q2xi7Qk,ElDiaQue,Así era IRÁN Antes De La Revolución Del Ayatollah,es,Alta,Ugw00dgS7Cx55R4MaS94AaABAg.AU0f_S-UzLyAU1hoFJn1EY,Ugw00dgS7Cx55R4MaS94AaABAg,1,@MichaelRoman-k2m,La verdad es que no han tenido libertad ni con la dictadura del sha ni mucho menos con el régimen fanático religioso maligno de los ayatolas.,2026-03-07T01:59:43Z,2026-03-07T01:59:43Z,0,0,youtube,2026-04-05T13:39:40.833585
45J0q2xi7Qk,ElDiaQue,Así era IRÁN Antes De La Revolución Del Ayatollah,es,Alta,UgwvsuMHkImMlX9O6qt4AaABAg,,0,@EluniversoesLey.,M I S Ó G I N O S (odiadores de mujeres) cagados de la cabeza...,2026-03-06T16:16:38Z,2026-03-06T16:16:38Z,0,0,youtube,2026-04-05T13:39:40.833590
45J0q2xi7Qk,ElDiaQue,Así era IRÁN Antes De La Revolución Del Ayatollah,es,Alta,UgwMRHaekVaaw6KUegl4AaABAg,,0,@karloslutuns9156,ALWAYS KING REZAAAAAAAAAAAAAAAAA PAHLVIIIIIIIIIII💚💚💚💚🤍🤍🤍🤍❤❤❤❤,2026-03-06T16:13:56Z,2026-03-06T16:13:56Z,0,0,youtube,2026-04-05T13:39:40.833595
45J0q2xi7Qk,ElDiaQue,Así era IRÁN Antes De La Revolución Del Ayatollah,es,Alta,UgxqFBvHkRA7dex8SCh4AaABAg,,0,@RamónivanMateo,Más antes tenía que darle pa bajo  a ese genoxida,2026-03-06T16:12:23Z,2026-03-06T16:12:23Z,0,0,youtube,2026-04-05T13:39:40.833599
45J0q2xi7Qk,ElDiaQue,Así era IRÁN Antes De La Revolución Del Ayatollah,es,Alta,UgzsELmIKEi9x0_cAfJ4AaABAg,,0,@pepinox01,La CIA como siempre desestabilizando los estados,2026-03-06T16:09:44Z,2026-03-06T16:09:44Z,0,0,youtube,2026-04-05T13:39:40.833603
45J0q2xi7Qk,ElDiaQue,Así era IRÁN Antes De La Revolución Del Ayatollah,es,Alta,UgySiB_Iq7K39CaEr8B4AaABAg,,0,@chavelisantos5509,Interesante. Me gustaria un video de el dia que cayo el ultimo shah de Iran.,2026-03-06T16:09:31Z,2026-03-06T16:09:31Z,0,0,youtube,2026-04-05T13:39:40.833607
45J0q2xi7Qk,ElDiaQue,Así era IRÁN Antes De La Revolución Del Ayatollah,es,Alta,UgzJvIhmR-1irS-0PX14AaABAg,,0,@benitaaranda9383,Que tiempos cuando el SHA reinaba Que les pasó Eran casi europeos y llegaron los fanáticos iluminados y han destrozado el país y la vida de los iraníes Falta les haría otro Sha,2026-03-06T16:01:20Z,2026-03-06T16:01:20Z,0,0,youtube,2026-04-05T13:39:40.833612
45J0q2xi7Qk,ElDiaQue,Así era IRÁN Antes De La Revolución Del Ayatollah,es,Alta,Ugx9jMAH9z6NrRLkgch4AaABAg,,0,@naibethzapata7618,"Siempre los pueblos buscando bienestar van de una lado al otro, siendo víctimas de lideres que se corrompen en el poder un ciclo sin fin",2026-03-06T15:58:41Z,2026-03-06T15:58:41Z,0,0,youtube,2026-04-05T13:39:40.833615
45J0q2xi7Qk,ElDiaQue,Así era IRÁN Antes De La Revolución Del Ayatollah,es,Alta,UgxFzPyXw0TebBZOBUZ4AaABAg,,0,@PedroSabala-j9w,el Islam y el Rey mida son los mismos todos lo que tocan lo dañan...,2026-03-06T15:58:03Z,2026-03-06T15:58:03Z,0,0,youtube,2026-04-05T13:39:40.833620
45J0q2xi7Qk,ElDiaQue,Así era IRÁN Antes De La Revolución Del Ayatollah,es,Alta,Ugx_N1uOTVSvu_CffvR4AaABAg,,0,@moodkeeperOk,que bizarro decir que el gobierno moderno de iran sea uno tan regresivo xD llevado por religión... atrasaron una barbaridad el avance de la humanidad,2026-03-06T15:54:43Z,2026-03-06T15:54:43Z,0,0,youtube,2026-04-05T13:39:40.833624
45J0q2xi7Qk,ElDiaQue,Así era IRÁN Antes De La Revolución Del Ayatollah,es,Alta,UgzbsfkYBdOvQBjcDAZ4AaABAg,,0,@Rivan98,Que gran país hubiese sido Irán si no hubiera caído ante el regimen islamico,2026-03-06T15:54:35Z,2026-03-06T15:54:35Z,0,0,youtube,2026-04-05T13:39:40.833629
45J0q2xi7Qk,ElDiaQue,Así era IRÁN Antes De La Revolución Del Ayatollah,es,Alta,Ugyidn1AKrVEAfOogdJ4AaABAg,,0,@GonzaloDelgado-ij9pw,el regimen terrorista de los ayatolas solo buscan violencia y destruccion absoluta,2026-03-06T15:51:58Z,2026-03-06T15:51:58Z,1,0,youtube,2026-04-05T13:39:40.833633
45J0q2xi7Qk,ElDiaQue,Así era IRÁN Antes De La Revolución Del Ayatollah,es,Alta,UgzdL90SMlvAhnM-cQh4AaABAg,,0,@geampierre3291o1o,Ps q bueno..q siga siendo asi hasta el fin del mundo.. de puro velos.. esas tradiciones deberian expandirse en todo el mundo y paises,2026-03-06T15:46:55Z,2026-03-06T15:46:55Z,0,0,youtube,2026-04-05T13:39:40.833637
45J0q2xi7Qk,ElDiaQue,Así era IRÁN Antes De La Revolución Del Ayatollah,es,Alta,Ugx3M_catU5dtdq3_uB4AaABAg,,0,@lilianavelasquez3309,CONFLICTO,2026-03-06T15:37:55Z,2026-03-06T15:37:55Z,0,0,youtube,2026-04-05T13:39:40.833641
45J0q2xi7Qk,ElDiaQue,Así era IRÁN Antes De La Revolución Del Ayatollah,es,Alta,UgzzqBx7ibLP-L4CsvJ4AaABAg,,0,@freboho7720,"Conclusión: Ni Emperadores/Reyes, ni Ayatolas/Teocracia que son lo peor.",2026-03-06T15:36:50Z,2026-03-06T15:36:50Z,0,0,youtube,2026-04-05T13:39:40.833646
45J0q2xi7Qk,ElDiaQue,Así era IRÁN Antes De La Revolución Del Ayatollah,es,Alta,UgwvOz-VqisZG4sWoYd4AaABAg,,0,@VerdolagaPte,"Eres de ultra derecha verdad? 
Te gusta que en Internet haya videos de menores de edad sexualizados, te gusta ver cómo se matan unos con otros no? 
Maldito perro miserable... Ese es un país que le esta peleando mano a pelo al diablo.",2026-03-06T15:32:33Z,2026-03-06T15:32:33Z,0,0,youtube,2026-04-05T13:39:40.833650
45J0q2xi7Qk,ElDiaQue,Así era IRÁN Antes De La Revolución Del Ayatollah,es,Alta,Ugz9ThMTgVP0dnNc2ZB4AaABAg,,0,@pardoxnema4757,"Moraleja: Nunca se dejen endulzar el oido con el discurso de la revolución, especialmente si son religiosos locos, ancianos, militares o los disque son del pueblo, ya se ha demostrado que eso termina muy mal",2026-03-06T15:32:11Z,2026-03-06T15:32:11Z,293,35,youtube,2026-04-05T13:39:40.833655
45J0q2xi7Qk,ElDiaQue,Así era IRÁN Antes De La Revolución Del Ayatollah,es,Alta,Ugz9ThMTgVP0dnNc2ZB4AaABAg.AU0_znHQ1xLAU4EQjMD0Ol,Ugz9ThMTgVP0dnNc2ZB4AaABAg,1,@luenaarmas1117,"Ninguna revolución, de ningún tipo.Miraca Cuba.",2026-03-08T01:31:57Z,2026-03-08T01:31:57Z,12,0,youtube,2026-04-05T13:39:40.833659
45J0q2xi7Qk,ElDiaQue,Así era IRÁN Antes De La Revolución Del Ayatollah,es,Alta,Ugz9ThMTgVP0dnNc2ZB4AaABAg.AU0_znHQ1xLAU4JzYcuhq5,Ugz9ThMTgVP0dnNc2ZB4AaABAg,1,@firielcasselius4033,Rara vez las revoluciones terminan bien.,2026-03-08T02:20:32Z,2026-03-08T02:20:32Z,16,0,youtube,2026-04-05T13:39:40.833663
45J0q2xi7Qk,ElDiaQue,Así era IRÁN Antes De La Revolución Del Ayatollah,es,Alta,Ugz9ThMTgVP0dnNc2ZB4AaABAg.AU0_znHQ1xLAU64t__eFed,Ugz9ThMTgVP0dnNc2ZB4AaABAg,1,@martinparraga-bp1zg,CORRIENTE DE DESINFORMACION ES ESTA - Y QUE LE IMPORTA UNA MINIFALDA? UN RELATO DONDE EEUU Y OBVIO ISRAEL TUVO SUS GARRAS EN LOS RECURSOS QUE RARO?????,2026-03-08T18:47:08Z,2026-03-08T18:47:08Z,6,0,youtube,2026-04-05T13:39:40.833667
45J0q2xi7Qk,ElDiaQue,Así era IRÁN Antes De La Revolución Del Ayatollah,es,Alta,Ugz9ThMTgVP0dnNc2ZB4AaABAg.AU0_znHQ1xLAU6KONlSrXn,Ugz9ThMTgVP0dnNc2ZB4AaABAg,1,@SnowVillers789,"@martinparraga-bp1zg el truco de culpar a israel y USA ya no sirve, esos grupos *revolucionarios* siempre son el mal del mundo",2026-03-08T21:02:32Z,2026-03-08T21:02:32Z,10,0,youtube,2026-04-05T13:39:40.833671
45J0q2xi7Qk,ElDiaQue,Así era IRÁN Antes De La Revolución Del Ayatollah,es,Alta,Ugz9ThMTgVP0dnNc2ZB4AaABAg.AU0_znHQ1xLAU6RkD51QaX,Ugz9ThMTgVP0dnNc2ZB4AaABAg,1,@mondemelange,Eso es verdad,2026-03-08T22:06:49Z,2026-03-08T22:06:49Z,5,0,youtube,2026-04-05T13:39:40.833674
45J0q2xi7Qk,ElDiaQue,Así era IRÁN Antes De La Revolución Del Ayatollah,es,Alta,Ugw7uVALQllq9EO1LDJ4AaABAg,,0,@alejandradelcarmenalvarezh3159,Irán libre🎉,2026-03-06T15:31:30Z,2026-03-06T15:31:30Z,0,0,youtube,2026-04-05T13:39:40.833678
45J0q2xi7Qk,ElDiaQue,Así era IRÁN Antes De La Revolución Del Ayatollah,es,Alta,UgzxrhcvYiRSe7VUkKd4AaABAg,,0,@sotoescalantejonathan1120,El Koran si mahoma no va a la Montaña la montaña ira ah mahoma,2026-03-06T15:28:11Z,2026-03-06T15:28:11Z,0,0,youtube,2026-04-05T13:39:40.833682
45J0q2xi7Qk,ElDiaQue,Así era IRÁN Antes De La Revolución Del Ayatollah,es,Alta,UgwMG-2p_8a81kGd5ld4AaABAg,,0,@thlttlchld14,"Aquí viendo comentarios de los libertos doble moral q hablan de dictadura pero bien q apoyan pedofilos, violadores y come wawas",2026-03-06T15:25:21Z,2026-03-06T15:25:21Z,0,0,youtube,2026-04-05T13:39:40.833686
45J0q2xi7Qk,ElDiaQue,Así era IRÁN Antes De La Revolución Del Ayatollah,es,Alta,UgyaMwNIHkTJQ6gSFyV4AaABAg,,0,@Jornegre8096,Por eso al igual que su podrido y asqueroso líder todas esas ratas deben ser liquidadas...,2026-03-06T15:24:13Z,2026-03-06T15:24:13Z,0,0,youtube,2026-04-05T13:39:40.833691
45J0q2xi7Qk,ElDiaQue,Así era IRÁN Antes De La Revolución Del Ayatollah,es,Alta,UgyCq-G7OI_FpdVXKFR4AaABAg,,0,@fernandocabrera573,ASI DE HIPOCRITA ES NUESTRA SOCIEDAD RECHAZA Y APOYA LO QUE LE CONVIENE,2026-03-06T15:22:15Z,2026-03-06T15:22:15Z,0,0,youtube,2026-04-05T13:39:40.833695
45J0q2xi7Qk,ElDiaQue,Así era IRÁN Antes De La Revolución Del Ayatollah,es,Alta,UgyHXI6yxDAwHMesP_l4AaABAg,,0,@_chrisxd,Ese gobierno es un tumor maligno para el mundo,2026-03-06T15:16:27Z,2026-03-06T15:16:27Z,0,0,youtube,2026-04-05T13:39:40.833699
45J0q2xi7Qk,ElDiaQue,Así era IRÁN Antes De La Revolución Del Ayatollah,es,Alta,UgzI7xp6kJ3kWuxOzZR4AaABAg,,0,@antoniodeciga5252,Puro zurdo esta en contra de TRUMP y su agenda de exterminar DICTADORES 😢,2026-03-06T15:09:22Z,2026-03-06T15:09:30Z,0,0,youtube,2026-04-05T13:39:40.833703
45J0q2xi7Qk,ElDiaQue,Así era IRÁN Antes De La Revolución Del Ayatollah,es,Alta,UgwEtKZL8NKRBSHyZZN4AaABAg,,0,@Cuenta-c4k2t,"No querian que las vieran esos asesinos dictadores.
Bola de corruptos es que son esos asesinos dictadores de Iran.",2026-03-06T15:07:04Z,2026-03-06T15:07:04Z,0,0,youtube,2026-04-05T13:39:40.833708
45J0q2xi7Qk,ElDiaQue,Así era IRÁN Antes De La Revolución Del Ayatollah,es,Alta,UgyeLvwBh3Ulff7aRmx4AaABAg,,0,@victorperezorio1676,"Irán está sometido por los religiosos, como todos los países.  El pueblo iraní no tiene nada que ver con los dictadores, pero EEUU no tiene derecho a hacer esas matanzas!!! Por qué no ataca Arabia, Qatar, EAU que tienen a gobernantes de la misma calaña y también.matan a opositores igual que los ayatolás?? Iran libre!!! Israhell y Trump a la justicia por genocidas!!",2026-03-06T15:06:56Z,2026-03-06T15:06:56Z,0,2,youtube,2026-04-05T13:39:40.833712
45J0q2xi7Qk,ElDiaQue,Así era IRÁN Antes De La Revolución Del Ayatollah,es,Alta,UgyeLvwBh3Ulff7aRmx4AaABAg.AU0Y657LmaGAU0bf5w1yYC,UgyeLvwBh3Ulff7aRmx4AaABAg,1,@Rivan98,Iran financia muchos grupos terroristas como hezbollah,2026-03-06T15:46:48Z,2026-03-06T15:46:48Z,0,0,youtube,2026-04-05T13:39:40.833716
45J0q2xi7Qk,ElDiaQue,Así era IRÁN Antes De La Revolución Del Ayatollah,es,Alta,UgyeLvwBh3Ulff7aRmx4AaABAg.AU0Y657LmaGAU0gLv45449,UgyeLvwBh3Ulff7aRmx4AaABAg,1,@victorperezorio1676,​@Rivan98EEUU financia genocidas como Israhell y negocia con otros dictadores. Les importa el petróleo. No las personas.,2026-03-06T16:27:44Z,2026-03-06T16:27:44Z,0,0,youtube,2026-04-05T13:39:40.833720
45J0q2xi7Qk,ElDiaQue,Así era IRÁN Antes De La Revolución Del Ayatollah,es,Alta,Ugx0GBi7O-vxs8_iILZ4AaABAg,,0,@thlttlchld14,Buen video espero q hagas un video de lo q el estado de Israel esta haciendo actualmente con los palestinos,2026-03-06T14:58:52Z,2026-03-06T14:58:52Z,0,0,youtube,2026-04-05T13:39:40.833724
45J0q2xi7Qk,ElDiaQue,Así era IRÁN Antes De La Revolución Del Ayatollah,es,Alta,UgwoS0GaSVLNVjDWg2R4AaABAg,,0,@nosferatuyt,Siempre los ingleses piratas basura detrás de todo.,2026-03-06T14:53:07Z,2026-03-06T14:53:07Z,0,0,youtube,2026-04-05T13:39:40.833728
45J0q2xi7Qk,ElDiaQue,Así era IRÁN Antes De La Revolución Del Ayatollah,es,Alta,UgzICkqQ82kkY0xUasp4AaABAg,,0,@ARR1BA_ESPAÑA,Han pasado de vivir con los valores democráticos occidentales a retroceder al medievo,2026-03-06T14:52:22Z,2026-03-06T14:52:22Z,0,0,youtube,2026-04-05T13:39:40.833732
45J0q2xi7Qk,ElDiaQue,Así era IRÁN Antes De La Revolución Del Ayatollah,es,Alta,UgwhgnhLp2Uf_5WzxGd4AaABAg,,0,@onecanal6726,el islam deberia ser ilegal y diagnticado como enfermedad mental,2026-03-06T14:49:09Z,2026-03-06T14:49:09Z,0,0,youtube,2026-04-05T13:39:40.833737
45J0q2xi7Qk,ElDiaQue,Así era IRÁN Antes De La Revolución Del Ayatollah,es,Alta,Ugydw4GBF3oRnTp9Kdp4AaABAg,,0,@dariotepata7855,Era basura antes! Ahora se ven bien lindas,2026-03-06T14:47:41Z,2026-03-06T14:47:41Z,1,0,youtube,2026-04-05T13:39:40.833741
45J0q2xi7Qk,ElDiaQue,Así era IRÁN Antes De La Revolución Del Ayatollah,es,Alta,UgweimhUgLquwQD1_354AaABAg,,0,@AlejandroGarcia-gb8do,conflicto 🗣,2026-03-06T14:47:13Z,2026-03-06T14:47:13Z,0,0,youtube,2026-04-05T13:39:40.833746
45J0q2xi7Qk,ElDiaQue,Así era IRÁN Antes De La Revolución Del Ayatollah,es,Alta,UgzyPHx0al-_nYexuH14AaABAg,,0,@blancarosa7566,Ejemplo que cuando   Los governantes se  equivocan proclamándose  reyes sin ser nombrados por su pueblo.    Los gobernantes deben trabajar para el pueblo onrrado  y asegurando su estabilidad. 👍👍👍👍,2026-03-06T14:42:53Z,2026-03-06T14:42:53Z,0,0,youtube,2026-04-05T13:39:40.833750
45J0q2xi7Qk,ElDiaQue,Así era IRÁN Antes De La Revolución Del Ayatollah,es,Alta,Ugy7cdL94EdtDGyIfwp4AaABAg,,0,@braianroldan5035,"""policía de la moral""
Acá tenemos una cosa que se la pasa a los gritos hablando de la 
moral y su superioridad moral 🤣. Le encantaría esa policía en el pais",2026-03-06T14:42:37Z,2026-03-06T14:42:37Z,0,0,youtube,2026-04-05T13:39:40.833755
45J0q2xi7Qk,ElDiaQue,Así era IRÁN Antes De La Revolución Del Ayatollah,es,Alta,Ugz3og-EJ8AKEhp3UKZ4AaABAg,,0,@braianroldan5035,Esto pasa cuando se vuelven religiosos extremos.,2026-03-06T14:41:40Z,2026-03-06T14:41:40Z,0,0,youtube,2026-04-05T13:39:40.833759
45J0q2xi7Qk,ElDiaQue,Así era IRÁN Antes De La Revolución Del Ayatollah,es,Alta,Ugwsx4QgzmvRBPtl4wZ4AaABAg,,0,@pedrooscarbarreyro332,El culpable fue el imbécil del Sha que empezó a delirar y se auto eligió rey absoluto y a  hotigar y encarcelar a su pueblo haciendo que llegue lo que después se convirtió este asco de Ayatikas y los que le kamen las botas,2026-03-06T14:38:59Z,2026-03-06T14:38:59Z,0,0,youtube,2026-04-05T13:39:40.833763
45J0q2xi7Qk,ElDiaQue,Así era IRÁN Antes De La Revolución Del Ayatollah,es,Alta,UgzmrHai6fnS-mhiFnx4AaABAg,,0,@Ruble99,"19:27  menuda revolución, volver al medievo 😂😂😂😂",2026-03-06T14:38:57Z,2026-03-06T14:38:57Z,13,4,youtube,2026-04-05T13:39:40.833768
45J0q2xi7Qk,ElDiaQue,Así era IRÁN Antes De La Revolución Del Ayatollah,es,Alta,UgzmrHai6fnS-mhiFnx4AaABAg.AU0Uu5lNwkbAU2pexiAexy,UgzmrHai6fnS-mhiFnx4AaABAg,1,@socialsocial8350,Lo mismo hizo Fidel con Cuba y Chavez en Venezuela.,2026-03-07T12:27:36Z,2026-03-07T12:27:36Z,3,0,youtube,2026-04-05T13:39:40.833772
45J0q2xi7Qk,ElDiaQue,Así era IRÁN Antes De La Revolución Del Ayatollah,es,Alta,UgzmrHai6fnS-mhiFnx4AaABAg.AU0Uu5lNwkbAU36f6OiEGq,UgzmrHai6fnS-mhiFnx4AaABAg,1,@Ruble99,​@socialsocial8350ellos o los EEUU con su bloqueo?,2026-03-07T15:04:54Z,2026-03-07T15:04:54Z,1,0,youtube,2026-04-05T13:39:40.833775
45J0q2xi7Qk,ElDiaQue,Así era IRÁN Antes De La Revolución Del Ayatollah,es,Alta,UgzmrHai6fnS-mhiFnx4AaABAg.AU0Uu5lNwkbAU36ovf0caA,UgzmrHai6fnS-mhiFnx4AaABAg,1,@Ruble99,Igual q en Irak q está el isis gobernando después d pasar los EEUU repartiendo democracia,2026-03-07T15:06:15Z,2026-03-07T15:06:15Z,0,0,youtube,2026-04-05T13:39:40.833779
45J0q2xi7Qk,ElDiaQue,Así era IRÁN Antes De La Revolución Del Ayatollah,es,Alta,UgzmrHai6fnS-mhiFnx4AaABAg.AU0Uu5lNwkbAU5MV1D8m86,UgzmrHai6fnS-mhiFnx4AaABAg,1,@adilemcastillo1061,​@socialsocial8350Es verdad,2026-03-08T12:01:41Z,2026-03-08T12:01:41Z,0,0,youtube,2026-04-05T13:39:40.833782
45J0q2xi7Qk,ElDiaQue,Así era IRÁN Antes De La Revolución Del Ayatollah,es,Alta,UgyrbmovgOgs6xkinPh4AaABAg,,0,@FernandoGranada-n2z6i,Nadie es nadie para imponer régimen en un país .viva la democracia,2026-03-06T14:30:46Z,2026-03-06T14:30:46Z,0,0,youtube,2026-04-05T13:39:40.833787
45J0q2xi7Qk,ElDiaQue,Así era IRÁN Antes De La Revolución Del Ayatollah,es,Alta,UgxCG41tygD7LZPEXeB4AaABAg,,0,@Germenaner,"Ni lo uno ni lo otro.  En el régimen actual creo que supera la tradición, pues la mujer de entonces no estaba visible para la gente más que a través de sus ojos, o  incluso ni hasta eso..Sin embargo, el régimen de la monarquía las mostraba repugnantemente indignas, nada que ver con lo que podría suponerse  seguir la creencia en Dios...Hoy , se puede reconocer que Dios reclama una venganza contra el mundo. Un mundo corrompido hasta el extremo por sus habitantes que han repudiado todas las Leyes Divinas.",2026-03-06T14:28:01Z,2026-03-06T14:40:05Z,1,1,youtube,2026-04-05T13:39:40.833791
45J0q2xi7Qk,ElDiaQue,Así era IRÁN Antes De La Revolución Del Ayatollah,es,Alta,UgxCG41tygD7LZPEXeB4AaABAg.AU0Te1PkuqpAU3DN1prR-0,UgxCG41tygD7LZPEXeB4AaABAg,1,@fannybow3797,Por favor si dios es igual de machista que no hayas leido mucho de la biblia es otra cosa,2026-03-07T16:03:28Z,2026-03-07T16:03:28Z,0,0,youtube,2026-04-05T13:39:40.833794
45J0q2xi7Qk,ElDiaQue,Así era IRÁN Antes De La Revolución Del Ayatollah,es,Alta,UgwxLLqRa1jjRGqyuhJ4AaABAg,,0,@blancarosa7566,Los imperios siempre an participado en desestabilizar  alos paises por intereses,2026-03-06T14:25:06Z,2026-03-06T14:25:06Z,0,0,youtube,2026-04-05T13:39:40.833799
45J0q2xi7Qk,ElDiaQue,Así era IRÁN Antes De La Revolución Del Ayatollah,es,Alta,Ugwi_nUl1WyMgfL_O1t4AaABAg,,0,@blancarosa7566,"Iran 🇮🇷 lo secuestro el régimen de los ayatola     Al igual que cuba. ..,Venezuela ,y venezuela 🇻🇪 y  todos los comunistas ‼️",2026-03-06T14:22:04Z,2026-03-06T14:22:04Z,0,0,youtube,2026-04-05T13:39:40.833803
45J0q2xi7Qk,ElDiaQue,Así era IRÁN Antes De La Revolución Del Ayatollah,es,Alta,UgwXjDJo8yVUY5tn3ul4AaABAg,,0,@Ruble99,Hay q eliminar todas las religiones del mundo,2026-03-06T14:21:36Z,2026-03-06T14:21:36Z,0,0,youtube,2026-04-05T13:39:40.833807
45J0q2xi7Qk,ElDiaQue,Así era IRÁN Antes De La Revolución Del Ayatollah,es,Alta,UgwCxc7jGDR_7XfOdXN4AaABAg,,0,@LibiarocioGonzalez,Cómo siempre el hombre domina al hombre para su propia destrucción 😢😢,2026-03-06T14:10:25Z,2026-03-06T14:10:25Z,0,0,youtube,2026-04-05T13:39:40.833811
45J0q2xi7Qk,ElDiaQue,Así era IRÁN Antes De La Revolución Del Ayatollah,es,Alta,Ugz7LxoN-1teGHdJ30Z4AaABAg,,0,@NazaFagu,EEUU TIENE BOMBAS PERO LOS DEMÁS NO PUEDEN 😂😅😂😅,2026-03-06T14:07:18Z,2026-03-06T14:07:18Z,0,0,youtube,2026-04-05T13:39:40.833815
45J0q2xi7Qk,ElDiaQue,Así era IRÁN Antes De La Revolución Del Ayatollah,es,Alta,Ugyg7VFj7TqytnF8w0p4AaABAg,,0,@NazaFagu,LIBERTAD O MUERTE COMUNISTAS Y YANKEES SON LA MISMA PORQUERIA,2026-03-06T14:05:00Z,2026-03-06T14:05:00Z,0,0,youtube,2026-04-05T13:39:40.833819
45J0q2xi7Qk,ElDiaQue,Así era IRÁN Antes De La Revolución Del Ayatollah,es,Alta,Ugw2wlapC4DlVqjyaEZ4AaABAg,,0,@monel-s3o,"No falleció, lo mataron no digan las cosas como no son.",2026-03-06T13:52:48Z,2026-03-06T13:52:48Z,0,0,youtube,2026-04-05T13:39:40.833823
45J0q2xi7Qk,ElDiaQue,Así era IRÁN Antes De La Revolución Del Ayatollah,es,Alta,Ugzi1WWcFb_muCCQbVp4AaABAg,,0,@cardboardbox5704,"El Islam es una completa locura... Sin dudas Allah es el mismo Diablo...

🕋🕌☪️ = 👹🐍",2026-03-06T13:45:19Z,2026-03-06T13:45:19Z,0,0,youtube,2026-04-05T13:39:40.833827
45J0q2xi7Qk,ElDiaQue,Así era IRÁN Antes De La Revolución Del Ayatollah,es,Alta,Ugz_zh54nb9CQt12sVN4AaABAg,,0,@silviachinchayan,Conflicto.,2026-03-06T13:25:01Z,2026-03-06T13:25:01Z,0,0,youtube,2026-04-05T13:39:40.833831
45J0q2xi7Qk,ElDiaQue,Así era IRÁN Antes De La Revolución Del Ayatollah,es,Alta,UgzNk_QNdapeQxPdnXp4AaABAg,,0,@fernandovanzzini7141,Una tiranía x otra igual,2026-03-06T13:21:44Z,2026-03-06T13:21:56Z,0,0,youtube,2026-04-05T13:39:40.833835
45J0q2xi7Qk,ElDiaQue,Así era IRÁN Antes De La Revolución Del Ayatollah,es,Alta,UgyFxS06bqSz0We37bN4AaABAg,,0,@mauriciomartinez4303,Gracias que gran reportaje!,2026-03-06T13:16:41Z,2026-03-06T13:16:50Z,0,0,youtube,2026-04-05T13:39:40.833839
45J0q2xi7Qk,ElDiaQue,Así era IRÁN Antes De La Revolución Del Ayatollah,es,Alta,Ugy2Su52O3D5Q5lA-wZ4AaABAg,,0,@lilianlamela,Conflicto,2026-03-06T13:08:40Z,2026-03-06T13:08:40Z,0,0,youtube,2026-04-05T13:39:40.833845
45J0q2xi7Qk,ElDiaQue,Así era IRÁN Antes De La Revolución Del Ayatollah,es,Alta,UgzfEik5xHWA_Akjmtl4AaABAg,,0,@AlcarjelAndino,Régimen cochino,2026-03-06T13:06:49Z,2026-03-06T13:06:49Z,0,0,youtube,2026-04-05T13:39:40.833849
45J0q2xi7Qk,ElDiaQue,Así era IRÁN Antes De La Revolución Del Ayatollah,es,Alta,Ugw6fI9IcbNlHj9xeTB4AaABAg,,0,@AlPadrin0,"A este pendejo de mierda le pagan x ser un buen goy o que? Hoy en día las mujeres en Irán todavia andan como antes.. 
Por que no hablas de como son los Israelies o Judios?",2026-03-06T13:00:51Z,2026-03-06T13:00:51Z,0,0,youtube,2026-04-05T13:39:40.833853
45J0q2xi7Qk,ElDiaQue,Así era IRÁN Antes De La Revolución Del Ayatollah,es,Alta,UgzhkJ_OCd4oJGjudn14AaABAg,,0,@madelcarmenrodriguezgranja5794,"Las religiones son la lacra social mundial de la especie humana, que tristeza de país Irán, 😢",2026-03-06T12:54:05Z,2026-03-06T12:54:05Z,0,0,youtube,2026-04-05T13:39:40.833858
45J0q2xi7Qk,ElDiaQue,Así era IRÁN Antes De La Revolución Del Ayatollah,es,Alta,UgwWeMnfdjN4LLx2zs14AaABAg,,0,@sofiajackelinevalerianocar902,"Las mujeres no tienen mas derechos porque alguien bueno se los da, las mujeres siempre han luchado, persistido y conseguido a fuerza los derechos que obtienen.",2026-03-06T12:54:02Z,2026-03-06T12:54:02Z,0,0,youtube,2026-04-05T13:39:40.833862
45J0q2xi7Qk,ElDiaQue,Así era IRÁN Antes De La Revolución Del Ayatollah,es,Alta,Ugw7j_SrVmQ-9SwDlYN4AaABAg,,0,@Sufikerth,Policia de la moran se llaman estos viejos verdes pedofilos que toman niñas por mujeres y las violan ... todos ese regimen demoniaco corrupto debe desaparecer ...Iran libre justicia para las personas masacradas por el Idi Amin de Iran ..,2026-03-06T12:47:58Z,2026-03-06T12:47:58Z,0,0,youtube,2026-04-05T13:39:40.833866
45J0q2xi7Qk,ElDiaQue,Así era IRÁN Antes De La Revolución Del Ayatollah,es,Alta,UgwGjDoBWC2lZB5z7rR4AaABAg,,0,@rolomdq64,El islam es una secta que todo lo arruina como los peronchos .,2026-03-06T12:47:37Z,2026-03-06T12:47:37Z,0,0,youtube,2026-04-05T13:39:40.833871
45J0q2xi7Qk,ElDiaQue,Así era IRÁN Antes De La Revolución Del Ayatollah,es,Alta,UgxruT3VsZ3vmvWnCTl4AaABAg,,0,@sofiajackelinevalerianocar902,"Los psicópatas integrados, con frecuencia viven hasta muy viejos, esos casi no enferman, están vacíos hasta para eso, son reptiles por dentro. Tal como ese ayatolá.",2026-03-06T12:42:54Z,2026-03-06T12:52:35Z,0,0,youtube,2026-04-05T13:39:40.833875
45J0q2xi7Qk,ElDiaQue,Así era IRÁN Antes De La Revolución Del Ayatollah,es,Alta,UgzDAc8egBliS9qa6oh4AaABAg,,0,@birmaniasanchez9836,Conflicto,2026-03-06T12:41:39Z,2026-03-06T12:41:39Z,0,0,youtube,2026-04-05T13:39:40.833879
45J0q2xi7Qk,ElDiaQue,Así era IRÁN Antes De La Revolución Del Ayatollah,es,Alta,UgwaXpspHa9y3bjFB1Z4AaABAg,,0,@OsvaldoBenitez-do4xg,Algun zurdo vera esto y se le safará un tornillo,2026-03-06T12:40:39Z,2026-03-06T12:40:39Z,0,0,youtube,2026-04-05T13:39:40.833883
45J0q2xi7Qk,ElDiaQue,Así era IRÁN Antes De La Revolución Del Ayatollah,es,Alta,Ugzpz_hMjOLvGlHNhYB4AaABAg,,0,@matias43228,"hacé una del medio oriente y el ""terrorismo islámico"" antes de 1947",2026-03-06T12:35:30Z,2026-03-06T12:35:30Z,0,0,youtube,2026-04-05T13:39:40.833887
45J0q2xi7Qk,ElDiaQue,Así era IRÁN Antes De La Revolución Del Ayatollah,es,Alta,UgxV8rvwniaspAzXitJ4AaABAg,,0,@jose.deluca4924,"despues de ver esto quiero saber que piensan los que defienden al regimen Irani y sobre todo por el trato a la mujer, a ver que dice el colectivo de actrices",2026-03-06T12:34:21Z,2026-03-06T12:34:21Z,0,0,youtube,2026-04-05T13:39:40.833891
45J0q2xi7Qk,ElDiaQue,Así era IRÁN Antes De La Revolución Del Ayatollah,es,Alta,Ugy63lXMULCe7kQA52x4AaABAg,,0,@matias43228,Magnus Jewfisto?,2026-03-06T12:32:51Z,2026-03-06T12:32:51Z,0,0,youtube,2026-04-05T13:39:40.833895
45J0q2xi7Qk,ElDiaQue,Así era IRÁN Antes De La Revolución Del Ayatollah,es,Alta,Ugwfs12kvxxJ-9iNqSZ4AaABAg,,0,@FrancoLencina-x6l6l,Magnus ase un video el diaque murió baba vanga la vidente que predecia las guerras y todo lo que está pasando hoy en el mundo,2026-03-06T12:27:48Z,2026-03-06T12:27:48Z,0,0,youtube,2026-04-05T13:39:40.833900
45J0q2xi7Qk,ElDiaQue,Así era IRÁN Antes De La Revolución Del Ayatollah,es,Alta,UgzYFq9LGqDjl_BSB6t4AaABAg,,0,@albertgonzales3879,"Así mismo fue un país moderno y luego se convirtió en un infierno, pero así son los pueblos de ignorantes y necesitan un dictador que ponga límites.",2026-03-06T12:20:41Z,2026-03-06T12:20:41Z,0,0,youtube,2026-04-05T13:39:40.833904
45J0q2xi7Qk,ElDiaQue,Así era IRÁN Antes De La Revolución Del Ayatollah,es,Alta,Ugz-wtfNyEF9Ymcd6kl4AaABAg,,0,@yoenlayuma,"Es decir Irán ya estaba mal y llego  Alí Jamenei y acabo de destrozar Irán con su Islamismo Radical. Bueno, espero ahora los Iraníes puedan ser libres de una vez.",2026-03-06T12:11:28Z,2026-03-06T12:11:28Z,0,0,youtube,2026-04-05T13:39:40.833908
45J0q2xi7Qk,ElDiaQue,Así era IRÁN Antes De La Revolución Del Ayatollah,es,Alta,UgxHSoXxV2G7CblXgPF4AaABAg,,0,@SandyK.-zt5to,El AYATOLLAH  no fallecio lo asesinaron Isarael y Estados Unidos. ! La informacion correcta. Y no apoyo a los AYATOLLAHS. Ni al Sha de Iran.,2026-03-06T12:06:48Z,2026-03-06T12:06:48Z,0,0,youtube,2026-04-05T13:39:40.833912
45J0q2xi7Qk,ElDiaQue,Así era IRÁN Antes De La Revolución Del Ayatollah,es,Alta,UgxbBMXW4uPAXh5HrcZ4AaABAg,,0,@sandropuntocom,"Desde su revolución, Irán es el mayor exportador de terroristas y grupos armados que eliminan cristianos y odian al mundo más que a sus propios paisanos.",2026-03-06T12:05:10Z,2026-03-06T12:05:10Z,0,0,youtube,2026-04-05T13:39:40.833915
45J0q2xi7Qk,ElDiaQue,Así era IRÁN Antes De La Revolución Del Ayatollah,es,Alta,Ugx9BdDyPj63T3OYuyV4AaABAg,,0,@sandropuntocom,"El 77 murieron 40 y luego 60 y hubo una tremenda revolución... Ahora el régimen de los ayatollahs matan cientos de miles en 50 años y ahora matan  40000 en dos días y según los zurdos (otra ves) el problema es Israel y EEUU , países que dieron sus mejores días a Irán",2026-03-06T12:01:20Z,2026-03-06T12:01:20Z,0,0,youtube,2026-04-05T13:39:40.833919
45J0q2xi7Qk,ElDiaQue,Así era IRÁN Antes De La Revolución Del Ayatollah,es,Alta,Ugx5O1fkgDF4AgNJzQd4AaABAg,,0,@sandropuntocom,"No es cierta toda la información que presentas, es mentira que Israel y usa hayan hecho tanto daño, pasaba lo que estaba pasando ahora y el país necesitaba salir de los dictadores, a veces pasan cosas como en Cuba Venezuela Chile Salvador Guatemala. Etc etc etc. Y alguien tiene que actuar para salvar estos países.",2026-03-06T11:54:40Z,2026-03-06T11:54:40Z,0,1,youtube,2026-04-05T13:39:40.833923
45J0q2xi7Qk,ElDiaQue,Así era IRÁN Antes De La Revolución Del Ayatollah,es,Alta,Ugx5O1fkgDF4AgNJzQd4AaABAg.AU0C5wGHW9DAUAGKEF6i5O,Ugx5O1fkgDF4AgNJzQd4AaABAg,1,@kimberlyarana6232,"Eres bastante retrasado, yo soy de Guatemala y aquí no levantamos cabeza por culpa del gran daño que nos hizo Estados Unidos, además, Israel entrenó a los militares que masacraron al pueblo guatemalteco, con la estúpida excusa del comunismo, y por eso masacraron de forma horrible a niños, mujeres, ancianos, ni qué decir de que en la capital mataron estudiantes, y a cualquiera que pensara un poco distinto y luchara por la justicia social.",2026-03-10T09:43:59Z,2026-03-10T09:43:59Z,0,0,youtube,2026-04-05T13:39:40.833927
45J0q2xi7Qk,ElDiaQue,Así era IRÁN Antes De La Revolución Del Ayatollah,es,Alta,Ugw5vSN5pADTsP8XJod4AaABAg,,0,@jaisasanchez4315,"Conflicto, excelente investigación",2026-03-06T11:54:33Z,2026-03-06T11:54:33Z,0,0,youtube,2026-04-05T13:39:40.833934
45J0q2xi7Qk,ElDiaQue,Así era IRÁN Antes De La Revolución Del Ayatollah,es,Alta,Ugx3JUZFhU1dTU7STWZ4AaABAg,,0,@joserossis7454,VIVA. USA.   TRUMP. ES AHORA MISMO EL PRESIDENTE. DE IRAN,2026-03-06T11:54:18Z,2026-03-06T11:54:18Z,0,0,youtube,2026-04-05T13:39:40.833939
45J0q2xi7Qk,ElDiaQue,Así era IRÁN Antes De La Revolución Del Ayatollah,es,Alta,UgwsyLL4w4QnIwFHV3l4AaABAg,,0,@deivygomez1570,Por qué es tan difícil hacerle enteder a los imbéciles que el hecho de no apoyar los crimenes del pedófilo presidente de eeuu y el genocida matanyahu no es apoyar al régimen asesino del ayatolá?,2026-03-06T11:53:09Z,2026-03-06T11:53:09Z,0,0,youtube,2026-04-05T13:39:40.833942
45J0q2xi7Qk,ElDiaQue,Así era IRÁN Antes De La Revolución Del Ayatollah,es,Alta,UgyV6ZHE01393QziZQl4AaABAg,,0,@Belénful,Por que hablan lo q no saben? Uds estuvieron en Iran? Por q son tan ignorantes y creen todo lo q los noticieros occidentales le venden? Hasta cuándo van a ser manejados como títeres? No crean todo lo q los youtubers venden.. la ignorancia es la madre de todos los incautos . No crean todo lo les cuentan .,2026-03-06T11:48:19Z,2026-03-06T11:48:19Z,0,0,youtube,2026-04-05T13:39:40.833946
45J0q2xi7Qk,ElDiaQue,Así era IRÁN Antes De La Revolución Del Ayatollah,es,Alta,UgxRK7LRS4XUzrsYTMh4AaABAg,,0,@wagnar,Iran es literalmente Handmaid’s Tale pero las feministas insisten que el peligro son los republicanos 😂,2026-03-06T11:40:23Z,2026-03-06T11:40:23Z,0,0,youtube,2026-04-05T13:39:40.833950
45J0q2xi7Qk,ElDiaQue,Así era IRÁN Antes De La Revolución Del Ayatollah,es,Alta,UgwcfI84ZDMT-mmf2_V4AaABAg,,0,@gustavosaffi2382,"Ah........ahora entiendoooo !!!! Como como a los ""libertinos para si mismos pero no para los demas"" no les gusta la cultura de otro pais, lo bombardéan !!! ah, si, si, ahora comprendo !",2026-03-06T11:37:25Z,2026-03-06T11:37:25Z,0,0,youtube,2026-04-05T13:39:40.833954
45J0q2xi7Qk,ElDiaQue,Así era IRÁN Antes De La Revolución Del Ayatollah,es,Alta,UgzwDKDU-FTb7mLm_9h4AaABAg,,0,@Nando88_,Todo lo malo en el mundo es por anglos,2026-03-06T11:34:53Z,2026-03-06T11:34:53Z,0,0,youtube,2026-04-05T13:39:40.833958
45J0q2xi7Qk,ElDiaQue,Así era IRÁN Antes De La Revolución Del Ayatollah,es,Alta,UgwVYNszdJ8LdocHGhV4AaABAg,,0,@gtrmusic.1712,En resumen : ellos mismos se jodieron 😅,2026-03-06T11:32:41Z,2026-03-06T11:32:41Z,0,0,youtube,2026-04-05T13:39:40.833962
45J0q2xi7Qk,ElDiaQue,Así era IRÁN Antes De La Revolución Del Ayatollah,es,Alta,UgwlLqbxO53IC1YcfXB4AaABAg,,0,@Der_Domi,"Es que los Iranies no son Árabes son Persas. Por eso es que el Pueblo quiere ser libre, porque ellos piensan de otra manera al Árabe.",2026-03-06T11:30:48Z,2026-03-06T11:30:48Z,0,0,youtube,2026-04-05T13:39:40.833967
45J0q2xi7Qk,ElDiaQue,Así era IRÁN Antes De La Revolución Del Ayatollah,es,Alta,UgwDdMZJ_Hu8JcRjch54AaABAg,,0,@sandraclaudiadipalma9110,Conflicto,2026-03-06T11:30:45Z,2026-03-06T11:30:45Z,0,0,youtube,2026-04-05T13:39:40.833971
45J0q2xi7Qk,ElDiaQue,Así era IRÁN Antes De La Revolución Del Ayatollah,es,Alta,UgxK_F00eRqpoJtk0_54AaABAg,,0,@Palomalba,🛢️🛢️🛢️🛢️,2026-03-06T11:24:10Z,2026-03-06T11:24:10Z,0,0,youtube,2026-04-05T13:39:40.833975
45J0q2xi7Qk,ElDiaQue,Así era IRÁN Antes De La Revolución Del Ayatollah,es,Alta,UgwLeypupDDij83Lew14AaABAg,,0,@MiguelReyna23,"BUENO,   SI USTEDES RECUERDAN Y VIEROS LA PELICULA  ''MUCHACHO ' 'QUÉ  FILMÓ  SANDRO EN EL  DELTA   ( TIGRE ),  LA CHICA QUÉ FILMÓ CON EL Y TERMINA CASANDOSE  CON  MUCHACHO,  ERA IRANI, !  Y DE TEHRAN.",2026-03-06T11:10:13Z,2026-03-06T11:10:13Z,0,0,youtube,2026-04-05T13:39:40.833979
45J0q2xi7Qk,ElDiaQue,Así era IRÁN Antes De La Revolución Del Ayatollah,es,Alta,UgwT0FbTvlRMTS7Z1Dl4AaABAg,,0,@mar1617c.m,"Que no haya derechos de mujeres está mal pero,las mujeres cada vez andan por las calles casi desnudas,ya no hay pudor pienso que por eso hay muchas violaciones por qué los animales a quienes cogen son a las niñas.Nada justifica que otro pais invada a otro pais ,las problemas se solucionan en casa entre ellos,a mí noe gustaría que el vecino venga a poner orden en mi casa.",2026-03-06T11:04:08Z,2026-03-06T11:04:08Z,0,0,youtube,2026-04-05T13:39:40.833984
45J0q2xi7Qk,ElDiaQue,Así era IRÁN Antes De La Revolución Del Ayatollah,es,Alta,Ugy_RvTOaVXc_u64aVh4AaABAg,,0,@richardhchc9762,"Ayatolas terrucos fanáticos,,solo pudiendo vivir en paz con las religiones del mundo",2026-03-06T11:01:31Z,2026-03-06T11:01:31Z,0,0,youtube,2026-04-05T13:39:40.833988
45J0q2xi7Qk,ElDiaQue,Así era IRÁN Antes De La Revolución Del Ayatollah,es,Alta,UgxMg3OegCRflGMoyNl4AaABAg,,0,@zulmamateos4183,"CONFLICTO,",2026-03-06T10:57:21Z,2026-03-06T10:57:21Z,0,0,youtube,2026-04-05T13:39:40.833992
45J0q2xi7Qk,ElDiaQue,Así era IRÁN Antes De La Revolución Del Ayatollah,es,Alta,UgxSS9SfkyDQyoY-ji94AaABAg,,0,@JosePG-u4q,Resumen: nunca dejes que potencias extranjeras intervengan tu soberanía a favor de la ''democracia'' y la ''libertad''.,2026-03-06T10:51:44Z,2026-03-06T10:51:44Z,1,0,youtube,2026-04-05T13:39:40.833997
45J0q2xi7Qk,ElDiaQue,Así era IRÁN Antes De La Revolución Del Ayatollah,es,Alta,UgyvrzpHGM5iwdq9M8N4AaABAg,,0,@joeyspider,PERO COMO.... si iran y paises de medio oriente son defendidos por comunistas socialistas de occidente jajaja,2026-03-06T10:36:19Z,2026-03-06T10:36:19Z,0,0,youtube,2026-04-05T13:39:40.834001
45J0q2xi7Qk,ElDiaQue,Así era IRÁN Antes De La Revolución Del Ayatollah,es,Alta,UgwGih1w3mdsLZK_Tr14AaABAg,,0,@AndresRusso-b8x,"El lider religioso irani no falleció estú*pido, lo asesinaron que es muy diferente, lo asesinaron los genocidas israelis y los pedofilos estafounidenses, con bombas lanzadas a su casa en la cual murieron tambien sus familares, tenes capacidad mental para entender esto?, idio*ta!!.",2026-03-06T10:21:59Z,2026-03-06T10:21:59Z,0,0,youtube,2026-04-05T13:39:40.834005
45J0q2xi7Qk,ElDiaQue,Así era IRÁN Antes De La Revolución Del Ayatollah,es,Alta,UgxZWpVogZDOQyITqyF4AaABAg,,0,@Rodocruces,Conflicto,2026-03-06T10:19:35Z,2026-03-06T10:19:35Z,0,0,youtube,2026-04-05T13:39:40.834009
45J0q2xi7Qk,ElDiaQue,Así era IRÁN Antes De La Revolución Del Ayatollah,es,Alta,UgwQxB0ETcukGMEdsBN4AaABAg,,0,@AndresRusso-b8x,"Eres im*bé*cil e ignorante, verdad?.",2026-03-06T10:17:33Z,2026-03-06T10:17:33Z,0,0,youtube,2026-04-05T13:39:40.834013
45J0q2xi7Qk,ElDiaQue,Así era IRÁN Antes De La Revolución Del Ayatollah,es,Alta,Ugy532HcUr21589p3vF4AaABAg,,0,@faguilin,Que caiga esa inmundicia de régimen asesino.,2026-03-06T10:06:14Z,2026-03-06T10:06:14Z,0,0,youtube,2026-04-05T13:39:40.834017
45J0q2xi7Qk,ElDiaQue,Así era IRÁN Antes De La Revolución Del Ayatollah,es,Alta,UgyrRJ-M3NNmBmL8-wF4AaABAg,,0,@hugobauer4434,"Un conocido mío iraní me dijo una vez: antes los iraníes, bebían en la calle y rezaban en sus casas, hoy en día rezan en la calle y beben en sus casas. Um amigo mío, estuvo 3 años, enviado por la empresa donde trabajaba en Teherán. A su regreso su esposa me dijo, lo único positivo que puedo contar es que aprendí a hacer vino y cerveza en mi casa. Me decía que cuando era la época de la vendimia, todo el barrio olía a vino. Es el cinismo mas espantoso. Las pistas de skí están divididas, una para los hombres y otra para las mujeres, en el aeropuerto hay una puerta de entrada para los hombres y otra para las mujeres, pero existen los taxis colectivos, una vez viajaba yo en una de ellos, iba lleno en su capacidad, en una esquina se subió una mujer y tranquilamente se sentó en mi falda, ningún problema. El fanatismo religioso, cualquiera que el sea, ha traido a travez de la historia tan sólo desgracias a la humanidad,",2026-03-06T09:46:28Z,2026-03-06T09:46:28Z,0,0,youtube,2026-04-05T13:39:40.834021
45J0q2xi7Qk,ElDiaQue,Así era IRÁN Antes De La Revolución Del Ayatollah,es,Alta,UgwUcVLmDIC-g-SP0F94AaABAg,,0,@setjafetamaromartinez3421,Y porque le hacen caso a un viejo amargado? Igual su gente tiene mucha culpa,2026-03-06T09:33:28Z,2026-03-06T09:33:28Z,0,0,youtube,2026-04-05T13:39:40.834025
45J0q2xi7Qk,ElDiaQue,Así era IRÁN Antes De La Revolución Del Ayatollah,es,Alta,Ugx-GtWR9wlkjPrjP794AaABAg,,0,@monicacarrillo7596,Excelente video 💯👍🙏,2026-03-06T09:21:47Z,2026-03-06T09:21:47Z,0,0,youtube,2026-04-05T13:39:40.834029
45J0q2xi7Qk,ElDiaQue,Así era IRÁN Antes De La Revolución Del Ayatollah,es,Alta,UgziCcElBYjsZzRCDTp4AaABAg,,0,@matiasgera3029,"""Revolucion""",2026-03-06T09:09:26Z,2026-03-06T09:09:26Z,0,0,youtube,2026-04-05T13:39:40.834033
45J0q2xi7Qk,ElDiaQue,Así era IRÁN Antes De La Revolución Del Ayatollah,es,Alta,UgwvJKXHJDhopG-yxa14AaABAg,,0,@MileyEspañol,"Esto tiene mucha similitud con la cuba de 1960 y la de hoy. Todo los totalitarismos suponen una involución. Nadie hace nada porque la izquierda tiene una autopercepcion de superioridad , porque le quita  alos ricos para dárselo a los pobres. Cuando la realidad es justo al revés, una vez que un pobre ha asumido el poder.",2026-03-06T08:58:54Z,2026-03-06T08:58:54Z,1,2,youtube,2026-04-05T13:39:40.834037
45J0q2xi7Qk,ElDiaQue,Así era IRÁN Antes De La Revolución Del Ayatollah,es,Alta,UgwvJKXHJDhopG-yxa14AaABAg.AU-szX9U6cIAU0QLvka3mS,UgwvJKXHJDhopG-yxa14AaABAg,1,@Liv-er8ij,"SI pero no paran de negar las cosas, niegan que hay dictadura, niegan que no hay libertad, etc, cuando esos paises se caen a pedazos, no s respetan los derechos humanos básicos y son dictaduras...siempre el enemigo es el imperalismo yanki, solo saben repetir eso",2026-03-06T13:59:11Z,2026-03-06T13:59:11Z,1,0,youtube,2026-04-05T13:39:40.834041
45J0q2xi7Qk,ElDiaQue,Así era IRÁN Antes De La Revolución Del Ayatollah,es,Alta,UgwvJKXHJDhopG-yxa14AaABAg.AU-szX9U6cIAU1nSwtaBwo,UgwvJKXHJDhopG-yxa14AaABAg,1,@legendssaiyanblue,"Lo mismo que los negacionistas de las Dictaduras Militares de Chile, Argentina, Paraguay y Brasil. En Centroamérica ocurrió una crisis política terminando en guerra civil Guatemalteca, Salvador y Nicaragua, dónde masacraron pueblos indígenas, persiguieron clerigos, y negociaron con narcos, busca el Caso Irán-Contra.",2026-03-07T02:49:06Z,2026-03-07T02:49:06Z,0,0,youtube,2026-04-05T13:39:40.834044
