text,dataset_source,use_for,label,text_clean
pues hazme los deberes furcia barata,multilingual_toxicity_explained_es,analysis,,pues hazme los deberes furcia barata
Conclusión: pura mierda de paranormal....,multilingual_toxicity_explained_es,analysis,,conclusión: pura mierda de paranormal....
Algunos pierden la cabeza por llegar a Paguitalandia.,multilingual_toxicity_explained_es,analysis,,algunos pierden la cabeza por llegar a paguitalandia.
"Si los ladrones y golpistas de izquierda no le hubieran hecho tanto daño a Chile, probablemente todo sería mejor.",multilingual_toxicity_explained_es,analysis,,"si los ladrones y golpistas de izquierda no le hubieran hecho tanto daño a chile, probablemente todo sería mejor."
No se puede tener peor gusto diseñando camisetas pa una peña  Que verguenza maricon,multilingual_toxicity_explained_es,analysis,,no se puede tener peor gusto diseñando camisetas pa una peña que verguenza maricon
Que analogía rebuscada y de mierda,multilingual_toxicity_explained_es,analysis,,que analogía rebuscada y de mierda
Periodismo de mierda justificando esto !,multilingual_toxicity_explained_es,analysis,,periodismo de mierda justificando esto !
JAJAJAJAJJAJA que vas a eclipsar tú y el otro subnormal xd,multilingual_toxicity_explained_es,analysis,,jajajajajjaja que vas a eclipsar tú y el otro subnormal xd
"Pero que lo haga el gobierno y saqué pasta, vamos gilipollas, que os podéis forrar",multilingual_toxicity_explained_es,analysis,,"pero que lo haga el gobierno y saqué pasta, vamos gilipollas, que os podéis forrar"
"Buah yo no me haría nunca un twitter, eso está lleno de rojos de mierda.",multilingual_toxicity_explained_es,analysis,,"buah yo no me haría nunca un twitter, eso está lleno de rojos de mierda."
Esperando reacciones de los perroflautas de #podemos,multilingual_toxicity_explained_es,analysis,,esperando reacciones de los perroflautas de #podemos
Paco llegado este punto nos da igual con tal de olvidarnos del PP y su estado fascista,multilingual_toxicity_explained_es,analysis,,paco llegado este punto nos da igual con tal de olvidarnos del pp y su estado fascista
"Marhuenda, ese gilipollas que dice que es catalán solo cuando pretende dañar a todos los catalanes, llama...",multilingual_toxicity_explained_es,analysis,,"marhuenda, ese gilipollas que dice que es catalán solo cuando pretende dañar a todos los catalanes, llama..."
"ESTA NOCHE, MANDA MI POLLA (un primo suyo)",multilingual_toxicity_explained_es,analysis,,"esta noche, manda mi polla (un primo suyo)"
"Lo veo bien, deja cada uno varias pensiones pagadas y se va a su pais.",multilingual_toxicity_explained_es,analysis,,"lo veo bien, deja cada uno varias pensiones pagadas y se va a su pais."
"E si non eres un periodista decente deberías cambiar de profesión, subnormal.",multilingual_toxicity_explained_es,analysis,,"e si non eres un periodista decente deberías cambiar de profesión, subnormal."
"Estás enfermo y no quieres ver. Cada uno que arregle los problemas de su casa, aquí ya tenemos bastantes.",multilingual_toxicity_explained_es,analysis,,"estás enfermo y no quieres ver. cada uno que arregle los problemas de su casa, aquí ya tenemos bastantes."
lo personal es político pero no por ello tienes ke ir a una manifa ke convocan sindicatos de mierda,multilingual_toxicity_explained_es,analysis,,lo personal es político pero no por ello tienes ke ir a una manifa ke convocan sindicatos de mierda
"Vaya, nunca pensé oir decir eso a una mujer",multilingual_toxicity_explained_es,analysis,,"vaya, nunca pensé oir decir eso a una mujer"
Excepto si te lo envenenan con mierdas,multilingual_toxicity_explained_es,analysis,,excepto si te lo envenenan con mierdas
Este país se va a la mierda,multilingual_toxicity_explained_es,analysis,,este país se va a la mierda
"Los halagos y buenos modales siempre hacen bien, menos a los izquierdistas de la cultura del odio.",multilingual_toxicity_explained_es,analysis,,"los halagos y buenos modales siempre hacen bien, menos a los izquierdistas de la cultura del odio."
Te das cuenta la panda de retrasados que se han puesto a soltar espumarajos?,multilingual_toxicity_explained_es,analysis,,te das cuenta la panda de retrasados que se han puesto a soltar espumarajos?
La única solución es irse de este país de mierda.,multilingual_toxicity_explained_es,analysis,,la única solución es irse de este país de mierda.
Los centros de menores no tutelados son escuelas de delincuentes.,multilingual_toxicity_explained_es,analysis,,los centros de menores no tutelados son escuelas de delincuentes.
Esto para un pedazo de retrasado como tu:,multilingual_toxicity_explained_es,analysis,,esto para un pedazo de retrasado como tu:
"fijate, todo tiene su lado bueno, hasta el puto coronabicho",multilingual_toxicity_explained_es,analysis,,"fijate, todo tiene su lado bueno, hasta el puto coronabicho"
el Partido Socialista de Andalucía son una banda de delincuentes y chorizos,multilingual_toxicity_explained_es,analysis,,el partido socialista de andalucía son una banda de delincuentes y chorizos
Los mejores los más preparados para cortar cabezas,multilingual_toxicity_explained_es,analysis,,los mejores los más preparados para cortar cabezas
Y además te apellidas Castillo. Hay que ser un charnego retrasado encima..,multilingual_toxicity_explained_es,analysis,,y además te apellidas castillo. hay que ser un charnego retrasado encima..
"Son los mejores. Paguita, alquiler y seguridad social ya. Rasistas",multilingual_toxicity_explained_es,analysis,,"son los mejores. paguita, alquiler y seguridad social ya. rasistas"
La mitad catalana borrega independentista sigue creyéndose sus mentiras.,multilingual_toxicity_explained_es,analysis,,la mitad catalana borrega independentista sigue creyéndose sus mentiras.
Este es el maricón de Aida?,multilingual_toxicity_explained_es,analysis,,este es el maricón de aida?
gummy cuando te pones subnormal eres un tocacojones,multilingual_toxicity_explained_es,analysis,,gummy cuando te pones subnormal eres un tocacojones
y snk ultima temp pronto pd rachel puta zorra la traicion no se perdona,multilingual_toxicity_explained_es,analysis,,y snk ultima temp pronto pd rachel puta zorra la traicion no se perdona
"Lo que Cuba hace, como siempre, es propaganda mentirosa para que descerebrados como Nuñez repitan como loros.",multilingual_toxicity_explained_es,analysis,,"lo que cuba hace, como siempre, es propaganda mentirosa para que descerebrados como nuñez repitan como loros."
Este wifi boliguayo de mierda,multilingual_toxicity_explained_es,analysis,,este wifi boliguayo de mierda
"los Salesianos de San Francisco de Sales, Los Marianistas y los fascistas vecinos del San Cirano nos ablandaron en exceso.",multilingual_toxicity_explained_es,analysis,,"los salesianos de san francisco de sales, los marianistas y los fascistas vecinos del san cirano nos ablandaron en exceso."
"Habla español, catalán de mierda 😋",multilingual_toxicity_explained_es,analysis,,"habla español, catalán de mierda 😋"
Por mucho que intentes ser del Madrid nunca dejaras de ser un sudaca xd,multilingual_toxicity_explained_es,analysis,,por mucho que intentes ser del madrid nunca dejaras de ser un sudaca xd
"Estaba tan bien durmiendo hasta q vino roco a despertarme, enano de mierda😒",multilingual_toxicity_explained_es,analysis,,"estaba tan bien durmiendo hasta q vino roco a despertarme, enano de mierda😒"
No creo que haya en el mundo alguien que me dé más asco y sea más subnormal que Dani Rovira.,multilingual_toxicity_explained_es,analysis,,no creo que haya en el mundo alguien que me dé más asco y sea más subnormal que dani rovira.
"Este cabron está peor que los 1,200 que están por llegar",multilingual_toxicity_explained_es,analysis,,"este cabron está peor que los 1,200 que están por llegar"
Esos comunistas nazis judeo musulmanes creyéndose los reyes de la física,multilingual_toxicity_explained_es,analysis,,esos comunistas nazis judeo musulmanes creyéndose los reyes de la física
Tu también Matt Reeves y tus putas ideas pendejas,multilingual_toxicity_explained_es,analysis,,tu también matt reeves y tus putas ideas pendejas
"Que traigan otro cargamento, necesitamos más pagapensiones son una inversión de futuro.",multilingual_toxicity_explained_es,analysis,,"que traigan otro cargamento, necesitamos más pagapensiones son una inversión de futuro."
para vos y todos los trolos panelistas putos de Fox,multilingual_toxicity_explained_es,analysis,,para vos y todos los trolos panelistas putos de fox
Yo soy así puto moro,multilingual_toxicity_explained_es,analysis,,yo soy así puto moro
"Charnego mañana salgo para ir a trabajar,  cosa que tu no sabes lo que es...",multilingual_toxicity_explained_es,analysis,,"charnego mañana salgo para ir a trabajar, cosa que tu no sabes lo que es..."
"Y a mí qué me importa lo que tú notes, facha?",multilingual_toxicity_explained_es,analysis,,"y a mí qué me importa lo que tú notes, facha?"
"unos vecinos del primero son más rojos y perroflautas que la hostia, les he dejado 6 entradas en el buzón",multilingual_toxicity_explained_es,analysis,,"unos vecinos del primero son más rojos y perroflautas que la hostia, les he dejado 6 entradas en el buzón"
Pues puede trabajar de carnicero para pagar pensiones,multilingual_toxicity_explained_es,analysis,,pues puede trabajar de carnicero para pagar pensiones
"Un cargador escaso de argumentario, parece.",multilingual_toxicity_explained_es,analysis,,"un cargador escaso de argumentario, parece."
A Emery se la devuelven por subnormal. PLANTEA A LA PROXIMA UN BUEN PARTIDO,multilingual_toxicity_explained_es,analysis,,a emery se la devuelven por subnormal. plantea a la proxima un buen partido
O sea que ahora la mafia tiene viajes de ida y vuelta,multilingual_toxicity_explained_es,analysis,,o sea que ahora la mafia tiene viajes de ida y vuelta
"A su vez que no es lo mismo ser cristiano que catolico , pero tu eres CATETA.",multilingual_toxicity_explained_es,analysis,,"a su vez que no es lo mismo ser cristiano que catolico , pero tu eres cateta."
"Olé sus huevos morenos (los del periodista). Si hablas de expulsar del pais a alguien, porque omites la nacionalidad.",multilingual_toxicity_explained_es,analysis,,"olé sus huevos morenos (los del periodista). si hablas de expulsar del pais a alguien, porque omites la nacionalidad."
"#CeseDefinitivoCPCCS estos miserables su salida del CPCCS va hacer mas rápido q su puta nombramiento,",multilingual_toxicity_explained_es,analysis,,"#cesedefinitivocpccs estos miserables su salida del cpccs va hacer mas rápido q su puta nombramiento,"
Ahora un nazi en RTVE #lahoraespinosadelosmonteros,multilingual_toxicity_explained_es,analysis,,ahora un nazi en rtve #lahoraespinosadelosmonteros
"muy ateos que sois pero bien que os gustaría ser dios, eh? malditos hipocritas",multilingual_toxicity_explained_es,analysis,,"muy ateos que sois pero bien que os gustaría ser dios, eh? malditos hipocritas"
"Hostia, como la quimioterapia, nos hace daño, pero si aguantamos lo suficiente, podemos vencer al cáncer.",multilingual_toxicity_explained_es,analysis,,"hostia, como la quimioterapia, nos hace daño, pero si aguantamos lo suficiente, podemos vencer al cáncer."
ESPAÑA CORRUPPCIÓN Derecha PP fascista franquista gobernando con 30% en España no entiende porqué Cataluña quiere Independencia y República.,multilingual_toxicity_explained_es,analysis,,españa corruppción derecha pp fascista franquista gobernando con 30% en españa no entiende porqué cataluña quiere independencia y república.
"Pues a mi me recuerda tus diversas lesiones graves y me descojono, subnormal. Acabado.",multilingual_toxicity_explained_es,analysis,,"pues a mi me recuerda tus diversas lesiones graves y me descojono, subnormal. acabado."
"Mientras tanto, la gente matandose a currar como cabrones para vivir en una puta colmena",multilingual_toxicity_explained_es,analysis,,"mientras tanto, la gente matandose a currar como cabrones para vivir en una puta colmena"
porque no tenéis a un subnormal por entrenador.,multilingual_toxicity_explained_es,analysis,,porque no tenéis a un subnormal por entrenador.
"Quién te querría besar a ti, mongolo.",multilingual_toxicity_explained_es,analysis,,"quién te querría besar a ti, mongolo."
"que asco de gente dios, que busquen el significado de hembrismo y de feminismo y luego hablan",multilingual_toxicity_explained_es,analysis,,"que asco de gente dios, que busquen el significado de hembrismo y de feminismo y luego hablan"
"Los políticos lo toleran todo lo que no va contra ellos, baste fijarse en Iglesias, con su casoplón.",multilingual_toxicity_explained_es,analysis,,"los políticos lo toleran todo lo que no va contra ellos, baste fijarse en iglesias, con su casoplón."
Aquí va una canción para todos y cada uno de los putos fascistas del PP… Fuck You de Lily Allen,multilingual_toxicity_explained_es,analysis,,aquí va una canción para todos y cada uno de los putos fascistas del pp… fuck you de lily allen
"Está viniendo lo mejor de cada casa para mejorar el país, sin duda alguna.",multilingual_toxicity_explained_es,analysis,,"está viniendo lo mejor de cada casa para mejorar el país, sin duda alguna."
Que cabron el que publicó la foto de los finalistas de master chef😡😂😂,multilingual_toxicity_explained_es,analysis,,que cabron el que publicó la foto de los finalistas de master chef😡😂😂
qué bonito es ver a fachas rabiar dios me ahogo,multilingual_toxicity_explained_es,analysis,,qué bonito es ver a fachas rabiar dios me ahogo
Cuánto facha de mierda en una mención voy a vomitar,multilingual_toxicity_explained_es,analysis,,cuánto facha de mierda en una mención voy a vomitar
Pero sois periodistas o idiotas? Aún estando en catalán pone Franquismo!,multilingual_toxicity_explained_es,analysis,,pero sois periodistas o idiotas? aún estando en catalán pone franquismo!
hay que ser hp para robar un zumo en alta mar.,multilingual_toxicity_explained_es,analysis,,hay que ser hp para robar un zumo en alta mar.
La última mamarrachada de EA es tremenda.,multilingual_toxicity_explained_es,analysis,,la última mamarrachada de ea es tremenda.
"Es su cultura y hay que respetarla. Un abrazo desde Ronda, Málaga.",multilingual_toxicity_explained_es,analysis,,"es su cultura y hay que respetarla. un abrazo desde ronda, málaga."
¿Van a seguir con el mismo tema de los comediantes mediocres?,multilingual_toxicity_explained_es,analysis,,¿van a seguir con el mismo tema de los comediantes mediocres?
no te sale bien el catalán prueba en francés... chupala hijo puta 😂😂😂,multilingual_toxicity_explained_es,analysis,,no te sale bien el catalán prueba en francés... chupala hijo puta 😂😂😂
Antes me como un whopper que decir algo bueno del subnormal ese,multilingual_toxicity_explained_es,analysis,,antes me como un whopper que decir algo bueno del subnormal ese
Daros prisa. La memoria histórica de Carmena cambiará el nombre por el de cualquier payaso podemita,multilingual_toxicity_explained_es,analysis,,daros prisa. la memoria histórica de carmena cambiará el nombre por el de cualquier payaso podemita
"Ya venís en manada a quejaros, anda a tomarte una mArandina.",multilingual_toxicity_explained_es,analysis,,"ya venís en manada a quejaros, anda a tomarte una marandina."
son sus costumbres y hay que respetarlas..,multilingual_toxicity_explained_es,analysis,,son sus costumbres y hay que respetarlas..
"Mamona, tengan la mierda que tengan ellos, lo nuestro sigue siendo igual de lamentable",multilingual_toxicity_explained_es,analysis,,"mamona, tengan la mierda que tengan ellos, lo nuestro sigue siendo igual de lamentable"
El dia que morais todos los fachas podre palmarla tranquilo ...,multilingual_toxicity_explained_es,analysis,,el dia que morais todos los fachas podre palmarla tranquilo ...
No he leído a una sola mujer quejarse de twitt solo a los de siempre....los machirulos fachas ...que asquito,multilingual_toxicity_explained_es,analysis,,no he leído a una sola mujer quejarse de twitt solo a los de siempre....los machirulos fachas ...que asquito
"Aquí Piatti que no metía un puto gol y en el Español, lleva ya unos cuantos, mamón. ☹️",multilingual_toxicity_explained_es,analysis,,"aquí piatti que no metía un puto gol y en el español, lleva ya unos cuantos, mamón. ☹️"
"Ahora pides asilo político HDP, ahora las escorias oficialistas pidiendo asilo que tal.",multilingual_toxicity_explained_es,analysis,,"ahora pides asilo político hdp, ahora las escorias oficialistas pidiendo asilo que tal."
"Encima cacho parguela te pones de gilipollas con ella, subnormal",multilingual_toxicity_explained_es,analysis,,"encima cacho parguela te pones de gilipollas con ella, subnormal"
"Que alguien se lo impida, que todavía les quedan pensiones por pagar.",multilingual_toxicity_explained_es,analysis,,"que alguien se lo impida, que todavía les quedan pensiones por pagar."
y el drama con el guiri de mierda de seamus en eurovision super living,multilingual_toxicity_explained_es,analysis,,y el drama con el guiri de mierda de seamus en eurovision super living
"Cada vez, la situación del país está en la mierda la de mierdísima #FreddyGuevaraTeCAGASTE",multilingual_toxicity_explained_es,analysis,,"cada vez, la situación del país está en la mierda la de mierdísima #freddyguevaratecagaste"
Ghostt subnormal se nota a la legua que eres tú el ... — Mira como llora el puto bizco,multilingual_toxicity_explained_es,analysis,,ghostt subnormal se nota a la legua que eres tú el ... — mira como llora el puto bizco
tu respuesta dice que no crees que el catalán tendría que ser de obligatorio entendimiento. Eres un puto…,multilingual_toxicity_explained_es,analysis,,tu respuesta dice que no crees que el catalán tendría que ser de obligatorio entendimiento. eres un puto…
"Lo trataré con el trato maricon, penca, discriminatorio como trató a varios de mis compañeros 😒 VIEJO CULIAO.",multilingual_toxicity_explained_es,analysis,,"lo trataré con el trato maricon, penca, discriminatorio como trató a varios de mis compañeros 😒 viejo culiao."
"En ESPAÑA tenemos un Gobierno PSOE-UP, asi que simplemente estamos DISFRUTANDO LO VOTADO.",multilingual_toxicity_explained_es,analysis,,"en españa tenemos un gobierno psoe-up, asi que simplemente estamos disfrutando lo votado."
Hay gente dándose cuenta de que Hamilton es imbécil en pleno 2020.,multilingual_toxicity_explained_es,analysis,,hay gente dándose cuenta de que hamilton es imbécil en pleno 2020.
No los vio el open arms,multilingual_toxicity_explained_es,analysis,,no los vio el open arms
"Me gustaría saber lo que tú harías, si te llegará a pasar a ti. Eres el típico charlatán de feria.",multilingual_toxicity_explained_es,analysis,,"me gustaría saber lo que tú harías, si te llegará a pasar a ti. eres el típico charlatán de feria."
Porque usted es un hombre de bien y con valores. Esos otros son alimañas y 0,multilingual_toxicity_explained_es,analysis,,porque usted es un hombre de bien y con valores. esos otros son alimañas y 0
"Jajajajaja turco, subnormal, cuñado e español madremía.... PLENOOOO",multilingual_toxicity_explained_es,analysis,,"jajajajaja turco, subnormal, cuñado e español madremía.... plenoooo"
"Lo mejor, es que ya lo tenemos aquí y tenemos que mantenerlo en la cárcel, gracias",multilingual_toxicity_explained_es,analysis,,"lo mejor, es que ya lo tenemos aquí y tenemos que mantenerlo en la cárcel, gracias"
Daniel has muerto o algo no te veo twittear como un subnormal,multilingual_toxicity_explained_es,analysis,,daniel has muerto o algo no te veo twittear como un subnormal
"Pinche gobierno de mierda, no ayudan pero como estorban HDSPM.",multilingual_toxicity_explained_es,analysis,,"pinche gobierno de mierda, no ayudan pero como estorban hdspm."
Muchas veces en sus carceles sobornan a gente y viven como reyes.,multilingual_toxicity_explained_es,analysis,,muchas veces en sus carceles sobornan a gente y viven como reyes.
Cómo estará el país para que ni los moros quieran estar,multilingual_toxicity_explained_es,analysis,,cómo estará el país para que ni los moros quieran estar
"Ah, porque se va y viene la hija puta. Están haciendo el subnormal apagando y encendiendo",multilingual_toxicity_explained_es,analysis,,"ah, porque se va y viene la hija puta. están haciendo el subnormal apagando y encendiendo"
"Son los mismos miserables de siempre, porque sera que siempre votan negativo a este tipo de noticias.......",multilingual_toxicity_explained_es,analysis,,"son los mismos miserables de siempre, porque sera que siempre votan negativo a este tipo de noticias......."
"Una paguita para ese hombre, que se ve con ganas de integrarse y aceptar nuestras reglas/costumbres.",multilingual_toxicity_explained_es,analysis,,"una paguita para ese hombre, que se ve con ganas de integrarse y aceptar nuestras reglas/costumbres."
"Eso no lo sabemos, puede que vinieran de pequeños. Si es asi, expulsión.",multilingual_toxicity_explained_es,analysis,,"eso no lo sabemos, puede que vinieran de pequeños. si es asi, expulsión."
#YoSoyAnonymousUE basta de absurda represión victimista por parte del Estado Fascista,multilingual_toxicity_explained_es,analysis,,#yosoyanonymousue basta de absurda represión victimista por parte del estado fascista
Ahora tampoco respetaréis la democracia fascistas de mierda???,multilingual_toxicity_explained_es,analysis,,ahora tampoco respetaréis la democracia fascistas de mierda???
Y los otros haciéndose los traumados cuando no dudarían en hacer eso mismo,multilingual_toxicity_explained_es,analysis,,y los otros haciéndose los traumados cuando no dudarían en hacer eso mismo
"al guadalquivir primooo! Sigue insultando por internet, que eres un gitano falso.",multilingual_toxicity_explained_es,analysis,,"al guadalquivir primooo! sigue insultando por internet, que eres un gitano falso."
Pero que mierda estas hablando subnormal de los cojones MAMAAAAAAAA GORDOOOOOOOO.,multilingual_toxicity_explained_es,analysis,,pero que mierda estas hablando subnormal de los cojones mamaaaaaaaa gordoooooooo.
"En España los invasores tienen más derechos que los españoles, pura mierda trae Ebrard y López.",multilingual_toxicity_explained_es,analysis,,"en españa los invasores tienen más derechos que los españoles, pura mierda trae ebrard y lópez."
"La historia reconocerá que fue el más pelele , inepto e hijo de puta presidente de la historia .",multilingual_toxicity_explained_es,analysis,,"la historia reconocerá que fue el más pelele , inepto e hijo de puta presidente de la historia ."
"lástima que sea un fascista, un machista, un subnormal y odie Catalunya",multilingual_toxicity_explained_es,analysis,,"lástima que sea un fascista, un machista, un subnormal y odie catalunya"
Tanto que hablan de Pinochet y los gringos y estos hijueputas son iguales o peores.,multilingual_toxicity_explained_es,analysis,,tanto que hablan de pinochet y los gringos y estos hijueputas son iguales o peores.
Blocs y a otra cosa No le des publicidad al monguer,multilingual_toxicity_explained_es,analysis,,blocs y a otra cosa no le des publicidad al monguer
Puto perroflautas que man rayao el mercedes,multilingual_toxicity_explained_es,analysis,,puto perroflautas que man rayao el mercedes
Puta prensa deportiva saliendo en defensa de un puto ultraderechista,multilingual_toxicity_explained_es,analysis,,puta prensa deportiva saliendo en defensa de un puto ultraderechista
Asumen tu género por tu apariencia física. Son unos fascistas transfobos y homófobos.,multilingual_toxicity_explained_es,analysis,,asumen tu género por tu apariencia física. son unos fascistas transfobos y homófobos.
... — putos rojos de mierda macho,multilingual_toxicity_explained_es,analysis,,... — putos rojos de mierda macho
"Qué bien. Hay que ver con los ingenieros, doctores y demás cracks que nos llegan...",multilingual_toxicity_explained_es,analysis,,"qué bien. hay que ver con los ingenieros, doctores y demás cracks que nos llegan..."
"La democracia española y la interpretación libre de sus leyes en manos de fascistas. 6D, nada que celebrar.",multilingual_toxicity_explained_es,analysis,,"la democracia española y la interpretación libre de sus leyes en manos de fascistas. 6d, nada que celebrar."
"Tu eres subnormal, no refinado, no confundas términos.",multilingual_toxicity_explained_es,analysis,,"tu eres subnormal, no refinado, no confundas términos."
"Sí, para que lo suelten a la media hora. Alguien que hace eso sólo aprende de una manera.",multilingual_toxicity_explained_es,analysis,,"sí, para que lo suelten a la media hora. alguien que hace eso sólo aprende de una manera."
"Lagarder ya era un puto subnormal, solo que hoy quiere que quede patente.",multilingual_toxicity_explained_es,analysis,,"lagarder ya era un puto subnormal, solo que hoy quiere que quede patente."
Venga silenciame ya verás tú cuánto me preocupo SUBNORMAL,multilingual_toxicity_explained_es,analysis,,venga silenciame ya verás tú cuánto me preocupo subnormal
"Muy despreciados,siiii,pero todos vestidos de alta costura española o extranjera como la derechona burguesa verdad,…",multilingual_toxicity_explained_es,analysis,,"muy despreciados,siiii,pero todos vestidos de alta costura española o extranjera como la derechona burguesa verdad,…"
Son sus costumbres y hay que respetarlas,multilingual_toxicity_explained_es,analysis,,son sus costumbres y hay que respetarlas
"No busquéis más, ya tenemos al tonto del hilo.",multilingual_toxicity_explained_es,analysis,,"no busquéis más, ya tenemos al tonto del hilo."
Con el Zumo no se juega.,multilingual_toxicity_explained_es,analysis,,con el zumo no se juega.
No te acerques que me tiznas le dijo la sarten al cazo... 😂 Los más fascistas de la izquierda,multilingual_toxicity_explained_es,analysis,,no te acerques que me tiznas le dijo la sarten al cazo... 😂 los más fascistas de la izquierda
"Pero pedazo de subnormal, prefieres a Charlotte antes que Lana.",multilingual_toxicity_explained_es,analysis,,"pero pedazo de subnormal, prefieres a charlotte antes que lana."
"Te lo llama hasta tu cuñado. Pero no sufras, ¿quién no tiene un mongolo en la familia?",multilingual_toxicity_explained_es,analysis,,"te lo llama hasta tu cuñado. pero no sufras, ¿quién no tiene un mongolo en la familia?"
"Pues un héroe el que se bebió el zumo, de no haberlo hecho este estaría vendiendo corbatas por los bares",multilingual_toxicity_explained_es,analysis,,"pues un héroe el que se bebió el zumo, de no haberlo hecho este estaría vendiendo corbatas por los bares"
Me acojona ver a la derecha rancia pidiendo #BoicotALosGoya Más incultura seguirá formando fascistas como ellos... ➕Cine ➖Toros #Españistán,multilingual_toxicity_explained_es,analysis,,me acojona ver a la derecha rancia pidiendo #boicotalosgoya más incultura seguirá formando fascistas como ellos... ➕cine ➖toros #españistán
🚨🚨 Los okupas causan graves disturbios en Santiago y el alcalde 'podemita' les respalda ➡️  ASQUEROSO,multilingual_toxicity_explained_es,analysis,,🚨🚨 los okupas causan graves disturbios en santiago y el alcalde 'podemita' les respalda ➡️ asqueroso
te has equivocado de captura subnormal,multilingual_toxicity_explained_es,analysis,,te has equivocado de captura subnormal
Pero el calentamiento global son COSAS DE HIPPIES Y PERROFLAUTAS,multilingual_toxicity_explained_es,analysis,,pero el calentamiento global son cosas de hippies y perroflautas
Tú debes de ser un facha costalero del PPodrido.,multilingual_toxicity_explained_es,analysis,,tú debes de ser un facha costalero del ppodrido.
La derechona sale a dar una vuelta por Barcelona. vía,multilingual_toxicity_explained_es,analysis,,la derechona sale a dar una vuelta por barcelona. vía
Que ganas de que metan al peluo en la carcel por subnormal😆😆😆,multilingual_toxicity_explained_es,analysis,,que ganas de que metan al peluo en la carcel por subnormal😆😆😆
"Mejores Autopistas?, Ese mancito Gómez dónde vive?, Seguro es un sureñito Petrista 😕🤘",multilingual_toxicity_explained_es,analysis,,"mejores autopistas?, ese mancito gómez dónde vive?, seguro es un sureñito petrista 😕🤘"
ya esta el subnormal de luis enrique jodiendome apuestas sin poner a suarez,multilingual_toxicity_explained_es,analysis,,ya esta el subnormal de luis enrique jodiendome apuestas sin poner a suarez
"No a los politicos de mierda, nunca mas.",multilingual_toxicity_explained_es,analysis,,"no a los politicos de mierda, nunca mas."
🚨🚨 Los okupas causan graves disturbios en Santiago y el alcalde 'podemita' les respalda ➡️  SON GENTUZA,multilingual_toxicity_explained_es,analysis,,🚨🚨 los okupas causan graves disturbios en santiago y el alcalde 'podemita' les respalda ➡️ son gentuza
imagina y todo fue por entrar con una maleta en un museo. Putos nazis,multilingual_toxicity_explained_es,analysis,,imagina y todo fue por entrar con una maleta en un museo. putos nazis
Expulsado #Guillermo Un mamarracho Herrera 💩,multilingual_toxicity_explained_es,analysis,,expulsado #guillermo un mamarracho herrera 💩
"Llévenlos a prisión, y una vez paguen la condena enviarlos a su país por deportación.",multilingual_toxicity_explained_es,analysis,,"llévenlos a prisión, y una vez paguen la condena enviarlos a su país por deportación."
Otro españolazo fascista coaccionando al pueblo catalán secesionista.,multilingual_toxicity_explained_es,analysis,,otro españolazo fascista coaccionando al pueblo catalán secesionista.
¿Y este subnormal quién es?,multilingual_toxicity_explained_es,analysis,,¿y este subnormal quién es?
En la puta casa del chaquetero de Aliaga los tendrían que poner,multilingual_toxicity_explained_es,analysis,,en la puta casa del chaquetero de aliaga los tendrían que poner
Estas elecciones les van a venir de perlas a los fachas de VOX.,multilingual_toxicity_explained_es,analysis,,estas elecciones les van a venir de perlas a los fachas de vox.
"Totalmente de acuerdo con la diputada, a esos cáfres asquerosos que no los vayan a dejar devolver a Bogotá.",multilingual_toxicity_explained_es,analysis,,"totalmente de acuerdo con la diputada, a esos cáfres asquerosos que no los vayan a dejar devolver a bogotá."
Seguro que era de pera-piña. Es el único por el que yo mataría.,multilingual_toxicity_explained_es,analysis,,seguro que era de pera-piña. es el único por el que yo mataría.
vete a un cajero mamon,multilingual_toxicity_explained_es,analysis,,vete a un cajero mamon
Ya empecé con la depresión de mierda,multilingual_toxicity_explained_es,analysis,,ya empecé con la depresión de mierda
cuidado con estos conspiradores de mierda,multilingual_toxicity_explained_es,analysis,,cuidado con estos conspiradores de mierda
Qué mierda esa zozobra previa a los recortes de personal.,multilingual_toxicity_explained_es,analysis,,qué mierda esa zozobra previa a los recortes de personal.
ya me han venido los 4 fachas de turno a tocarme los cojones,multilingual_toxicity_explained_es,analysis,,ya me han venido los 4 fachas de turno a tocarme los cojones
Quién es este subnormal y por qué ha soltado semejante subnormalez?,multilingual_toxicity_explained_es,analysis,,quién es este subnormal y por qué ha soltado semejante subnormalez?
Qué peste a culé esta pillando la afición madridista...,multilingual_toxicity_explained_es,analysis,,qué peste a culé esta pillando la afición madridista...
"Pues si es así, que zorras que sois.",multilingual_toxicity_explained_es,analysis,,"pues si es así, que zorras que sois."
Cuando alguien intenta manipular de manera tan burda lo que provoca es asco. Miratelo.,multilingual_toxicity_explained_es,analysis,,cuando alguien intenta manipular de manera tan burda lo que provoca es asco. miratelo.
"No pasa nada, él es el mas preparado y el mas valiente que ya lo decia la abuela Carmena.",multilingual_toxicity_explained_es,analysis,,"no pasa nada, él es el mas preparado y el mas valiente que ya lo decia la abuela carmena."
"Con Mokus y Fajardo, hay estos políticos de mierda",multilingual_toxicity_explained_es,analysis,,"con mokus y fajardo, hay estos políticos de mierda"
"Mano, puto subnormal, dos veces te lo he tenio que repetir",multilingual_toxicity_explained_es,analysis,,"mano, puto subnormal, dos veces te lo he tenio que repetir"
"Árbitro de mierda, Conmebol de mierda.",multilingual_toxicity_explained_es,analysis,,"árbitro de mierda, conmebol de mierda."
Es asombroso el nivel de estupidez-robotización del adoctrinamiento progre.,multilingual_toxicity_explained_es,analysis,,es asombroso el nivel de estupidez-robotización del adoctrinamiento progre.
"es que no lo eres, es decir, qué más da ser hetero, el problema está en ser retrasado xd",multilingual_toxicity_explained_es,analysis,,"es que no lo eres, es decir, qué más da ser hetero, el problema está en ser retrasado xd"
Los mas valientes. Haz que pase!,multilingual_toxicity_explained_es,analysis,,los mas valientes. haz que pase!
"Y lo bien que les va siendo fachas, que no es gratis",multilingual_toxicity_explained_es,analysis,,"y lo bien que les va siendo fachas, que no es gratis"
"Culpa de las mafias y lo progres follarefugees que hacen efecto llamada, nos quedamos sin 57 pensiones",multilingual_toxicity_explained_es,analysis,,"culpa de las mafias y lo progres follarefugees que hacen efecto llamada, nos quedamos sin 57 pensiones"
-Una directiva fracasa deportivamente -Unos monguers los votan para que sigan mandando -Los monguers se sorprenden d q fracasen #estapasando,multilingual_toxicity_explained_es,analysis,,-una directiva fracasa deportivamente -unos monguers los votan para que sigan mandando -los monguers se sorprenden d q fracasen #estapasando
"en una cárcel española cuestan dinero, en su puta casa en Marruecos no cuestan ni un duro.",multilingual_toxicity_explained_es,analysis,,"en una cárcel española cuestan dinero, en su puta casa en marruecos no cuestan ni un duro."
"ufff eso es como construir puertas lógicas con legos; se puede, pero estás haciendo el imbécil.",multilingual_toxicity_explained_es,analysis,,"ufff eso es como construir puertas lógicas con legos; se puede, pero estás haciendo el imbécil."
"No, lo que parece de ese siglo es su puta bazofia de programa.",multilingual_toxicity_explained_es,analysis,,"no, lo que parece de ese siglo es su puta bazofia de programa."
Ni caso a los gilipollas como el  es un fascista de mierda,multilingual_toxicity_explained_es,analysis,,ni caso a los gilipollas como el es un fascista de mierda
Pero que pedazo de retrasada,multilingual_toxicity_explained_es,analysis,,pero que pedazo de retrasada
"Por cierto, donde anda metido el gusano comunista ese?",multilingual_toxicity_explained_es,analysis,,"por cierto, donde anda metido el gusano comunista ese?"
@ promosquevienen no se vayan de viaje de egresados con upgrade xq son la peor verga que hay:)),multilingual_toxicity_explained_es,analysis,,@ promosquevienen no se vayan de viaje de egresados con upgrade xq son la peor verga que hay:))
"Y como siempre los nacotes sin educación diciendo groserías, son los que están en contra de este gran gobierno respetable.",multilingual_toxicity_explained_es,analysis,,"y como siempre los nacotes sin educación diciendo groserías, son los que están en contra de este gran gobierno respetable."
Está claro que el lobby proxeneta está bien organizado 👿👿,multilingual_toxicity_explained_es,analysis,,está claro que el lobby proxeneta está bien organizado 👿👿
Conclusión: Er Benni era un cabrón facha que ayudó a Trum,multilingual_toxicity_explained_es,analysis,,conclusión: er benni era un cabrón facha que ayudó a trum
jaja ok andate con la zorra esa chau olvidate de mi :),multilingual_toxicity_explained_es,analysis,,jaja ok andate con la zorra esa chau olvidate de mi :)
PAMBISITOS dejen de responder a subnormales de mierda como éste.,multilingual_toxicity_explained_es,analysis,,pambisitos dejen de responder a subnormales de mierda como éste.
"Tiene que ser fake, no me jodas. Jamás volverían a sus países.",multilingual_toxicity_explained_es,analysis,,"tiene que ser fake, no me jodas. jamás volverían a sus países."
a ti no catalán cabron jajaja! Esta champions es vuestra y del bayer xd,multilingual_toxicity_explained_es,analysis,,a ti no catalán cabron jajaja! esta champions es vuestra y del bayer xd
"Que algunos saquéis la bilis contra mi 😍😍 jajajajaja , monguers y gordos ...",multilingual_toxicity_explained_es,analysis,,"que algunos saquéis la bilis contra mi 😍😍 jajajajaja , monguers y gordos ..."
Le han dado por lo que habrá robado antes y por lo que robará cuando salga del hospital.,multilingual_toxicity_explained_es,analysis,,le han dado por lo que habrá robado antes y por lo que robará cuando salga del hospital.
Ve na cuando habla Mazzoleni que puta,multilingual_toxicity_explained_es,analysis,,ve na cuando habla mazzoleni que puta
"Yo me quiero escapar también, dan paguita al llegar?",multilingual_toxicity_explained_es,analysis,,"yo me quiero escapar también, dan paguita al llegar?"
"Pues súbete tu a repararlo, maricón",multilingual_toxicity_explained_es,analysis,,"pues súbete tu a repararlo, maricón"
Habla en español catalán de mierda.,multilingual_toxicity_explained_es,analysis,,habla en español catalán de mierda.
Y ahora me veo y parezco un Trump supporter. Putos nazis.,multilingual_toxicity_explained_es,analysis,,y ahora me veo y parezco un trump supporter. putos nazis.
"Origen patológico , delincuencial , usurpante , ilegal resultado delicuncial usurpante y patológico",multilingual_toxicity_explained_es,analysis,,"origen patológico , delincuencial , usurpante , ilegal resultado delicuncial usurpante y patológico"
"Soy bioquímico y estoy trabajando para el Gobierno de Navarra... ánimo, puto subnormal.",multilingual_toxicity_explained_es,analysis,,"soy bioquímico y estoy trabajando para el gobierno de navarra... ánimo, puto subnormal."
"Menudos gilipollas. Como no, tenían que ser los guardaespaldas de la nazi de Le Pen...",multilingual_toxicity_explained_es,analysis,,"menudos gilipollas. como no, tenían que ser los guardaespaldas de la nazi de le pen..."
#VivaElCineEspañol porque me gusta y por patriotismo. A ver si os enteráis pedazo de fachas.,multilingual_toxicity_explained_es,analysis,,#vivaelcineespañol porque me gusta y por patriotismo. a ver si os enteráis pedazo de fachas.
Hacete cargo forro de mierda,multilingual_toxicity_explained_es,analysis,,hacete cargo forro de mierda
"Estos críos.... Qué pillastres..... Son unos terremotos los angelitos... Qué energía la de estos chicos... El futuro, son el futuro.....",multilingual_toxicity_explained_es,analysis,,"estos críos.... qué pillastres..... son unos terremotos los angelitos... qué energía la de estos chicos... el futuro, son el futuro....."
Esa fascista JAMAS sera presi de !😂😂😂,multilingual_toxicity_explained_es,analysis,,esa fascista jamas sera presi de !😂😂😂
"Costumbres tercermundistas que disfrutamos ya en Europa gracias a nuestros políticos progres, disfruten lo votado.",multilingual_toxicity_explained_es,analysis,,"costumbres tercermundistas que disfrutamos ya en europa gracias a nuestros políticos progres, disfruten lo votado."
Lo hipócritas que son algunos con el tema de ladder no tiene tamaño AJAJAJ Vaya hipócritas de mierda ;),multilingual_toxicity_explained_es,analysis,,lo hipócritas que son algunos con el tema de ladder no tiene tamaño ajajaj vaya hipócritas de mierda ;)
"Acojonante lo de la progresía, pagamos una barbaridad por alojar escoria mejor con unos servicios que ya quisieran nuestros mayores",multilingual_toxicity_explained_es,analysis,,"acojonante lo de la progresía, pagamos una barbaridad por alojar escoria mejor con unos servicios que ya quisieran nuestros mayores"
Me cuesta creer que haya alguien igual de subnormal que Dalas.,multilingual_toxicity_explained_es,analysis,,me cuesta creer que haya alguien igual de subnormal que dalas.
Como para no votar a Vox. Hijos de puta 300.000 con la que se nos vien encima.,multilingual_toxicity_explained_es,analysis,,como para no votar a vox. hijos de puta 300.000 con la que se nos vien encima.
"Pues si, es una puta mierda, DEP por ellos.",multilingual_toxicity_explained_es,analysis,,"pues si, es una puta mierda, dep por ellos."
"pero este tio es un puto subnormal, o que le pasa?",multilingual_toxicity_explained_es,analysis,,"pero este tio es un puto subnormal, o que le pasa?"
Hoy prefieren el arbitraje manual. La mano negra del puto alemán ladrón.,multilingual_toxicity_explained_es,analysis,,hoy prefieren el arbitraje manual. la mano negra del puto alemán ladrón.
"este chico es subnormal, confirmed",multilingual_toxicity_explained_es,analysis,,"este chico es subnormal, confirmed"
Es lo más seguro que pase eso didac puto catalán,multilingual_toxicity_explained_es,analysis,,es lo más seguro que pase eso didac puto catalán
Aprende el significado de mayoría parlamentaria subnormal,multilingual_toxicity_explained_es,analysis,,aprende el significado de mayoría parlamentaria subnormal
"Con periodistas de mierda, con empleados de mierda.",multilingual_toxicity_explained_es,analysis,,"con periodistas de mierda, con empleados de mierda."
Me rio de ti jajajajajajjaja fascista a la cueva,multilingual_toxicity_explained_es,analysis,,me rio de ti jajajajajajjaja fascista a la cueva
"Llegó la racista maleducada, odias mi castellano al igual que a España y los españoles, supremacista arruinada y avergonzada",multilingual_toxicity_explained_es,analysis,,"llegó la racista maleducada, odias mi castellano al igual que a españa y los españoles, supremacista arruinada y avergonzada"
Por 'Crush' os referís a putas chonis?,multilingual_toxicity_explained_es,analysis,,por 'crush' os referís a putas chonis?
"Que bronca cuando estás jugando al FIFA y ponen pausa para responder los msj, que trolo man",multilingual_toxicity_explained_es,analysis,,"que bronca cuando estás jugando al fifa y ponen pausa para responder los msj, que trolo man"
Pobre tarado que no sabes lo que dices .... pobre tarado,multilingual_toxicity_explained_es,analysis,,pobre tarado que no sabes lo que dices .... pobre tarado
Que manera de perder la cabeza por un zumo.,multilingual_toxicity_explained_es,analysis,,que manera de perder la cabeza por un zumo.
es a cuartos de final subnormal,multilingual_toxicity_explained_es,analysis,,es a cuartos de final subnormal
"Hombre... a mi me tocan mi zumito y también arranco cabezas, hay cosas que hay que respetar.",multilingual_toxicity_explained_es,analysis,,"hombre... a mi me tocan mi zumito y también arranco cabezas, hay cosas que hay que respetar."
y encima esqe eres mu puta,multilingual_toxicity_explained_es,analysis,,y encima esqe eres mu puta
da cobertura a terroristas de #Venezuela La deriva fascista del  y sus medios es muy preocupante. #ConElFranquismoHemosTopado,multilingual_toxicity_explained_es,analysis,,da cobertura a terroristas de #venezuela la deriva fascista del y sus medios es muy preocupante. #conelfranquismohemostopado
Ese buen hombre por lo menos pagará 7 u 8 pensiones. Es el más valiente sin duda.,multilingual_toxicity_explained_es,analysis,,ese buen hombre por lo menos pagará 7 u 8 pensiones. es el más valiente sin duda.
Y deportar a la escoria es parte de las leyes. Si para ti eso es justicia medieval haztelo mirar.,multilingual_toxicity_explained_es,analysis,,y deportar a la escoria es parte de las leyes. si para ti eso es justicia medieval haztelo mirar.
Lo que está claro es que tú sigues siendo un operador político totalmente parcializado. Asco,multilingual_toxicity_explained_es,analysis,,lo que está claro es que tú sigues siendo un operador político totalmente parcializado. asco
Menudo baño te están dando pequeño dictador! 👏👏👏👏👏👏👏,multilingual_toxicity_explained_es,analysis,,menudo baño te están dando pequeño dictador! 👏👏👏👏👏👏👏
La esposa no solo hacia lofts sin licencia sino que ni siquiera tenía la carrera de arquitectura. Detalles sin importancia.,multilingual_toxicity_explained_es,analysis,,la esposa no solo hacia lofts sin licencia sino que ni siquiera tenía la carrera de arquitectura. detalles sin importancia.
deja de tirarte abajo hija d re mil puta,multilingual_toxicity_explained_es,analysis,,deja de tirarte abajo hija d re mil puta
Supongo que el subnormal de  estará llorando porque Benzemierda no ha sido titular y Cristiano ha marcado.,multilingual_toxicity_explained_es,analysis,,supongo que el subnormal de estará llorando porque benzemierda no ha sido titular y cristiano ha marcado.
"Te gustan los niños,fascista de mierda?",multilingual_toxicity_explained_es,analysis,,"te gustan los niños,fascista de mierda?"
Gran puta estos chinos de mierda vinieron a arruinar mi año 😭,multilingual_toxicity_explained_es,analysis,,gran puta estos chinos de mierda vinieron a arruinar mi año 😭
No han dicho ya que vienen los mejores y los mas preparados?,multilingual_toxicity_explained_es,analysis,,no han dicho ya que vienen los mejores y los mas preparados?
"Si, esa es la que os gusta a los fachas. Menos mal que sois cuatro gatos.",multilingual_toxicity_explained_es,analysis,,"si, esa es la que os gusta a los fachas. menos mal que sois cuatro gatos."
"Los de ahora son un infierno político y social, ocasionados por políticos fanáticos",multilingual_toxicity_explained_es,analysis,,"los de ahora son un infierno político y social, ocasionados por políticos fanáticos"
Los mejores y los más valientes.,multilingual_toxicity_explained_es,analysis,,los mejores y los más valientes.
Yo voy a hacer #BoikotalosGoyas viendo la gala 😂😂 Que país de fachas!!!,multilingual_toxicity_explained_es,analysis,,yo voy a hacer #boikotalosgoyas viendo la gala 😂😂 que país de fachas!!!
"El chepas acaba de solucionar el problema de la inmigración, ahora vendrán los de Vox a tocar los huevos...",multilingual_toxicity_explained_es,analysis,,"el chepas acaba de solucionar el problema de la inmigración, ahora vendrán los de vox a tocar los huevos..."
Como les gusta el afeitado en seco a esta gente.,multilingual_toxicity_explained_es,analysis,,como les gusta el afeitado en seco a esta gente.
"No pasa nada, al bajar dice que tiene 14 años y a vivir la vida midugis juejuejejejeuejjejj",multilingual_toxicity_explained_es,analysis,,"no pasa nada, al bajar dice que tiene 14 años y a vivir la vida midugis juejuejejejeuejjejj"
"a ver eso se elige, no es natural... Vas a arder en el infierno por sodomita.",multilingual_toxicity_explained_es,analysis,,"a ver eso se elige, no es natural... vas a arder en el infierno por sodomita."
"subnormal que no sabes de fútbol ni de nada, eres un periodista de pacotilla.... 😋",multilingual_toxicity_explained_es,analysis,,"subnormal que no sabes de fútbol ni de nada, eres un periodista de pacotilla.... 😋"
La justificación pedorra JAJAJAJ mejor no te defiendas 🤣🤣,multilingual_toxicity_explained_es,analysis,,la justificación pedorra jajajaj mejor no te defiendas 🤣🤣
Pero siguen estando ahí y recibiendo subvenciones de la ilesia y del estado FASCISTA,multilingual_toxicity_explained_es,analysis,,pero siguen estando ahí y recibiendo subvenciones de la ilesia y del estado fascista
"Queremos más dominicanos y más moros, Sánchez trae más.!!!!",multilingual_toxicity_explained_es,analysis,,"queremos más dominicanos y más moros, sánchez trae más.!!!!"
solo 4? maldito hijo de puta fascista,multilingual_toxicity_explained_es,analysis,,solo 4? maldito hijo de puta fascista
por favor dejad en paz a mi amiga la subnormal de mierda,multilingual_toxicity_explained_es,analysis,,por favor dejad en paz a mi amiga la subnormal de mierda
"Y una mierda. Vox dice fuera a la inmigración ilegal que comete delitos, y de ahí no pasa.",multilingual_toxicity_explained_es,analysis,,"y una mierda. vox dice fuera a la inmigración ilegal que comete delitos, y de ahí no pasa."
¿A qué puta perra hora suben el link de #HTGAWM?,multilingual_toxicity_explained_es,analysis,,¿a qué puta perra hora suben el link de #htgawm?
Trump provocando como un macarra de pacotilla   vía,multilingual_toxicity_explained_es,analysis,,trump provocando como un macarra de pacotilla vía
"me parto eh jaja es que vaya subnormal enserio, esta sobrevaloradisimo este actor.",multilingual_toxicity_explained_es,analysis,,"me parto eh jaja es que vaya subnormal enserio, esta sobrevaloradisimo este actor."
"Otro día de mierda, en éste mes de mierda, de éste año de mierda",multilingual_toxicity_explained_es,analysis,,"otro día de mierda, en éste mes de mierda, de éste año de mierda"
ME JUEGAS PUTO RETO O COMO VA LA COSA PUTO RETRASADO,multilingual_toxicity_explained_es,analysis,,me juegas puto reto o como va la cosa puto retrasado
Putos rojos de mierda subvencionando con 40 millones algo tan innecesario como la cultura #BoicotAlosGoya,multilingual_toxicity_explained_es,analysis,,putos rojos de mierda subvencionando con 40 millones algo tan innecesario como la cultura #boicotalosgoya
Ya te he respondido subnormal,multilingual_toxicity_explained_es,analysis,,ya te he respondido subnormal
"Tranquilízate tú, ya que se supone que eres analista deportivo, no comediante o payaso, aunque a veces parezca lo contrario.",multilingual_toxicity_explained_es,analysis,,"tranquilízate tú, ya que se supone que eres analista deportivo, no comediante o payaso, aunque a veces parezca lo contrario."
La puta que frustración .,multilingual_toxicity_explained_es,analysis,,la puta que frustración .
"Lee mongolo, lee. Deja de dar pena",multilingual_toxicity_explained_es,analysis,,"lee mongolo, lee. deja de dar pena"
¡Es que hay zumos y zumos!,multilingual_toxicity_explained_es,analysis,,¡es que hay zumos y zumos!
"Sólo me hacen encabronar, no debemos nada a Centroamérica ni los invasores para regalarles dinero.",multilingual_toxicity_explained_es,analysis,,"sólo me hacen encabronar, no debemos nada a centroamérica ni los invasores para regalarles dinero."
Fuentes del gobierno me comentan que hay que aumentar el altavoz para llamar a que vengan mas a intentarlo,multilingual_toxicity_explained_es,analysis,,fuentes del gobierno me comentan que hay que aumentar el altavoz para llamar a que vengan mas a intentarlo
"Y los mejores, y los más valientes. La vieja dixit",multilingual_toxicity_explained_es,analysis,,"y los mejores, y los más valientes. la vieja dixit"
jaja eso es mejor que ser maricon o comunista,multilingual_toxicity_explained_es,analysis,,jaja eso es mejor que ser maricon o comunista
Lo que está claro es que ha llegado un ladrón menos.,multilingual_toxicity_explained_es,analysis,,lo que está claro es que ha llegado un ladrón menos.
Jueves con J de mierda,multilingual_toxicity_explained_es,analysis,,jueves con j de mierda
"Ahí ahí, protegiendo a tus niños. A los mejores. ¿A cuantos tienes metidos en casa?",multilingual_toxicity_explained_es,analysis,,"ahí ahí, protegiendo a tus niños. a los mejores. ¿a cuantos tienes metidos en casa?"
nonono este 2020 se anda pasando de verga,multilingual_toxicity_explained_es,analysis,,nonono este 2020 se anda pasando de verga
Los mierdas de ABC haciéndole campaña al Fracking.,multilingual_toxicity_explained_es,analysis,,los mierdas de abc haciéndole campaña al fracking.
¿a que sigues los pasos del poeta maricon?,multilingual_toxicity_explained_es,analysis,,¿a que sigues los pasos del poeta maricon?
Dale la vuelta a la camiseta y tienes el 6 del 6-1 de la REMONTADA MAMÓN!!!,multilingual_toxicity_explained_es,analysis,,dale la vuelta a la camiseta y tienes el 6 del 6-1 de la remontada mamón!!!
"Solo vienen los mejores, los más valientes",multilingual_toxicity_explained_es,analysis,,"solo vienen los mejores, los más valientes"
En el fondo me alegro por el subnormal de Emery.,multilingual_toxicity_explained_es,analysis,,en el fondo me alegro por el subnormal de emery.
hijo de puta subnormal cabeza de polla gilipollas mental zoquete,multilingual_toxicity_explained_es,analysis,,hijo de puta subnormal cabeza de polla gilipollas mental zoquete
Gobierno de mierda,multilingual_toxicity_explained_es,analysis,,gobierno de mierda
VIEJA PAYASA....................................... APARTA TU MIERDA DE MI MIERDA..................................... NO ME SEAS LOCA,multilingual_toxicity_explained_es,analysis,,vieja payasa....................................... aparta tu mierda de mi mierda..................................... no me seas loca
Por que chingado los de Facebook tuvieron que hacer otra app para poder contestar mensajes 😡,multilingual_toxicity_explained_es,analysis,,por que chingado los de facebook tuvieron que hacer otra app para poder contestar mensajes 😡
Nose que esperan para cerrar toda esa mierda,multilingual_toxicity_explained_es,analysis,,nose que esperan para cerrar toda esa mierda
"A los machistas no les da miedo el feminismo, (muy machos ellos). Simplemente lo desprecian,.¡Imbéciles!.",multilingual_toxicity_explained_es,analysis,,"a los machistas no les da miedo el feminismo, (muy machos ellos). simplemente lo desprecian,.¡imbéciles!."
Como puede ser un icono feminista una facha como ella?? 👀 estamos locos o qué?,multilingual_toxicity_explained_es,analysis,,como puede ser un icono feminista una facha como ella?? 👀 estamos locos o qué?
"Basta ya hijos de las mil putas. Estáis agotando a la Afición, lo único digno que queda en el club.",multilingual_toxicity_explained_es,analysis,,"basta ya hijos de las mil putas. estáis agotando a la afición, lo único digno que queda en el club."
"Para el podemitariado y los lobotomizados del noreste español, Cristina Pardo también es facha.",multilingual_toxicity_explained_es,analysis,,"para el podemitariado y los lobotomizados del noreste español, cristina pardo también es facha."
Me confirman por aquí que mi padre es subnormal.,multilingual_toxicity_explained_es,analysis,,me confirman por aquí que mi padre es subnormal.
Mire la saga de 50 sombras de Grey...casi todo eran.lectoras...les va el.morbillo no lo.nieguen,multilingual_toxicity_explained_es,analysis,,mire la saga de 50 sombras de grey...casi todo eran.lectoras...les va el.morbillo no lo.nieguen
"This. Que puto asco de respuestas, sois repulsivos",multilingual_toxicity_explained_es,analysis,,"this. que puto asco de respuestas, sois repulsivos"
"Solo la fe, el dogmatismo y la estupidez te pueden hacer votar a un elemento como este #SanchezVeteATuCasa",multilingual_toxicity_explained_es,analysis,,"solo la fe, el dogmatismo y la estupidez te pueden hacer votar a un elemento como este #sanchezveteatucasa"
Hay un puto subnormal pitando en mi calle todo el puto rato,multilingual_toxicity_explained_es,analysis,,hay un puto subnormal pitando en mi calle todo el puto rato
Dios mi madre es subnormal en serio,multilingual_toxicity_explained_es,analysis,,dios mi madre es subnormal en serio
Un caracol inválido es más rápido que esta internet de mierda,multilingual_toxicity_explained_es,analysis,,un caracol inválido es más rápido que esta internet de mierda
Aquí lo acogemos con los brazos abiertos y le damos una paguita vitalicia.,multilingual_toxicity_explained_es,analysis,,aquí lo acogemos con los brazos abiertos y le damos una paguita vitalicia.
"tienen cojones pero huyen para que otros les REGALEN LA VIDA, un poco contradictorio no?",multilingual_toxicity_explained_es,analysis,,"tienen cojones pero huyen para que otros les regalen la vida, un poco contradictorio no?"
"Pero que putas, maldita tensión rara entre Jaime y Brandon #GameofThrones #JaimeLannister",multilingual_toxicity_explained_es,analysis,,"pero que putas, maldita tensión rara entre jaime y brandon #gameofthrones #jaimelannister"
Creo que deberían explotar este país de mierda,multilingual_toxicity_explained_es,analysis,,creo que deberían explotar este país de mierda
El tonto de FC. ¿Con el PP no se podía abortar?,multilingual_toxicity_explained_es,analysis,,el tonto de fc. ¿con el pp no se podía abortar?
Quien putas es Juan Sebastián?,multilingual_toxicity_explained_es,analysis,,quien putas es juan sebastián?
"ha habido 6, no 5, 6.... Guti Guti Maricoooon, Maricoooon Maricoooooooon",multilingual_toxicity_explained_es,analysis,,"ha habido 6, no 5, 6.... guti guti maricoooon, maricoooon maricoooooooon"
"Lo que no se es como no pone varias lineas de ferry, 2500 pavos cada uno y llenan.",multilingual_toxicity_explained_es,analysis,,"lo que no se es como no pone varias lineas de ferry, 2500 pavos cada uno y llenan."
Ya empiezan los sinvergüenzas..  No faltes al respeto Rumano de mierda..,multilingual_toxicity_explained_es,analysis,,ya empiezan los sinvergüenzas.. no faltes al respeto rumano de mierda..
"Que algún shur se ofrezca a llevarlos gratis, no vaya a ser que el precio sea un impedimento para nadie",multilingual_toxicity_explained_es,analysis,,"que algún shur se ofrezca a llevarlos gratis, no vaya a ser que el precio sea un impedimento para nadie"
JAJAJAJAJJA Hostia puta que bueno JAJAJAJAJAJA,multilingual_toxicity_explained_es,analysis,,jajajajajja hostia puta que bueno jajajajajaja
Tantos les cuesta entender simios de mierda,multilingual_toxicity_explained_es,analysis,,tantos les cuesta entender simios de mierda
"Mejor obedecer a Soros que ser como VOX , el lacayo de Vladimir Putin",multilingual_toxicity_explained_es,analysis,,"mejor obedecer a soros que ser como vox , el lacayo de vladimir putin"
SALVEMOS A ESE ANIMAL DE LAS GARRAS ASESINAS Y FASCISTAS YA,multilingual_toxicity_explained_es,analysis,,salvemos a ese animal de las garras asesinas y fascistas ya
"Perdón, que elite de mierda",multilingual_toxicity_explained_es,analysis,,"perdón, que elite de mierda"
"Israelitas, chinos, moros, culés... así estaba el Bernabéu ese día, que daba entre pena y asco.",multilingual_toxicity_explained_es,analysis,,"israelitas, chinos, moros, culés... así estaba el bernabéu ese día, que daba entre pena y asco."
menudos fachas xDDDDDDDDD HIJOS DE PUTA,multilingual_toxicity_explained_es,analysis,,menudos fachas xddddddddd hijos de puta
Segurola es un subnormal desde el minuto 1.,multilingual_toxicity_explained_es,analysis,,segurola es un subnormal desde el minuto 1.
Empiezo a sospechar que los traperos quieren competir con los youtubers para ver que grupo es más subnormal.,multilingual_toxicity_explained_es,analysis,,empiezo a sospechar que los traperos quieren competir con los youtubers para ver que grupo es más subnormal.
"Debería darte vergüenza ofender las creencias de otras persona, intolerante fascista.",multilingual_toxicity_explained_es,analysis,,"debería darte vergüenza ofender las creencias de otras persona, intolerante fascista."
Celebrando mas feliz una victoria del Barsa que una del Sevilla... Este subnormal no me representa como sevillista,multilingual_toxicity_explained_es,analysis,,celebrando mas feliz una victoria del barsa que una del sevilla... este subnormal no me representa como sevillista
ahora ser liberal es de retrasado? pues eres un poco hipocrita y tonto amigo,multilingual_toxicity_explained_es,analysis,,ahora ser liberal es de retrasado? pues eres un poco hipocrita y tonto amigo
¡Ese es mi Trump! 🇺🇸Que vean la galamierda los giligoyas y rojeras de los veinte duros ¡A mamarla!,multilingual_toxicity_explained_es,analysis,,¡ese es mi trump! 🇺🇸que vean la galamierda los giligoyas y rojeras de los veinte duros ¡a mamarla!
Que arrechera esta economía de mierda,multilingual_toxicity_explained_es,analysis,,que arrechera esta economía de mierda
Pura supervivencia. Me pones en riesgo? Te mato.,multilingual_toxicity_explained_es,analysis,,pura supervivencia. me pones en riesgo? te mato.
"Así actúa la propaganda de la izquierda, como cualquier rancia dictadura",multilingual_toxicity_explained_es,analysis,,"así actúa la propaganda de la izquierda, como cualquier rancia dictadura"
"Los mejores, los más valientes y preparados.",multilingual_toxicity_explained_es,analysis,,"los mejores, los más valientes y preparados."
Yo quería ser main puta pero listisima para lo que se viene,multilingual_toxicity_explained_es,analysis,,yo quería ser main puta pero listisima para lo que se viene
"lo que es curioso es que todos los imbeciles que llevan bandera podemita demuestra ser imbecil,con nota",multilingual_toxicity_explained_es,analysis,,"lo que es curioso es que todos los imbeciles que llevan bandera podemita demuestra ser imbecil,con nota"
"Ojalá no salga por ahí algún juez de esos pendientes de joder todo a poner su demanda, asquerosos oportunistas 🖕👎",multilingual_toxicity_explained_es,analysis,,"ojalá no salga por ahí algún juez de esos pendientes de joder todo a poner su demanda, asquerosos oportunistas 🖕👎"
Luego si empiezan a aparecer los cadáveres de esta basura alguien se echara las manos a la cabeza.,multilingual_toxicity_explained_es,analysis,,luego si empiezan a aparecer los cadáveres de esta basura alguien se echara las manos a la cabeza.
Manda cojones que nos meta gol el subnormal de Paco Alcácer....,multilingual_toxicity_explained_es,analysis,,manda cojones que nos meta gol el subnormal de paco alcácer....
"En 2013 Dalas ya se sabía que era retrasado, que cojones?!",multilingual_toxicity_explained_es,analysis,,"en 2013 dalas ya se sabía que era retrasado, que cojones?!"
Luego se queja Neymar... valiente subnormal.,multilingual_toxicity_explained_es,analysis,,luego se queja neymar... valiente subnormal.
Los canis del 2000 y posteriores son aún más gilipollas que los anteriores.,multilingual_toxicity_explained_es,analysis,,los canis del 2000 y posteriores son aún más gilipollas que los anteriores.
"Viene a currar como el que mas, se le ve",multilingual_toxicity_explained_es,analysis,,"viene a currar como el que mas, se le ve"
"6 años ha tardado en mostrarse el tarado mental más grande, bravo 👏",multilingual_toxicity_explained_es,analysis,,"6 años ha tardado en mostrarse el tarado mental más grande, bravo 👏"
ya ves además a los policías nazis que tendrá esa en el whatsapp… como para creerse algo.,multilingual_toxicity_explained_es,analysis,,ya ves además a los policías nazis que tendrá esa en el whatsapp… como para creerse algo.
"Son nuestros niños... ah no, que uno tiene 41 años. Da igual, son nuestros jóvenes.",multilingual_toxicity_explained_es,analysis,,"son nuestros niños... ah no, que uno tiene 41 años. da igual, son nuestros jóvenes."
"En catalán se escribe Espanya. Para dárselas usted de ser periodista, no tieene usted puta idea de escribir.",multilingual_toxicity_explained_es,analysis,,"en catalán se escribe espanya. para dárselas usted de ser periodista, no tieene usted puta idea de escribir."
A saber cuantos imbéciles recibieron dinero y sin hacer una mala película siquiera.,multilingual_toxicity_explained_es,analysis,,a saber cuantos imbéciles recibieron dinero y sin hacer una mala película siquiera.
"No se si me seguirá alguien católico, si es así, siento que seas tan ignorante.",multilingual_toxicity_explained_es,analysis,,"no se si me seguirá alguien católico, si es así, siento que seas tan ignorante."
Cosas que me regala mi encargado marica diciéndome que es el minion de las BOLLERAS:,multilingual_toxicity_explained_es,analysis,,cosas que me regala mi encargado marica diciéndome que es el minion de las bolleras:
Sin duda y durante los próximos meses con un email solucionan si no les llega,multilingual_toxicity_explained_es,analysis,,sin duda y durante los próximos meses con un email solucionan si no les llega
"Haz que pase ya Pedro por Dios, porque a mí se me está haciendo eterno.",multilingual_toxicity_explained_es,analysis,,"haz que pase ya pedro por dios, porque a mí se me está haciendo eterno."
"Será puerta abierta , inútiles fascistas embusteros miserables,no?",multilingual_toxicity_explained_es,analysis,,"será puerta abierta , inútiles fascistas embusteros miserables,no?"
A esosmoros hay que echarlos pero ya.O los politicos hacen algo o la gente tendra que actuar,multilingual_toxicity_explained_es,analysis,,a esosmoros hay que echarlos pero ya.o los politicos hacen algo o la gente tendra que actuar
"Tu lo que eres es subnormal, punto.",multilingual_toxicity_explained_es,analysis,,"tu lo que eres es subnormal, punto."
Quien putas está RT esa mierda ?,multilingual_toxicity_explained_es,analysis,,quien putas está rt esa mierda ?
no soy del Celta subnormal. Ves como eres retrasado...,multilingual_toxicity_explained_es,analysis,,no soy del celta subnormal. ves como eres retrasado...
"Si ese magrebi hubiera estado en su pais, podriamos haber evitado ese hecho.",multilingual_toxicity_explained_es,analysis,,"si ese magrebi hubiera estado en su pais, podriamos haber evitado ese hecho."
Y el mamón se vuelve a París con dos palmos de narices,multilingual_toxicity_explained_es,analysis,,y el mamón se vuelve a parís con dos palmos de narices
"ese tío no es un delicuente, en su cultura mayormente está admitido, lo que es, es un hijo de puta",multilingual_toxicity_explained_es,analysis,,"ese tío no es un delicuente, en su cultura mayormente está admitido, lo que es, es un hijo de puta"
Si fuese verdad se lo estaría pagando el gobierno y les darían una paga para que no tengan problemas económicos.,multilingual_toxicity_explained_es,analysis,,si fuese verdad se lo estaría pagando el gobierno y les darían una paga para que no tengan problemas económicos.
pues con lo puto retrasado que eres podría ser,multilingual_toxicity_explained_es,analysis,,pues con lo puto retrasado que eres podría ser
"Cortocircuito buenrrollista, pobres inmigrantes vs chica atacada sexualmente.",multilingual_toxicity_explained_es,analysis,,"cortocircuito buenrrollista, pobres inmigrantes vs chica atacada sexualmente."
"callate ya, subnormal, admite el PARTIDAZO como todos los madridistas, no que por rabia digais que ha sido robo, penosa.",multilingual_toxicity_explained_es,analysis,,"callate ya, subnormal, admite el partidazo como todos los madridistas, no que por rabia digais que ha sido robo, penosa."
"Que asco da la gente homófoba, COMENTO. — MUCHO ASCO",multilingual_toxicity_explained_es,analysis,,"que asco da la gente homófoba, comento. — mucho asco"
Nunca sean así de mierdas.,multilingual_toxicity_explained_es,analysis,,nunca sean así de mierdas.
Cómo me alegro de la remontada por todos los madridistas insoportables y por el subnormal miarma de Emery!!,multilingual_toxicity_explained_es,analysis,,cómo me alegro de la remontada por todos los madridistas insoportables y por el subnormal miarma de emery!!
"Si controlan mucho porque son dictadores, si no controlan son pelotudos.",multilingual_toxicity_explained_es,analysis,,"si controlan mucho porque son dictadores, si no controlan son pelotudos."
"Potencialmente Sánchez es el que más daño puede hacer, primer psicopata que llega a ser presidente en España.",multilingual_toxicity_explained_es,analysis,,"potencialmente sánchez es el que más daño puede hacer, primer psicopata que llega a ser presidente en españa."
"se tiene q ser subnormal profundo, pero como dice este es la nueva manera de hacer periodismo. Pues ala",multilingual_toxicity_explained_es,analysis,,"se tiene q ser subnormal profundo, pero como dice este es la nueva manera de hacer periodismo. pues ala"
"Yo lo se, los mismos fascistas corruptos ladrones que estan acabando con la Civilización en la Tierra",multilingual_toxicity_explained_es,analysis,,"yo lo se, los mismos fascistas corruptos ladrones que estan acabando con la civilización en la tierra"
Jajajajajaja que Martin de mierda,multilingual_toxicity_explained_es,analysis,,jajajajajaja que martin de mierda
"Donde esta el venezolano de mierda, donde",multilingual_toxicity_explained_es,analysis,,"donde esta el venezolano de mierda, donde"
Por encima de la libertad de expresión está la libertad de callarse para no decir gilipolleces sin sentido,multilingual_toxicity_explained_es,analysis,,por encima de la libertad de expresión está la libertad de callarse para no decir gilipolleces sin sentido
Ya decía yo que veía menos moros,multilingual_toxicity_explained_es,analysis,,ya decía yo que veía menos moros
"Desde que los nazis falsificaron billetes en los campos,este es el peor ataque a la economia de un pais",multilingual_toxicity_explained_es,analysis,,"desde que los nazis falsificaron billetes en los campos,este es el peor ataque a la economia de un pais"
"Estos fascistas de la oposición venezolana, y sus achichincles en España, tienen la suerte de que no somos como ellos.",multilingual_toxicity_explained_es,analysis,,"estos fascistas de la oposición venezolana, y sus achichincles en españa, tienen la suerte de que no somos como ellos."
Que red social de mierda,multilingual_toxicity_explained_es,analysis,,que red social de mierda
"Este va para casa de que politicucho? ya esta adjudicado, o se lo rifan?",multilingual_toxicity_explained_es,analysis,,"este va para casa de que politicucho? ya esta adjudicado, o se lo rifan?"
"Hable como Hernández, ya sabemos que podes hablar mierda en ese canal, NARCO ¿Seguridad?",multilingual_toxicity_explained_es,analysis,,"hable como hernández, ya sabemos que podes hablar mierda en ese canal, narco ¿seguridad?"
Ahora me leo la secta que seguro que amplian información,multilingual_toxicity_explained_es,analysis,,ahora me leo la secta que seguro que amplian información
"Vaya, el VOXtarra guardia que se da por aludido.",multilingual_toxicity_explained_es,analysis,,"vaya, el voxtarra guardia que se da por aludido."
Disney se está riendo en vuestra puta cara,multilingual_toxicity_explained_es,analysis,,disney se está riendo en vuestra puta cara
Buena gente acogemos en nuestro país. Traen lo mejorcito de la cultura de su país.,multilingual_toxicity_explained_es,analysis,,buena gente acogemos en nuestro país. traen lo mejorcito de la cultura de su país.
Quien me mando a hacerme este aro de mierda 😭,multilingual_toxicity_explained_es,analysis,,quien me mando a hacerme este aro de mierda 😭
te he respondido 2 veces como un subnormal xDDDDDDDD,multilingual_toxicity_explained_es,analysis,,te he respondido 2 veces como un subnormal xdddddddd
"Me baje la discografia de Jeffree Star porque me representa: Una mierda, pero fabulosa.",multilingual_toxicity_explained_es,analysis,,"me baje la discografia de jeffree star porque me representa: una mierda, pero fabulosa."
Hay que ser muy cara raja de pedir paz si no hay justicia,multilingual_toxicity_explained_es,analysis,,hay que ser muy cara raja de pedir paz si no hay justicia
Estamos de acuerdo que el tereré le rompe el orto al mate?,multilingual_toxicity_explained_es,analysis,,estamos de acuerdo que el tereré le rompe el orto al mate?
Y acaba de cagar... DONDE NO TIENE QUE HACERLO!!!!!!!!!!,multilingual_toxicity_explained_es,analysis,,y acaba de cagar... donde no tiene que hacerlo!!!!!!!!!!
Mis ganas de seguir se están yendo a la mismísima mierda.,multilingual_toxicity_explained_es,analysis,,mis ganas de seguir se están yendo a la mismísima mierda.
Después de estos días te llamarán el Leñador: Palo q ves palo que tumbas,multilingual_toxicity_explained_es,analysis,,después de estos días te llamarán el leñador: palo q ves palo que tumbas
"a juzgar de las músicas new age que clavaron los vecinos, los hospis están posta de ayahuasca.",multilingual_toxicity_explained_es,analysis,,"a juzgar de las músicas new age que clavaron los vecinos, los hospis están posta de ayahuasca."
"Che cuando sea presidente , se van a querer cortar un huevo jajaja!",multilingual_toxicity_explained_es,analysis,,"che cuando sea presidente , se van a querer cortar un huevo jajaja!"
Por todos nuestros compañeros que se han suicidado con esta carrera de mierda 😔😔,multilingual_toxicity_explained_es,analysis,,por todos nuestros compañeros que se han suicidado con esta carrera de mierda 😔😔
A mi algunas veces se menstrujan los huevos con los vaqueros ajustados.,multilingual_toxicity_explained_es,analysis,,a mi algunas veces se menstrujan los huevos con los vaqueros ajustados.
Storm es una hijaputa de cuidado.,multilingual_toxicity_explained_es,analysis,,storm es una hijaputa de cuidado.
se ve como una mierda la foto perooo,multilingual_toxicity_explained_es,analysis,,se ve como una mierda la foto perooo
estoy tan hasta la polla que cada dia me la suda todo un poquito mas,multilingual_toxicity_explained_es,analysis,,estoy tan hasta la polla que cada dia me la suda todo un poquito mas
BBC le hace un trolleo épico,multilingual_toxicity_explained_es,analysis,,bbc le hace un trolleo épico
yo no entiendo como les puede gustar este frio de mierda,multilingual_toxicity_explained_es,analysis,,yo no entiendo como les puede gustar este frio de mierda
sisi una cagada q nosotros estemos en 40tena hace mil meses pero hay países q no ?,multilingual_toxicity_explained_es,analysis,,sisi una cagada q nosotros estemos en 40tena hace mil meses pero hay países q no ?
LO LINDA QUE ES NUESTRA CHOMBA LA PUTA MADREEEEEEEEEEEEEEEEEEEEEEEEEEEEEEEEEE,multilingual_toxicity_explained_es,analysis,,lo linda que es nuestra chomba la puta madreeeeeeeeeeeeeeeeeeeeeeeeeeeeeeeeee
😂😂😂😂 este hijueputa como sueña.,multilingual_toxicity_explained_es,analysis,,😂😂😂😂 este hijueputa como sueña.
Ojalá nadie compre ni mierda.,multilingual_toxicity_explained_es,analysis,,ojalá nadie compre ni mierda.
"Y alguien puede pedir que John Constantine lo interprete el pato Donald, pero eso no significa que tenga sentido.",multilingual_toxicity_explained_es,analysis,,"y alguien puede pedir que john constantine lo interprete el pato donald, pero eso no significa que tenga sentido."
"Y quien dice que no los ayuda, chavalin????????????",multilingual_toxicity_explained_es,analysis,,"y quien dice que no los ayuda, chavalin????????????"
Que buena es una puta pasada de serie #ARDEMadrid,multilingual_toxicity_explained_es,analysis,,que buena es una puta pasada de serie #ardemadrid
no se haga el marica con esa ridiculez de trino.,multilingual_toxicity_explained_es,analysis,,no se haga el marica con esa ridiculez de trino.
Que manera de cagarla wacho 😩👎🏼,multilingual_toxicity_explained_es,analysis,,que manera de cagarla wacho 😩👎🏼
"tengo una intensidad al extrañar a candela, pk mierda esta lejos?",multilingual_toxicity_explained_es,analysis,,"tengo una intensidad al extrañar a candela, pk mierda esta lejos?"
Fav si fuiste al Western a comer pizza y terminaste ebrio :(,multilingual_toxicity_explained_es,analysis,,fav si fuiste al western a comer pizza y terminaste ebrio :(
el chico este no tiene contacto ?COÑO luego el AT Madrid amenazas con denuncias,multilingual_toxicity_explained_es,analysis,,el chico este no tiene contacto ?coño luego el at madrid amenazas con denuncias
"bueno, también será porqué nada cabrea más a un ultranacionalista que otro nacionalismo intente violar su integridad territorial.",multilingual_toxicity_explained_es,analysis,,"bueno, también será porqué nada cabrea más a un ultranacionalista que otro nacionalismo intente violar su integridad territorial."
lo puto guapa que va hoy Natalia??????,multilingual_toxicity_explained_es,analysis,,lo puto guapa que va hoy natalia??????
La cancion agua es la mamada,multilingual_toxicity_explained_es,analysis,,la cancion agua es la mamada
"La cagada de siempre retrocer la pelota pasado ya el medio, que puta crj",multilingual_toxicity_explained_es,analysis,,"la cagada de siempre retrocer la pelota pasado ya el medio, que puta crj"
Ganale al que no gana una copa la puta que te parió 😂😂😂,multilingual_toxicity_explained_es,analysis,,ganale al que no gana una copa la puta que te parió 😂😂😂
Deja de molestar xq te voy a mandar al jefe q Te pegue gil,multilingual_toxicity_explained_es,analysis,,deja de molestar xq te voy a mandar al jefe q te pegue gil
Que muchos pelotudos habitan esta aldea,multilingual_toxicity_explained_es,analysis,,que muchos pelotudos habitan esta aldea
como salgamos del corona virus y luego nos mate un meteorito me voy a cagar en todos los dioses,multilingual_toxicity_explained_es,analysis,,como salgamos del corona virus y luego nos mate un meteorito me voy a cagar en todos los dioses
MEDIA HORA PARA ESCRIBIR ESTA MIERDA ESTUVO AMY,multilingual_toxicity_explained_es,analysis,,media hora para escribir esta mierda estuvo amy
Este si que es un verdadero chupasangre del dinero de nosotros.,multilingual_toxicity_explained_es,analysis,,este si que es un verdadero chupasangre del dinero de nosotros.
"QUE TE DIERON DE COMER CUANDO CHICO, MIERDA?",multilingual_toxicity_explained_es,analysis,,"que te dieron de comer cuando chico, mierda?"
Nunca en mi puta vida me va a pasar,multilingual_toxicity_explained_es,analysis,,nunca en mi puta vida me va a pasar
Ese señor no es Colombia no sea idiota.,multilingual_toxicity_explained_es,analysis,,ese señor no es colombia no sea idiota.
Bueno nojoda que pasa aqui pues?,multilingual_toxicity_explained_es,analysis,,bueno nojoda que pasa aqui pues?
"este internet q anda del orto, nunca más me llego un mensaje tuyo",multilingual_toxicity_explained_es,analysis,,"este internet q anda del orto, nunca más me llego un mensaje tuyo"
"Mierdación como escriben de mal los titulares, el encabezado, el primer párrafo.",multilingual_toxicity_explained_es,analysis,,"mierdación como escriben de mal los titulares, el encabezado, el primer párrafo."
dios podes hablar bien la concha de tu madre,multilingual_toxicity_explained_es,analysis,,dios podes hablar bien la concha de tu madre
"cuando a la derecha rancia le recuerdan lo rancia que son ,siempre sale algún pepero rancio con pelazo quejándose",multilingual_toxicity_explained_es,analysis,,"cuando a la derecha rancia le recuerdan lo rancia que son ,siempre sale algún pepero rancio con pelazo quejándose"
Gran zasca al bolivariano Jordi Caca Évole,multilingual_toxicity_explained_es,analysis,,gran zasca al bolivariano jordi caca évole
k stoy haciendo con mi putavida mencantaria saberlo,multilingual_toxicity_explained_es,analysis,,k stoy haciendo con mi putavida mencantaria saberlo
"#SpainIsAFascistState ,cuanto nos queda por limpiar en este pais lo copan todo hasta las televisiones",multilingual_toxicity_explained_es,analysis,,"#spainisafasciststate ,cuanto nos queda por limpiar en este pais lo copan todo hasta las televisiones"
Contigo el pedo se hizo agresivo rápido.,multilingual_toxicity_explained_es,analysis,,contigo el pedo se hizo agresivo rápido.
"Como dice el preclaro compañero Aníbal, sencillo fan asco.",multilingual_toxicity_explained_es,analysis,,"como dice el preclaro compañero aníbal, sencillo fan asco."
Lo puto guapas que van todas hoy??????,multilingual_toxicity_explained_es,analysis,,lo puto guapas que van todas hoy??????
"Udec culia se demoran ene en sus trámites culiaos, vale pico!",multilingual_toxicity_explained_es,analysis,,"udec culia se demoran ene en sus trámites culiaos, vale pico!"
"ERA PARA QUE VAYAS A COMPRAR MANDARINAS EN JONATHAN, NO A CANTAR CON LA CAZZU.",multilingual_toxicity_explained_es,analysis,,"era para que vayas a comprar mandarinas en jonathan, no a cantar con la cazzu."
"JAJAJAJAJAJ qlq valeeee, maldito muchacho mongolico.",multilingual_toxicity_explained_es,analysis,,"jajajajajaj qlq valeeee, maldito muchacho mongolico."
Hay qur ser bien CTM para andar tirando molotovs en cualquier lugar,multilingual_toxicity_explained_es,analysis,,hay qur ser bien ctm para andar tirando molotovs en cualquier lugar
No sabe ni nada el cabrón xDDDDDDDDDDDD!!,multilingual_toxicity_explained_es,analysis,,no sabe ni nada el cabrón xdddddddddddd!!
Hoy m pongo empedo o ke?💃🏼,multilingual_toxicity_explained_es,analysis,,hoy m pongo empedo o ke?💃🏼
Pero como yo estoy solo que no llueva ni mierdaa,multilingual_toxicity_explained_es,analysis,,pero como yo estoy solo que no llueva ni mierdaa
y si sigo durmiendo y le dan x culo al trabajo???,multilingual_toxicity_explained_es,analysis,,y si sigo durmiendo y le dan x culo al trabajo???
Putas que me hace reir este huaso bruto del Prudencio #AquelarreTVN,multilingual_toxicity_explained_es,analysis,,putas que me hace reir este huaso bruto del prudencio #aquelarretvn
PDT: Hoy todo el mundo comentado con #RepescaHugo porfa.,multilingual_toxicity_explained_es,analysis,,pdt: hoy todo el mundo comentado con #repescahugo porfa.
me paso de pendejo neta,multilingual_toxicity_explained_es,analysis,,me paso de pendejo neta
Matemáticas me va a coger siempre?,multilingual_toxicity_explained_es,analysis,,matemáticas me va a coger siempre?
#CepedaDestruyoPruebas eso es mucha rata tan hijueputa.,multilingual_toxicity_explained_es,analysis,,#cepedadestruyopruebas eso es mucha rata tan hijueputa.
"Partido de los llamados feos, de los de no poder cometer el mas minimo fallo, concentracion y desgaste.",multilingual_toxicity_explained_es,analysis,,"partido de los llamados feos, de los de no poder cometer el mas minimo fallo, concentracion y desgaste."
Que coño tiene oculto el hermano de este ahora????,multilingual_toxicity_explained_es,analysis,,que coño tiene oculto el hermano de este ahora????
Que cancion pedorra no la banco masaaaas,multilingual_toxicity_explained_es,analysis,,que cancion pedorra no la banco masaaaas
me encanta la puta UNION que hemos tenido todo Twitter para hacer favorita a Maria #OT18Gala4,multilingual_toxicity_explained_es,analysis,,me encanta la puta union que hemos tenido todo twitter para hacer favorita a maria #ot18gala4
"AHHHHHH POR ESOOO TE VAS, MALDITAAAA😡🤬",multilingual_toxicity_explained_es,analysis,,"ahhhhhh por esooo te vas, malditaaaa😡🤬"
A esos mamertos ifueputas hay que darles es duro y donde más les duele.,multilingual_toxicity_explained_es,analysis,,a esos mamertos ifueputas hay que darles es duro y donde más les duele.
"No es la música kpop, son las armys que a mucha gente les da por las pelotas.",multilingual_toxicity_explained_es,analysis,,"no es la música kpop, son las armys que a mucha gente les da por las pelotas."
Un me suda la polla suele esconder un me duele,multilingual_toxicity_explained_es,analysis,,un me suda la polla suele esconder un me duele
Que alguien me explique que mierda hice xq ni yo entiendo,multilingual_toxicity_explained_es,analysis,,que alguien me explique que mierda hice xq ni yo entiendo
Te podes mandar todas las cagadas del mundo pero te voy a elegir a vos siempre,multilingual_toxicity_explained_es,analysis,,te podes mandar todas las cagadas del mundo pero te voy a elegir a vos siempre
crush mi boca no se va a besar sola no se a que cojones esperas,multilingual_toxicity_explained_es,analysis,,crush mi boca no se va a besar sola no se a que cojones esperas
No querer culear con cualquiera.,multilingual_toxicity_explained_es,analysis,,no querer culear con cualquiera.
Yo el culo asiq juntemos Plata,multilingual_toxicity_explained_es,analysis,,yo el culo asiq juntemos plata
Putos oídos tenían un tiiiiiiiiiiiiiii hijoeputa casi muero,multilingual_toxicity_explained_es,analysis,,putos oídos tenían un tiiiiiiiiiiiiiii hijoeputa casi muero
En ves de estar debatiendo ayudas para el pequeño y mediano empresario estamos con la gilipollas del luto oficial.,multilingual_toxicity_explained_es,analysis,,en ves de estar debatiendo ayudas para el pequeño y mediano empresario estamos con la gilipollas del luto oficial.
"Hijos de puta, encima el pulgar, yo directamente los expulsaba o les prendía fuego",multilingual_toxicity_explained_es,analysis,,"hijos de puta, encima el pulgar, yo directamente los expulsaba o les prendía fuego"
"She-ra, temporada 4: todo se va a la mierda.",multilingual_toxicity_explained_es,analysis,,"she-ra, temporada 4: todo se va a la mierda."
Por que le pinche molesta a mi papá que me levante a las 2 de la tarde ?,multilingual_toxicity_explained_es,analysis,,por que le pinche molesta a mi papá que me levante a las 2 de la tarde ?
estos personajes cometieron un crimen y se rajaron... refugiados las bolas,multilingual_toxicity_explained_es,analysis,,estos personajes cometieron un crimen y se rajaron... refugiados las bolas
Tienen de CM al hioputa de Mr Wonderful,multilingual_toxicity_explained_es,analysis,,tienen de cm al hioputa de mr wonderful
no os da como puta rabia que gente asquerosa tenga pareja y vosotros no?,multilingual_toxicity_explained_es,analysis,,no os da como puta rabia que gente asquerosa tenga pareja y vosotros no?
Creo que empezaré una relación seria con la comida y me importa una mierda si me engordo más.,multilingual_toxicity_explained_es,analysis,,creo que empezaré una relación seria con la comida y me importa una mierda si me engordo más.
"Espejo Público y Susana Griso, portavoces de fascistas.",multilingual_toxicity_explained_es,analysis,,"espejo público y susana griso, portavoces de fascistas."
"Lo que indigna más son los llantos fariseos, las declaraciones hipócritas, las amenazas furibundas... todo para que todo siga igual...",multilingual_toxicity_explained_es,analysis,,"lo que indigna más son los llantos fariseos, las declaraciones hipócritas, las amenazas furibundas... todo para que todo siga igual..."
"Porque estamos esperando a que subas tú, mamón.",multilingual_toxicity_explained_es,analysis,,"porque estamos esperando a que subas tú, mamón."
Que no me aconseje nadie coñazo que me lleve el diablo a mi,multilingual_toxicity_explained_es,analysis,,que no me aconseje nadie coñazo que me lleve el diablo a mi
no tengo los suficientes ovarios para decirte el polvo que te echaba,multilingual_toxicity_explained_es,analysis,,no tengo los suficientes ovarios para decirte el polvo que te echaba
😂😂😂😂😂😂 este ose se la mandaaaa 😂😂😂😂😂😂 nose si se duerme x el olor a chivo o qe😂😂😂,multilingual_toxicity_explained_es,analysis,,😂😂😂😂😂😂 este ose se la mandaaaa 😂😂😂😂😂😂 nose si se duerme x el olor a chivo o qe😂😂😂
Hacia una segura coalición con el infierno marchamos ¡¡aqui nos hundimos!,multilingual_toxicity_explained_es,analysis,,hacia una segura coalición con el infierno marchamos ¡¡aqui nos hundimos!
Camila con celos y yo cagada de la risa porque súper x 🤷‍♀️,multilingual_toxicity_explained_es,analysis,,camila con celos y yo cagada de la risa porque súper x 🤷‍♀️
los que no entendéis la ironía y las coñas llevadas al extremo moláis 0 hermanus,multilingual_toxicity_explained_es,analysis,,los que no entendéis la ironía y las coñas llevadas al extremo moláis 0 hermanus
Toca coger la circunvalar pero por los pedacitos de bajada.,multilingual_toxicity_explained_es,analysis,,toca coger la circunvalar pero por los pedacitos de bajada.
Pq chucha no puedo dormir con calcetines!!,multilingual_toxicity_explained_es,analysis,,pq chucha no puedo dormir con calcetines!!
"Se picoooo esta mierda, TE AMO IARUUUU",multilingual_toxicity_explained_es,analysis,,"se picoooo esta mierda, te amo iaruuuu"
"Algo le habrás dicho, el mongolo no bloquea por bloquear.",multilingual_toxicity_explained_es,analysis,,"algo le habrás dicho, el mongolo no bloquea por bloquear."
Confirmado merezco el al infierno jajaja,multilingual_toxicity_explained_es,analysis,,confirmado merezco el al infierno jajaja
Igual te puedo cagar a piñas y después te rasco,multilingual_toxicity_explained_es,analysis,,igual te puedo cagar a piñas y después te rasco
"Y el otro subnormal se pira de casa por que si, a ver que mierdas hace por la calle.",multilingual_toxicity_explained_es,analysis,,"y el otro subnormal se pira de casa por que si, a ver que mierdas hace por la calle."
#APetroLeDigo que es un teterahijueputa.,multilingual_toxicity_explained_es,analysis,,#apetroledigo que es un teterahijueputa.
"Wooooowwww premio a mejor hilo sin duda, pinché decálogo de lo más pendejo",multilingual_toxicity_explained_es,analysis,,"wooooowwww premio a mejor hilo sin duda, pinché decálogo de lo más pendejo"
Pinche Guanajuato ya no seas tan conservador.,multilingual_toxicity_explained_es,analysis,,pinche guanajuato ya no seas tan conservador.
"dioss m da verguenza cuando comentan eso,, se quedaron en 2018",multilingual_toxicity_explained_es,analysis,,"dioss m da verguenza cuando comentan eso,, se quedaron en 2018"
Bad Bunny qlo como mierda dice que no va a salir nunca la canción con Zion y Lennox 😨,multilingual_toxicity_explained_es,analysis,,bad bunny qlo como mierda dice que no va a salir nunca la canción con zion y lennox 😨
un día m tienes comiendo d tu mano y al otro pasando d tu puta cara,multilingual_toxicity_explained_es,analysis,,un día m tienes comiendo d tu mano y al otro pasando d tu puta cara
"Amores bellos, si tienen algo lindo con una persona, ¿por qué insisten en cagarse todo metiendo terceros a la relación?",multilingual_toxicity_explained_es,analysis,,"amores bellos, si tienen algo lindo con una persona, ¿por qué insisten en cagarse todo metiendo terceros a la relación?"
Yo de periodista hacia rato lo habría mandado para la mierda hace rato,multilingual_toxicity_explained_es,analysis,,yo de periodista hacia rato lo habría mandado para la mierda hace rato
Mi culo se mueve solo,multilingual_toxicity_explained_es,analysis,,mi culo se mueve solo
"Yo pensaba que Cam4 era un restaurante, ahora entiendo todo, maldita sea.",multilingual_toxicity_explained_es,analysis,,"yo pensaba que cam4 era un restaurante, ahora entiendo todo, maldita sea."
La Corte y nada la misma huevonada,multilingual_toxicity_explained_es,analysis,,la corte y nada la misma huevonada
"pero cerra el orto, que te pensas que los mato yo a los animales, o que los matan por diversión?",multilingual_toxicity_explained_es,analysis,,"pero cerra el orto, que te pensas que los mato yo a los animales, o que los matan por diversión?"
- ¿Estarías con un chico con coño?,multilingual_toxicity_explained_es,analysis,,- ¿estarías con un chico con coño?
Me he sobao y me he perdido el ridículo del Valencia,multilingual_toxicity_explained_es,analysis,,me he sobao y me he perdido el ridículo del valencia
Aparece cuando quiere la yeguaaa,multilingual_toxicity_explained_es,analysis,,aparece cuando quiere la yeguaaa
Que puta... como se nota que mario ferreiro está sin laburo.... cortenle el tw,multilingual_toxicity_explained_es,analysis,,que puta... como se nota que mario ferreiro está sin laburo.... cortenle el tw
"Good, mute him AMARGADOS DE MIERDA, es un puto genio.",multilingual_toxicity_explained_es,analysis,,"good, mute him amargados de mierda, es un puto genio."
soy una puta gorda y solo quiero ir a las cenas/comidas de Navidad para comer y engordar 14kg,multilingual_toxicity_explained_es,analysis,,soy una puta gorda y solo quiero ir a las cenas/comidas de navidad para comer y engordar 14kg
Definitivamente para ir a mall o andar por Santiago hay que tener un water del año 90 y bien oxidada.,multilingual_toxicity_explained_es,analysis,,definitivamente para ir a mall o andar por santiago hay que tener un water del año 90 y bien oxidada.
"los mas valientes, los mejores, los mas preparados vienen a pagarnos las pensiones daga en mano",multilingual_toxicity_explained_es,analysis,,"los mas valientes, los mejores, los mas preparados vienen a pagarnos las pensiones daga en mano"
soy una sensiblona x muchos cojones q tenga,multilingual_toxicity_explained_es,analysis,,soy una sensiblona x muchos cojones q tenga
Pollo de mi vida haceme pollitos la puta madre!!!,multilingual_toxicity_explained_es,analysis,,pollo de mi vida haceme pollitos la puta madre!!!
Hoy día la ley de memoria histórica considera a esta víctima del Frente Popular un golpista.,multilingual_toxicity_explained_es,analysis,,hoy día la ley de memoria histórica considera a esta víctima del frente popular un golpista.
esaes dadme mi sobre de 125 cabrones xddddd,multilingual_toxicity_explained_es,analysis,,esaes dadme mi sobre de 125 cabrones xddddd
"Que gente idiota la que sigue saliendo a la calle dios, no se quieren ni un poquito",multilingual_toxicity_explained_es,analysis,,"que gente idiota la que sigue saliendo a la calle dios, no se quieren ni un poquito"
¿Y quién cojones es ese?.,multilingual_toxicity_explained_es,analysis,,¿y quién cojones es ese?.
Por eso lo siguen los maricas,multilingual_toxicity_explained_es,analysis,,por eso lo siguen los maricas
Vamos a tirarle el vídeo al gilipollas este 1.,multilingual_toxicity_explained_es,analysis,,vamos a tirarle el vídeo al gilipollas este 1.
Si fuera de La Pincoya se estarían pidiendo las penas del infierno y juzgando a todos.,multilingual_toxicity_explained_es,analysis,,si fuera de la pincoya se estarían pidiendo las penas del infierno y juzgando a todos.
Que mierda no poder soltar una persona a pesar de todo lo que te hizo.,multilingual_toxicity_explained_es,analysis,,que mierda no poder soltar una persona a pesar de todo lo que te hizo.
man soy r autoexigente q hincha pelotas,multilingual_toxicity_explained_es,analysis,,man soy r autoexigente q hincha pelotas
Estoy hasta los cojones de vivir sintiendo que soy una basura como para que aún encima me lo recuerden constantemente,multilingual_toxicity_explained_es,analysis,,estoy hasta los cojones de vivir sintiendo que soy una basura como para que aún encima me lo recuerden constantemente
"Girón, monumento nacional (al tapón tan hijueputa que se forma desde el Palenque hasta Caneyes) a esta hora.",multilingual_toxicity_explained_es,analysis,,"girón, monumento nacional (al tapón tan hijueputa que se forma desde el palenque hasta caneyes) a esta hora."
Uribe tiene huevas de plomo y nadie le da la talla.,multilingual_toxicity_explained_es,analysis,,uribe tiene huevas de plomo y nadie le da la talla.
JAJAJAJA te amo histérica de mierda,multilingual_toxicity_explained_es,analysis,,jajajaja te amo histérica de mierda
yo quiero hacer una paja a mano cambiada contigo ( live on ),multilingual_toxicity_explained_es,analysis,,yo quiero hacer una paja a mano cambiada contigo ( live on )
- ¡Ya cállate pinche Pedro!,multilingual_toxicity_explained_es,analysis,,- ¡ya cállate pinche pedro!
La avispa es la cabreada que no come para no engordar.,multilingual_toxicity_explained_es,analysis,,la avispa es la cabreada que no come para no engordar.
"Así luego entran en patera, dan otro nombre, y tienen otra paguita",multilingual_toxicity_explained_es,analysis,,"así luego entran en patera, dan otro nombre, y tienen otra paguita"
Que no lo sigo y se quien coño son todos.,multilingual_toxicity_explained_es,analysis,,que no lo sigo y se quien coño son todos.
"yo sabía que algun pelotudo/a iba a comentar esto jajaaj, deggggggame en paaaaaaassssssssssss (sartenaso)",multilingual_toxicity_explained_es,analysis,,"yo sabía que algun pelotudo/a iba a comentar esto jajaaj, deggggggame en paaaaaaassssssssssss (sartenaso)"
quiero follar y dormirme abrazao,multilingual_toxicity_explained_es,analysis,,quiero follar y dormirme abrazao
Joder que partidazo de los Wolves en Anfield.,multilingual_toxicity_explained_es,analysis,,joder que partidazo de los wolves en anfield.
DE RAZON ESTE PAIS VA DE CULO PARA EL ESTANCO CON ESTOS PETARDOS.,multilingual_toxicity_explained_es,analysis,,de razon este pais va de culo para el estanco con estos petardos.
dios me siento para la mierda puede alguien de stray kids aparecer porfa😞,multilingual_toxicity_explained_es,analysis,,dios me siento para la mierda puede alguien de stray kids aparecer porfa😞
Ya vi a Vicent Janssen haciéndosela de pedo al Chupete Suazo por quien es el número 1.,multilingual_toxicity_explained_es,analysis,,ya vi a vicent janssen haciéndosela de pedo al chupete suazo por quien es el número 1.
Un poco guarrilla y con ganas de llamar la atención de forma desmesurada.,multilingual_toxicity_explained_es,analysis,,un poco guarrilla y con ganas de llamar la atención de forma desmesurada.
"No entiendo la gracia de este programa, están en bolas recorriendo una selva con un montón de animales venenosos",multilingual_toxicity_explained_es,analysis,,"no entiendo la gracia de este programa, están en bolas recorriendo una selva con un montón de animales venenosos"
yo digo que toca hacer un getsito en el hospe y descabronarloo🍻,multilingual_toxicity_explained_es,analysis,,yo digo que toca hacer un getsito en el hospe y descabronarloo🍻
El muro de la infamia o El muro de los tetrahijueputas.,multilingual_toxicity_explained_es,analysis,,el muro de la infamia o el muro de los tetrahijueputas.
Oye que mierdas le pasa a Alba en las galas :(((?!?!?!,multilingual_toxicity_explained_es,analysis,,oye que mierdas le pasa a alba en las galas :(((?!?!?!
La gente es tan cabrona a veces,multilingual_toxicity_explained_es,analysis,,la gente es tan cabrona a veces
Te hablé puta de mierda,multilingual_toxicity_explained_es,analysis,,te hablé puta de mierda
El facha pastrana no tiene ni amigos. Pobret.,multilingual_toxicity_explained_es,analysis,,el facha pastrana no tiene ni amigos. pobret.
"Que no es abidal joder, que es Bartomeu, abidal es solo un peon mas.",multilingual_toxicity_explained_es,analysis,,"que no es abidal joder, que es bartomeu, abidal es solo un peon mas."
Se me fue el sueño a la mierda,multilingual_toxicity_explained_es,analysis,,se me fue el sueño a la mierda
Que puta hacia el final el mismo le pasaba a los de mineiro jajajaj,multilingual_toxicity_explained_es,analysis,,que puta hacia el final el mismo le pasaba a los de mineiro jajajaj
Malditos de Nintendo y su manía de no rebajar nada juegos que tienen años ya,multilingual_toxicity_explained_es,analysis,,malditos de nintendo y su manía de no rebajar nada juegos que tienen años ya
soy la única a la que no le hace gracia esta mierda??,multilingual_toxicity_explained_es,analysis,,soy la única a la que no le hace gracia esta mierda??
Porque hay mucho tarado en está red.,multilingual_toxicity_explained_es,analysis,,porque hay mucho tarado en está red.
Jajajajaja que gorda lechera hasta cuando con esos videos,multilingual_toxicity_explained_es,analysis,,jajajajaja que gorda lechera hasta cuando con esos videos
En verdad es irme a la chucha de chile jiji,multilingual_toxicity_explained_es,analysis,,en verdad es irme a la chucha de chile jiji
QUE LINDO SER DE ROWING LA PUTA MADREE🔵⚪️♥️ #qlsr,multilingual_toxicity_explained_es,analysis,,que lindo ser de rowing la puta madree🔵⚪️♥️ #qlsr
"Vieran que feo se siente, el andar sufriendo por un mal de amooooor",multilingual_toxicity_explained_es,analysis,,"vieran que feo se siente, el andar sufriendo por un mal de amooooor"
feliz porque hoy se come mantecol hasta empalagarse,multilingual_toxicity_explained_es,analysis,,feliz porque hoy se come mantecol hasta empalagarse
"SOS UN HIJO DE PUTA, no tenes sentimientos",multilingual_toxicity_explained_es,analysis,,"sos un hijo de puta, no tenes sentimientos"
"Esto hace falta en Paraguay, no la cantaleta amariconada de DDHH de muchos políticos.",multilingual_toxicity_explained_es,analysis,,"esto hace falta en paraguay, no la cantaleta amariconada de ddhh de muchos políticos."
Hacer daño a un ser vivo debería estar penado joder.,multilingual_toxicity_explained_es,analysis,,hacer daño a un ser vivo debería estar penado joder.
Xq no me contestabas maldita,multilingual_toxicity_explained_es,analysis,,xq no me contestabas maldita
me voy a secar el pelo asi me lo plancho auq me de re mil paja,multilingual_toxicity_explained_es,analysis,,me voy a secar el pelo asi me lo plancho auq me de re mil paja
Te acordas que existo pendejo de mierda 😡,multilingual_toxicity_explained_es,analysis,,te acordas que existo pendejo de mierda 😡
"Haber sí así aprenden de historia los cagones, y dejan de alabar a las Farc",multilingual_toxicity_explained_es,analysis,,"haber sí así aprenden de historia los cagones, y dejan de alabar a las farc"
Toy tan en la mía que si me vienen a joder me les río,multilingual_toxicity_explained_es,analysis,,toy tan en la mía que si me vienen a joder me les río
"Porque hay alerta roja, subnormal!!!! Este tío es tonto, JODER!",multilingual_toxicity_explained_es,analysis,,"porque hay alerta roja, subnormal!!!! este tío es tonto, joder!"
Algo más ridículo que andar contando con quien te hablas?,multilingual_toxicity_explained_es,analysis,,algo más ridículo que andar contando con quien te hablas?
Pobre hijueputa mala agradecida quiere todo para ella gratis y los demás departamentos que se jodan,multilingual_toxicity_explained_es,analysis,,pobre hijueputa mala agradecida quiere todo para ella gratis y los demás departamentos que se jodan
No quiero follar contigo porque me da igual lo que me lo digas.,multilingual_toxicity_explained_es,analysis,,no quiero follar contigo porque me da igual lo que me lo digas.
Terminaré borrando todo y me iré bien a la chucha.,multilingual_toxicity_explained_es,analysis,,terminaré borrando todo y me iré bien a la chucha.
Para que echan pirotecnia 🎇🙄 si no hay nada 😒 solo despertaron a Mia 😡 stuuupidossssssss Solo tirar dinero💸,multilingual_toxicity_explained_es,analysis,,para que echan pirotecnia 🎇🙄 si no hay nada 😒 solo despertaron a mia 😡 stuuupidossssssss solo tirar dinero💸
Pq chucha me despierto a esta horaaaa,multilingual_toxicity_explained_es,analysis,,pq chucha me despierto a esta horaaaa
"Los mejores, los más valientes y más preparados",multilingual_toxicity_explained_es,analysis,,"los mejores, los más valientes y más preparados"
q paja ni tengo ganas d salir mañana,multilingual_toxicity_explained_es,analysis,,q paja ni tengo ganas d salir mañana
"Si te dan manzanas y huevos y te piden que hagas un gazpacho, como cojones pretendes hacerlo?",multilingual_toxicity_explained_es,analysis,,"si te dan manzanas y huevos y te piden que hagas un gazpacho, como cojones pretendes hacerlo?"
"Como un pico flacido, malo malisimo",multilingual_toxicity_explained_es,analysis,,"como un pico flacido, malo malisimo"
Por qué les tienen tanta bronca a los q fueron mantenidos y no los mandaron a laburar?,multilingual_toxicity_explained_es,analysis,,por qué les tienen tanta bronca a los q fueron mantenidos y no los mandaron a laburar?
Mis vacaciones de Mayo se fueron a la mierda por el Covid.,multilingual_toxicity_explained_es,analysis,,mis vacaciones de mayo se fueron a la mierda por el covid.
Que serie de la puta madre es Billions.,multilingual_toxicity_explained_es,analysis,,que serie de la puta madre es billions.
Che cuenten el secreto para tener motos autos y salir todos los Findes rascándose los huevos 😛,multilingual_toxicity_explained_es,analysis,,che cuenten el secreto para tener motos autos y salir todos los findes rascándose los huevos 😛
"Nico a los 3 años se metió una pila y un PAN en la nariz, desde chiquito es pelotudo 🤣",multilingual_toxicity_explained_es,analysis,,"nico a los 3 años se metió una pila y un pan en la nariz, desde chiquito es pelotudo 🤣"
Pues sere un puto desastre pero si te veo mal intento sacarte una sonrisa,multilingual_toxicity_explained_es,analysis,,pues sere un puto desastre pero si te veo mal intento sacarte una sonrisa
COÑO una portada sin Neymar jajajaja jajajaja,multilingual_toxicity_explained_es,analysis,,coño una portada sin neymar jajajaja jajajaja
Nunca sean así de mierdas,multilingual_toxicity_explained_es,analysis,,nunca sean así de mierdas
Ahhhhh cabron cuál es el beso arcoíris ?,multilingual_toxicity_explained_es,analysis,,ahhhhh cabron cuál es el beso arcoíris ?
Dejen jugar el partido flaites de mierda!,multilingual_toxicity_explained_es,analysis,,dejen jugar el partido flaites de mierda!
Después de eso casi prendo fuego la campera y la remera de 6to porque la verdad una mierda todo.,multilingual_toxicity_explained_es,analysis,,después de eso casi prendo fuego la campera y la remera de 6to porque la verdad una mierda todo.
Huevones nefastos utilizados por la extrema izquierda anarquista,multilingual_toxicity_explained_es,analysis,,huevones nefastos utilizados por la extrema izquierda anarquista
"Una noche me duró la serie, joder coño",multilingual_toxicity_explained_es,analysis,,"una noche me duró la serie, joder coño"
Joder como esta el chaval 🤦🏻‍♂️,multilingual_toxicity_explained_es,analysis,,joder como esta el chaval 🤦🏻‍♂️
Y que poronga es Harry Potter.,multilingual_toxicity_explained_es,analysis,,y que poronga es harry potter.
EN SERIO ESTOS PEDAZOS DE MIERDAS PUEDEN SER LLAMADOS POLICÍAS CIVILES?,multilingual_toxicity_explained_es,analysis,,en serio estos pedazos de mierdas pueden ser llamados policías civiles?
Van a tener que seguir convenciendo a más charnegos,multilingual_toxicity_explained_es,analysis,,van a tener que seguir convenciendo a más charnegos
"Típico estos weones se limpian las manos, me voy chao",multilingual_toxicity_explained_es,analysis,,"típico estos weones se limpian las manos, me voy chao"
mejor me voy a dormir porque sino me la voy a mandarrr,multilingual_toxicity_explained_es,analysis,,mejor me voy a dormir porque sino me la voy a mandarrr
Jajajajaj la Küyén cagando en el depa DESPUÉS DE QUE LA SAQUÉ A PASEAR PARÁ QUE CAGARA AFUERA!!!,multilingual_toxicity_explained_es,analysis,,jajajajaj la küyén cagando en el depa después de que la saqué a pasear pará que cagara afuera!!!
"Gol de Alemania, TyC, la concha de tu madre",multilingual_toxicity_explained_es,analysis,,"gol de alemania, tyc, la concha de tu madre"
Jajajaja q mente de mierda tengo lpm buen día crack,multilingual_toxicity_explained_es,analysis,,jajajaja q mente de mierda tengo lpm buen día crack
como si nunca vieron la lluvia PELOTUDOS,multilingual_toxicity_explained_es,analysis,,como si nunca vieron la lluvia pelotudos
"EL VERDADERO RELAJO INICIÓ, CUANDO NITO CORTIZO DECLARO QUE ESTE SR SE QUEDABA EN EEUU, PORQUE EL ERA QUIEN MANDABA.",multilingual_toxicity_explained_es,analysis,,"el verdadero relajo inició, cuando nito cortizo declaro que este sr se quedaba en eeuu, porque el era quien mandaba."
"Y ESPERAR EL APOGEEEO DE LA ENFERMEDAD, CHUPA 3L PICO FEO DE MIERDA.",multilingual_toxicity_explained_es,analysis,,"y esperar el apogeeeo de la enfermedad, chupa 3l pico feo de mierda."
El que madruga anda cagado de sueño!,multilingual_toxicity_explained_es,analysis,,el que madruga anda cagado de sueño!
"Iba a salir y pincho, una paja d todo manejo últimamente",multilingual_toxicity_explained_es,analysis,,"iba a salir y pincho, una paja d todo manejo últimamente"
Gracias policia x cagarme la siesta🖕🏻,multilingual_toxicity_explained_es,analysis,,gracias policia x cagarme la siesta🖕🏻
Tengo un problema serio si ya desde esta hora estoy hasta los cojones de la gente,multilingual_toxicity_explained_es,analysis,,tengo un problema serio si ya desde esta hora estoy hasta los cojones de la gente
marujones tio deberia daros verguenza,multilingual_toxicity_explained_es,analysis,,marujones tio deberia daros verguenza
Lo puto guapa que sale todo el rato??????,multilingual_toxicity_explained_es,analysis,,lo puto guapa que sale todo el rato??????
"El destino es una verga, y la vida injusta, por eso vivámosla y no la desperdiciemos",multilingual_toxicity_explained_es,analysis,,"el destino es una verga, y la vida injusta, por eso vivámosla y no la desperdiciemos"
que celular d mierda m pone re del orto,multilingual_toxicity_explained_es,analysis,,que celular d mierda m pone re del orto
me tienen las pelotas re llenas todos,multilingual_toxicity_explained_es,analysis,,me tienen las pelotas re llenas todos
QUIEN MIERDA ME MANDO A PASARME A ABONO,multilingual_toxicity_explained_es,analysis,,quien mierda me mando a pasarme a abono
Tóxico de mierda lo único q quiere es escabiar,multilingual_toxicity_explained_es,analysis,,tóxico de mierda lo único q quiere es escabiar
Era el puto amo JAJAJAJAJAJJAJAA,multilingual_toxicity_explained_es,analysis,,era el puto amo jajajajajajjajaa
Lindo 5to vamos a tener con el colegio en construccion todo el puto año 🙄,multilingual_toxicity_explained_es,analysis,,lindo 5to vamos a tener con el colegio en construccion todo el puto año 🙄
Pruebas y más pruebas y a este hijueputa nada que lo investigan,multilingual_toxicity_explained_es,analysis,,pruebas y más pruebas y a este hijueputa nada que lo investigan
Llenos de coca y bandas criminales.,multilingual_toxicity_explained_es,analysis,,llenos de coca y bandas criminales.
Odio andar con un secreteo... nojoda.,multilingual_toxicity_explained_es,analysis,,odio andar con un secreteo... nojoda.
"De aquí a que se dé de nuevo la mierda, que alguien me pegue un paipe por weta",multilingual_toxicity_explained_es,analysis,,"de aquí a que se dé de nuevo la mierda, que alguien me pegue un paipe por weta"
"Joder que bueno, no voy a picar yo sólo 😉",multilingual_toxicity_explained_es,analysis,,"joder que bueno, no voy a picar yo sólo 😉"
No sirven para un culo,multilingual_toxicity_explained_es,analysis,,no sirven para un culo
Gran puta... el calor de mierda este... 😣😣😣,multilingual_toxicity_explained_es,analysis,,gran puta... el calor de mierda este... 😣😣😣
"El espíritu de Plasencia siempre será una epopeya de liberación de tensión...Que putos nervios de tanda, pollo.",multilingual_toxicity_explained_es,analysis,,"el espíritu de plasencia siempre será una epopeya de liberación de tensión...que putos nervios de tanda, pollo."
Lo peor es que hay tantos idiotas que le creen,multilingual_toxicity_explained_es,analysis,,lo peor es que hay tantos idiotas que le creen
Hay qu serpaleto para no saber que ese psicopata firmo 8000 sentencias de muerte.,multilingual_toxicity_explained_es,analysis,,hay qu serpaleto para no saber que ese psicopata firmo 8000 sentencias de muerte.
No tengo ni puta idea :@,multilingual_toxicity_explained_es,analysis,,no tengo ni puta idea :@
esta hasta el coño de la vida JAJAJAJAJAJAJAJAJJAJAJAJAJA yo,multilingual_toxicity_explained_es,analysis,,esta hasta el coño de la vida jajajajajajajajajjajajajaja yo
Siempre así de pelotudos 🤪,multilingual_toxicity_explained_es,analysis,,siempre así de pelotudos 🤪
Shh callate hay q tener fe,multilingual_toxicity_explained_es,analysis,,shh callate hay q tener fe
Estai viejo pa comentar esas hueas,multilingual_toxicity_explained_es,analysis,,estai viejo pa comentar esas hueas
"Y en mayo más, en junio más, en julio más....... Pedazo de inútiles!!",multilingual_toxicity_explained_es,analysis,,"y en mayo más, en junio más, en julio más....... pedazo de inútiles!!"
"Layun tirando carro, el chiste se cuenta sólo jajajajaja pinche petardo 🤣",multilingual_toxicity_explained_es,analysis,,"layun tirando carro, el chiste se cuenta sólo jajajajaja pinche petardo 🤣"
No vuelvo a hacer ni el más mínimo comentario respecto a ni mierda.,multilingual_toxicity_explained_es,analysis,,no vuelvo a hacer ni el más mínimo comentario respecto a ni mierda.
Primera presentación de Tinelli que es una mierda 👎🏼,multilingual_toxicity_explained_es,analysis,,primera presentación de tinelli que es una mierda 👎🏼
Gran puta que reflejos tenía Bush,multilingual_toxicity_explained_es,analysis,,gran puta que reflejos tenía bush
Que ganas de tener esas tetas,multilingual_toxicity_explained_es,analysis,,que ganas de tener esas tetas
"Las cortes corruptas y ahora también con abusos sexuales, de razón la justicia de este país esta vuelta MIERDA.",multilingual_toxicity_explained_es,analysis,,"las cortes corruptas y ahora también con abusos sexuales, de razón la justicia de este país esta vuelta mierda."
pero callate — Pero que me dejes 👊,multilingual_toxicity_explained_es,analysis,,pero callate — pero que me dejes 👊
Odio más a los pinches grillos cuando estoy estresada 😭,multilingual_toxicity_explained_es,analysis,,odio más a los pinches grillos cuando estoy estresada 😭
"¿Será mongolo de nacimiento, o solamente estará interpretando un papel?",multilingual_toxicity_explained_es,analysis,,"¿será mongolo de nacimiento, o solamente estará interpretando un papel?"
"¡Vallekanos yonkis y gitanos! Orgullosos de nuestro barrio, no lo podréis entender 💪",multilingual_toxicity_explained_es,analysis,,"¡vallekanos yonkis y gitanos! orgullosos de nuestro barrio, no lo podréis entender 💪"
Sisi viva la patria y coso pero NO SUBAN FOTOS DE SUS LOCROS,multilingual_toxicity_explained_es,analysis,,sisi viva la patria y coso pero no suban fotos de sus locros
Así qué como usted hay tanto imbécil qué por ser socialista y de izquierda cree qué no somos independientes.,multilingual_toxicity_explained_es,analysis,,así qué como usted hay tanto imbécil qué por ser socialista y de izquierda cree qué no somos independientes.
No sea imbécil la idea es salir con precaución para reactivar la economía que lleva meses por culpa del COVID-19.,multilingual_toxicity_explained_es,analysis,,no sea imbécil la idea es salir con precaución para reactivar la economía que lleva meses por culpa del covid-19.
Quien poronga es el Pirizz,multilingual_toxicity_explained_es,analysis,,quien poronga es el pirizz
3 horas seguidas haciendo cosas para la puta partida Creo que me podría acostumbrar a esto,multilingual_toxicity_explained_es,analysis,,3 horas seguidas haciendo cosas para la puta partida creo que me podría acostumbrar a esto
Ayer escrachamos al pelotudo del Mono Ramos y hoy al infeliz lo echaron.,multilingual_toxicity_explained_es,analysis,,ayer escrachamos al pelotudo del mono ramos y hoy al infeliz lo echaron.
"Aveces Nose si bloquear a Abi de tw o hablarle y mandarla a cagar, que mina más pelotuda es",multilingual_toxicity_explained_es,analysis,,"aveces nose si bloquear a abi de tw o hablarle y mandarla a cagar, que mina más pelotuda es"
Si entendieran que no por salir embarazada se tienen que casar se ahorrarían muchos pedos después,multilingual_toxicity_explained_es,analysis,,si entendieran que no por salir embarazada se tienen que casar se ahorrarían muchos pedos después
Entrar al metro es como bajar al infierno,multilingual_toxicity_explained_es,analysis,,entrar al metro es como bajar al infierno
"A firmar xq Dalito anda pidiendo asilo, se nos quiere quedar en USA, mejor q regrese y de la cara.",multilingual_toxicity_explained_es,analysis,,"a firmar xq dalito anda pidiendo asilo, se nos quiere quedar en usa, mejor q regrese y de la cara."
"Mi perra vale pico, juro que me había levantado a jugar y tomó su peluche jajaajja Küyén de mrda",multilingual_toxicity_explained_es,analysis,,"mi perra vale pico, juro que me había levantado a jugar y tomó su peluche jajaajja küyén de mrda"
Muy fan de la forma de saludar de Pablo a la gente que no conoce de una mierda.,multilingual_toxicity_explained_es,analysis,,muy fan de la forma de saludar de pablo a la gente que no conoce de una mierda.
Ya puse la de Don't Want A Miss A Thing de Aeroesmith por si se acaba el mundo ahorita ridículos.,multilingual_toxicity_explained_es,analysis,,ya puse la de don't want a miss a thing de aeroesmith por si se acaba el mundo ahorita ridículos.
Los perroflautas que libráis hoy no decís nada ehh?? #DiaDeLaConstitucionEspanola,multilingual_toxicity_explained_es,analysis,,los perroflautas que libráis hoy no decís nada ehh?? #diadelaconstitucionespanola
Las Cortes con rabo de paja hablan de moral 🤣🤣🤣,multilingual_toxicity_explained_es,analysis,,las cortes con rabo de paja hablan de moral 🤣🤣🤣
Tengo un quilombo en la cabeza y el corazón hecho verga,multilingual_toxicity_explained_es,analysis,,tengo un quilombo en la cabeza y el corazón hecho verga
Llevo más de un mes con los pies hinchados que mierda._.,multilingual_toxicity_explained_es,analysis,,llevo más de un mes con los pies hinchados que mierda._.
Menos mal que no te reiste cuando perdí la quinta porque podía llegar a tirarte por el balcón,multilingual_toxicity_explained_es,analysis,,menos mal que no te reiste cuando perdí la quinta porque podía llegar a tirarte por el balcón
Que utilicen los recursos de un partido para ganar una Curul y luego coger la de villa Diego con burla!,multilingual_toxicity_explained_es,analysis,,que utilicen los recursos de un partido para ganar una curul y luego coger la de villa diego con burla!
"Tener pareja es la verga; pero tener amigos, verdaderos amigos eso no se compara con nada.",multilingual_toxicity_explained_es,analysis,,"tener pareja es la verga; pero tener amigos, verdaderos amigos eso no se compara con nada."
Ni para un hijueputa par de medias.,multilingual_toxicity_explained_es,analysis,,ni para un hijueputa par de medias.
Que hdp cuando nos pinta bajón inventamos lo que sea para comer,multilingual_toxicity_explained_es,analysis,,que hdp cuando nos pinta bajón inventamos lo que sea para comer
a ver cuantos poneis tusa pesaos de los cojones,multilingual_toxicity_explained_es,analysis,,a ver cuantos poneis tusa pesaos de los cojones
Ya me dio esa sed de la que haces encabronar a los novios de las mujeres.,multilingual_toxicity_explained_es,analysis,,ya me dio esa sed de la que haces encabronar a los novios de las mujeres.
Habla como chileno antes de irte culiao weon la wea,multilingual_toxicity_explained_es,analysis,,habla como chileno antes de irte culiao weon la wea
"Le apunta con una escopeta  —¿¡A caso pretendes llevarme la contraria, maldito!?",multilingual_toxicity_explained_es,analysis,,"le apunta con una escopeta —¿¡a caso pretendes llevarme la contraria, maldito!?"
"Por qué puta no llueve ahora, YA",multilingual_toxicity_explained_es,analysis,,"por qué puta no llueve ahora, ya"
"Mi guatita me está matando, prometo dejar de comer mierda.",multilingual_toxicity_explained_es,analysis,,"mi guatita me está matando, prometo dejar de comer mierda."
Que mierda es esa ubicación millenial ahora estoy re enojado loko,multilingual_toxicity_explained_es,analysis,,que mierda es esa ubicación millenial ahora estoy re enojado loko
"Jajajajajajajajaja jueputa nombre para ñero, le hubieran dejado Covid",multilingual_toxicity_explained_es,analysis,,"jajajajajajajajaja jueputa nombre para ñero, le hubieran dejado covid"
"Me la suda el jopara hoy, voy a comer un sanwi y ya!",multilingual_toxicity_explained_es,analysis,,"me la suda el jopara hoy, voy a comer un sanwi y ya!"
"Copito está infumable, parece q sabe q es su cumpleaños",multilingual_toxicity_explained_es,analysis,,"copito está infumable, parece q sabe q es su cumpleaños"
Muy sorete el.... ni me habla ✋,multilingual_toxicity_explained_es,analysis,,muy sorete el.... ni me habla ✋
Este Santiago buchón de mierda😡,multilingual_toxicity_explained_es,analysis,,este santiago buchón de mierda😡
Se ven bien pinches finas sacando $8.50 pesitos de su bolsa michael kors para pagar el pasaje del transbus.,multilingual_toxicity_explained_es,analysis,,se ven bien pinches finas sacando $8.50 pesitos de su bolsa michael kors para pagar el pasaje del transbus.
Si se sienten medio boludos... acuerdense que una vez se hizo una caravana en honor a Paul Walker 😘,multilingual_toxicity_explained_es,analysis,,si se sienten medio boludos... acuerdense que una vez se hizo una caravana en honor a paul walker 😘
Iba a estar yo viendo esta mierda teniendo mi mente tranquila.,multilingual_toxicity_explained_es,analysis,,iba a estar yo viendo esta mierda teniendo mi mente tranquila.
COMO DIJO ROSA PARKS UNA BUENA MILI TE HACIA FALTA A TI MARICÓN,multilingual_toxicity_explained_es,analysis,,como dijo rosa parks una buena mili te hacia falta a ti maricón
Ahí si se irían de culo,multilingual_toxicity_explained_es,analysis,,ahí si se irían de culo
Uno para pasar los cólicoAY CHAO DE AQUÍ BOBA HIJUEPUTA.,multilingual_toxicity_explained_es,analysis,,uno para pasar los cólicoay chao de aquí boba hijueputa.
"si subo una historia es para q me la respondas boludo, no se cómo explicarte",multilingual_toxicity_explained_es,analysis,,"si subo una historia es para q me la respondas boludo, no se cómo explicarte"
Esa pistola con nobel me mandó a la xuxa,multilingual_toxicity_explained_es,analysis,,esa pistola con nobel me mandó a la xuxa
Pero callate un poco la concha de tu hermana,multilingual_toxicity_explained_es,analysis,,pero callate un poco la concha de tu hermana
Me falta follar joder para hacer pleno :(,multilingual_toxicity_explained_es,analysis,,me falta follar joder para hacer pleno :(
No existe alguien que me mueva el piso como vos,multilingual_toxicity_explained_es,analysis,,no existe alguien que me mueva el piso como vos
Que ninguna me mande nudes es otro pedo.,multilingual_toxicity_explained_es,analysis,,que ninguna me mande nudes es otro pedo.
Así que cámbiame la cara de ojete.,multilingual_toxicity_explained_es,analysis,,así que cámbiame la cara de ojete.
PUTO GORDO PENDEJO EL CAMPEÓN ERA WOS,multilingual_toxicity_explained_es,analysis,,puto gordo pendejo el campeón era wos
"No pienses eso coño jajajajaja que la cambien a la siguiente ciudad si quieren, no en Málaga 🤣🤣🤣🤣",multilingual_toxicity_explained_es,analysis,,"no pienses eso coño jajajajaja que la cambien a la siguiente ciudad si quieren, no en málaga 🤣🤣🤣🤣"
"Por un 2019 q me chupe todo un huevo, y que todo me duela menos🙏🏻",multilingual_toxicity_explained_es,analysis,,"por un 2019 q me chupe todo un huevo, y que todo me duela menos🙏🏻"
Y ganando 4 a 1... con todo esto .. intento sacar con su cabeza la pelota... que huevos carajo..,multilingual_toxicity_explained_es,analysis,,y ganando 4 a 1... con todo esto .. intento sacar con su cabeza la pelota... que huevos carajo..
JAJAJAJAJAJAJAJAJAJAJAJAJAJAJAJA QUE PUTA VERGÜENZA EL PENALTI QUE LE HAN REGALADO AL MADRID DIOS MIO!!!,multilingual_toxicity_explained_es,analysis,,jajajajajajajajajajajajajajajaja que puta vergüenza el penalti que le han regalado al madrid dios mio!!!
"Eso al régimen se lo pasa por el forro, tan habladera de paja y no pasa nada.",multilingual_toxicity_explained_es,analysis,,"eso al régimen se lo pasa por el forro, tan habladera de paja y no pasa nada."
"este tarado dijo que iba a dormir un ratito, van 3 horas",multilingual_toxicity_explained_es,analysis,,"este tarado dijo que iba a dormir un ratito, van 3 horas"
Con dos huevos... q pasada macho,multilingual_toxicity_explained_es,analysis,,con dos huevos... q pasada macho
"A mamarla moros españolitos, los verdaderos españoles están en el norte",multilingual_toxicity_explained_es,analysis,,"a mamarla moros españolitos, los verdaderos españoles están en el norte"
Miren este video y después vean quienes son los verdaderos racistas,multilingual_toxicity_explained_es,analysis,,miren este video y después vean quienes son los verdaderos racistas
"Que se yo, cosas insignificantes que como siempre como buen boludo me pongo mal.",multilingual_toxicity_explained_es,analysis,,"que se yo, cosas insignificantes que como siempre como buen boludo me pongo mal."
La verdad le duele a ese mequetrefe,multilingual_toxicity_explained_es,analysis,,la verdad le duele a ese mequetrefe
noo gato como extraño romper colas en el ludo😔😔,multilingual_toxicity_explained_es,analysis,,noo gato como extraño romper colas en el ludo😔😔
no me puedo dormir la gran concha d su madre,multilingual_toxicity_explained_es,analysis,,no me puedo dormir la gran concha d su madre
Tengo que dejar de darle vueltas a la facu coño,multilingual_toxicity_explained_es,analysis,,tengo que dejar de darle vueltas a la facu coño
los dioses nos van a castigar x estas mierdas jswjjsjaaj q decia,multilingual_toxicity_explained_es,analysis,,los dioses nos van a castigar x estas mierdas jswjjsjaaj q decia
"23 de septiembre del 2020 me entero que DMS significa demasiado, me quiero cortar las tetas!",multilingual_toxicity_explained_es,analysis,,"23 de septiembre del 2020 me entero que dms significa demasiado, me quiero cortar las tetas!"
Me volví a enamorar pero otra vez a la mierda.,multilingual_toxicity_explained_es,analysis,,me volví a enamorar pero otra vez a la mierda.
Me refregué los ojos y me acorde q la estuve re mil acariciando a esta perra zorra 😢,multilingual_toxicity_explained_es,analysis,,me refregué los ojos y me acorde q la estuve re mil acariciando a esta perra zorra 😢
se me ha calado el coche en la puta rampa mas heavy que he subido nunca,multilingual_toxicity_explained_es,analysis,,se me ha calado el coche en la puta rampa mas heavy que he subido nunca
"No intento cambiar a la gente pero si sé que das más , pues coño para que conformarte ?",multilingual_toxicity_explained_es,analysis,,"no intento cambiar a la gente pero si sé que das más , pues coño para que conformarte ?"
quien viene a ver detective pikachu conmigo aunque parezca una mierda?,multilingual_toxicity_explained_es,analysis,,quien viene a ver detective pikachu conmigo aunque parezca una mierda?
"Opino lo mismo, da risa leer a los que no tienen ni puta idea",multilingual_toxicity_explained_es,analysis,,"opino lo mismo, da risa leer a los que no tienen ni puta idea"
Te hubise puesto una luca en el bolsillo para que me trajeras unas piscolas a la mesa,multilingual_toxicity_explained_es,analysis,,te hubise puesto una luca en el bolsillo para que me trajeras unas piscolas a la mesa
O hacen historias de putas y traquetos.,multilingual_toxicity_explained_es,analysis,,o hacen historias de putas y traquetos.
"Joder, todo muerto es bueno.",multilingual_toxicity_explained_es,analysis,,"joder, todo muerto es bueno."
Daniel Mendoza y Gener Usuga son tan HIJUEPUTAS la bajeza de ellos de meterse con un niño.,multilingual_toxicity_explained_es,analysis,,daniel mendoza y gener usuga son tan hijueputas la bajeza de ellos de meterse con un niño.
Y digo pringados porque me acuerdo del motivo por el que me bloquearon y me parto el culo de risa,multilingual_toxicity_explained_es,analysis,,y digo pringados porque me acuerdo del motivo por el que me bloquearon y me parto el culo de risa
"Y aquí estoy yo, hablándote primero otra maldita vez.",multilingual_toxicity_explained_es,analysis,,"y aquí estoy yo, hablándote primero otra maldita vez."
Como siempre las ratas son las primeras en huir.,multilingual_toxicity_explained_es,analysis,,como siempre las ratas son las primeras en huir.
Noooooo la concha de la tu vieja mas mal no se puede comenzar????,multilingual_toxicity_explained_es,analysis,,noooooo la concha de la tu vieja mas mal no se puede comenzar????
Sisi pienso cagarle el final a todos xq fue una mierda,multilingual_toxicity_explained_es,analysis,,sisi pienso cagarle el final a todos xq fue una mierda
"Se debe estar muy pendejo para compararlos, pero se debe estar mucho más pendejo para demeritar a uno por otro.",multilingual_toxicity_explained_es,analysis,,"se debe estar muy pendejo para compararlos, pero se debe estar mucho más pendejo para demeritar a uno por otro."
"Pobre infeliz, el no le llega ni a la suela de los zapatos a BRANDONI...",multilingual_toxicity_explained_es,analysis,,"pobre infeliz, el no le llega ni a la suela de los zapatos a brandoni..."
"Es una pandemia, no comentarios para la tribuna.",multilingual_toxicity_explained_es,analysis,,"es una pandemia, no comentarios para la tribuna."
cuando se dio cuenta de la cagada que hizo😵,multilingual_toxicity_explained_es,analysis,,cuando se dio cuenta de la cagada que hizo😵
Otra de  “el mundo es resultado de un pedo originario”,multilingual_toxicity_explained_es,analysis,,otra de “el mundo es resultado de un pedo originario”
"Si si, vete llorando ya",multilingual_toxicity_explained_es,analysis,,"si si, vete llorando ya"
Por esta misma razón me resisto siempre que paja,multilingual_toxicity_explained_es,analysis,,por esta misma razón me resisto siempre que paja
callate gil lo va a ver luana,multilingual_toxicity_explained_es,analysis,,callate gil lo va a ver luana
Le pusiste sueldo de 50k a pateadores cualquiera con primas anuales hasta por si se tiraba un pedo.,multilingual_toxicity_explained_es,analysis,,le pusiste sueldo de 50k a pateadores cualquiera con primas anuales hasta por si se tiraba un pedo.
Nadie querrá ser presidente de una organización criminal,multilingual_toxicity_explained_es,analysis,,nadie querrá ser presidente de una organización criminal
Sigan con sus Maricadas de marchas para que después le echen culpa al gobierno de los aumentos de cocos-19.,multilingual_toxicity_explained_es,analysis,,sigan con sus maricadas de marchas para que después le echen culpa al gobierno de los aumentos de cocos-19.
Por culpa de aficionados como el tontopollas este se rien de nuestro equipo,multilingual_toxicity_explained_es,analysis,,por culpa de aficionados como el tontopollas este se rien de nuestro equipo
Que paja ir al minor locooo!,multilingual_toxicity_explained_es,analysis,,que paja ir al minor locooo!
Me ha hecho sentir cosas coño.,multilingual_toxicity_explained_es,analysis,,me ha hecho sentir cosas coño.
se va a hacer caca de tanto apretar,multilingual_toxicity_explained_es,analysis,,se va a hacer caca de tanto apretar
Ni aquí ni en la quebra' de tu raja.,multilingual_toxicity_explained_es,analysis,,ni aquí ni en la quebra' de tu raja.
Par de hijueputas cínicos y descarados que merecen ser extraditados,multilingual_toxicity_explained_es,analysis,,par de hijueputas cínicos y descarados que merecen ser extraditados
"Salí de ahí Martínez, es pasar vergüenza al pedo",multilingual_toxicity_explained_es,analysis,,"salí de ahí martínez, es pasar vergüenza al pedo"
Luego coñazo absoluto lo q movera en torno a ella en redes sociales por ej.,multilingual_toxicity_explained_es,analysis,,luego coñazo absoluto lo q movera en torno a ella en redes sociales por ej.
encontré la pistola pa los aros mmmm 5 favs y me hago uno,multilingual_toxicity_explained_es,analysis,,encontré la pistola pa los aros mmmm 5 favs y me hago uno
MALDITA DERECHA GUARDAR EL HACHA YA Y RESPETAR MÁS A NUESTROS MAGNÍFICO CIUDADANOS.,multilingual_toxicity_explained_es,analysis,,maldita derecha guardar el hacha ya y respetar más a nuestros magnífico ciudadanos.
Qué humor de mierda manejo🤯🤯,multilingual_toxicity_explained_es,analysis,,qué humor de mierda manejo🤯🤯
Que caro nos salió la maldita revolución chavomadurista!,multilingual_toxicity_explained_es,analysis,,que caro nos salió la maldita revolución chavomadurista!
Pero le tenéis q comer la polla ah ah GRANDE CR7,multilingual_toxicity_explained_es,analysis,,pero le tenéis q comer la polla ah ah grande cr7
Se ganan todo eso y muchos no hacen un culo allá.,multilingual_toxicity_explained_es,analysis,,se ganan todo eso y muchos no hacen un culo allá.
Que se puede esperar de un burro más que una patada?,multilingual_toxicity_explained_es,analysis,,que se puede esperar de un burro más que una patada?
Dejad de hacer puto spoiler,multilingual_toxicity_explained_es,analysis,,dejad de hacer puto spoiler
Aue puto coraje la vd🤬🤬🤬,multilingual_toxicity_explained_es,analysis,,aue puto coraje la vd🤬🤬🤬
"Que amigo sos eh, gil de mierda",multilingual_toxicity_explained_es,analysis,,"que amigo sos eh, gil de mierda"
Y sin un puto dia de cárcel y con miles de muertes a sus espaldas.,multilingual_toxicity_explained_es,analysis,,y sin un puto dia de cárcel y con miles de muertes a sus espaldas.
Pero hay veces es las que no podes garchar pero eso si podes crack,multilingual_toxicity_explained_es,analysis,,pero hay veces es las que no podes garchar pero eso si podes crack
No puede ser posible que cada vez que saca un puto tema este increíblemente buenarrrdoooo,multilingual_toxicity_explained_es,analysis,,no puede ser posible que cada vez que saca un puto tema este increíblemente buenarrrdoooo
"La Camila qlia me tiene chata, ansiosa de mierda, angurri.",multilingual_toxicity_explained_es,analysis,,"la camila qlia me tiene chata, ansiosa de mierda, angurri."
y cuando queda leche pero no te da ni para un chupito que?,multilingual_toxicity_explained_es,analysis,,y cuando queda leche pero no te da ni para un chupito que?
Trasnochar viendo películas de mierda is my passion,multilingual_toxicity_explained_es,analysis,,trasnochar viendo películas de mierda is my passion
Otro pobre retrasado esperando su paguita. Con la que le pasa Soria no le llega... (Putos recortes) 😂,multilingual_toxicity_explained_es,analysis,,otro pobre retrasado esperando su paguita. con la que le pasa soria no le llega... (putos recortes) 😂
Mejoremos el nivel del típico chileno y sudaca por favor.,multilingual_toxicity_explained_es,analysis,,mejoremos el nivel del típico chileno y sudaca por favor.
Que paja ser alérgico en tiempos de covid.,multilingual_toxicity_explained_es,analysis,,que paja ser alérgico en tiempos de covid.
No puedo llegar a ver la serie x este pelotudo y le cambio la contra de netflix 😡,multilingual_toxicity_explained_es,analysis,,no puedo llegar a ver la serie x este pelotudo y le cambio la contra de netflix 😡
"Jajajajajajajaja que imbécil soy, me estoy riendo en el colectivo como desquiciada",multilingual_toxicity_explained_es,analysis,,"jajajajajajajaja que imbécil soy, me estoy riendo en el colectivo como desquiciada"
"En serio NO hagas nada malo, cabron porque ella de todo se entera.",multilingual_toxicity_explained_es,analysis,,"en serio no hagas nada malo, cabron porque ella de todo se entera."
"Extraños a mi team loco, extraño los martes y jueves de cagarnos de risa y tomar mate 😢",multilingual_toxicity_explained_es,analysis,,"extraños a mi team loco, extraño los martes y jueves de cagarnos de risa y tomar mate 😢"
"Puede no ES un engaño, no podemos creer en este dictador comunista. CALLE hasta que se vayan",multilingual_toxicity_explained_es,analysis,,"puede no es un engaño, no podemos creer en este dictador comunista. calle hasta que se vayan"
"Uff qué tan poco me banco a los hombres la concha de mi madre, con suerte me caerán bien 5",multilingual_toxicity_explained_es,analysis,,"uff qué tan poco me banco a los hombres la concha de mi madre, con suerte me caerán bien 5"
Jamás superaré su puta risa enserio vivo enamorada JAJAJAJAJ,multilingual_toxicity_explained_es,analysis,,jamás superaré su puta risa enserio vivo enamorada jajajajaj
"rivivio el árbitro con el penalti a suárez, subnormal",multilingual_toxicity_explained_es,analysis,,"rivivio el árbitro con el penalti a suárez, subnormal"
cada vez que veo la corrida del pity hacía la gloria eterna lloro como un maricón,multilingual_toxicity_explained_es,analysis,,cada vez que veo la corrida del pity hacía la gloria eterna lloro como un maricón
gente dejen de romper las bolas si me baño todos los días no entienden el sarcasmo acaso,multilingual_toxicity_explained_es,analysis,,gente dejen de romper las bolas si me baño todos los días no entienden el sarcasmo acaso
Que cagada es no sentirse cómodo en ningún lugar 😂,multilingual_toxicity_explained_es,analysis,,que cagada es no sentirse cómodo en ningún lugar 😂
Me apetece la de dios comerme la boca pila guarro con alguien,multilingual_toxicity_explained_es,analysis,,me apetece la de dios comerme la boca pila guarro con alguien
Cállate bobo anda a teñirte bien el pelo,multilingual_toxicity_explained_es,analysis,,cállate bobo anda a teñirte bien el pelo
Me iba a traer una wea nazi y al final no pudo un amigo,multilingual_toxicity_explained_es,analysis,,me iba a traer una wea nazi y al final no pudo un amigo
Yo de él mandaba a la 💩 al Real y buscaba equipo,multilingual_toxicity_explained_es,analysis,,yo de él mandaba a la 💩 al real y buscaba equipo
Se me fue el filtro a la mierda...,multilingual_toxicity_explained_es,analysis,,se me fue el filtro a la mierda...
todo q m va a salir mal hoy laputamadre,multilingual_toxicity_explained_es,analysis,,todo q m va a salir mal hoy laputamadre
"Hoy tengo prueba de trabajo, csm un mierda mierda por la anto plis",multilingual_toxicity_explained_es,analysis,,"hoy tengo prueba de trabajo, csm un mierda mierda por la anto plis"
"Yo no soy el hazme reír de nadie, concha de tu madre.",multilingual_toxicity_explained_es,analysis,,"yo no soy el hazme reír de nadie, concha de tu madre."
No eso no alcanza todos los días el mismo Hijueputa madraso.,multilingual_toxicity_explained_es,analysis,,no eso no alcanza todos los días el mismo hijueputa madraso.
"esta gente se cree que ser tóxico es cool, no cabron no es cool🤨",multilingual_toxicity_explained_es,analysis,,"esta gente se cree que ser tóxico es cool, no cabron no es cool🤨"
"hace dos semanas q me voy a dormir todos los días mariconeando, no me canso",multilingual_toxicity_explained_es,analysis,,"hace dos semanas q me voy a dormir todos los días mariconeando, no me canso"
¡Pues ya está todo claro! La culpa es nuestra por haberles fallado ONE MORE TIME !!,multilingual_toxicity_explained_es,analysis,,¡pues ya está todo claro! la culpa es nuestra por haberles fallado one more time !!
Una cuna de imbéciles que se creen con el derecho de dar cátedra a su gusto.,multilingual_toxicity_explained_es,analysis,,una cuna de imbéciles que se creen con el derecho de dar cátedra a su gusto.
Claramente te sentaste arriba de la torta porque el pelo te lo cortaron con la pija jsksjsksjs,multilingual_toxicity_explained_es,analysis,,claramente te sentaste arriba de la torta porque el pelo te lo cortaron con la pija jsksjsksjs
Uruuayos cagones ya les tocara venir a Chile!,multilingual_toxicity_explained_es,analysis,,uruuayos cagones ya les tocara venir a chile!
"Nicolás Burdisso incompetente de mierda, trae un refuerzo como la gente o deja de hablar giladas",multilingual_toxicity_explained_es,analysis,,"nicolás burdisso incompetente de mierda, trae un refuerzo como la gente o deja de hablar giladas"
Acá ustedes tienen rabo de paja.,multilingual_toxicity_explained_es,analysis,,acá ustedes tienen rabo de paja.
JAJAJAJAJAJA  *Se crea un Twitter y la sigue armando de a pedo,multilingual_toxicity_explained_es,analysis,,jajajajajaja *se crea un twitter y la sigue armando de a pedo
"A los que les chupa la poronga y defiende a garnero, que se vayan con el de paso GRACIAS!",multilingual_toxicity_explained_es,analysis,,"a los que les chupa la poronga y defiende a garnero, que se vayan con el de paso gracias!"
"Cuando no, ese pedazo de Hpta en contra del ejército nacional.",multilingual_toxicity_explained_es,analysis,,"cuando no, ese pedazo de hpta en contra del ejército nacional."
La Corte está llena de pura mierda.,multilingual_toxicity_explained_es,analysis,,la corte está llena de pura mierda.
"Si pudimos mandar a Cantora a la sobrinisima, podemos mandar a la hortera de la brilli a su casa!!",multilingual_toxicity_explained_es,analysis,,"si pudimos mandar a cantora a la sobrinisima, podemos mandar a la hortera de la brilli a su casa!!"
Que paja tener q hacer mi corpiño también no ?,multilingual_toxicity_explained_es,analysis,,que paja tener q hacer mi corpiño también no ?
Y se me colaron unos mamertos politiqueros.,multilingual_toxicity_explained_es,analysis,,y se me colaron unos mamertos politiqueros.
Con 25 minutos no salvas las cagadas de todo un torneo.,multilingual_toxicity_explained_es,analysis,,con 25 minutos no salvas las cagadas de todo un torneo.
"HERNANO YO QUIERO DORMIR TAMBIEN, LA PUTA MADRE 😒",multilingual_toxicity_explained_es,analysis,,"hernano yo quiero dormir tambien, la puta madre 😒"
Tanto quilombo x las entradas y fue una mierda la egresado del CAI,multilingual_toxicity_explained_es,analysis,,tanto quilombo x las entradas y fue una mierda la egresado del cai
Me emperra que a estas alturas haya negocios que no acepten pago con tarjeta... 🤬 Pinche elotero mamón.,multilingual_toxicity_explained_es,analysis,,me emperra que a estas alturas haya negocios que no acepten pago con tarjeta... 🤬 pinche elotero mamón.
Q ahora en reemplazo de Nuria pongan a Anabel y una mierdaaaa NADIE QUIERE A ANABEL!,multilingual_toxicity_explained_es,analysis,,q ahora en reemplazo de nuria pongan a anabel y una mierdaaaa nadie quiere a anabel!
"Primero los que deben responder son ustedes parranda de Hijueputas asesinos, violadores.",multilingual_toxicity_explained_es,analysis,,"primero los que deben responder son ustedes parranda de hijueputas asesinos, violadores."
"Ocupamos un defensa matón, un defensa perro, agerrido y de huevos.",multilingual_toxicity_explained_es,analysis,,"ocupamos un defensa matón, un defensa perro, agerrido y de huevos."
Este noticentro aliándose con los malditos partidos de siempre y no le dan oportunidad a los nuevos.,multilingual_toxicity_explained_es,analysis,,este noticentro aliándose con los malditos partidos de siempre y no le dan oportunidad a los nuevos.
"Jugamos como las weas...Holgado la tubo y la pico y se la perdió, el resto a la fifa,ya perdimos.",multilingual_toxicity_explained_es,analysis,,"jugamos como las weas...holgado la tubo y la pico y se la perdió, el resto a la fifa,ya perdimos."
Ojalá hubieran más cosas para decirle a ese TETRAHUJUEPUTA,multilingual_toxicity_explained_es,analysis,,ojalá hubieran más cosas para decirle a ese tetrahujueputa
Donde putas estará Daniel Ortega?🤔,multilingual_toxicity_explained_es,analysis,,donde putas estará daniel ortega?🤔
Ese momento incómodo cuando crees hablar con alguien en Grindr por primera vez pero te dice que ya culearon,multilingual_toxicity_explained_es,analysis,,ese momento incómodo cuando crees hablar con alguien en grindr por primera vez pero te dice que ya culearon
Así me gusta que venga gente preparada y educada en las más rancias y refinadas tradiciones.,multilingual_toxicity_explained_es,analysis,,así me gusta que venga gente preparada y educada en las más rancias y refinadas tradiciones.
Eso muestra la rata tan hijueputa que es Petro.,multilingual_toxicity_explained_es,analysis,,eso muestra la rata tan hijueputa que es petro.
En cualquier momento colapsa 🇻🇪😞,multilingual_toxicity_explained_es,analysis,,en cualquier momento colapsa 🇻🇪😞
Ella sabe cómo dejar que este emputada jajajajajajaj,multilingual_toxicity_explained_es,analysis,,ella sabe cómo dejar que este emputada jajajajajajaj
"Necesitaba desahogarme con esa wea, te juro que me cae muy mal ese viejo culiao 😑",multilingual_toxicity_explained_es,analysis,,"necesitaba desahogarme con esa wea, te juro que me cae muy mal ese viejo culiao 😑"
"Es una victima, que diria elisa beni.",multilingual_toxicity_explained_es,analysis,,"es una victima, que diria elisa beni."
Gran puta Tyrone Lannister sabe dar izquierdazos.,multilingual_toxicity_explained_es,analysis,,gran puta tyrone lannister sabe dar izquierdazos.
Muy temprano para hablar tanta paja,multilingual_toxicity_explained_es,analysis,,muy temprano para hablar tanta paja
Decirle mierda ofende a la mierda.,multilingual_toxicity_explained_es,analysis,,decirle mierda ofende a la mierda.
Porque de eso nada que responde y se hace el pendejo.,multilingual_toxicity_explained_es,analysis,,porque de eso nada que responde y se hace el pendejo.
Para que se les acabe ese jueguito a todos esos violadores de las Farc,multilingual_toxicity_explained_es,analysis,,para que se les acabe ese jueguito a todos esos violadores de las farc
"La clase estuvo buena pero súper mocha a mi parecer, si consideramos que es folclore y tiene un background brutal.",multilingual_toxicity_explained_es,analysis,,"la clase estuvo buena pero súper mocha a mi parecer, si consideramos que es folclore y tiene un background brutal."
hoy hicimos esa patada que barre por abajo y pensaba: en el mortal kombat era más fácil.,multilingual_toxicity_explained_es,analysis,,hoy hicimos esa patada que barre por abajo y pensaba: en el mortal kombat era más fácil.
Me voy hacer la paja con arrechera y a dormir.,multilingual_toxicity_explained_es,analysis,,me voy hacer la paja con arrechera y a dormir.
Es decir las cortes son la mierda de la institucionalidad en el país.,multilingual_toxicity_explained_es,analysis,,es decir las cortes son la mierda de la institucionalidad en el país.
"Que triste, de la persona que menos lo esperaba, me hizo mierda.",multilingual_toxicity_explained_es,analysis,,"que triste, de la persona que menos lo esperaba, me hizo mierda."
"A la mierda el orgullo, le voy a hablar  —Buenos días, vecino.",multilingual_toxicity_explained_es,analysis,,"a la mierda el orgullo, le voy a hablar —buenos días, vecino."
Es más fácil ganarse el baloto que conseguir un hijueputa sitp en menos de 35 min.,multilingual_toxicity_explained_es,analysis,,es más fácil ganarse el baloto que conseguir un hijueputa sitp en menos de 35 min.
"déjala ahí amiga es siempre lo mismo, q les chupe un huevo todo lo q dicen",multilingual_toxicity_explained_es,analysis,,"déjala ahí amiga es siempre lo mismo, q les chupe un huevo todo lo q dicen"
"Sacate la camiseta y secate las lagrimas con ella, marico. Agradece que estás presenciando historia pura, te guste o no.",multilingual_toxicity_explained_es,analysis,,"sacate la camiseta y secate las lagrimas con ella, marico. agradece que estás presenciando historia pura, te guste o no."
Así que no se venga a lavar las manos por los antecedentes de su Papito.,multilingual_toxicity_explained_es,analysis,,así que no se venga a lavar las manos por los antecedentes de su papito.
"No sean pelotudos, porque sale en netflix se enteraron que tacumbú es un kilombo pio?",multilingual_toxicity_explained_es,analysis,,"no sean pelotudos, porque sale en netflix se enteraron que tacumbú es un kilombo pio?"
Bue pelotudo fue sin querer 💔💔 perdón jeje,multilingual_toxicity_explained_es,analysis,,bue pelotudo fue sin querer 💔💔 perdón jeje
Los mejores y los más valientes,multilingual_toxicity_explained_es,analysis,,los mejores y los más valientes
Por qué coño ponen solo videos hablando Koala y Míriam de la mugrepandi??????,multilingual_toxicity_explained_es,analysis,,por qué coño ponen solo videos hablando koala y míriam de la mugrepandi??????
"SI LA EBAU SOM GACELAS NOSOTROS SOMOS LEONES COÑO, VENGA A POR ELLOS COÑO",multilingual_toxicity_explained_es,analysis,,"si la ebau som gacelas nosotros somos leones coño, venga a por ellos coño"
que tiene que ver el feminismo con nazis de mierda,multilingual_toxicity_explained_es,analysis,,que tiene que ver el feminismo con nazis de mierda
"Miro a mi novia y digo, qué mierda hice para merecer una persona tan buena y hermosa como vos?",multilingual_toxicity_explained_es,analysis,,"miro a mi novia y digo, qué mierda hice para merecer una persona tan buena y hermosa como vos?"
Entonces anda comete un pancho cobra o un lomito de terraterra y deja de hacerte el finoli...,multilingual_toxicity_explained_es,analysis,,entonces anda comete un pancho cobra o un lomito de terraterra y deja de hacerte el finoli...
"Amonestación a Van Dijk, da el balón y se lleva el tobillo del maldito enano",multilingual_toxicity_explained_es,analysis,,"amonestación a van dijk, da el balón y se lleva el tobillo del maldito enano"
oye que me suda la polla la cantidad de billetes que os han traido los reyes xd,multilingual_toxicity_explained_es,analysis,,oye que me suda la polla la cantidad de billetes que os han traido los reyes xd
Como mierda no hay viadil en esta casa!,multilingual_toxicity_explained_es,analysis,,como mierda no hay viadil en esta casa!
"Si, seré esa amiga y la tía buena pal webeo",multilingual_toxicity_explained_es,analysis,,"si, seré esa amiga y la tía buena pal webeo"
cagondios pk no tengo pruebas k sino,multilingual_toxicity_explained_es,analysis,,cagondios pk no tengo pruebas k sino
Estoy de Suso hasta el mismo ojete.,multilingual_toxicity_explained_es,analysis,,estoy de suso hasta el mismo ojete.
No me canso de mandar a todos los grupos mi tema del pito,multilingual_toxicity_explained_es,analysis,,no me canso de mandar a todos los grupos mi tema del pito
che no quiero joder pero vi a varias pibas hablar d un escracho m podrias contar que onda?,multilingual_toxicity_explained_es,analysis,,che no quiero joder pero vi a varias pibas hablar d un escracho m podrias contar que onda?
Sé que Sari tiene ganas de chingarse al Winston Fish,multilingual_toxicity_explained_es,analysis,,sé que sari tiene ganas de chingarse al winston fish
Martin es mas wn que las palomas...inocente el cabro #Los80,multilingual_toxicity_explained_es,analysis,,martin es mas wn que las palomas...inocente el cabro #los80
"Nadie me va a recibir, ya me imagino durmiendo cagada de frío en el banco de una plaza",multilingual_toxicity_explained_es,analysis,,"nadie me va a recibir, ya me imagino durmiendo cagada de frío en el banco de una plaza"
Y entonces este mequetrefe cuando va para la cárcel,multilingual_toxicity_explained_es,analysis,,y entonces este mequetrefe cuando va para la cárcel
Ese pedazo de Hpta nunca va contestar.,multilingual_toxicity_explained_es,analysis,,ese pedazo de hpta nunca va contestar.
"Si no quiere enterder, es usted un tremendo pedazo de weon",multilingual_toxicity_explained_es,analysis,,"si no quiere enterder, es usted un tremendo pedazo de weon"
Quien los manda a meterse ahí.,multilingual_toxicity_explained_es,analysis,,quien los manda a meterse ahí.
Acá hay mucho boludo pidiendo que devuelvan plata !,multilingual_toxicity_explained_es,analysis,,acá hay mucho boludo pidiendo que devuelvan plata !
"U hoy o mañana sale (y daré porculo como Dio manda, por supuesto).",multilingual_toxicity_explained_es,analysis,,"u hoy o mañana sale (y daré porculo como dio manda, por supuesto)."
Hay que probarlo todo en la vida (dijo sacandose un hamster muerto del orto),multilingual_toxicity_explained_es,analysis,,hay que probarlo todo en la vida (dijo sacandose un hamster muerto del orto)
Que falta ni que nada que puta,multilingual_toxicity_explained_es,analysis,,que falta ni que nada que puta
"No sé si comer, cagar, dormir o ir a misa, me siento tan confundido.",multilingual_toxicity_explained_es,analysis,,"no sé si comer, cagar, dormir o ir a misa, me siento tan confundido."
👏🏼👏🏼 gracias a ustedes el país va para la mierda.,multilingual_toxicity_explained_es,analysis,,👏🏼👏🏼 gracias a ustedes el país va para la mierda.
ESOS CABRONES HUELEN EL MIEDO.,multilingual_toxicity_explained_es,analysis,,esos cabrones huelen el miedo.
Era hacerlo putear al pedo.,multilingual_toxicity_explained_es,analysis,,era hacerlo putear al pedo.
Cada quien decide en qué infierno se quema juju,multilingual_toxicity_explained_es,analysis,,cada quien decide en qué infierno se quema juju
En cualquier bar de mala muerte se come rico en Baires!,multilingual_toxicity_explained_es,analysis,,en cualquier bar de mala muerte se come rico en baires!
Y el papel secundario de Gordon Pinsent es una puta maravilla!!!!,multilingual_toxicity_explained_es,analysis,,y el papel secundario de gordon pinsent es una puta maravilla!!!!
"Como no encuentro Mickeys, me dedicó a mirar culos.",multilingual_toxicity_explained_es,analysis,,"como no encuentro mickeys, me dedicó a mirar culos."
Deje de hablar tanta mierda qué en eso si son buenos.,multilingual_toxicity_explained_es,analysis,,deje de hablar tanta mierda qué en eso si son buenos.
swiss medical y la concha de tu madre,multilingual_toxicity_explained_es,analysis,,swiss medical y la concha de tu madre
me encanta cuando la gente no entiende una mierda y habla pelotudeces porque sí,multilingual_toxicity_explained_es,analysis,,me encanta cuando la gente no entiende una mierda y habla pelotudeces porque sí
Sigan Saliendo parranda de Hijueputas...Sigan creyendo que esto es un juego y que son inmunes al Covid-19.,multilingual_toxicity_explained_es,analysis,,sigan saliendo parranda de hijueputas...sigan creyendo que esto es un juego y que son inmunes al covid-19.
La Cuarentena no sirve para un culo.,multilingual_toxicity_explained_es,analysis,,la cuarentena no sirve para un culo.
"culiada para un poco, CUARTO trabajo que nos mandas en dos semanas hijadputa",multilingual_toxicity_explained_es,analysis,,"culiada para un poco, cuarto trabajo que nos mandas en dos semanas hijadputa"
Los españoles ¿tenemos una paciencia infinita o somos imbéciles con avaricia?,multilingual_toxicity_explained_es,analysis,,los españoles ¿tenemos una paciencia infinita o somos imbéciles con avaricia?
Tiene que ser uno muy HIJUEPUTA en este mundo para meterse con los niños de alguien.,multilingual_toxicity_explained_es,analysis,,tiene que ser uno muy hijueputa en este mundo para meterse con los niños de alguien.
"Que mierda ya es hacer ejercicio, pero bueno dios me hizo simpático pero no flaco",multilingual_toxicity_explained_es,analysis,,"que mierda ya es hacer ejercicio, pero bueno dios me hizo simpático pero no flaco"
te podeis ir pal coño jajajaja #VzlaSeRespeta #LasCallesSonDelPueblo,multilingual_toxicity_explained_es,analysis,,te podeis ir pal coño jajajaja #vzlaserespeta #lascallessondelpueblo
"No me puedo ni levantar de la cama, q gripe de mierda😷😓",multilingual_toxicity_explained_es,analysis,,"no me puedo ni levantar de la cama, q gripe de mierda😷😓"
"Vamos, que el Leicester tenía que venir a Madrid por cojones 😂😂",multilingual_toxicity_explained_es,analysis,,"vamos, que el leicester tenía que venir a madrid por cojones 😂😂"
Gran puta... gracias a Dios que solo Messi juega bien en Arg.,multilingual_toxicity_explained_es,analysis,,gran puta... gracias a dios que solo messi juega bien en arg.
Quiero estar de novio pero ala vez salir de joda que mierda hago?😂💔,multilingual_toxicity_explained_es,analysis,,quiero estar de novio pero ala vez salir de joda que mierda hago?😂💔
Ver a Pedro el guapo de presidente y piensan que cualquier inútil puede prosperar en nuestra patria.,multilingual_toxicity_explained_es,analysis,,ver a pedro el guapo de presidente y piensan que cualquier inútil puede prosperar en nuestra patria.
Las Jordan 13 de Villanueva la cagaron!,multilingual_toxicity_explained_es,analysis,,las jordan 13 de villanueva la cagaron!
A QUIÉN COÑO VAN A SALVAR HOY?,multilingual_toxicity_explained_es,analysis,,a quién coño van a salvar hoy?
lo siento soy consciente de la tremenda mierda q he soltao,multilingual_toxicity_explained_es,analysis,,lo siento soy consciente de la tremenda mierda q he soltao
Y la vieja zorra no se desilusionó cómo con M Macri?,multilingual_toxicity_explained_es,analysis,,y la vieja zorra no se desilusionó cómo con m macri?
Yo le camino a alguien que demuestra que le importo.,multilingual_toxicity_explained_es,analysis,,yo le camino a alguien que demuestra que le importo.
"Habeis disfrutado los fachas, lacayos y mamones del sistema absoleto y corrupto",multilingual_toxicity_explained_es,analysis,,"habeis disfrutado los fachas, lacayos y mamones del sistema absoleto y corrupto"
Hijo de puta peor me siento ahora boluda😂😂😂,multilingual_toxicity_explained_es,analysis,,hijo de puta peor me siento ahora boluda😂😂😂
mirad qué cara de subnormal tiene,multilingual_toxicity_explained_es,analysis,,mirad qué cara de subnormal tiene
Que paja estaría teniendo de ir al club🙄,multilingual_toxicity_explained_es,analysis,,que paja estaría teniendo de ir al club🙄
instagram me chupa un huevo quién está haciendo vivos entendiste bueno,multilingual_toxicity_explained_es,analysis,,instagram me chupa un huevo quién está haciendo vivos entendiste bueno
Bue estoy re celosa de ustedes tres putos de mierda,multilingual_toxicity_explained_es,analysis,,bue estoy re celosa de ustedes tres putos de mierda
"Me quieren mandar por una pizza, pero pura madre si voy a ir.",multilingual_toxicity_explained_es,analysis,,"me quieren mandar por una pizza, pero pura madre si voy a ir."
Estamos llevados del Putas y gracias a Quien?,multilingual_toxicity_explained_es,analysis,,estamos llevados del putas y gracias a quien?
Le sacaron los trapitos al sol.,multilingual_toxicity_explained_es,analysis,,le sacaron los trapitos al sol.
Netflix es peor que las drogas.,multilingual_toxicity_explained_es,analysis,,netflix es peor que las drogas.
"como me va afectar tanto esto,que idiota soy",multilingual_toxicity_explained_es,analysis,,"como me va afectar tanto esto,que idiota soy"
.. sólo hablando cinco minutos puedes cambiar mi puto pensamiento,multilingual_toxicity_explained_es,analysis,,.. sólo hablando cinco minutos puedes cambiar mi puto pensamiento
"AJAJAJ por la chucha, pierde seriedad el asunto",multilingual_toxicity_explained_es,analysis,,"ajajaj por la chucha, pierde seriedad el asunto"
Pero en el otro video usted misma dice que las “cachacas” están treinta estratos más arriba.,multilingual_toxicity_explained_es,analysis,,pero en el otro video usted misma dice que las “cachacas” están treinta estratos más arriba.
La vaina era q empecé a tirarle los perros Pa ver si podía pasar algo.,multilingual_toxicity_explained_es,analysis,,la vaina era q empecé a tirarle los perros pa ver si podía pasar algo.
Este mamarracho es el que decía que no era muy de banderas?,multilingual_toxicity_explained_es,analysis,,este mamarracho es el que decía que no era muy de banderas?
"Eso destruyó mi alma en mil pedazos, que gonorrea.",multilingual_toxicity_explained_es,analysis,,"eso destruyó mi alma en mil pedazos, que gonorrea."
Pero la gente es bruta prendiendo las plantas??,multilingual_toxicity_explained_es,analysis,,pero la gente es bruta prendiendo las plantas??
Se puede morir por sexo???,multilingual_toxicity_explained_es,analysis,,se puede morir por sexo???
En cualquier momento agarro una tijera y me vuelvo a hacer cagada en el pelo,multilingual_toxicity_explained_es,analysis,,en cualquier momento agarro una tijera y me vuelvo a hacer cagada en el pelo
"Pues llevo 6 y estoy ya hasta el coño, que no tengo.",multilingual_toxicity_explained_es,analysis,,"pues llevo 6 y estoy ya hasta el coño, que no tengo."
"No puedo creer que a tu pensamiento ridículo le pusieron 3 me gusta, estamos perdidos :)",multilingual_toxicity_explained_es,analysis,,"no puedo creer que a tu pensamiento ridículo le pusieron 3 me gusta, estamos perdidos :)"
"Mis compañeros cuando quieren se ponen de modo ortiva como ninguno, forros😒",multilingual_toxicity_explained_es,analysis,,"mis compañeros cuando quieren se ponen de modo ortiva como ninguno, forros😒"
Que yo no entiendo como podes pensar si te volaron la cabeza,multilingual_toxicity_explained_es,analysis,,que yo no entiendo como podes pensar si te volaron la cabeza
Jajajajajajajajajajajaja yo lo vi como 20 veces pq es que les gusta joder a esos hp 🤣,multilingual_toxicity_explained_es,analysis,,jajajajajajajajajajajaja yo lo vi como 20 veces pq es que les gusta joder a esos hp 🤣
Creo que no entiende la existencia el ahorro y romperse el orto en el trabajo,multilingual_toxicity_explained_es,analysis,,creo que no entiende la existencia el ahorro y romperse el orto en el trabajo
Puta madre no me quiero ir,multilingual_toxicity_explained_es,analysis,,puta madre no me quiero ir
Y un penal no fuiste capaz de meter... andate a la puta takuara,multilingual_toxicity_explained_es,analysis,,y un penal no fuiste capaz de meter... andate a la puta takuara
Qué humor de mierda tengo hoy dios,multilingual_toxicity_explained_es,analysis,,qué humor de mierda tengo hoy dios
Como me rompe las pelotas que tarden en contestar.,multilingual_toxicity_explained_es,analysis,,como me rompe las pelotas que tarden en contestar.
Sólo estoy aquí desvelándome a lo puro pendejo.,multilingual_toxicity_explained_es,analysis,,sólo estoy aquí desvelándome a lo puro pendejo.
"Acabo de cachar que tengo un taller en la u, obligatorio ctmmmmmmm, me quiero matar",multilingual_toxicity_explained_es,analysis,,"acabo de cachar que tengo un taller en la u, obligatorio ctmmmmmmm, me quiero matar"
"El 'yo te aviso' es un 'No espere ni mierda, por que no la voy a llamar ni decir nada'.",multilingual_toxicity_explained_es,analysis,,"el 'yo te aviso' es un 'no espere ni mierda, por que no la voy a llamar ni decir nada'."
Mientras el juega con el helicóptero..pero andá INÚTIL,multilingual_toxicity_explained_es,analysis,,mientras el juega con el helicóptero..pero andá inútil
Raro este pedazo de Hpta incitando cada semana a una marcha.,multilingual_toxicity_explained_es,analysis,,raro este pedazo de hpta incitando cada semana a una marcha.
Un beso que te gustó pero la psicópata de tu pareja te lleva echando en cara desde entonces.,multilingual_toxicity_explained_es,analysis,,un beso que te gustó pero la psicópata de tu pareja te lleva echando en cara desde entonces.
"El wey que quedó conforme,¡Puto!",multilingual_toxicity_explained_es,analysis,,"el wey que quedó conforme,¡puto!"
Pues no que en la mierda empresa esta siguen poniendo el aire acondicionado CALIENTE con 20ºC en la calle tio???,multilingual_toxicity_explained_es,analysis,,pues no que en la mierda empresa esta siguen poniendo el aire acondicionado caliente con 20ºc en la calle tio???
El puto amo de las bromas jajaja🤣🤣,multilingual_toxicity_explained_es,analysis,,el puto amo de las bromas jajaja🤣🤣
5 minutos estudiando y 3 horas pajariando...,multilingual_toxicity_explained_es,analysis,,5 minutos estudiando y 3 horas pajariando...
Despertaron al León y no saben lo que les vienen mamertos ifuegputas.,multilingual_toxicity_explained_es,analysis,,despertaron al león y no saben lo que les vienen mamertos ifuegputas.
"Al fina les pondremos la alfombra roja, entre aplazamientos y esta mierda.",multilingual_toxicity_explained_es,analysis,,"al fina les pondremos la alfombra roja, entre aplazamientos y esta mierda."
jajajaja vení a ordenarmela vos q estar re al pedo,multilingual_toxicity_explained_es,analysis,,jajajaja vení a ordenarmela vos q estar re al pedo
Carabineros ha terminado siendo una organización incompatible con la democracia,multilingual_toxicity_explained_es,analysis,,carabineros ha terminado siendo una organización incompatible con la democracia
Jajajaja pensó que era de cuates.,multilingual_toxicity_explained_es,analysis,,jajajaja pensó que era de cuates.
"No, si yo también iba en plan coña hasta que he visto que no era tal xD",multilingual_toxicity_explained_es,analysis,,"no, si yo también iba en plan coña hasta que he visto que no era tal xd"
De verdad es necesario hacer esta cola para comer en el puto Mc??,multilingual_toxicity_explained_es,analysis,,de verdad es necesario hacer esta cola para comer en el puto mc??
"Nooo, no es una vida de mierda, es una vida de locos.",multilingual_toxicity_explained_es,analysis,,"nooo, no es una vida de mierda, es una vida de locos."
Les tiembla el culo a ustedes que saben porque les corre.,multilingual_toxicity_explained_es,analysis,,les tiembla el culo a ustedes que saben porque les corre.
prometo agarrarte el culo asi 24/7 enviar,multilingual_toxicity_explained_es,analysis,,prometo agarrarte el culo asi 24/7 enviar
"El olor a metro a las 15h me da mucho asco” Palabras de pija repelente, ni me sorprenden..#VenenoEH",multilingual_toxicity_explained_es,analysis,,"el olor a metro a las 15h me da mucho asco” palabras de pija repelente, ni me sorprenden..#venenoeh"
Por qué cojones descansó mas el Lega si acabó antes?????,multilingual_toxicity_explained_es,analysis,,por qué cojones descansó mas el lega si acabó antes?????
"Por la chucha ni actualizar mis datos puedo en afp modelo, una mierda su pagina",multilingual_toxicity_explained_es,analysis,,"por la chucha ni actualizar mis datos puedo en afp modelo, una mierda su pagina"
ayer hice dos andadas x el monte y me pegue el dia recogiendo basura del suelo sois unos cerdos,multilingual_toxicity_explained_es,analysis,,ayer hice dos andadas x el monte y me pegue el dia recogiendo basura del suelo sois unos cerdos
QUE LINDO TU CULO MI AMOR 🙏😘🇻🇪,multilingual_toxicity_explained_es,analysis,,que lindo tu culo mi amor 🙏😘🇻🇪
O no compramos un coño e casa y mejor lo prendemos todos,multilingual_toxicity_explained_es,analysis,,o no compramos un coño e casa y mejor lo prendemos todos
"Ajskajakakka callate tu cartuchera era una cosita de cada pueblo, igual t perdonamos are",multilingual_toxicity_explained_es,analysis,,"ajskajakakka callate tu cartuchera era una cosita de cada pueblo, igual t perdonamos are"
Que puta yo pensé que estaban jugando ya... ahora recién van a jugar... problemas de no entender el deporte jajaja,multilingual_toxicity_explained_es,analysis,,que puta yo pensé que estaban jugando ya... ahora recién van a jugar... problemas de no entender el deporte jajaja
EMPIECEN A TRANSMITIR USTEDES EN VIVO NOJODAAAA DEJEN EL MIEDO TAMBIEN,multilingual_toxicity_explained_es,analysis,,empiecen a transmitir ustedes en vivo nojodaaaa dejen el miedo tambien
unnnas ganas d ponerme en pedo un rato,multilingual_toxicity_explained_es,analysis,,unnnas ganas d ponerme en pedo un rato
Se me olvidó cocinar y adivinen quien hptas se acabó de quemar y no siente el pinche dedo 🙃,multilingual_toxicity_explained_es,analysis,,se me olvidó cocinar y adivinen quien hptas se acabó de quemar y no siente el pinche dedo 🙃
Ya q no hay colé me podes venir a ver puto de mierda 😡,multilingual_toxicity_explained_es,analysis,,ya q no hay colé me podes venir a ver puto de mierda 😡
Pero que coño dice el italiano?,multilingual_toxicity_explained_es,analysis,,pero que coño dice el italiano?
"Para que quiero un puto novio si ya sufro extrañando y amando tanto a mi familia, no necesito más gente.",multilingual_toxicity_explained_es,analysis,,"para que quiero un puto novio si ya sufro extrañando y amando tanto a mi familia, no necesito más gente."
Piñera tiene que estar llorando por no poder ir a chuparle el pico a Trump,multilingual_toxicity_explained_es,analysis,,piñera tiene que estar llorando por no poder ir a chuparle el pico a trump
"igual alta paja dsps se me parte una y m corto todas seguro, pincho",multilingual_toxicity_explained_es,analysis,,"igual alta paja dsps se me parte una y m corto todas seguro, pincho"
Frío de mierda me sacas las ganas de salir,multilingual_toxicity_explained_es,analysis,,frío de mierda me sacas las ganas de salir
"Yo estoy mil horas en pensar si tengo q sumar, dividir, o q verga hacer 🙃",multilingual_toxicity_explained_es,analysis,,"yo estoy mil horas en pensar si tengo q sumar, dividir, o q verga hacer 🙃"
Si le votan a este energúmeno de verdad no aman a su ciudad.,multilingual_toxicity_explained_es,analysis,,si le votan a este energúmeno de verdad no aman a su ciudad.
"Son un chorro de Machos contra Mujer, pero voy por Josean de Comerio.",multilingual_toxicity_explained_es,analysis,,"son un chorro de machos contra mujer, pero voy por josean de comerio."
